symbol,window,ny_date,weekday,range_high,range_low,range_candles,range_height,valid_range,setups,trades,skipped
BTCUSD,NY,2020-01-01,Wednesday,,,0,,False,0,0,0
BTCUSD,NY,2020-01-02,Thursday,7123.29,7066.29,48,57.0,True,1,1,0
BTCUSD,NY,2020-01-03,Friday,7284.29,7146.84,48,137.44999999999982,True,4,4,0
BTCUSD,NY,2020-01-06,Monday,7545.98,7491.46,48,54.51999999999953,True,3,3,0
BTCUSD,NY,2020-01-07,Tuesday,7898.95,7833.97,48,64.97999999999956,True,2,2,0
BTCUSD,NY,2020-01-08,Wednesday,8375.21,8263.45,48,111.7599999999984,True,2,2,0
BTCUSD,NY,2020-01-09,Thursday,7965.29,7895.29,48,70.0,True,2,2,0
BTCUSD,NY,2020-01-10,Friday,7779.79,7673.29,48,106.5,True,0,0,0
BTCUSD,NY,2020-01-13,Monday,8117.79,8040.79,48,77.0,True,3,3,0
BTCUSD,NY,2020-01-14,Tuesday,8542.28,8459.78,48,82.5,True,3,2,1
BTCUSD,NY,2020-01-15,Wednesday,8670.28,8550.78,48,119.5,True,1,1,0
BTCUSD,NY,2020-01-16,Thursday,8704.28,8633.78,48,70.5,True,2,2,0
BTCUSD,NY,2020-01-17,Friday,8992.08,8776.79,48,215.28999999999905,True,1,1,0
BTCUSD,NY,2020-01-20,Monday,8676.29,8579.29,48,97.0,True,2,2,0
BTCUSD,NY,2020-01-21,Tuesday,8660.29,8594.29,48,66.0,True,2,1,1
BTCUSD,NY,2020-01-22,Wednesday,8792.29,8612.79,48,179.5,True,1,1,0
BTCUSD,NY,2020-01-23,Thursday,8592.29,8458.79,48,133.5,True,1,1,0
BTCUSD,NY,2020-01-24,Friday,8337.29,8283.29,48,54.0,True,1,1,0
BTCUSD,NY,2020-01-27,Monday,8647.29,8549.79,48,97.5,True,0,0,0
BTCUSD,NY,2020-01-28,Tuesday,9062.29,8938.86,48,123.43000000000029,True,4,4,0
BTCUSD,NY,2020-01-29,Wednesday,9387.07,9310.28,48,76.78999999999905,True,2,2,0
BTCUSD,NY,2020-01-30,Thursday,9381.28,9270.78,48,110.5,True,1,1,0
BTCUSD,NY,2020-01-31,Friday,9411.78,9294.28,48,117.5,True,3,3,0
BTCUSD,NY,2020-02-03,Monday,9410.78,9319.78,48,91.0,True,3,3,0
BTCUSD,NY,2020-02-04,Tuesday,9305.79,9204.29,48,101.5,True,2,1,0
BTCUSD,NY,2020-02-05,Wednesday,9271.79,9198.79,48,73.0,True,0,0,0
BTCUSD,NY,2020-02-06,Thursday,9689.28,9583.28,48,106.0,True,1,1,0
BTCUSD,NY,2020-02-07,Friday,9803.28,9721.28,48,82.0,True,2,2,0
BTCUSD,NY,2020-02-10,Monday,10077.28,9686.28,48,391.0,True,0,0,0
BTCUSD,NY,2020-02-11,Tuesday,9785.28,9712.78,48,72.5,True,1,1,0
BTCUSD,NY,2020-02-12,Wednesday,10481.28,10237.28,48,244.0,True,0,0,0
BTCUSD,NY,2020-02-13,Thursday,10502.78,10129.28,48,373.5,True,1,1,0
BTCUSD,NY,2020-02-14,Friday,10230.29,10078.29,48,152.0,True,1,1,0
BTCUSD,NY,2020-02-17,Monday,9836.79,9749.29,48,87.5,True,2,2,0
BTCUSD,NY,2020-02-18,Tuesday,9825.79,9750.79,48,75.0,True,1,1,0
BTCUSD,NY,2020-02-19,Wednesday,10181.29,10032.79,48,148.5,True,2,2,0
BTCUSD,NY,2020-02-20,Thursday,9619.29,9522.79,48,96.5,True,4,3,1
BTCUSD,NY,2020-02-21,Friday,9716.79,9613.29,48,103.5,True,4,4,0
BTCUSD,NY,2020-02-24,Monday,9775.79,9671.79,48,104.0,True,2,2,0
BTCUSD,NY,2020-02-25,Tuesday,9591.29,9486.79,48,104.5,True,3,3,0
BTCUSD,NY,2020-02-26,Wednesday,9210.79,9088.79,48,122.0,True,1,1,0
BTCUSD,NY,2020-02-27,Thursday,8846.79,8700.29,48,146.5,True,2,2,0
BTCUSD,NY,2020-02-28,Friday,8828.29,8696.29,48,132.0,True,3,3,0
BTCUSD,NY,2020-03-02,Monday,8696.79,8589.79,48,107.0,True,0,0,0
BTCUSD,NY,2020-03-03,Tuesday,8862.29,8737.29,48,125.0,True,5,5,0
BTCUSD,NY,2020-03-04,Wednesday,8847.29,8764.29,48,83.0,True,3,3,0
BTCUSD,NY,2020-03-05,Thursday,8956.79,8889.79,48,67.0,True,0,0,0
BTCUSD,NY,2020-03-06,Friday,9149.39,9054.79,48,94.59999999999854,True,2,2,0
BTCUSD,NY,2020-03-09,Monday,8071.79,7675.79,48,396.0,True,1,1,0
BTCUSD,NY,2020-03-10,Tuesday,7953.29,7860.79,48,92.5,True,3,3,0
BTCUSD,NY,2020-03-11,Wednesday,7949.29,7815.29,48,134.0,True,3,3,0
BTCUSD,NY,2020-03-12,Thursday,7662.44,7337.7,48,324.7399999999998,True,1,1,0
BTCUSD,NY,2020-03-13,Friday,5470.79,4601.29,44,869.5,False,0,0,0
BTCUSD,NY,2020-03-16,Monday,5286.79,4769.29,48,517.5,True,1,1,0
BTCUSD,NY,2020-03-17,Tuesday,5442.43,5220.99,48,221.4400000000005,True,4,4,0
BTCUSD,NY,2020-03-18,Wednesday,5451.0,5115.12,48,335.8800000000001,True,2,2,0
BTCUSD,NY,2020-03-19,Thursday,5454.2,5289.23,48,164.97000000000025,True,0,0,0
BTCUSD,NY,2020-03-20,Friday,6359.69,6115.69,48,244.0,True,1,1,0
BTCUSD,NY,2020-03-23,Monday,5994.22,5852.18,48,142.03999999999996,True,2,2,0
BTCUSD,NY,2020-03-24,Tuesday,6641.14,6399.64,48,241.5,True,2,2,0
BTCUSD,NY,2020-03-25,Wednesday,6733.26,6539.22,48,194.03999999999996,True,2,2,0
BTCUSD,NY,2020-03-26,Thursday,6778.78,6563.62,48,215.15999999999985,True,1,1,0
BTCUSD,NY,2020-03-27,Friday,6845.21,6625.63,48,219.57999999999993,True,3,3,0
BTCUSD,NY,2020-03-30,Monday,6345.89,5995.24,48,350.65000000000055,True,2,2,0
BTCUSD,NY,2020-03-31,Tuesday,6474.7,6378.28,48,96.42000000000007,True,7,7,0
BTCUSD,NY,2020-04-01,Wednesday,6383.76,6273.13,48,110.63000000000011,True,1,1,0
BTCUSD,NY,2020-04-02,Thursday,6692.15,6572.69,48,119.46000000000004,True,4,4,0
BTCUSD,NY,2020-04-03,Friday,6960.98,6740.21,48,220.76999999999953,True,4,4,0
BTCUSD,NY,2020-04-06,Monday,7116.89,6847.24,48,269.65000000000055,True,3,3,0
BTCUSD,NY,2020-04-07,Tuesday,7390.75,7216.39,48,174.35999999999967,True,3,3,0
BTCUSD,NY,2020-04-08,Wednesday,7429.2,7280.53,48,148.67000000000007,True,3,3,0
BTCUSD,NY,2020-04-09,Thursday,7346.24,7237.73,48,108.51000000000022,True,2,2,0
BTCUSD,NY,2020-04-10,Friday,7184.29,6868.88,48,315.40999999999985,True,2,2,0
BTCUSD,NY,2020-04-13,Monday,6745.24,6644.5,48,100.73999999999978,True,1,1,0
BTCUSD,NY,2020-04-14,Tuesday,6932.74,6826.19,48,106.55000000000018,True,5,5,0
BTCUSD,NY,2020-04-15,Wednesday,6940.25,6862.2,48,78.05000000000018,True,1,1,0
BTCUSD,NY,2020-04-16,Thursday,6979.95,6626.22,48,353.72999999999956,True,1,1,0
BTCUSD,NY,2020-04-17,Friday,7090.25,7015.61,48,74.64000000000033,True,1,1,0
BTCUSD,NY,2020-04-20,Monday,7226.0,7157.19,48,68.8100000000004,True,3,3,0
BTCUSD,NY,2020-04-21,Tuesday,6912.26,6835.19,48,77.07000000000062,True,3,3,0
BTCUSD,NY,2020-04-22,Wednesday,6972.31,6849.21,48,123.10000000000036,True,1,1,0
BTCUSD,NY,2020-04-23,Thursday,7143.34,7024.12,48,119.22000000000025,True,1,1,0
BTCUSD,NY,2020-04-24,Friday,7594.62,7492.13,48,102.48999999999978,True,3,3,0
BTCUSD,NY,2020-04-27,Monday,7757.72,7633.59,48,124.13000000000011,True,2,2,0
BTCUSD,NY,2020-04-28,Tuesday,7733.17,7665.73,48,67.44000000000051,True,2,2,0
BTCUSD,NY,2020-04-29,Wednesday,7977.23,7808.23,48,169.0,True,1,1,0
BTCUSD,NY,2020-04-30,Thursday,9470.07,8998.37,48,471.6999999999989,True,0,0,0
BTCUSD,NY,2020-05-01,Friday,8837.24,8673.69,48,163.54999999999927,True,1,1,0
BTCUSD,NY,2020-05-04,Monday,8749.74,8528.94,48,220.79999999999927,True,1,1,0
BTCUSD,NY,2020-05-05,Tuesday,9121.97,8860.49,48,261.47999999999956,True,1,1,0
BTCUSD,NY,2020-05-06,Wednesday,9061.59,8963.44,48,98.14999999999964,True,1,1,0
BTCUSD,NY,2020-05-07,Thursday,9328.49,9240.14,48,88.35000000000036,True,2,2,0
BTCUSD,NY,2020-05-08,Friday,9947.49,9731.84,48,215.64999999999964,True,3,3,0
BTCUSD,NY,2020-05-11,Monday,8735.79,8616.09,48,119.70000000000073,True,5,4,1
BTCUSD,NY,2020-05-12,Tuesday,8785.04,8618.92,48,166.1200000000008,True,3,3,0
BTCUSD,NY,2020-05-13,Wednesday,8941.04,8863.19,48,77.85000000000036,True,1,1,0
BTCUSD,NY,2020-05-14,Thursday,9548.39,9252.79,48,295.59999999999854,True,1,1,0
BTCUSD,NY,2020-05-15,Friday,9719.59,9368.49,48,351.10000000000036,True,2,2,0
BTCUSD,NY,2020-05-18,Monday,9905.39,9698.69,48,206.6999999999989,True,1,1,0
BTCUSD,NY,2020-05-19,Tuesday,9613.44,9468.57,48,144.8700000000008,True,1,1,0
BTCUSD,NY,2020-05-20,Wednesday,9836.99,9623.47,48,213.52000000000044,True,0,0,0
BTCUSD,NY,2020-05-21,Thursday,9521.59,9401.74,48,119.85000000000036,True,2,2,0
BTCUSD,NY,2020-05-22,Friday,9108.3,8931.59,48,176.70999999999913,True,1,1,0
BTCUSD,NY,2020-05-25,Monday,8871.34,8757.09,48,114.25,True,3,3,0
BTCUSD,NY,2020-05-26,Tuesday,8964.92,8850.74,48,114.18000000000029,True,4,4,0
BTCUSD,NY,2020-05-27,Wednesday,8881.92,8817.19,48,64.72999999999956,True,0,0,0
BTCUSD,NY,2020-05-28,Thursday,9200.74,9120.44,48,80.29999999999927,True,1,1,0
BTCUSD,NY,2020-05-29,Friday,9548.04,9463.99,48,84.05000000000109,True,1,1,0
BTCUSD,NY,2020-06-01,Monday,9609.14,9489.29,48,119.84999999999854,True,1,1,0
BTCUSD,NY,2020-06-02,Tuesday,10125.79,10057.44,48,68.35000000000036,True,1,1,0
BTCUSD,NY,2020-06-03,Wednesday,9534.74,9370.51,48,164.22999999999956,True,1,1,0
BTCUSD,NY,2020-06-04,Thursday,9675.67,9621.69,48,53.97999999999956,True,2,1,1
BTCUSD,NY,2020-06-05,Friday,9821.44,9727.24,48,94.20000000000073,True,4,4,0
BTCUSD,NY,2020-06-08,Monday,9762.14,9717.67,48,44.469999999999345,True,2,2,0
BTCUSD,NY,2020-06-09,Tuesday,9708.24,9662.59,48,45.649999999999636,True,2,2,0
BTCUSD,NY,2020-06-10,Wednesday,9786.17,9719.59,48,66.57999999999993,True,3,2,1
BTCUSD,NY,2020-06-11,Thursday,9903.69,9727.49,48,176.20000000000073,True,0,0,0
BTCUSD,NY,2020-06-12,Friday,9451.87,9326.39,48,125.48000000000138,True,3,3,0
BTCUSD,NY,2020-06-15,Monday,9214.65,8894.74,48,319.90999999999985,True,0,0,0
BTCUSD,NY,2020-06-16,Tuesday,9577.59,9442.89,48,134.70000000000073,True,1,1,0
BTCUSD,NY,2020-06-17,Wednesday,9524.99,9421.94,48,103.04999999999927,True,1,1,0
BTCUSD,NY,2020-06-18,Thursday,9443.17,9397.92,48,45.25,True,2,2,0
BTCUSD,NY,2020-06-19,Friday,9320.8,9247.67,48,73.1299999999992,True,1,1,0
BTCUSD,NY,2020-06-22,Monday,9444.89,9364.92,48,79.96999999999935,True,0,0,0
BTCUSD,NY,2020-06-23,Tuesday,9662.72,9611.42,48,51.29999999999927,True,1,1,0
BTCUSD,NY,2020-06-24,Wednesday,9666.17,9478.99,48,187.1800000000003,True,0,0,0
BTCUSD,NY,2020-06-25,Thursday,9186.17,9061.79,48,124.3799999999992,True,1,1,0
BTCUSD,NY,2020-06-26,Friday,9260.17,9090.42,48,169.75,True,2,2,0
BTCUSD,NY,2020-06-29,Monday,9121.67,9054.04,48,67.6299999999992,True,2,2,0
BTCUSD,NY,2020-06-30,Tuesday,9175.17,9105.09,48,70.07999999999993,True,1,1,0
BTCUSD,NY,2020-07-01,Wednesday,9161.92,9124.17,48,37.75,True,1,1,0
BTCUSD,NY,2020-07-02,Thursday,9257.17,9177.36,48,79.80999999999949,True,1,1,0
BTCUSD,NY,2020-07-03,Friday,9116.92,9075.99,48,40.93000000000029,True,2,2,0
BTCUSD,NY,2020-07-06,Monday,9238.16,9081.55,48,156.61000000000058,True,1,1,0
BTCUSD,NY,2020-07-07,Tuesday,9300.67,9238.54,48,62.1299999999992,True,2,2,0
BTCUSD,NY,2020-07-08,Wednesday,9316.92,9252.42,48,64.5,True,1,1,0
BTCUSD,NY,2020-07-09,Thursday,9417.67,9371.42,48,46.25,True,2,2,0
BTCUSD,NY,2020-07-10,Friday,9224.17,9110.74,48,113.43000000000029,True,2,2,0
BTCUSD,NY,2020-07-13,Monday,9289.67,9238.09,48,51.57999999999993,True,2,2,0
BTCUSD,NY,2020-07-14,Tuesday,9212.42,9136.59,48,75.82999999999993,True,1,1,0
BTCUSD,NY,2020-07-15,Wednesday,9245.17,9213.67,48,31.5,True,3,3,0
BTCUSD,NY,2020-07-16,Thursday,9207.92,9065.29,48,142.6299999999992,True,3,3,0
BTCUSD,NY,2020-07-17,Friday,9126.29,9076.14,48,50.150000000001455,True,0,0,0
BTCUSD,NY,2020-07-20,Monday,9193.42,9169.92,48,23.5,True,1,1,0
BTCUSD,NY,2020-07-21,Tuesday,9355.84,9175.42,48,180.42000000000007,True,1,1,0
BTCUSD,NY,2020-07-22,Wednesday,9371.67,9281.94,48,89.72999999999956,True,3,3,0
BTCUSD,NY,2020-07-23,Thursday,9519.67,9480.04,48,39.6299999999992,True,2,2,0
BTCUSD,NY,2020-07-24,Friday,9580.17,9473.74,48,106.43000000000029,True,2,2,0
BTCUSD,NY,2020-07-27,Monday,10325.04,10159.79,48,165.25,True,3,3,0
BTCUSD,NY,2020-07-28,Tuesday,11060.9,10845.7,48,215.1999999999989,True,1,1,0
BTCUSD,NY,2020-07-29,Wednesday,11086.14,10927.88,48,158.26000000000022,True,2,2,0
BTCUSD,NY,2020-07-30,Thursday,11055.62,10896.17,48,159.45000000000073,True,1,1,0
BTCUSD,NY,2020-07-31,Friday,11165.79,10992.92,48,172.8700000000008,True,2,2,0
BTCUSD,NY,2020-08-03,Monday,11246.71,11116.2,48,130.5099999999984,True,2,2,0
BTCUSD,NY,2020-08-04,Tuesday,11330.92,11198.61,48,132.3099999999995,True,2,2,0
BTCUSD,NY,2020-08-05,Wednesday,11327.87,11227.42,48,100.45000000000073,True,0,0,0
BTCUSD,NY,2020-08-06,Thursday,11690.92,11573.19,48,117.72999999999956,True,1,1,0
BTCUSD,NY,2020-08-07,Friday,11849.47,11731.98,48,117.48999999999978,True,1,1,0
BTCUSD,NY,2020-08-10,Monday,12077.58,11940.3,48,137.28000000000065,True,3,3,0
BTCUSD,NY,2020-08-11,Tuesday,11869.42,11705.76,48,163.65999999999985,True,1,1,0
BTCUSD,NY,2020-08-12,Wednesday,11482.67,11134.8,48,347.8700000000008,True,2,2,0
BTCUSD,NY,2020-08-13,Thursday,11597.02,11506.49,48,90.53000000000065,True,1,1,0
BTCUSD,NY,2020-08-14,Friday,11777.92,11651.78,48,126.13999999999942,True,1,1,0
BTCUSD,NY,2020-08-17,Monday,11863.67,11781.91,48,81.76000000000022,True,3,3,0
BTCUSD,NY,2020-08-18,Tuesday,12325.17,12190.79,48,134.3799999999992,True,1,1,0
BTCUSD,NY,2020-08-19,Wednesday,11880.59,11593.9,48,286.6900000000005,True,1,1,0
BTCUSD,NY,2020-08-20,Thursday,11790.41,11674.42,48,115.98999999999978,True,2,2,0
BTCUSD,NY,2020-08-21,Friday,11877.39,11808.47,48,68.92000000000007,True,1,1,0
BTCUSD,NY,2020-08-24,Monday,11783.42,11642.42,48,141.0,True,3,3,0
BTCUSD,NY,2020-08-25,Tuesday,11699.06,11542.8,48,156.26000000000022,True,1,1,0
BTCUSD,NY,2020-08-26,Wednesday,11397.92,11285.29,48,112.6299999999992,True,3,3,0
BTCUSD,NY,2020-08-27,Thursday,11413.02,11330.52,48,82.5,True,7,6,1
BTCUSD,NY,2020-08-28,Friday,11448.17,11365.1,48,83.06999999999971,True,3,3,0
BTCUSD,NY,2020-08-31,Monday,11710.92,11599.71,48,111.21000000000095,True,4,4,0
BTCUSD,NY,2020-09-01,Tuesday,11942.67,11682.67,48,260.0,True,2,2,0
BTCUSD,NY,2020-09-02,Wednesday,11903.67,11717.72,48,185.95000000000073,True,1,1,0
BTCUSD,NY,2020-09-03,Thursday,11434.85,11254.58,48,180.27000000000044,True,1,1,0
BTCUSD,NY,2020-09-04,Friday,10339.17,10124.83,48,214.34000000000015,True,1,1,0
BTCUSD,NY,2020-09-07,Monday,10242.67,10047.92,48,194.75,True,2,2,0
BTCUSD,NY,2020-09-08,Tuesday,10326.67,10222.39,48,104.28000000000065,True,0,0,0
BTCUSD,NY,2020-09-09,Wednesday,10199.66,10004.01,48,195.64999999999964,True,3,3,0
BTCUSD,NY,2020-09-10,Thursday,10424.67,10257.67,48,167.0,True,4,4,0
BTCUSD,NY,2020-09-11,Friday,10295.42,10199.36,48,96.05999999999949,True,4,4,0
BTCUSD,NY,2020-09-14,Monday,10410.17,10318.01,48,92.15999999999985,True,1,1,0
BTCUSD,NY,2020-09-15,Tuesday,10785.44,10705.42,48,80.02000000000044,True,1,1,0
BTCUSD,NY,2020-09-16,Wednesday,10946.04,10758.52,48,187.52000000000044,True,2,2,0
BTCUSD,NY,2020-09-17,Thursday,10935.59,10843.18,48,92.40999999999985,True,2,2,0
BTCUSD,NY,2020-09-18,Friday,10983.73,10877.84,48,105.88999999999942,True,3,3,0
BTCUSD,NY,2020-09-21,Monday,10995.96,10889.99,48,105.96999999999935,True,0,0,0
BTCUSD,NY,2020-09-22,Tuesday,10499.42,10358.11,48,141.3099999999995,True,7,7,0
BTCUSD,NY,2020-09-23,Wednesday,10490.42,10380.42,48,110.0,True,3,3,0
BTCUSD,NY,2020-09-24,Thursday,10351.67,10268.67,48,83.0,True,1,1,0
BTCUSD,NY,2020-09-25,Friday,10705.42,10614.88,48,90.54000000000087,True,4,4,0
BTCUSD,NY,2020-09-28,Monday,10918.55,10836.42,48,82.1299999999992,True,2,2,0
BTCUSD,NY,2020-09-29,Tuesday,10745.92,10661.17,48,84.75,True,6,5,0
BTCUSD,NY,2020-09-30,Wednesday,10763.67,10673.23,48,90.44000000000051,True,4,4,0
BTCUSD,NY,2020-10-01,Thursday,10848.17,10793.92,48,54.25,True,1,1,0
BTCUSD,NY,2020-10-02,Friday,10662.67,10370.09,48,292.5799999999999,True,0,0,0
BTCUSD,NY,2020-10-05,Monday,10700.92,10618.96,48,81.96000000000095,True,1,1,0
BTCUSD,NY,2020-10-06,Tuesday,10787.67,10702.91,48,84.76000000000022,True,2,2,0
BTCUSD,NY,2020-10-07,Wednesday,10634.17,10573.92,48,60.25,True,3,3,0
BTCUSD,NY,2020-10-08,Thursday,10647.93,10559.16,48,88.77000000000044,True,1,1,0
BTCUSD,NY,2020-10-09,Friday,10908.74,10822.86,48,85.8799999999992,True,0,0,0
BTCUSD,NY,2020-10-12,Monday,11414.67,11322.67,48,92.0,True,2,2,0
BTCUSD,NY,2020-10-13,Tuesday,11525.52,11428.78,48,96.73999999999978,True,2,2,0
BTCUSD,NY,2020-10-14,Wednesday,11436.92,11360.4,48,76.52000000000044,True,2,2,0
BTCUSD,NY,2020-10-15,Thursday,11430.81,11374.73,48,56.07999999999993,True,1,1,0
BTCUSD,NY,2020-10-16,Friday,11518.31,11186.59,48,331.71999999999935,True,0,0,0
BTCUSD,NY,2020-10-19,Monday,11471.31,11409.61,48,61.69999999999891,True,3,3,0
BTCUSD,NY,2020-10-20,Tuesday,11859.79,11715.55,48,144.2400000000016,True,1,1,0
BTCUSD,NY,2020-10-21,Wednesday,12320.23,12126.15,48,194.07999999999993,True,1,1,0
BTCUSD,NY,2020-10-22,Thursday,12838.77,12694.02,48,144.75,True,2,2,0
BTCUSD,NY,2020-10-23,Friday,13003.52,12871.67,48,131.85000000000036,True,3,3,0
BTCUSD,NY,2020-10-26,Monday,13159.05,13018.28,48,140.76999999999862,True,3,3,0
BTCUSD,NY,2020-10-27,Tuesday,13168.94,13068.01,48,100.93000000000029,True,1,1,0
BTCUSD,NY,2020-10-28,Wednesday,13833.27,13549.29,48,283.97999999999956,True,0,0,0
BTCUSD,NY,2020-10-29,Thursday,13328.27,13128.03,48,200.23999999999978,True,3,3,0
BTCUSD,NY,2020-10-30,Friday,13511.14,13115.21,48,395.9300000000003,True,2,2,0
BTCUSD,NY,2020-11-02,Monday,13776.02,13447.18,48,328.84000000000015,True,2,2,0
BTCUSD,NY,2020-11-03,Tuesday,13568.27,13289.79,48,278.47999999999956,True,1,1,0
BTCUSD,NY,2020-11-04,Wednesday,13938.52,13531.59,48,406.9300000000003,True,0,0,0
BTCUSD,NY,2020-11-05,Thursday,14556.01,14258.72,48,297.2900000000009,True,0,0,0
BTCUSD,NY,2020-11-06,Friday,15813.02,15475.59,48,337.4300000000003,True,2,2,0
BTCUSD,NY,2020-11-09,Monday,15508.6,15168.36,48,340.2399999999998,True,2,2,0
BTCUSD,NY,2020-11-10,Tuesday,15481.29,15260.61,48,220.6800000000003,True,3,3,0
BTCUSD,NY,2020-11-11,Wednesday,15451.28,15343.32,48,107.96000000000095,True,1,1,0
BTCUSD,NY,2020-11-12,Thursday,15955.13,15672.1,48,283.02999999999884,True,2,2,0
BTCUSD,NY,2020-11-13,Friday,16429.02,16159.52,48,269.5,True,2,2,0
BTCUSD,NY,2020-11-16,Monday,16305.35,16047.7,48,257.64999999999964,True,1,1,0
BTCUSD,NY,2020-11-17,Tuesday,16804.61,16593.02,48,211.59000000000015,True,0,0,0
BTCUSD,NY,2020-11-18,Wednesday,18383.27,17222.72,48,1160.5499999999993,True,0,0,0
BTCUSD,NY,2020-11-19,Thursday,17922.53,17395.57,48,526.9599999999991,True,4,4,0
BTCUSD,NY,2020-11-20,Friday,18400.51,18049.98,48,350.52999999999884,True,0,0,0
BTCUSD,NY,2020-11-23,Monday,18675.24,18313.95,48,361.2900000000009,True,5,5,0
BTCUSD,NY,2020-11-24,Tuesday,18643.74,18019.64,48,624.1000000000022,True,1,1,0
BTCUSD,NY,2020-11-25,Wednesday,19243.39,18558.62,48,684.7700000000004,True,4,4,0
BTCUSD,NY,2020-11-26,Thursday,18020.13,16319.62,48,1700.5100000000002,True,1,1,0
BTCUSD,NY,2020-11-27,Friday,17355.45,16719.07,48,636.380000000001,True,2,2,0
BTCUSD,NY,2020-11-30,Monday,18690.55,18389.05,48,301.5,True,1,1,0
BTCUSD,NY,2020-12-01,Tuesday,19582.25,19293.35,48,288.90000000000146,True,2,2,0
BTCUSD,NY,2020-12-02,Wednesday,19342.93,18465.93,48,877.0,True,0,0,0
BTCUSD,NY,2020-12-03,Thursday,19464.12,18866.61,48,597.5099999999984,True,1,1,0
BTCUSD,NY,2020-12-04,Friday,19467.91,19206.28,48,261.630000000001,True,0,0,0
BTCUSD,NY,2020-12-07,Monday,19406.92,19199.67,48,207.25,True,4,4,0
BTCUSD,NY,2020-12-08,Tuesday,19310.45,19009.81,48,300.6399999999994,True,0,0,0
BTCUSD,NY,2020-12-09,Wednesday,18268.94,17628.46,48,640.4799999999996,True,2,2,0
BTCUSD,NY,2020-12-10,Thursday,18473.65,18279.93,48,193.72000000000116,True,2,2,0
BTCUSD,NY,2020-12-11,Friday,18019.49,17676.98,48,342.51000000000204,True,3,3,0
BTCUSD,NY,2020-12-14,Monday,19245.95,19019.18,48,226.77000000000044,True,5,4,0
BTCUSD,NY,2020-12-15,Tuesday,19246.36,19021.54,48,224.8199999999997,True,0,0,0
BTCUSD,NY,2020-12-16,Wednesday,19492.03,19337.38,48,154.64999999999782,True,0,0,0
BTCUSD,NY,2020-12-17,Thursday,22998.56,21793.22,48,1205.3400000000001,True,2,2,0
BTCUSD,NY,2020-12-18,Friday,23288.07,22836.64,48,451.4300000000003,True,4,4,0
BTCUSD,NY,2020-12-21,Monday,24070.76,23628.15,48,442.60999999999694,True,1,1,0
BTCUSD,NY,2020-12-22,Tuesday,22969.86,22371.94,48,597.9200000000019,True,0,0,0
BTCUSD,NY,2020-12-23,Wednesday,23660.59,23298.09,48,362.5,True,4,3,1
BTCUSD,NY,2020-12-24,Thursday,23476.62,22821.1,48,655.5200000000004,True,0,0,0
BTCUSD,NY,2020-12-28,Monday,27175.98,26615.74,48,560.239999999998,True,4,4,0
BTCUSD,NY,2020-12-29,Tuesday,26719.79,25823.42,48,896.3700000000026,True,2,2,0
BTCUSD,NY,2020-12-30,Wednesday,28571.3,27418.66,48,1152.6399999999994,True,1,1,0
BTCUSD,NY,2020-12-31,Thursday,29291.85,28723.65,48,568.1999999999971,True,1,1,0
BTCUSD,NY,2021-01-04,Monday,33472.34,31332.91,48,2139.4299999999967,True,4,4,0
BTCUSD,NY,2021-01-05,Tuesday,31521.87,29892.44,48,1629.4300000000003,True,2,2,0
BTCUSD,NY,2021-01-06,Wednesday,35703.8,34097.48,48,1606.3199999999997,True,2,2,0
BTCUSD,NY,2021-01-07,Thursday,37838.98,36312.02,48,1526.9600000000064,True,2,2,0
BTCUSD,NY,2021-01-08,Friday,39156.83,37560.08,48,1596.75,True,1,1,0
BTCUSD,NY,2021-01-11,Monday,35849.36,32160.53,48,3688.8300000000017,True,3,3,0
BTCUSD,NY,2021-01-12,Tuesday,36636.25,34963.54,48,1672.7099999999991,True,3,3,0
BTCUSD,NY,2021-01-13,Wednesday,35125.73,32707.45,48,2418.2800000000025,True,0,0,0
BTCUSD,NY,2021-01-14,Thursday,38785.9,37294.66,48,1491.239999999998,True,1,1,0
BTCUSD,NY,2021-01-15,Friday,38829.57,37511.48,48,1318.0899999999965,True,1,1,0
BTCUSD,NY,2021-01-18,Monday,36393.54,34751.19,48,1642.3499999999985,True,5,5,0
BTCUSD,NY,2021-01-19,Tuesday,37503.62,36133.81,48,1369.810000000005,True,3,3,0
BTCUSD,NY,2021-01-20,Wednesday,35900.83,35108.84,48,791.9900000000052,True,2,2,0
BTCUSD,NY,2021-01-21,Thursday,34957.1,33249.07,48,1708.0299999999988,True,0,0,0
BTCUSD,NY,2021-01-22,Friday,32017.91,30440.51,48,1577.4000000000015,True,0,0,0
BTCUSD,NY,2021-01-25,Monday,33576.25,33057.5,48,518.75,True,3,3,0
BTCUSD,NY,2021-01-26,Tuesday,32323.46,31096.13,48,1227.329999999998,True,6,6,0
BTCUSD,NY,2021-01-27,Wednesday,31964.4,31169.62,48,794.7800000000025,True,3,3,0
BTCUSD,NY,2021-01-28,Thursday,31927.64,31021.28,48,906.3600000000006,True,3,3,0
BTCUSD,NY,2021-01-29,Friday,36568.49,31976.75,48,4591.739999999998,True,2,2,0
BTCUSD,NY,2021-02-01,Monday,34506.66,33267.48,48,1239.1800000000003,True,2,2,0
BTCUSD,NY,2021-02-02,Tuesday,34704.76,33785.77,48,918.9900000000052,True,1,1,0
BTCUSD,NY,2021-02-03,Wednesday,36856.73,35698.82,48,1157.9100000000035,True,4,4,0
BTCUSD,NY,2021-02-04,Thursday,38752.83,37088.05,48,1664.7799999999988,True,1,1,0
BTCUSD,NY,2021-02-05,Friday,37830.43,37020.25,48,810.1800000000003,True,1,1,0
BTCUSD,NY,2021-02-08,Monday,39407.47,38451.19,48,956.2799999999988,True,1,1,0
BTCUSD,NY,2021-02-09,Tuesday,48218.29,46532.57,48,1685.7200000000012,True,4,4,0
BTCUSD,NY,2021-02-10,Wednesday,47002.83,45895.86,48,1106.9700000000012,True,2,2,0
BTCUSD,NY,2021-02-11,Thursday,45149.9,44409.33,48,740.5699999999997,True,1,1,0
BTCUSD,NY,2021-02-12,Friday,47739.97,46800.33,48,939.6399999999994,True,4,4,0
BTCUSD,NY,2021-02-15,Monday,47785.65,46394.04,48,1391.6100000000006,True,4,4,0
BTCUSD,NY,2021-02-16,Tuesday,49455.13,48511.21,48,943.9199999999983,True,1,1,0
BTCUSD,NY,2021-02-17,Wednesday,51285.12,49230.11,48,2055.010000000002,True,1,1,0
BTCUSD,NY,2021-02-18,Thursday,52335.95,51299.34,48,1036.6100000000006,True,3,3,0
BTCUSD,NY,2021-02-19,Friday,52244.27,51134.69,48,1109.5799999999945,True,0,0,0
BTCUSD,NY,2021-02-22,Monday,56635.7,55330.33,48,1305.3699999999953,True,1,1,0
BTCUSD,NY,2021-02-23,Tuesday,51193.41,46450.65,48,4742.760000000002,True,3,3,0
BTCUSD,NY,2021-02-24,Wednesday,51020.65,49394.51,48,1626.1399999999994,True,5,5,0
BTCUSD,NY,2021-02-25,Thursday,50603.61,49525.78,48,1077.8300000000017,True,2,2,0
BTCUSD,NY,2021-02-26,Friday,47186.64,44092.51,48,3094.1299999999974,True,2,2,0
BTCUSD,NY,2021-03-01,Monday,47326.35,45648.06,48,1678.2900000000009,True,2,2,0
BTCUSD,NY,2021-03-02,Tuesday,49397.89,48283.33,48,1114.5599999999977,True,2,2,0
BTCUSD,NY,2021-03-03,Wednesday,50991.96,48832.87,48,2159.0899999999965,True,1,1,0
BTCUSD,NY,2021-03-04,Thursday,50754.42,49044.5,48,1709.9199999999983,True,2,2,0
BTCUSD,NY,2021-03-05,Friday,47561.45,46396.17,48,1165.2799999999988,True,3,3,0
BTCUSD,NY,2021-03-08,Monday,50967.32,49280.97,48,1686.3499999999985,True,2,2,0
BTCUSD,NY,2021-03-09,Tuesday,54473.01,53269.1,48,1203.9100000000035,True,4,4,0
BTCUSD,NY,2021-03-10,Wednesday,54762.23,52929.55,48,1832.6800000000003,True,1,1,0
BTCUSD,NY,2021-03-11,Thursday,55820.45,54238.63,48,1581.8199999999997,True,0,0,0
BTCUSD,NY,2021-03-12,Friday,57409.42,56212.61,48,1196.8099999999977,True,2,2,0
BTCUSD,NY,2021-03-15,Monday,60599.09,57250.95,48,3348.1399999999994,True,0,0,0
BTCUSD,NY,2021-03-16,Tuesday,55446.86,53488.15,48,1958.7099999999991,True,1,1,0
BTCUSD,NY,2021-03-17,Wednesday,56339.42,55160.83,48,1178.5899999999965,True,2,2,0
BTCUSD,NY,2021-03-18,Thursday,59194.96,58090.98,48,1103.979999999996,True,4,4,0
BTCUSD,NY,2021-03-19,Friday,58449.14,57563.55,48,885.5899999999965,True,3,3,0
BTCUSD,NY,2021-03-22,Monday,57880.69,57283.12,48,597.5699999999997,True,2,2,0
BTCUSD,NY,2021-03-23,Tuesday,54766.76,52929.6,48,1837.1600000000035,True,1,1,0
BTCUSD,NY,2021-03-24,Wednesday,55585.97,53694.59,48,1891.3800000000047,True,1,1,0
BTCUSD,NY,2021-03-25,Thursday,53233.84,51874.7,48,1359.1399999999994,True,1,1,0
BTCUSD,NY,2021-03-26,Friday,53626.39,52168.79,48,1457.5999999999985,True,2,2,0
BTCUSD,NY,2021-03-29,Monday,56144.5,54866.1,48,1278.4000000000015,True,0,0,0
BTCUSD,NY,2021-03-30,Tuesday,58254.67,56995.57,48,1259.0999999999985,True,0,0,0
BTCUSD,NY,2021-03-31,Wednesday,59799.72,57316.44,48,2483.279999999999,True,0,0,0
BTCUSD,NY,2021-04-01,Thursday,59249.66,58477.83,48,771.8300000000017,True,3,3,0
BTCUSD,NY,2021-04-02,Friday,59940.64,59270.38,48,670.260000000002,True,2,2,0
BTCUSD,NY,2021-04-05,Monday,57629.6,56794.95,48,834.6500000000015,True,2,2,0
BTCUSD,NY,2021-04-06,Tuesday,59023.37,58337.63,48,685.7400000000052,True,0,0,0
BTCUSD,NY,2021-04-07,Wednesday,58648.47,57223.71,48,1424.760000000002,True,1,1,0
BTCUSD,NY,2021-04-08,Thursday,57278.35,56509.1,48,769.25,True,2,2,0
BTCUSD,NY,2021-04-09,Friday,58315.6,57658.56,48,657.0400000000009,True,1,1,0
BTCUSD,NY,2021-04-12,Monday,61198.85,59981.79,48,1217.0599999999977,True,2,2,0
BTCUSD,NY,2021-04-13,Tuesday,61324.65,60188.43,48,1136.2200000000012,True,0,0,0
BTCUSD,NY,2021-04-14,Wednesday,64890.26,63635.08,48,1255.1800000000003,True,2,2,0
BTCUSD,NY,2021-04-15,Thursday,63464.26,62697.01,48,767.25,True,4,4,0
BTCUSD,NY,2021-04-16,Friday,62995.74,61002.27,48,1993.4700000000012,True,1,1,0
BTCUSD,NY,2021-04-19,Monday,57572.66,56510.61,48,1062.050000000003,True,3,3,0
BTCUSD,NY,2021-04-20,Tuesday,55508.13,53385.67,48,2122.459999999999,True,2,2,0
BTCUSD,NY,2021-04-21,Wednesday,55835.43,55010.84,48,824.5900000000038,True,2,2,0
BTCUSD,NY,2021-04-22,Thursday,54883.65,53432.57,48,1451.0800000000017,True,6,6,0
BTCUSD,NY,2021-04-23,Friday,50576.15,47463.01,48,3113.1399999999994,True,1,1,0
BTCUSD,NY,2021-04-26,Monday,53167.58,52073.15,48,1094.4300000000003,True,2,2,0
BTCUSD,NY,2021-04-27,Tuesday,54931.4,53275.73,48,1655.6699999999983,True,6,5,0
BTCUSD,NY,2021-04-28,Wednesday,55073.65,53851.9,48,1221.75,True,3,3,0
BTCUSD,NY,2021-04-29,Thursday,54519.11,53525.99,48,993.1200000000026,True,3,3,0
BTCUSD,NY,2021-04-30,Friday,54598.67,53707.33,48,891.3399999999965,True,2,2,0
BTCUSD,NY,2021-05-03,Monday,58865.07,57695.32,48,1169.75,True,4,4,0
BTCUSD,NY,2021-05-04,Tuesday,56404.84,55189.17,48,1215.6699999999983,True,3,3,0
BTCUSD,NY,2021-05-05,Wednesday,55302.67,53961.75,48,1340.9199999999983,True,2,2,0
BTCUSD,NY,2021-05-06,Thursday,57637.37,56432.24,48,1205.1300000000047,True,2,2,0
BTCUSD,NY,2021-05-07,Friday,56321.99,55262.01,48,1059.979999999996,True,2,2,0
BTCUSD,NY,2021-05-10,Monday,59609.39,58377.67,48,1231.7200000000012,True,2,2,0
BTCUSD,NY,2021-05-11,Tuesday,55909.17,54635.17,48,1274.0,True,1,1,0
BTCUSD,NY,2021-05-12,Wednesday,58034.66,56922.24,48,1112.4200000000055,True,3,3,0
BTCUSD,NY,2021-05-13,Thursday,51368.55,50330.11,48,1038.4400000000023,True,2,2,0
BTCUSD,NY,2021-05-14,Friday,50316.28,48848.33,48,1467.949999999997,True,4,4,0
BTCUSD,NY,2021-05-17,Monday,45264.27,42029.62,48,3234.649999999994,True,3,3,0
BTCUSD,NY,2021-05-18,Tuesday,45832.19,44742.7,48,1089.4900000000052,True,1,1,0
BTCUSD,NY,2021-05-19,Wednesday,40874.48,38466.71,48,2407.770000000004,True,3,3,0
BTCUSD,NY,2021-05-20,Thursday,40815.31,38227.0,48,2588.3099999999977,True,1,1,0
BTCUSD,NY,2021-05-21,Friday,40801.74,39256.07,48,1545.6699999999983,True,3,3,0
BTCUSD,NY,2021-05-24,Monday,36937.28,34405.21,48,2532.0699999999997,True,1,1,0
BTCUSD,NY,2021-05-25,Tuesday,39239.19,37648.8,48,1590.3899999999994,True,1,1,0
BTCUSD,NY,2021-05-26,Wednesday,40799.52,39025.02,48,1774.5,True,3,3,0
BTCUSD,NY,2021-05-27,Thursday,38460.83,37255.58,48,1205.25,True,2,2,0
BTCUSD,NY,2021-05-28,Friday,38280.08,36465.33,48,1814.75,True,1,1,0
BTCUSD,NY,2021-05-31,Monday,36005.83,34167.46,48,1838.3700000000026,True,1,1,0
BTCUSD,NY,2021-06-01,Tuesday,37452.83,36560.58,48,892.25,True,2,2,0
BTCUSD,NY,2021-06-02,Wednesday,37416.83,36466.08,48,950.75,True,2,2,0
BTCUSD,NY,2021-06-03,Thursday,39034.08,37598.58,48,1435.5,True,3,3,0
BTCUSD,NY,2021-06-04,Friday,37958.08,36277.96,48,1680.1200000000026,True,1,1,0
BTCUSD,NY,2021-06-07,Monday,36553.79,35857.83,48,695.9599999999991,True,3,3,0
BTCUSD,NY,2021-06-08,Tuesday,33249.71,32106.65,48,1143.0599999999977,True,2,2,0
BTCUSD,NY,2021-06-09,Wednesday,34526.87,32549.2,48,1977.670000000002,True,1,1,0
BTCUSD,NY,2021-06-10,Thursday,37233.08,36543.16,46,689.9199999999983,False,0,0,0
BTCUSD,NY,2021-06-11,Friday,37399.56,36390.27,48,1009.2900000000009,True,2,2,0
BTCUSD,NY,2021-06-14,Monday,39696.85,38785.02,48,911.8300000000017,True,1,1,0
BTCUSD,NY,2021-06-15,Tuesday,40597.99,40082.13,48,515.8600000000006,True,2,2,0
BTCUSD,NY,2021-06-16,Wednesday,40506.01,39848.64,48,657.3700000000026,True,0,0,0
BTCUSD,NY,2021-06-17,Thursday,39406.02,38629.06,48,776.9599999999991,True,2,2,0
BTCUSD,NY,2021-06-18,Friday,38126.12,37376.65,48,749.4700000000012,True,1,1,0
BTCUSD,NY,2021-06-21,Monday,34691.39,32196.07,48,2495.3199999999997,True,4,4,0
BTCUSD,NY,2021-06-22,Tuesday,33120.46,32449.52,48,670.9399999999987,True,3,2,1
BTCUSD,NY,2021-06-23,Wednesday,34389.32,33583.11,48,806.2099999999991,True,3,3,0
BTCUSD,NY,2021-06-24,Thursday,33256.79,32314.89,48,941.9000000000015,True,2,2,0
BTCUSD,NY,2021-06-25,Friday,35106.54,33924.35,48,1182.1900000000023,True,0,0,0
BTCUSD,NY,2021-06-28,Monday,35285.81,34269.84,48,1015.9700000000012,True,1,1,0
BTCUSD,NY,2021-06-29,Tuesday,35436.54,34525.41,48,911.1299999999974,True,2,2,0
BTCUSD,NY,2021-06-30,Wednesday,35286.66,34645.3,48,641.3600000000006,True,2,2,0
BTCUSD,NY,2021-07-01,Thursday,34471.41,33308.87,48,1162.5400000000009,True,4,4,0
BTCUSD,NY,2021-07-02,Friday,33487.39,32683.2,48,804.1899999999987,True,3,3,0
BTCUSD,NY,2021-07-05,Monday,34421.16,34012.37,48,408.7900000000009,True,7,6,1
BTCUSD,NY,2021-07-06,Tuesday,34947.16,33923.66,48,1023.5,True,7,7,0
BTCUSD,NY,2021-07-07,Wednesday,34934.66,34390.41,48,544.25,True,2,2,0
BTCUSD,NY,2021-07-08,Thursday,33496.46,32264.36,48,1232.0999999999985,True,1,1,0
BTCUSD,NY,2021-07-09,Friday,33316.97,32745.67,48,571.3000000000029,True,4,4,0
BTCUSD,NY,2021-07-12,Monday,34675.11,34155.42,48,519.6900000000023,True,1,1,0
BTCUSD,NY,2021-07-13,Tuesday,33328.29,32740.56,48,587.7299999999996,True,2,2,0
BTCUSD,NY,2021-07-14,Wednesday,32018.96,31615.02,48,403.9399999999987,True,0,0,0
BTCUSD,NY,2021-07-15,Thursday,32690.12,32347.89,48,342.22999999999956,True,1,1,0
BTCUSD,NY,2021-07-16,Friday,32025.91,31546.16,48,479.75,True,1,1,0
BTCUSD,NY,2021-07-19,Monday,31885.24,31516.2,48,369.0400000000009,True,0,0,0
BTCUSD,NY,2021-07-20,Tuesday,29925.91,29509.82,48,416.09000000000015,True,2,2,0
BTCUSD,NY,2021-07-21,Wednesday,30948.45,29831.7,48,1116.75,True,0,0,0
BTCUSD,NY,2021-07-22,Thursday,32316.35,31853.76,48,462.59000000000015,True,4,4,0
BTCUSD,NY,2021-07-23,Friday,32925.45,32365.76,48,559.6899999999987,True,3,3,0
BTCUSD,NY,2021-07-26,Monday,39262.75,37721.62,48,1541.1299999999974,True,3,3,0
BTCUSD,NY,2021-07-27,Tuesday,37358.35,36685.71,48,672.6399999999994,True,2,2,0
BTCUSD,NY,2021-07-28,Wednesday,40204.76,39277.85,48,926.9100000000035,True,2,2,0
BTCUSD,NY,2021-07-29,Thursday,40260.51,39500.29,48,760.2200000000012,True,3,3,0
BTCUSD,NY,2021-07-30,Friday,40034.48,39586.98,48,447.5,True,1,1,0
BTCUSD,NY,2021-08-02,Monday,40449.91,39574.02,48,875.8900000000067,True,3,3,0
BTCUSD,NY,2021-08-03,Tuesday,38819.29,37940.68,48,878.6100000000006,True,2,2,0
BTCUSD,NY,2021-08-04,Wednesday,38180.74,37622.65,48,558.0899999999965,True,1,1,0
BTCUSD,NY,2021-08-05,Thursday,39518.15,38698.77,48,819.3800000000047,True,1,1,0
BTCUSD,NY,2021-08-06,Friday,41193.1,39851.77,48,1341.3300000000017,True,0,0,0
BTCUSD,NY,2021-08-09,Monday,43879.55,43273.69,48,605.8600000000006,True,0,0,0
BTCUSD,NY,2021-08-10,Tuesday,46030.51,45294.63,48,735.8800000000047,True,5,5,0
BTCUSD,NY,2021-08-11,Wednesday,46456.59,45453.22,48,1003.3699999999953,True,2,2,0
BTCUSD,NY,2021-08-12,Thursday,46032.47,44821.12,48,1211.3499999999985,True,1,1,0
BTCUSD,NY,2021-08-13,Friday,46353.0,44934.24,48,1418.760000000002,True,4,4,0
BTCUSD,NY,2021-08-16,Monday,47737.74,47207.72,48,530.0199999999968,True,1,1,0
BTCUSD,NY,2021-08-17,Tuesday,46607.51,45645.12,48,962.3899999999994,True,1,1,0
BTCUSD,NY,2021-08-18,Wednesday,45512.02,44851.38,48,660.6399999999994,True,4,4,0
BTCUSD,NY,2021-08-19,Thursday,44651.07,43929.53,48,721.5400000000009,True,1,1,0
BTCUSD,NY,2021-08-20,Friday,47256.73,46690.61,48,566.1200000000026,True,2,2,0
BTCUSD,NY,2021-08-23,Monday,50456.53,50015.03,48,441.5,True,1,1,0
BTCUSD,NY,2021-08-24,Tuesday,49875.98,49181.83,48,694.1500000000015,True,3,3,0
BTCUSD,NY,2021-08-25,Wednesday,48620.12,47876.53,48,743.5900000000038,True,2,2,0
BTCUSD,NY,2021-08-26,Thursday,48048.83,46553.15,48,1495.6800000000003,True,2,2,0
BTCUSD,NY,2021-08-27,Friday,47544.18,46576.19,48,967.989999999998,True,1,1,0
BTCUSD,NY,2021-08-30,Monday,48158.73,47485.63,48,673.1000000000058,True,4,4,0
BTCUSD,NY,2021-08-31,Tuesday,47919.5,46823.7,48,1095.800000000003,True,5,5,0
BTCUSD,NY,2021-09-01,Wednesday,47497.73,46972.88,48,524.8500000000058,True,1,1,0
BTCUSD,NY,2021-09-02,Thursday,50373.76,49310.37,48,1063.3899999999994,True,5,5,0
BTCUSD,NY,2021-09-03,Friday,49745.37,49210.25,48,535.1200000000026,True,1,1,0
BTCUSD,NY,2021-09-06,Monday,52023.88,51572.69,48,451.18999999999505,True,1,1,0
BTCUSD,NY,2021-09-07,Tuesday,52750.79,52072.83,48,677.9599999999991,True,0,0,0
BTCUSD,NY,2021-09-08,Wednesday,46843.66,44959.72,48,1883.9400000000023,True,1,1,0
BTCUSD,NY,2021-09-09,Thursday,46362.34,45873.2,48,489.1399999999994,True,4,4,0
BTCUSD,NY,2021-09-10,Friday,46822.04,45858.42,48,963.6200000000026,True,1,1,0
BTCUSD,NY,2021-09-13,Monday,44972.69,44162.65,48,810.0400000000009,True,2,1,1
BTCUSD,NY,2021-09-14,Tuesday,45907.44,45058.67,48,848.7700000000041,True,1,1,0
BTCUSD,NY,2021-09-15,Wednesday,47217.13,46701.17,48,515.9599999999991,True,1,1,0
BTCUSD,NY,2021-09-16,Thursday,48510.24,47568.8,48,941.439999999995,True,2,2,0
BTCUSD,NY,2021-09-17,Friday,48163.52,47624.62,48,538.8999999999942,True,2,2,0
BTCUSD,NY,2021-09-20,Monday,45831.25,44336.56,48,1494.6900000000023,True,0,0,0
BTCUSD,NY,2021-09-21,Tuesday,43333.37,42149.56,48,1183.810000000005,True,4,4,0
BTCUSD,NY,2021-09-22,Wednesday,42735.57,41785.12,48,950.4499999999971,True,0,0,0
BTCUSD,NY,2021-09-23,Thursday,44389.7,43722.14,48,667.5599999999977,True,3,3,0
BTCUSD,NY,2021-09-24,Friday,45150.06,43898.41,48,1251.6499999999942,True,0,0,0
BTCUSD,NY,2021-09-27,Monday,44262.0,43664.96,48,597.0400000000009,True,2,2,0
BTCUSD,NY,2021-09-28,Tuesday,42777.08,41639.64,48,1137.4400000000023,True,4,4,0
BTCUSD,NY,2021-09-29,Wednesday,42485.27,41990.61,48,494.6599999999962,True,3,3,0
BTCUSD,NY,2021-09-30,Thursday,43835.54,43192.68,48,642.8600000000006,True,2,2,0
BTCUSD,NY,2021-10-01,Friday,44821.75,43456.91,48,1364.8399999999965,True,1,1,0
BTCUSD,NY,2021-10-04,Monday,47878.36,47259.27,48,619.0900000000038,True,3,3,0
BTCUSD,NY,2021-10-05,Tuesday,49681.86,49085.44,48,596.4199999999983,True,0,0,0
BTCUSD,NY,2021-10-06,Wednesday,51820.12,51202.94,48,617.1800000000003,True,2,2,0
BTCUSD,NY,2021-10-07,Thursday,55238.62,54277.11,48,961.510000000002,True,4,4,0
BTCUSD,NY,2021-10-08,Friday,54995.36,53614.88,48,1380.4800000000032,True,1,1,0
BTCUSD,NY,2021-10-11,Monday,57065.38,56150.63,48,914.75,True,2,2,0
BTCUSD,NY,2021-10-12,Tuesday,57682.85,56572.88,48,1109.9700000000012,True,0,0,0
BTCUSD,NY,2021-10-13,Wednesday,56372.38,54556.29,48,1816.0899999999965,True,2,2,0
BTCUSD,NY,2021-10-14,Thursday,58176.39,57303.31,48,873.0800000000017,True,8,8,0
BTCUSD,NY,2021-10-15,Friday,60016.13,59134.77,48,881.3600000000006,True,3,3,0
BTCUSD,NY,2021-10-18,Monday,62673.25,61744.54,48,928.7099999999991,True,3,3,0
BTCUSD,NY,2021-10-19,Tuesday,62788.74,61958.44,48,830.2999999999956,True,3,3,0
BTCUSD,NY,2021-10-20,Wednesday,64175.19,63504.83,48,670.3600000000006,True,1,1,0
BTCUSD,NY,2021-10-21,Thursday,65252.19,64121.91,48,1130.2799999999988,True,2,2,0
BTCUSD,NY,2021-10-22,Friday,63424.61,62495.35,48,929.260000000002,True,2,2,0
BTCUSD,NY,2021-10-25,Monday,62898.92,61792.92,48,1106.0,True,3,3,0
BTCUSD,NY,2021-10-26,Tuesday,62808.9,62156.45,48,652.4500000000044,True,3,3,0
BTCUSD,NY,2021-10-27,Wednesday,61492.81,59890.54,48,1602.2699999999968,True,0,0,0
BTCUSD,NY,2021-10-28,Thursday,59264.63,58677.78,48,586.8499999999985,True,1,0,1
BTCUSD,NY,2021-10-29,Friday,61724.33,60313.11,48,1411.2200000000012,True,1,1,0
BTCUSD,NY,2021-11-01,Monday,62346.46,59357.89,48,2988.5699999999997,True,1,1,0
BTCUSD,NY,2021-11-02,Tuesday,61881.93,61086.15,48,795.7799999999988,True,0,0,0
BTCUSD,NY,2021-11-03,Wednesday,63551.95,62759.33,48,792.6199999999953,True,2,2,0
BTCUSD,NY,2021-11-04,Thursday,62835.05,61854.33,48,980.7200000000012,True,4,4,0
BTCUSD,NY,2021-11-05,Friday,62622.48,61906.51,48,715.9700000000012,True,0,0,0
BTCUSD,NY,2021-11-08,Monday,66360.6,65115.97,48,1244.6300000000047,True,2,2,0
BTCUSD,NY,2021-11-09,Tuesday,68392.34,67660.96,48,731.3799999999901,True,2,2,0
BTCUSD,NY,2021-11-10,Wednesday,66850.83,66218.87,48,631.9600000000064,True,2,2,0
BTCUSD,NY,2021-11-11,Thursday,65412.63,64485.25,48,927.3799999999974,True,3,3,0
BTCUSD,NY,2021-11-12,Friday,65029.59,64206.38,48,823.2099999999991,True,2,2,0
BTCUSD,NY,2021-11-15,Monday,65908.72,65266.51,48,642.2099999999991,True,1,1,0
BTCUSD,NY,2021-11-16,Tuesday,61458.35,60291.91,48,1166.439999999995,True,1,1,0
BTCUSD,NY,2021-11-17,Wednesday,60147.32,59259.27,48,888.0500000000029,True,3,3,0
BTCUSD,NY,2021-11-18,Thursday,60049.21,59478.03,48,571.1800000000003,True,3,3,0
BTCUSD,NY,2021-11-19,Friday,57390.49,55865.33,48,1525.1599999999962,True,0,0,0
BTCUSD,NY,2021-11-22,Monday,57798.21,56825.92,48,972.2900000000009,True,2,2,0
BTCUSD,NY,2021-11-23,Tuesday,56876.89,55721.55,48,1155.3399999999965,True,3,3,0
BTCUSD,NY,2021-11-24,Wednesday,57395.85,56233.27,48,1162.5800000000017,True,3,3,0
BTCUSD,NY,2021-11-25,Thursday,57963.03,57029.39,48,933.6399999999994,True,2,2,0
BTCUSD,NY,2021-11-26,Friday,57952.57,54358.69,48,3593.8799999999974,True,2,2,0
BTCUSD,NY,2021-11-29,Monday,57726.99,57218.44,48,508.54999999999563,True,2,2,0
BTCUSD,NY,2021-11-30,Tuesday,57399.95,55902.95,48,1497.0,True,1,1,0
BTCUSD,NY,2021-12-01,Wednesday,57843.67,56706.33,48,1137.3399999999965,True,2,2,0
BTCUSD,NY,2021-12-02,Thursday,57218.89,56409.88,48,809.010000000002,True,5,5,0
BTCUSD,NY,2021-12-03,Friday,57057.36,56445.37,48,611.989999999998,True,2,2,0
BTCUSD,NY,2021-12-06,Monday,49475.71,47792.62,48,1683.0899999999965,True,1,1,0
BTCUSD,NY,2021-12-07,Tuesday,51386.61,50857.5,48,529.1100000000006,True,4,4,0
BTCUSD,NY,2021-12-08,Wednesday,50736.75,50164.28,48,572.4700000000012,True,2,2,0
BTCUSD,NY,2021-12-09,Thursday,50362.33,49195.34,48,1166.9900000000052,True,1,1,0
BTCUSD,NY,2021-12-10,Friday,48429.82,47563.37,48,866.4499999999971,True,2,2,0
BTCUSD,NY,2021-12-13,Monday,49338.43,48099.32,48,1239.1100000000006,True,0,0,0
BTCUSD,NY,2021-12-14,Tuesday,47531.12,46330.36,48,1200.760000000002,True,1,1,0
BTCUSD,NY,2021-12-15,Wednesday,48773.78,47923.67,48,850.1100000000006,True,1,1,0
BTCUSD,NY,2021-12-16,Thursday,49032.54,48506.72,48,525.8199999999997,True,2,2,0
BTCUSD,NY,2021-12-17,Friday,47961.96,46726.38,48,1235.5800000000017,True,2,2,0
BTCUSD,NY,2021-12-20,Monday,47051.45,46096.78,48,954.6699999999983,True,2,2,0
BTCUSD,NY,2021-12-21,Tuesday,49012.18,48311.04,48,701.1399999999994,True,1,1,0
BTCUSD,NY,2021-12-22,Wednesday,49547.4,48914.92,48,632.4800000000032,True,2,2,0
BTCUSD,NY,2021-12-23,Thursday,48571.9,48016.66,48,555.239999999998,True,1,1,0
BTCUSD,NY,2021-12-24,Friday,51198.96,50751.64,48,447.3199999999997,True,4,4,0
BTCUSD,NY,2021-12-27,Monday,51031.81,50547.43,48,484.3799999999974,True,2,2,0
BTCUSD,NY,2021-12-28,Tuesday,49441.97,48957.63,48,484.3400000000038,True,2,2,0
BTCUSD,NY,2021-12-29,Wednesday,47996.71,47509.5,48,487.2099999999991,True,4,4,0
BTCUSD,NY,2021-12-30,Thursday,47175.08,46574.4,48,600.6800000000003,True,2,2,0
BTCUSD,NY,2021-12-31,Friday,48536.31,46785.65,48,1750.6599999999962,True,0,0,0
BTCUSD,NY,2022-01-03,Monday,47210.49,46748.06,48,462.4300000000003,True,1,1,0
BTCUSD,NY,2022-01-04,Tuesday,46673.05,46025.67,48,647.3800000000047,True,3,3,0
BTCUSD,NY,2022-01-05,Wednesday,46653.82,46219.39,48,434.4300000000003,True,1,1,0
BTCUSD,NY,2022-01-06,Thursday,43245.63,42479.75,48,765.8799999999974,True,1,1,0
BTCUSD,NY,2022-01-07,Friday,42868.18,41196.22,48,1671.9599999999991,True,1,1,0
BTCUSD,NY,2022-01-10,Monday,42226.84,41704.35,48,522.489999999998,True,3,3,0
BTCUSD,NY,2022-01-11,Tuesday,42620.34,41923.61,48,696.7299999999959,True,2,2,0
BTCUSD,NY,2022-01-12,Wednesday,42873.48,42471.31,48,402.17000000000553,True,2,2,0
BTCUSD,NY,2022-01-13,Thursday,43916.78,43570.05,48,346.7299999999959,True,4,4,0
BTCUSD,NY,2022-01-14,Friday,42983.76,42364.69,48,619.0699999999997,True,1,1,0
BTCUSD,NY,2022-01-17,Monday,42981.36,42299.67,48,681.6900000000023,True,3,3,0
BTCUSD,NY,2022-01-18,Tuesday,42349.86,41601.87,48,747.989999999998,True,5,5,0
BTCUSD,NY,2022-01-19,Wednesday,41862.8,41127.12,48,735.6800000000003,True,1,1,0
BTCUSD,NY,2022-01-20,Thursday,42153.2,41773.52,48,379.6800000000003,True,2,2,0
BTCUSD,NY,2022-01-21,Friday,39287.96,38527.06,48,760.9000000000015,True,1,1,0
BTCUSD,NY,2022-01-24,Monday,35563.09,34778.16,48,784.929999999993,True,1,1,0
BTCUSD,NY,2022-01-25,Tuesday,36532.76,35698.58,48,834.1800000000003,True,3,3,0
BTCUSD,NY,2022-01-26,Wednesday,37972.44,37152.06,48,820.3800000000047,True,5,5,0
BTCUSD,NY,2022-01-27,Thursday,36511.24,35795.12,48,716.1199999999953,True,3,3,0
BTCUSD,NY,2022-01-28,Friday,37515.82,36407.27,48,1108.550000000003,True,2,2,0
BTCUSD,NY,2022-01-31,Monday,37240.7,36849.06,48,391.6399999999994,True,3,3,0
BTCUSD,NY,2022-02-01,Tuesday,38633.71,38242.23,48,391.4799999999959,True,2,2,0
BTCUSD,NY,2022-02-02,Wednesday,38553.0,38210.93,48,342.0699999999997,True,4,4,0
BTCUSD,NY,2022-02-03,Thursday,37126.54,36844.97,48,281.5699999999997,True,6,5,1
BTCUSD,NY,2022-02-04,Friday,38233.46,37271.74,48,961.7200000000012,True,0,0,0
BTCUSD,NY,2022-02-07,Monday,43005.62,42519.02,48,486.6000000000058,True,2,2,0
BTCUSD,NY,2022-02-08,Tuesday,45511.53,43849.47,48,1662.0599999999977,True,2,2,0
BTCUSD,NY,2022-02-09,Wednesday,43964.48,43144.37,48,820.1100000000006,True,2,2,0
BTCUSD,NY,2022-02-10,Thursday,44334.79,43731.49,48,603.3000000000029,True,2,2,0
BTCUSD,NY,2022-02-11,Friday,43571.17,42825.8,48,745.3699999999953,True,5,5,0
BTCUSD,NY,2022-02-14,Monday,42445.61,41733.66,48,711.9499999999971,True,2,2,0
BTCUSD,NY,2022-02-15,Tuesday,44158.73,43385.09,48,773.6400000000067,True,3,3,0
BTCUSD,NY,2022-02-16,Wednesday,44355.41,43909.49,48,445.92000000000553,True,2,2,0
BTCUSD,NY,2022-02-17,Thursday,44052.52,43330.02,48,722.5,True,2,2,0
BTCUSD,NY,2022-02-18,Friday,40975.99,40508.14,48,467.84999999999854,True,2,2,0
BTCUSD,NY,2022-02-21,Monday,39485.76,39032.85,48,452.9100000000035,True,2,2,0
BTCUSD,NY,2022-02-22,Tuesday,37244.64,36526.5,48,718.1399999999994,True,1,1,0
BTCUSD,NY,2022-02-23,Wednesday,38777.65,37827.02,48,950.6300000000047,True,1,1,0
BTCUSD,NY,2022-02-24,Thursday,35870.28,34316.25,48,1554.0299999999988,True,1,1,0
BTCUSD,NY,2022-02-25,Friday,38839.36,38175.63,48,663.7300000000032,True,3,3,0
BTCUSD,NY,2022-02-28,Monday,38666.46,37465.29,48,1201.1699999999983,True,0,0,0
BTCUSD,NY,2022-03-01,Tuesday,43721.27,43032.8,48,688.4699999999939,True,2,2,0
BTCUSD,NY,2022-03-02,Wednesday,44399.14,43667.97,48,731.1699999999983,True,3,3,0
BTCUSD,NY,2022-03-03,Thursday,43687.68,42911.87,48,775.8099999999977,True,2,2,0
BTCUSD,NY,2022-03-04,Friday,41779.6,40831.47,48,948.1299999999974,True,4,4,0
BTCUSD,NY,2022-03-07,Monday,38242.82,37648.62,48,594.1999999999971,True,2,2,0
BTCUSD,NY,2022-03-08,Tuesday,39100.23,37986.08,48,1114.1500000000015,True,2,2,0
BTCUSD,NY,2022-03-09,Wednesday,42416.93,41312.9,48,1104.0299999999988,True,2,2,0
BTCUSD,NY,2022-03-10,Thursday,39545.35,38798.11,48,747.239999999998,True,1,1,0
BTCUSD,NY,2022-03-11,Friday,39310.7,38335.97,48,974.7299999999959,True,1,1,0
BTCUSD,NY,2022-03-14,Monday,39158.17,38127.99,48,1030.1800000000003,True,2,2,0
BTCUSD,NY,2022-03-15,Tuesday,38989.37,38075.24,48,914.1300000000047,True,2,2,0
BTCUSD,NY,2022-03-16,Wednesday,39672.05,38916.97,48,755.0800000000017,True,1,1,0
BTCUSD,NY,2022-03-17,Thursday,41486.41,40566.74,48,919.6700000000055,True,1,1,0
BTCUSD,NY,2022-03-18,Friday,40906.64,40451.9,48,454.73999999999796,True,1,1,0
BTCUSD,NY,2022-03-21,Monday,41146.48,40729.6,48,416.88000000000466,True,3,3,0
BTCUSD,NY,2022-03-22,Tuesday,43347.36,41982.4,48,1364.9599999999991,True,0,0,0
BTCUSD,NY,2022-03-23,Wednesday,42272.68,41728.63,48,544.0500000000029,True,3,3,0
BTCUSD,NY,2022-03-24,Thursday,43478.01,42718.07,48,759.9400000000023,True,0,0,0
BTCUSD,NY,2022-03-25,Friday,44231.37,43915.24,48,316.13000000000466,True,2,2,0
BTCUSD,NY,2022-03-28,Monday,47387.2,46751.56,48,635.6399999999994,True,2,2,0
BTCUSD,NY,2022-03-29,Tuesday,47757.14,47319.5,48,437.6399999999994,True,2,1,1
BTCUSD,NY,2022-03-30,Wednesday,47599.24,47154.63,48,444.6100000000006,True,3,3,0
BTCUSD,NY,2022-03-31,Thursday,47190.92,46904.74,48,286.1800000000003,True,4,4,0
BTCUSD,NY,2022-04-01,Friday,45104.07,44544.72,48,559.3499999999985,True,2,2,0
BTCUSD,NY,2022-04-04,Monday,46291.54,45824.25,48,467.2900000000009,True,2,2,0
BTCUSD,NY,2022-04-05,Tuesday,46878.48,46527.34,48,351.1400000000067,True,1,1,0
BTCUSD,NY,2022-04-06,Wednesday,45520.76,45117.49,48,403.2700000000041,True,0,0,0
BTCUSD,NY,2022-04-07,Thursday,43537.01,43198.56,48,338.45000000000437,True,2,2,0
BTCUSD,NY,2022-04-08,Friday,43774.11,43402.2,48,371.9100000000035,True,3,3,0
BTCUSD,NY,2022-04-11,Monday,42355.78,42088.3,48,267.4799999999959,True,0,0,0
BTCUSD,NY,2022-04-12,Tuesday,40192.73,39615.84,48,576.8900000000067,True,2,2,0
BTCUSD,NY,2022-04-13,Wednesday,40230.84,39855.13,48,375.7099999999991,True,3,3,0
BTCUSD,NY,2022-04-14,Thursday,41419.94,41153.84,48,266.1000000000058,True,2,2,0
BTCUSD,NY,2022-04-15,Friday,40434.69,39948.89,48,485.8000000000029,True,1,1,0
BTCUSD,NY,2022-04-18,Monday,39857.89,38523.73,48,1334.1599999999962,True,0,0,0
BTCUSD,NY,2022-04-19,Tuesday,40880.35,40574.38,48,305.97000000000116,True,2,2,0
BTCUSD,NY,2022-04-20,Wednesday,41629.92,41267.88,48,362.0400000000009,True,1,1,0
BTCUSD,NY,2022-04-21,Thursday,41953.32,41430.68,48,522.6399999999994,True,2,2,0
BTCUSD,NY,2022-04-22,Friday,40795.41,40285.48,48,509.9300000000003,True,2,2,0
BTCUSD,NY,2022-04-25,Monday,39254.24,38166.2,48,1088.0400000000009,True,1,1,0
BTCUSD,NY,2022-04-26,Tuesday,40696.8,40379.0,48,317.8000000000029,True,1,1,0
BTCUSD,NY,2022-04-27,Wednesday,39100.2,38303.76,48,796.439999999995,True,3,3,0
BTCUSD,NY,2022-04-28,Thursday,39655.05,39216.28,48,438.7700000000041,True,4,4,0
BTCUSD,NY,2022-04-29,Friday,39628.93,39347.12,48,281.8099999999977,True,0,0,0
BTCUSD,NY,2022-05-02,Monday,39156.26,38588.66,48,567.5999999999985,True,2,2,0
BTCUSD,NY,2022-05-03,Tuesday,38558.01,38360.81,48,197.20000000000437,True,3,3,0
BTCUSD,NY,2022-05-04,Wednesday,38735.59,37932.72,48,802.8699999999953,True,2,2,0
BTCUSD,NY,2022-05-05,Thursday,39830.05,39497.42,48,332.63000000000466,True,3,3,0
BTCUSD,NY,2022-05-06,Friday,36528.05,35783.13,48,744.9200000000055,True,3,3,0
BTCUSD,NY,2022-05-09,Monday,33817.67,33316.69,48,500.9799999999959,True,1,1,0
BTCUSD,NY,2022-05-10,Tuesday,32633.18,30590.67,48,2042.510000000002,True,1,1,0
BTCUSD,NY,2022-05-11,Wednesday,31881.11,30187.15,48,1693.9599999999991,True,2,2,0
BTCUSD,NY,2022-05-12,Thursday,28308.82,25261.37,48,3047.4500000000007,True,2,2,0
BTCUSD,NY,2022-05-13,Friday,30958.45,30076.2,48,882.25,True,2,2,0
BTCUSD,NY,2022-05-16,Monday,30436.22,29249.74,44,1186.4799999999996,False,0,0,0
BTCUSD,NY,2022-05-17,Tuesday,30538.16,30186.88,48,351.27999999999884,True,5,4,1
BTCUSD,NY,2022-05-18,Wednesday,30054.74,29629.53,48,425.21000000000276,True,0,0,0
BTCUSD,NY,2022-05-19,Thursday,29391.07,28996.57,48,394.5,True,4,4,0
BTCUSD,NY,2022-05-20,Friday,30320.93,29806.99,48,513.9399999999987,True,4,4,0
BTCUSD,NY,2022-05-23,Monday,30638.69,30073.27,48,565.4199999999983,True,2,2,0
BTCUSD,NY,2022-05-24,Tuesday,29405.21,29206.14,48,199.0699999999997,True,2,2,0
BTCUSD,NY,2022-05-25,Wednesday,30184.47,29622.56,48,561.9099999999999,True,2,2,0
BTCUSD,NY,2022-05-26,Thursday,29839.06,29353.81,48,485.25,True,1,1,0
BTCUSD,NY,2022-05-27,Friday,29167.23,28585.42,48,581.8100000000013,True,3,3,0
BTCUSD,NY,2022-05-30,Monday,30860.17,30199.93,48,660.239999999998,True,0,0,0
BTCUSD,NY,2022-05-31,Tuesday,31782.42,31403.38,48,379.03999999999724,True,4,4,0
BTCUSD,NY,2022-06-01,Wednesday,31644.8,31313.44,48,331.3600000000006,True,3,3,0
BTCUSD,NY,2022-06-02,Thursday,30096.72,29625.41,48,471.3100000000013,True,4,4,0
BTCUSD,NY,2022-06-03,Friday,30535.28,30255.08,48,280.1999999999971,True,0,0,0
BTCUSD,NY,2022-06-06,Monday,31390.94,31102.71,48,288.22999999999956,True,4,4,0
BTCUSD,NY,2022-06-07,Tuesday,29613.03,29383.69,48,229.34000000000015,True,2,2,0
BTCUSD,NY,2022-06-08,Wednesday,30661.64,29849.9,48,811.739999999998,True,1,1,0
BTCUSD,NY,2022-06-09,Thursday,30460.65,30197.6,48,263.0500000000029,True,2,2,0
BTCUSD,NY,2022-06-10,Friday,30198.36,30019.96,48,178.40000000000146,True,2,2,0
BTCUSD,NY,2022-06-13,Monday,26220.47,24516.28,48,1704.1900000000023,True,0,0,0
BTCUSD,NY,2022-06-14,Tuesday,23250.22,21715.31,48,1534.9099999999999,True,1,1,0
BTCUSD,NY,2022-06-15,Wednesday,21435.61,20587.95,48,847.6599999999999,True,1,1,0
BTCUSD,NY,2022-06-16,Thursday,22328.36,21616.51,48,711.8500000000022,True,0,0,0
BTCUSD,NY,2022-06-17,Friday,21233.07,20289.36,48,943.7099999999991,True,0,0,0
BTCUSD,NY,2022-06-20,Monday,20216.11,19744.97,48,471.1399999999994,True,1,1,0
BTCUSD,NY,2022-06-21,Tuesday,21283.18,20450.54,48,832.6399999999994,True,3,3,0
BTCUSD,NY,2022-06-22,Wednesday,20575.21,19939.25,48,635.9599999999991,True,4,4,0
BTCUSD,NY,2022-06-23,Thursday,20623.66,20123.73,48,499.9300000000003,True,2,2,0
BTCUSD,NY,2022-06-24,Friday,21150.67,20711.71,48,438.9599999999991,True,3,3,0
BTCUSD,NY,2022-06-27,Monday,21387.13,21118.42,48,268.71000000000276,True,1,1,0
BTCUSD,NY,2022-06-28,Tuesday,20911.71,20676.81,48,234.89999999999782,True,1,1,0
BTCUSD,NY,2022-06-29,Wednesday,20338.45,19855.91,48,482.5400000000009,True,1,1,0
BTCUSD,NY,2022-06-30,Thursday,20068.96,19280.96,48,788.0,True,2,2,0
BTCUSD,NY,2022-07-01,Friday,19727.94,19289.14,48,438.7999999999993,True,1,1,0
BTCUSD,NY,2022-07-04,Monday,19169.6,19049.85,48,119.75,True,0,0,0
BTCUSD,NY,2022-07-05,Tuesday,20421.88,20146.84,48,275.0400000000009,True,1,1,0
BTCUSD,NY,2022-07-06,Wednesday,20288.77,19833.08,48,455.6899999999987,True,2,2,0
BTCUSD,NY,2022-07-07,Thursday,20475.26,20240.38,48,234.87999999999738,True,2,2,0
BTCUSD,NY,2022-07-08,Friday,22232.52,21701.51,48,531.010000000002,True,1,1,0
BTCUSD,NY,2022-07-11,Monday,20588.88,20347.37,48,241.51000000000204,True,5,5,0
BTCUSD,NY,2022-07-12,Tuesday,20032.88,19598.86,48,434.02000000000044,True,1,1,0
BTCUSD,NY,2022-07-13,Wednesday,19839.96,19397.99,48,441.9699999999975,True,3,3,0
BTCUSD,NY,2022-07-14,Thursday,20251.73,19879.46,48,372.27000000000044,True,1,1,0
BTCUSD,NY,2022-07-15,Friday,20913.97,20478.22,48,435.75,True,4,4,0
BTCUSD,NY,2022-07-18,Monday,22399.96,21160.02,48,1239.9399999999987,True,4,4,0
BTCUSD,NY,2022-07-19,Tuesday,22128.47,21570.96,48,557.510000000002,True,2,2,0
BTCUSD,NY,2022-07-20,Wednesday,23865.37,23303.13,48,562.239999999998,True,3,3,0
BTCUSD,NY,2022-07-21,Thursday,23089.24,22631.24,48,458.0,True,4,4,0
BTCUSD,NY,2022-07-22,Friday,23322.62,22790.75,48,531.869999999999,True,1,1,0
BTCUSD,NY,2022-07-25,Monday,21999.23,21741.13,48,258.09999999999854,True,2,2,0
BTCUSD,NY,2022-07-26,Tuesday,21254.13,21019.52,48,234.61000000000058,True,3,3,0
BTCUSD,NY,2022-07-27,Wednesday,21449.72,21058.74,48,390.97999999999956,True,2,2,0
BTCUSD,NY,2022-07-28,Thursday,23267.75,22890.51,48,377.2400000000016,True,3,3,0
BTCUSD,NY,2022-07-29,Friday,24438.25,23821.5,48,616.75,True,1,1,0
BTCUSD,NY,2022-08-01,Monday,23426.01,23115.25,48,310.7599999999984,True,2,2,0
BTCUSD,NY,2022-08-02,Tuesday,22938.71,22718.25,48,220.45999999999913,True,8,8,0
BTCUSD,NY,2022-08-03,Wednesday,23084.0,22805.26,48,278.7400000000016,True,1,1,0
BTCUSD,NY,2022-08-04,Thursday,23191.01,22820.25,48,370.7599999999984,True,5,5,0
BTCUSD,NY,2022-08-05,Friday,23430.0,23066.0,48,364.0,True,2,2,0
BTCUSD,NY,2022-08-08,Monday,23851.97,23278.47,48,573.5,True,1,1,0
BTCUSD,NY,2022-08-09,Tuesday,23923.47,23759.97,48,163.5,True,0,0,0
BTCUSD,NY,2022-08-10,Wednesday,23015.73,22833.98,48,181.75,True,0,0,0
BTCUSD,NY,2022-08-11,Thursday,24754.22,24295.96,48,458.26000000000204,True,1,1,0
BTCUSD,NY,2022-08-12,Friday,24069.98,23886.84,48,183.13999999999942,True,2,2,0
BTCUSD,NY,2022-08-15,Monday,24984.83,23952.84,48,1031.9900000000016,True,2,2,0
BTCUSD,NY,2022-08-16,Tuesday,24145.6,23805.1,48,340.5,True,1,1,0
BTCUSD,NY,2022-08-17,Wednesday,24442.83,23759.85,48,682.9800000000032,True,2,2,0
BTCUSD,NY,2022-08-18,Thursday,23468.1,23321.35,48,146.75,True,1,1,0
BTCUSD,NY,2022-08-19,Friday,22832.85,21328.27,48,1504.579999999998,True,3,3,0
BTCUSD,NY,2022-08-22,Monday,21487.63,21060.14,48,427.4900000000016,True,2,2,0
BTCUSD,NY,2022-08-23,Tuesday,21315.96,20891.49,48,424.4699999999975,True,1,1,0
BTCUSD,NY,2022-08-24,Wednesday,21503.6,21232.6,48,271.0,True,2,2,0
BTCUSD,NY,2022-08-25,Thursday,21758.85,21453.57,48,305.27999999999884,True,2,2,0
BTCUSD,NY,2022-08-26,Friday,21566.97,21324.85,48,242.12000000000262,True,1,1,0
BTCUSD,NY,2022-08-29,Monday,19940.2,19738.19,48,202.01000000000204,True,1,1,0
BTCUSD,NY,2022-08-30,Tuesday,20574.18,20254.67,48,319.51000000000204,True,1,1,0
BTCUSD,NY,2022-08-31,Wednesday,20488.7,20187.95,48,300.75,True,3,3,0
BTCUSD,NY,2022-09-01,Thursday,20135.19,19797.2,48,337.98999999999796,True,2,2,0
BTCUSD,NY,2022-09-02,Friday,20299.03,20035.04,48,263.98999999999796,True,4,4,0
BTCUSD,NY,2022-09-05,Monday,19912.95,19677.2,48,235.75,True,5,5,0
BTCUSD,NY,2022-09-06,Tuesday,19948.19,19729.7,48,218.48999999999796,True,3,3,0
BTCUSD,NY,2022-09-07,Wednesday,18840.96,18671.27,48,169.6899999999987,True,1,1,0
BTCUSD,NY,2022-09-08,Thursday,19378.55,19052.3,48,326.25,True,1,1,0
BTCUSD,NY,2022-09-09,Friday,20807.79,19932.55,48,875.2400000000016,True,0,0,0
BTCUSD,NY,2022-09-12,Monday,22231.79,21623.79,48,608.0,True,4,4,0
BTCUSD,NY,2022-09-13,Tuesday,22628.04,22176.68,48,451.3600000000006,True,1,1,0
BTCUSD,NY,2022-09-14,Wednesday,20400.5,20128.05,48,272.4500000000007,True,4,4,0
BTCUSD,NY,2022-09-15,Thursday,20336.43,19958.43,48,378.0,True,0,0,0
BTCUSD,NY,2022-09-16,Friday,19855.68,19718.17,48,137.51000000000204,True,3,3,0
BTCUSD,NY,2022-09-19,Monday,18871.16,18258.17,48,612.9900000000016,True,0,0,0
BTCUSD,NY,2022-09-20,Tuesday,19582.69,19237.69,48,345.0,True,2,2,0
BTCUSD,NY,2022-09-21,Wednesday,19123.69,18791.49,48,332.1999999999971,True,2,0,2
BTCUSD,NY,2022-09-22,Thursday,18964.55,18620.54,48,344.0099999999984,True,1,1,0
BTCUSD,NY,2022-09-23,Friday,19492.05,19197.8,48,294.25,True,0,0,0
BTCUSD,NY,2022-09-26,Monday,18934.04,18682.54,48,251.5,True,1,1,0
BTCUSD,NY,2022-09-27,Tuesday,20337.79,19960.54,48,377.25,True,1,1,0
BTCUSD,NY,2022-09-28,Wednesday,18878.54,18616.54,48,262.0,True,2,2,0
BTCUSD,NY,2022-09-29,Thursday,19619.29,19269.04,48,350.25,True,2,2,0
BTCUSD,NY,2022-09-30,Friday,19636.55,19388.8,48,247.75,True,4,3,1
BTCUSD,NY,2022-10-03,Monday,19315.05,19057.8,48,257.25,True,1,1,0
BTCUSD,NY,2022-10-04,Tuesday,19972.2,19554.05,48,418.15000000000146,True,2,2,0
BTCUSD,NY,2022-10-05,Wednesday,20300.3,20080.89,48,219.40999999999985,True,2,2,0
BTCUSD,NY,2022-10-06,Thursday,20446.3,20155.05,48,291.25,True,4,4,0
BTCUSD,NY,2022-10-07,Friday,20012.54,19805.84,48,206.70000000000073,True,1,1,0
BTCUSD,NY,2022-10-10,Monday,19478.55,19366.8,48,111.75,True,1,1,0
BTCUSD,NY,2022-10-11,Tuesday,19110.55,19005.9,48,104.64999999999782,True,3,3,0
BTCUSD,NY,2022-10-12,Wednesday,19196.3,19037.05,48,159.25,True,1,1,0
BTCUSD,NY,2022-10-13,Thursday,19109.32,18944.41,48,164.90999999999985,True,1,1,0
BTCUSD,NY,2022-10-14,Friday,19844.54,19572.9,48,271.6399999999994,True,2,2,0
BTCUSD,NY,2022-10-17,Monday,19317.79,19160.79,48,157.0,True,0,0,0
BTCUSD,NY,2022-10-18,Tuesday,19702.79,19534.78,48,168.01000000000204,True,3,3,0
BTCUSD,NY,2022-10-19,Wednesday,19304.78,19141.78,48,163.0,True,3,3,0
BTCUSD,NY,2022-10-20,Thursday,19211.79,19032.29,48,179.5,True,4,4,0
BTCUSD,NY,2022-10-21,Friday,19081.54,18988.53,48,93.01000000000204,True,3,3,0
BTCUSD,NY,2022-10-24,Monday,19387.79,19253.03,48,134.76000000000204,True,4,4,0
BTCUSD,NY,2022-10-25,Tuesday,19375.03,19270.28,48,104.75,True,3,3,0
BTCUSD,NY,2022-10-26,Wednesday,20391.79,20137.54,48,254.25,True,1,1,0
BTCUSD,NY,2022-10-27,Thursday,20877.44,20683.69,48,193.75,True,2,2,0
BTCUSD,NY,2022-10-28,Friday,20311.19,20062.79,48,248.39999999999782,True,0,0,0
BTCUSD,NY,2022-10-31,Monday,20597.68,20451.68,48,146.0,True,1,1,0
BTCUSD,NY,2022-11-01,Tuesday,20650.18,20460.43,48,189.75,True,1,1,0
BTCUSD,NY,2022-11-02,Wednesday,20557.93,20349.18,48,208.75,True,1,1,0
BTCUSD,NY,2022-11-03,Thursday,20387.18,20274.93,48,112.25,True,2,2,0
BTCUSD,NY,2022-11-04,Friday,20689.43,20304.68,48,384.75,True,3,3,0
BTCUSD,NY,2022-11-07,Monday,20914.18,20584.93,48,329.25,True,1,1,0
BTCUSD,NY,2022-11-08,Tuesday,19863.43,19338.24,48,525.1899999999987,True,2,2,0
BTCUSD,NY,2022-11-09,Wednesday,18497.19,18018.84,48,478.34999999999854,True,1,1,0
BTCUSD,NY,2022-11-10,Thursday,16891.36,16411.23,48,480.130000000001,True,3,3,0
BTCUSD,NY,2022-11-11,Friday,17456.36,16982.31,48,474.0499999999993,True,1,1,0
BTCUSD,NY,2022-11-14,Monday,16902.51,15782.95,48,1119.5599999999977,True,1,1,0
BTCUSD,NY,2022-11-15,Tuesday,16964.21,16616.94,48,347.27000000000044,True,2,2,0
BTCUSD,NY,2022-11-16,Wednesday,16939.54,16681.83,48,257.7099999999991,True,2,2,0
BTCUSD,NY,2022-11-17,Thursday,16627.19,16484.27,48,142.91999999999825,True,5,5,0
BTCUSD,NY,2022-11-18,Friday,16832.28,16659.4,48,172.87999999999738,True,2,2,0
BTCUSD,NY,2022-11-21,Monday,16221.03,15921.79,48,299.2399999999998,True,1,1,0
BTCUSD,NY,2022-11-22,Tuesday,15854.78,15595.48,48,259.3000000000011,True,0,0,0
BTCUSD,NY,2022-11-23,Wednesday,16620.35,16423.28,48,197.0699999999997,True,2,2,0
BTCUSD,NY,2022-11-24,Thursday,16703.03,16499.78,48,203.25,True,4,4,0
BTCUSD,NY,2022-11-25,Friday,16484.53,16327.38,48,157.14999999999964,True,2,2,0
BTCUSD,NY,2022-11-28,Monday,16253.27,16130.77,48,122.5,True,2,2,0
BTCUSD,NY,2022-11-29,Tuesday,16536.28,16414.18,48,122.09999999999854,True,4,4,0
BTCUSD,NY,2022-11-30,Wednesday,16918.78,16822.78,48,96.0,True,2,2,0
BTCUSD,NY,2022-12-01,Thursday,17149.03,17053.27,48,95.7599999999984,True,1,1,0
BTCUSD,NY,2022-12-02,Friday,16972.27,16905.78,48,66.4900000000016,True,3,3,0
BTCUSD,NY,2022-12-05,Monday,17413.03,17287.27,48,125.7599999999984,True,1,1,0
BTCUSD,NY,2022-12-06,Tuesday,17040.03,16955.53,48,84.5,True,3,3,0
BTCUSD,NY,2022-12-07,Wednesday,17043.02,16681.27,48,361.75,True,0,0,0
BTCUSD,NY,2022-12-08,Thursday,16842.29,16783.77,48,58.52000000000044,True,1,1,0
BTCUSD,NY,2022-12-09,Friday,17232.02,17192.07,48,39.95000000000073,True,2,2,0
BTCUSD,NY,2022-12-12,Monday,16950.27,16905.52,48,44.75,True,1,1,0
BTCUSD,NY,2022-12-13,Tuesday,17213.02,17083.27,48,129.75,True,0,0,0
BTCUSD,NY,2022-12-14,Wednesday,17874.45,17730.02,48,144.4300000000003,True,6,5,1
BTCUSD,NY,2022-12-15,Thursday,17747.15,17622.45,48,124.70000000000073,True,0,0,0
BTCUSD,NY,2022-12-16,Friday,17534.66,17180.82,48,353.84000000000015,True,0,0,0
BTCUSD,NY,2022-12-19,Monday,16760.4,16693.9,48,66.5,True,3,3,0
BTCUSD,NY,2022-12-20,Tuesday,16846.62,16748.74,48,97.87999999999738,True,2,1,1
BTCUSD,NY,2022-12-21,Wednesday,16890.75,16767.0,48,123.75,True,2,2,0
BTCUSD,NY,2022-12-22,Thursday,16855.75,16781.49,48,74.2599999999984,True,2,2,0
BTCUSD,NY,2022-12-23,Friday,16855.99,16803.65,48,52.340000000000146,True,2,2,0
BTCUSD,NY,2022-12-26,Monday,16888.24,16819.24,48,69.0,True,2,2,0
BTCUSD,NY,2022-12-27,Tuesday,16889.88,16831.74,48,58.13999999999942,True,0,0,0
BTCUSD,NY,2022-12-28,Wednesday,16659.74,16580.25,48,79.4900000000016,True,3,3,0
BTCUSD,NY,2022-12-29,Thursday,16569.62,16503.48,48,66.13999999999942,True,2,2,0
BTCUSD,NY,2022-12-30,Friday,16603.06,16421.5,48,181.5600000000013,True,1,1,0
BTCUSD,NY,2023-01-02,Monday,16759.99,16609.6,48,150.39000000000306,True,0,0,0
BTCUSD,NY,2023-01-03,Tuesday,16767.99,16678.12,48,89.87000000000262,True,1,1,0
BTCUSD,NY,2023-01-04,Wednesday,16914.25,16830.38,48,83.86999999999898,True,3,3,0
BTCUSD,NY,2023-01-05,Thursday,16842.24,16783.99,48,58.25,True,2,2,0
BTCUSD,NY,2023-01-06,Friday,16817.74,16772.24,48,45.5,True,3,2,1
BTCUSD,NY,2023-01-09,Monday,17254.75,17180.74,48,74.0099999999984,True,4,4,0
BTCUSD,NY,2023-01-10,Tuesday,17263.25,17185.24,48,78.0099999999984,True,4,4,0
BTCUSD,NY,2023-01-11,Wednesday,17464.19,17389.5,48,74.68999999999869,True,2,2,0
BTCUSD,NY,2023-01-12,Thursday,18236.0,18056.62,48,179.38000000000102,True,2,2,0
BTCUSD,NY,2023-01-13,Friday,18864.91,18777.66,48,87.25,True,1,1,0
BTCUSD,NY,2023-01-16,Monday,21257.9,20618.33,48,639.5699999999997,True,2,2,0
BTCUSD,NY,2023-01-17,Tuesday,21215.8,21057.93,48,157.86999999999898,True,5,4,1
BTCUSD,NY,2023-01-18,Wednesday,21319.35,21210.6,48,108.75,True,3,3,0
BTCUSD,NY,2023-01-19,Thursday,20853.59,20754.09,48,99.5,True,3,3,0
BTCUSD,NY,2023-01-20,Friday,21032.59,20861.84,48,170.75,True,1,1,0
BTCUSD,NY,2023-01-23,Monday,22794.08,22599.16,48,194.9200000000019,True,3,2,1
BTCUSD,NY,2023-01-24,Tuesday,23166.72,22998.07,48,168.65000000000146,True,2,2,0
BTCUSD,NY,2023-01-25,Wednesday,22761.97,22608.22,48,153.75,True,3,3,0
BTCUSD,NY,2023-01-26,Thursday,23190.47,22904.93,48,285.5400000000009,True,2,2,0
BTCUSD,NY,2023-01-27,Friday,23096.43,22801.96,48,294.47000000000116,True,4,4,0
BTCUSD,NY,2023-01-30,Monday,23741.97,23497.92,48,244.0500000000029,True,0,0,0
BTCUSD,NY,2023-01-31,Tuesday,22993.61,22741.11,48,252.5,True,1,1,0
BTCUSD,NY,2023-02-01,Wednesday,23163.35,22937.79,48,225.55999999999767,True,1,1,0
BTCUSD,NY,2023-02-02,Thursday,23929.35,23665.36,48,263.98999999999796,True,2,2,0
BTCUSD,NY,2023-02-03,Friday,23554.6,23311.86,48,242.73999999999796,True,2,2,0
BTCUSD,NY,2023-02-06,Monday,22938.61,22628.85,48,309.76000000000204,True,1,1,0
BTCUSD,NY,2023-02-07,Tuesday,22983.86,22860.11,48,123.75,True,2,2,0
BTCUSD,NY,2023-02-08,Wednesday,23256.35,23162.36,48,93.98999999999796,True,1,1,0
BTCUSD,NY,2023-02-09,Thursday,22769.36,22531.6,48,237.76000000000204,True,4,4,0
BTCUSD,NY,2023-02-10,Friday,21931.61,21624.4,48,307.2099999999991,True,2,2,0
BTCUSD,NY,2023-02-13,Monday,21899.03,21715.04,48,183.98999999999796,True,1,1,0
BTCUSD,NY,2023-02-14,Tuesday,21800.29,21682.8,48,117.4900000000016,True,2,2,0
BTCUSD,NY,2023-02-15,Wednesday,22179.54,22087.54,48,92.0,True,0,0,0
BTCUSD,NY,2023-02-16,Thursday,24738.05,24439.23,48,298.8199999999997,True,4,4,0
BTCUSD,NY,2023-02-17,Friday,23813.69,23537.31,48,276.3799999999974,True,4,4,0
BTCUSD,NY,2023-02-20,Monday,24568.44,24393.5,48,174.9399999999987,True,0,0,0
BTCUSD,NY,2023-02-21,Tuesday,25257.37,24622.64,48,634.7299999999996,True,2,2,0
BTCUSD,NY,2023-02-22,Wednesday,24175.19,23862.45,48,312.73999999999796,True,4,4,0
BTCUSD,NY,2023-02-23,Thursday,24525.19,24311.19,48,214.0,True,1,1,0
BTCUSD,NY,2023-02-24,Friday,23966.73,23759.43,48,207.29999999999927,True,1,1,0
BTCUSD,NY,2023-02-27,Monday,23506.19,23340.44,48,165.75,True,2,2,0
BTCUSD,NY,2023-02-28,Tuesday,23445.19,23197.19,48,248.0,True,4,4,0
BTCUSD,NY,2023-03-01,Wednesday,23994.69,23635.08,48,359.60999999999694,True,4,4,0
BTCUSD,NY,2023-03-02,Thursday,23546.18,23338.69,48,207.4900000000016,True,3,3,0
BTCUSD,NY,2023-03-03,Friday,22450.69,22332.44,48,118.25,True,3,3,0
BTCUSD,NY,2023-03-06,Monday,22451.43,22313.69,48,137.7400000000016,True,2,2,0
BTCUSD,NY,2023-03-07,Tuesday,22475.97,22388.97,48,87.0,True,2,2,0
BTCUSD,NY,2023-03-08,Wednesday,22143.48,21828.89,48,314.59000000000015,True,2,2,0
BTCUSD,NY,2023-03-09,Thursday,21755.73,21596.48,48,159.25,True,1,1,0
BTCUSD,NY,2023-03-10,Friday,20034.12,19776.23,48,257.8899999999994,True,1,1,0
BTCUSD,NY,2023-03-13,Monday,22597.49,22309.81,48,287.6800000000003,True,1,1,0
BTCUSD,NY,2023-03-14,Tuesday,24920.71,24259.76,48,660.9500000000007,True,1,1,0
BTCUSD,NY,2023-03-15,Wednesday,25042.47,24713.03,48,329.4400000000023,True,3,3,0
BTCUSD,NY,2023-03-16,Thursday,24741.24,24255.16,48,486.08000000000175,True,3,3,0
BTCUSD,NY,2023-03-17,Friday,26263.78,25722.33,48,541.4499999999971,True,1,1,0
BTCUSD,NY,2023-03-20,Monday,28336.65,27235.54,48,1101.1100000000006,True,2,2,0
BTCUSD,NY,2023-03-21,Tuesday,28049.03,27390.36,48,658.6699999999983,True,3,3,0
BTCUSD,NY,2023-03-22,Wednesday,28370.71,28086.92,48,283.7900000000009,True,3,3,0
BTCUSD,NY,2023-03-23,Thursday,27785.92,27319.91,48,466.0099999999984,True,0,0,0
BTCUSD,NY,2023-03-24,Friday,28382.48,28138.22,48,244.2599999999984,True,2,2,0
BTCUSD,NY,2023-03-27,Monday,27960.76,27674.44,48,286.3199999999997,True,2,2,0
BTCUSD,NY,2023-03-28,Tuesday,27153.3,26893.87,48,259.4300000000003,True,2,2,0
BTCUSD,NY,2023-03-29,Wednesday,28169.36,27353.73,48,815.630000000001,True,1,1,0
BTCUSD,NY,2023-03-30,Thursday,28791.13,28444.27,48,346.8600000000006,True,1,1,0
BTCUSD,NY,2023-03-31,Friday,28225.94,27472.55,48,753.3899999999994,True,0,0,0
BTCUSD,NY,2023-04-03,Monday,27970.47,27582.77,48,387.7000000000007,True,1,1,0
BTCUSD,NY,2023-04-04,Tuesday,28155.1,27769.16,48,385.9399999999987,True,1,1,0
BTCUSD,NY,2023-04-05,Wednesday,28629.55,28461.04,48,168.5099999999984,True,1,1,0
BTCUSD,NY,2023-04-06,Thursday,28138.59,27904.5,48,234.09000000000015,True,2,2,0
BTCUSD,NY,2023-04-07,Friday,28070.25,27776.44,48,293.8100000000013,True,0,0,0
BTCUSD,NY,2023-04-10,Monday,28328.04,28202.08,48,125.95999999999913,True,1,1,0
BTCUSD,NY,2023-04-11,Tuesday,30187.89,29785.74,48,402.1499999999978,True,3,3,0
BTCUSD,NY,2023-04-12,Wednesday,30097.9,29877.64,48,220.26000000000204,True,3,3,0
BTCUSD,NY,2023-04-13,Thursday,30155.03,30030.03,48,125.0,True,0,0,0
BTCUSD,NY,2023-04-14,Friday,31043.12,30701.69,48,341.4300000000003,True,2,2,0
BTCUSD,NY,2023-04-17,Monday,30033.04,29836.07,48,196.97000000000116,True,1,1,0
BTCUSD,NY,2023-04-18,Tuesday,29809.57,29448.54,48,361.02999999999884,True,1,1,0
BTCUSD,NY,2023-04-19,Wednesday,30337.79,29988.68,48,349.1100000000006,True,0,0,0
BTCUSD,NY,2023-04-20,Thursday,29094.39,28814.84,48,279.5499999999993,True,2,2,0
BTCUSD,NY,2023-04-21,Friday,28334.29,27806.07,48,528.2200000000012,True,0,0,0
BTCUSD,NY,2023-04-24,Monday,27784.97,27328.67,48,456.3000000000029,True,3,3,0
BTCUSD,NY,2023-04-25,Tuesday,27452.16,27237.7,48,214.45999999999913,True,2,2,0
BTCUSD,NY,2023-04-26,Wednesday,28568.11,28303.47,48,264.6399999999994,True,1,1,0
BTCUSD,NY,2023-04-27,Thursday,29281.21,28626.83,48,654.3799999999974,True,1,1,0
BTCUSD,NY,2023-04-28,Friday,29581.27,29395.94,48,185.33000000000175,True,1,1,0
BTCUSD,NY,2023-05-01,Monday,28719.42,28242.91,48,476.5099999999984,True,1,1,0
BTCUSD,NY,2023-05-02,Tuesday,28157.8,27872.22,48,285.5799999999981,True,1,1,0
BTCUSD,NY,2023-05-03,Wednesday,28689.47,28432.46,48,257.01000000000204,True,2,2,0
BTCUSD,NY,2023-05-04,Thursday,29253.95,29044.98,48,208.97000000000116,True,3,3,0
BTCUSD,NY,2023-05-05,Friday,29293.29,29044.82,48,248.47000000000116,True,1,1,0
BTCUSD,NY,2023-05-08,Monday,28301.97,27836.61,48,465.3600000000006,True,1,1,0
BTCUSD,NY,2023-05-09,Tuesday,27681.28,27446.16,48,235.11999999999898,True,3,3,0
BTCUSD,NY,2023-05-10,Wednesday,27724.22,27527.87,48,196.35000000000218,True,3,3,0
BTCUSD,NY,2023-05-11,Thursday,27568.95,27406.51,48,162.44000000000233,True,1,1,0
BTCUSD,NY,2023-05-12,Friday,26711.77,26123.51,48,588.260000000002,True,1,1,0
BTCUSD,NY,2023-05-15,Monday,27554.26,27172.72,48,381.53999999999724,True,2,2,0
BTCUSD,NY,2023-05-16,Tuesday,27262.5,26983.97,48,278.52999999999884,True,4,4,0
BTCUSD,NY,2023-05-17,Wednesday,27104.52,26737.3,48,367.22000000000116,True,3,3,0
BTCUSD,NY,2023-05-18,Thursday,27449.72,27142.12,48,307.6000000000022,True,1,1,0
BTCUSD,NY,2023-05-19,Friday,26964.72,26806.61,48,158.11000000000058,True,4,4,0
BTCUSD,NY,2023-05-22,Monday,26920.6,26641.39,48,279.2099999999991,True,1,1,0
BTCUSD,NY,2023-05-23,Tuesday,27485.67,27197.09,48,288.5799999999981,True,2,2,0
BTCUSD,NY,2023-05-24,Wednesday,26824.2,26590.29,48,233.90999999999985,True,0,0,0
BTCUSD,NY,2023-05-25,Thursday,26285.98,26113.16,48,172.8199999999997,True,1,1,0
BTCUSD,NY,2023-05-26,Friday,26534.34,26325.56,48,208.77999999999884,True,0,0,0
BTCUSD,NY,2023-05-29,Monday,28059.26,27829.18,48,230.0799999999981,True,3,3,0
BTCUSD,NY,2023-05-30,Tuesday,27861.28,27681.02,48,180.2599999999984,True,2,2,0
BTCUSD,NY,2023-05-31,Wednesday,27684.89,26979.39,48,705.5,True,1,1,0
BTCUSD,NY,2023-06-01,Thursday,26888.07,26752.13,48,135.9399999999987,True,6,5,1
BTCUSD,NY,2023-06-02,Friday,27219.04,26954.78,48,264.26000000000204,True,2,2,0
BTCUSD,NY,2023-06-05,Monday,26882.84,26742.85,48,139.9900000000016,True,4,4,0
BTCUSD,NY,2023-06-06,Tuesday,25820.84,25708.84,48,112.0,True,2,2,0
BTCUSD,NY,2023-06-07,Wednesday,26985.05,26757.85,48,227.20000000000073,True,1,1,0
BTCUSD,NY,2023-06-08,Thursday,26522.25,26287.1,48,235.15000000000146,True,2,2,0
BTCUSD,NY,2023-06-09,Friday,26581.59,26418.52,48,163.0699999999997,True,3,3,0
BTCUSD,NY,2023-06-12,Monday,25912.14,25747.01,48,165.13000000000102,True,2,2,0
BTCUSD,NY,2023-06-13,Tuesday,26129.35,25971.08,48,158.2699999999968,True,6,5,1
BTCUSD,NY,2023-06-14,Wednesday,26001.01,25830.87,48,170.13999999999942,True,2,2,0
BTCUSD,NY,2023-06-15,Thursday,25057.85,24805.43,48,252.41999999999825,True,0,0,0
BTCUSD,NY,2023-06-16,Friday,25609.46,25444.98,48,164.47999999999956,True,2,1,1
BTCUSD,NY,2023-06-19,Monday,26473.41,26358.15,48,115.2599999999984,True,1,1,0
BTCUSD,NY,2023-06-20,Tuesday,27028.3,26739.86,48,288.4399999999987,True,4,4,0
BTCUSD,NY,2023-06-21,Wednesday,28990.85,28663.22,48,327.6299999999974,True,1,1,0
BTCUSD,NY,2023-06-22,Thursday,30352.46,29989.64,48,362.8199999999997,True,2,2,0
BTCUSD,NY,2023-06-23,Friday,30094.56,29919.95,48,174.61000000000058,True,2,2,0
BTCUSD,NY,2023-06-26,Monday,30579.29,30162.23,48,417.0600000000013,True,3,3,0
BTCUSD,NY,2023-06-27,Tuesday,30482.67,30229.3,48,253.36999999999898,True,2,2,0
BTCUSD,NY,2023-06-28,Wednesday,30487.95,30142.22,48,345.72999999999956,True,3,3,0
BTCUSD,NY,2023-06-29,Thursday,30425.79,30127.84,48,297.9500000000007,True,4,4,0
BTCUSD,NY,2023-06-30,Friday,31262.62,30599.11,48,663.5099999999984,True,1,1,0
BTCUSD,NY,2023-07-03,Monday,30797.04,30597.92,48,199.12000000000262,True,2,2,0
BTCUSD,NY,2023-07-04,Tuesday,31217.09,30876.97,48,340.119999999999,True,1,1,0
BTCUSD,NY,2023-07-05,Wednesday,30881.11,30754.5,48,126.61000000000058,True,1,1,0
BTCUSD,NY,2023-07-06,Thursday,30865.43,30431.32,48,434.1100000000006,True,1,1,0
BTCUSD,NY,2023-07-07,Friday,30306.57,29920.5,48,386.0699999999997,True,2,2,0
BTCUSD,NY,2023-07-10,Monday,30165.04,30048.47,48,116.56999999999971,True,2,2,0
BTCUSD,NY,2023-07-11,Tuesday,30655.97,30427.24,48,228.72999999999956,True,3,3,0
BTCUSD,NY,2023-07-12,Wednesday,30844.79,30562.34,48,282.4500000000007,True,1,1,0
BTCUSD,NY,2023-07-13,Thursday,30419.96,30236.9,48,183.05999999999767,True,0,0,0
BTCUSD,NY,2023-07-14,Friday,31482.04,31076.33,48,405.7099999999991,True,0,0,0
BTCUSD,NY,2023-07-17,Monday,30332.55,30234.47,48,98.07999999999811,True,5,4,1
BTCUSD,NY,2023-07-18,Tuesday,30127.6,29920.89,48,206.70999999999913,True,4,4,0
BTCUSD,NY,2023-07-19,Wednesday,30187.49,29970.24,48,217.25,True,4,4,0
BTCUSD,NY,2023-07-20,Thursday,30233.54,29919.86,48,313.6800000000003,True,3,3,0
BTCUSD,NY,2023-07-21,Friday,29904.49,29745.92,48,158.57000000000335,True,2,2,0
BTCUSD,NY,2023-07-24,Monday,29865.31,29610.14,48,255.1700000000019,True,0,0,0
BTCUSD,NY,2023-07-25,Tuesday,29165.54,29059.98,48,105.56000000000131,True,4,4,0
BTCUSD,NY,2023-07-26,Wednesday,29312.24,29180.28,48,131.96000000000276,True,7,6,1
BTCUSD,NY,2023-07-27,Thursday,29494.1,29370.44,48,123.65999999999985,True,1,1,0
BTCUSD,NY,2023-07-28,Friday,29255.38,29114.54,48,140.84000000000015,True,1,1,0
BTCUSD,NY,2023-07-31,Monday,29441.66,29354.84,48,86.81999999999971,True,5,5,0
BTCUSD,NY,2023-08-01,Tuesday,28960.96,28791.27,48,169.6899999999987,True,3,3,0
BTCUSD,NY,2023-08-02,Wednesday,29694.95,29542.91,48,152.04000000000087,True,1,1,0
BTCUSD,NY,2023-08-03,Thursday,29167.29,28985.66,48,181.63000000000102,True,2,2,0
BTCUSD,NY,2023-08-04,Friday,29228.6,29107.27,48,121.32999999999811,True,1,1,0
BTCUSD,NY,2023-08-07,Monday,29151.79,28997.45,48,154.34000000000015,True,5,5,0
BTCUSD,NY,2023-08-08,Tuesday,29288.3,29142.92,48,145.38000000000102,True,3,3,0
BTCUSD,NY,2023-08-09,Wednesday,29818.98,29655.29,48,163.6899999999987,True,3,3,0
BTCUSD,NY,2023-08-10,Thursday,29595.51,29461.18,48,134.3299999999981,True,4,4,0
BTCUSD,NY,2023-08-11,Friday,29445.21,29334.33,48,110.87999999999738,True,2,2,0
BTCUSD,NY,2023-08-14,Monday,29428.54,29346.3,48,82.2400000000016,True,4,3,1
BTCUSD,NY,2023-08-15,Tuesday,29394.23,29306.43,48,87.79999999999927,True,4,4,0
BTCUSD,NY,2023-08-16,Wednesday,29199.1,29071.71,48,127.38999999999942,True,4,4,0
BTCUSD,NY,2023-08-17,Thursday,28669.09,28554.81,48,114.27999999999884,True,2,2,0
BTCUSD,NY,2023-08-18,Friday,26603.68,26131.53,48,472.15000000000146,True,2,2,0
BTCUSD,NY,2023-08-21,Monday,26185.73,25980.74,48,204.98999999999796,True,2,2,0
BTCUSD,NY,2023-08-22,Tuesday,26112.28,25987.75,48,124.52999999999884,True,3,2,1
BTCUSD,NY,2023-08-23,Wednesday,26172.61,25964.48,48,208.13000000000102,True,1,1,0
BTCUSD,NY,2023-08-24,Thursday,26501.69,26378.86,48,122.82999999999811,True,1,1,0
BTCUSD,NY,2023-08-25,Friday,26106.92,25953.63,48,153.28999999999724,True,4,4,0
BTCUSD,NY,2023-08-28,Monday,26016.4,25852.83,48,163.5699999999997,True,1,1,0
BTCUSD,NY,2023-08-29,Tuesday,26074.5,25971.78,48,102.72000000000116,True,2,2,0
BTCUSD,NY,2023-08-30,Wednesday,27467.21,27366.03,48,101.18000000000029,True,4,3,1
BTCUSD,NY,2023-08-31,Thursday,27288.76,27205.18,48,83.57999999999811,True,4,3,1
BTCUSD,NY,2023-09-01,Friday,26080.3,25958.35,48,121.95000000000073,True,3,3,0
BTCUSD,NY,2023-09-04,Monday,26015.49,25897.65,48,117.84000000000015,True,4,4,0
BTCUSD,NY,2023-09-05,Tuesday,25739.4,25651.0,48,88.40000000000146,True,6,5,1
BTCUSD,NY,2023-09-06,Wednesday,25775.65,25701.01,48,74.64000000000306,True,6,4,2
BTCUSD,NY,2023-09-07,Thursday,25833.63,25728.4,48,105.22999999999956,True,3,3,0
BTCUSD,NY,2023-09-08,Friday,26376.05,26182.75,48,193.29999999999927,True,0,0,0
BTCUSD,NY,2023-09-11,Monday,25888.81,25700.81,48,188.0,True,4,4,0
BTCUSD,NY,2023-09-12,Tuesday,25970.36,25604.15,48,366.2099999999991,True,1,1,0
BTCUSD,NY,2023-09-13,Wednesday,26098.86,25844.53,48,254.33000000000175,True,3,3,0
BTCUSD,NY,2023-09-14,Thursday,26385.34,26158.89,48,226.45000000000073,True,1,1,0
BTCUSD,NY,2023-09-15,Friday,26657.38,26547.94,48,109.44000000000233,True,0,0,0
BTCUSD,NY,2023-09-18,Monday,26796.68,26572.9,48,223.77999999999884,True,1,1,0
BTCUSD,NY,2023-09-19,Tuesday,26884.12,26758.18,48,125.93999999999869,True,0,0,0
BTCUSD,NY,2023-09-20,Wednesday,27160.33,26937.31,48,223.02000000000044,True,5,5,0
BTCUSD,NY,2023-09-21,Thursday,27104.73,26972.46,48,132.27000000000044,True,2,2,0
BTCUSD,NY,2023-09-22,Friday,26695.65,26562.53,48,133.12000000000262,True,2,2,0
BTCUSD,NY,2023-09-25,Monday,26189.43,26028.3,48,161.13000000000102,True,1,1,0
BTCUSD,NY,2023-09-26,Tuesday,26362.0,26245.13,48,116.86999999999898,True,3,3,0
BTCUSD,NY,2023-09-27,Wednesday,26278.16,26214.76,48,63.400000000001455,True,2,2,0
BTCUSD,NY,2023-09-28,Thursday,26480.89,26318.89,48,162.0,True,1,1,0
BTCUSD,NY,2023-09-29,Friday,27239.45,26893.81,48,345.6399999999994,True,1,1,0
BTCUSD,NY,2023-10-02,Monday,28432.93,27928.94,48,503.9900000000016,True,4,4,0
BTCUSD,NY,2023-10-03,Tuesday,27671.75,27516.66,48,155.09000000000015,True,3,3,0
BTCUSD,NY,2023-10-04,Wednesday,27452.67,27339.82,48,112.84999999999854,True,2,2,0
BTCUSD,NY,2023-10-05,Thursday,27701.49,27551.08,48,150.40999999999985,True,5,4,1
BTCUSD,NY,2023-10-06,Friday,27657.21,27462.66,48,194.54999999999927,True,5,5,0
BTCUSD,NY,2023-10-09,Monday,27958.41,27815.89,48,142.52000000000044,True,1,1,0
BTCUSD,NY,2023-10-10,Tuesday,27711.48,27577.14,48,134.34000000000015,True,2,1,1
BTCUSD,NY,2023-10-11,Wednesday,27141.73,26954.56,48,187.16999999999825,True,2,2,0
BTCUSD,NY,2023-10-12,Thursday,26908.93,26774.24,48,134.6899999999987,True,2,2,0
BTCUSD,NY,2023-10-13,Friday,26926.43,26764.24,48,162.1899999999987,True,3,3,0
BTCUSD,NY,2023-10-16,Monday,27978.49,27195.43,48,783.0600000000013,True,2,1,1
BTCUSD,NY,2023-10-17,Tuesday,28475.6,28070.67,48,404.9300000000003,True,3,3,0
BTCUSD,NY,2023-10-18,Wednesday,28995.87,28448.51,48,547.3600000000006,True,0,0,0
BTCUSD,NY,2023-10-19,Thursday,28349.1,28232.53,48,116.56999999999971,True,1,1,0
BTCUSD,NY,2023-10-20,Friday,29428.33,29135.83,48,292.5,True,1,1,0
BTCUSD,NY,2023-10-23,Monday,30993.16,30390.81,48,602.3499999999985,True,1,1,0
BTCUSD,NY,2023-10-24,Tuesday,34565.06,33657.69,48,907.3699999999953,True,3,3,0
BTCUSD,NY,2023-10-25,Wednesday,34207.81,33676.13,48,531.6800000000003,True,2,2,0
BTCUSD,NY,2023-10-26,Thursday,34829.57,34419.31,48,410.26000000000204,True,2,2,0
BTCUSD,NY,2023-10-27,Friday,34244.53,33922.98,48,321.54999999999563,True,2,2,0
BTCUSD,NY,2023-10-30,Monday,34362.55,34106.38,48,256.17000000000553,True,2,2,0
BTCUSD,NY,2023-10-31,Tuesday,34357.4,34093.2,48,264.20000000000437,True,1,1,0
BTCUSD,NY,2023-11-01,Wednesday,34511.87,34324.56,48,187.31000000000495,True,2,1,1
BTCUSD,NY,2023-11-02,Thursday,35622.38,35084.54,48,537.8399999999965,True,1,1,0
BTCUSD,NY,2023-11-03,Friday,34708.8,34298.0,48,410.8000000000029,True,2,2,0
BTCUSD,NY,2023-11-06,Monday,34984.06,34748.57,48,235.48999999999796,True,1,1,0
BTCUSD,NY,2023-11-07,Tuesday,34992.31,34842.3,48,150.00999999999476,True,3,3,0
BTCUSD,NY,2023-11-08,Wednesday,35376.4,35167.26,48,209.13999999999942,True,5,5,0
BTCUSD,NY,2023-11-09,Thursday,36804.19,36514.83,48,289.3600000000006,True,5,4,1
BTCUSD,NY,2023-11-10,Friday,36802.37,36322.84,48,479.5300000000061,True,0,0,0
BTCUSD,NY,2023-11-13,Monday,37061.64,36759.36,48,302.27999999999884,True,3,3,0
BTCUSD,NY,2023-11-14,Tuesday,36759.5,36510.69,48,248.80999999999767,True,3,3,0
BTCUSD,NY,2023-11-15,Wednesday,35842.05,35533.49,48,308.56000000000495,True,1,1,0
BTCUSD,NY,2023-11-16,Thursday,37622.57,37206.16,48,416.4099999999962,True,2,2,0
BTCUSD,NY,2023-11-17,Friday,36454.12,36133.35,48,320.7700000000041,True,4,4,0
BTCUSD,NY,2023-11-20,Monday,37281.7,37044.69,48,237.00999999999476,True,4,3,1
BTCUSD,NY,2023-11-21,Tuesday,37434.44,37257.78,48,176.6600000000035,True,1,1,0
BTCUSD,NY,2023-11-22,Wednesday,36582.37,36341.25,48,241.12000000000262,True,1,1,0
BTCUSD,NY,2023-11-23,Thursday,37521.33,37276.21,48,245.12000000000262,True,4,4,0
BTCUSD,NY,2023-11-24,Friday,37596.62,37313.25,48,283.3700000000026,True,0,0,0
BTCUSD,NY,2023-11-27,Monday,37442.8,37050.33,48,392.47000000000116,True,5,5,0
BTCUSD,NY,2023-11-28,Tuesday,37150.7,36875.67,48,275.02999999999884,True,0,0,0
BTCUSD,NY,2023-11-29,Wednesday,38398.62,37913.37,48,485.25,True,1,1,0
BTCUSD,NY,2023-11-30,Thursday,38029.37,37584.82,48,444.5500000000029,True,2,2,0
BTCUSD,NY,2023-12-01,Friday,38384.25,38081.62,48,302.6299999999974,True,1,1,0
BTCUSD,NY,2023-12-04,Monday,41751.12,40863.67,48,887.4500000000044,True,3,3,0
BTCUSD,NY,2023-12-05,Tuesday,41920.3,41371.01,48,549.2900000000009,True,1,1,0
BTCUSD,NY,2023-12-06,Wednesday,43874.62,43440.84,48,433.7800000000061,True,2,2,0
BTCUSD,NY,2023-12-07,Thursday,44051.39,43527.09,48,524.3000000000029,True,1,1,0
BTCUSD,NY,2023-12-08,Friday,43524.87,43095.78,48,429.0900000000038,True,0,0,0
BTCUSD,NY,2023-12-11,Monday,42298.88,41603.55,48,695.3299999999945,True,5,5,0
BTCUSD,NY,2023-12-12,Tuesday,42084.35,41361.43,48,722.9199999999983,True,3,3,0
BTCUSD,NY,2023-12-13,Wednesday,41245.54,40780.13,48,465.4100000000035,True,0,0,0
BTCUSD,NY,2023-12-14,Thursday,43112.37,42707.65,48,404.72000000000116,True,3,3,0
BTCUSD,NY,2023-12-15,Friday,42896.12,42519.99,48,376.13000000000466,True,2,2,0
BTCUSD,NY,2023-12-18,Monday,41264.01,40961.77,48,302.24000000000524,True,5,4,1
BTCUSD,NY,2023-12-19,Tuesday,43185.12,42789.41,48,395.7099999999991,True,2,1,0
BTCUSD,NY,2023-12-20,Wednesday,43001.37,42567.09,48,434.2800000000061,True,0,0,0
BTCUSD,NY,2023-12-21,Thursday,43945.75,43456.07,48,489.6800000000003,True,3,3,0
BTCUSD,NY,2023-12-22,Friday,44439.42,43549.11,48,890.3099999999977,True,2,2,0
BTCUSD,NY,2023-12-25,Monday,43323.95,43095.25,48,228.6999999999971,True,0,0,0
BTCUSD,NY,2023-12-26,Tuesday,43449.62,42546.05,48,903.5699999999997,True,1,1,0
BTCUSD,NY,2023-12-27,Wednesday,42739.81,42267.71,48,472.09999999999854,True,0,0,0
BTCUSD,NY,2023-12-28,Thursday,43390.16,42798.83,48,591.3300000000017,True,1,1,0
BTCUSD,NY,2023-12-29,Friday,42718.12,42250.06,48,468.06000000000495,True,2,2,0
BTCUSD,NY,2024-01-01,Monday,42546.45,42169.01,48,377.43999999999505,True,1,1,0
BTCUSD,NY,2024-01-02,Tuesday,45916.71,45163.68,48,753.0299999999988,True,2,2,0
BTCUSD,NY,2024-01-03,Wednesday,45397.06,44953.99,48,443.0699999999997,True,1,1,0
BTCUSD,NY,2024-01-04,Thursday,43299.19,42741.95,48,557.2400000000052,True,3,3,0
BTCUSD,NY,2024-01-05,Friday,43994.01,43547.43,48,446.58000000000175,True,4,4,0
BTCUSD,NY,2024-01-08,Monday,44315.97,43490.37,48,825.5999999999985,True,0,0,0
BTCUSD,NY,2024-01-09,Tuesday,46960.01,46530.92,48,429.0900000000038,True,7,6,1
BTCUSD,NY,2024-01-10,Wednesday,46086.26,45320.77,48,765.4900000000052,True,1,1,0
BTCUSD,NY,2024-01-11,Thursday,46427.43,45593.35,48,834.0800000000017,True,4,3,1
BTCUSD,NY,2024-01-12,Friday,46376.51,45633.51,48,743.0,True,1,1,0
BTCUSD,NY,2024-01-15,Monday,42803.68,42489.87,48,313.8099999999977,True,3,3,0
BTCUSD,NY,2024-01-16,Tuesday,42985.01,42555.25,48,429.76000000000204,True,3,3,0
BTCUSD,NY,2024-01-17,Wednesday,42899.18,42530.29,48,368.8899999999994,True,3,3,0
BTCUSD,NY,2024-01-18,Thursday,42875.47,42589.82,48,285.65000000000146,True,1,1,0
BTCUSD,NY,2024-01-19,Friday,41526.58,41002.67,48,523.9100000000035,True,2,2,0
BTCUSD,NY,2024-01-22,Monday,41264.1,40640.55,48,623.5499999999956,True,2,2,0
BTCUSD,NY,2024-01-23,Tuesday,40088.24,39314.21,48,774.0299999999988,True,1,1,0
BTCUSD,NY,2024-01-24,Wednesday,40132.28,39624.14,48,508.1399999999994,True,2,2,0
BTCUSD,NY,2024-01-25,Thursday,40153.18,39753.24,48,399.9400000000023,True,3,3,0
BTCUSD,NY,2024-01-26,Friday,40159.75,39871.28,48,288.47000000000116,True,1,1,0
BTCUSD,NY,2024-01-29,Monday,42271.62,41932.66,48,338.9599999999991,True,3,3,0
BTCUSD,NY,2024-01-30,Tuesday,43460.55,43218.62,48,241.9300000000003,True,2,2,0
BTCUSD,NY,2024-01-31,Wednesday,43056.39,42879.64,48,176.75,True,2,2,0
BTCUSD,NY,2024-02-01,Thursday,42258.63,41969.87,48,288.75999999999476,True,1,1,0
BTCUSD,NY,2024-02-02,Friday,43241.48,42925.93,48,315.5500000000029,True,1,1,0
BTCUSD,NY,2024-02-05,Monday,43160.72,42591.94,48,568.7799999999988,True,3,3,0
BTCUSD,NY,2024-02-06,Tuesday,43039.54,42607.87,48,431.66999999999825,True,1,1,0
BTCUSD,NY,2024-02-07,Wednesday,43014.26,42828.05,48,186.20999999999913,True,2,2,0
BTCUSD,NY,2024-02-08,Thursday,44742.96,44414.56,48,328.40000000000146,True,3,3,0
BTCUSD,NY,2024-02-09,Friday,46666.01,45921.94,48,744.0699999999997,True,1,1,0
BTCUSD,NY,2024-02-12,Monday,48396.25,47752.58,48,643.6699999999983,True,0,0,0
BTCUSD,NY,2024-02-13,Tuesday,50176.8,49832.82,48,343.9800000000032,True,2,2,0
BTCUSD,NY,2024-02-14,Wednesday,50843.07,49411.26,48,1431.8099999999977,True,0,0,0
BTCUSD,NY,2024-02-15,Thursday,52297.1,51680.8,48,616.2999999999956,True,4,4,0
BTCUSD,NY,2024-02-16,Friday,52245.91,51755.69,48,490.22000000000116,True,4,4,0
BTCUSD,NY,2024-02-19,Monday,52497.69,51993.82,48,503.8700000000026,True,1,1,0
BTCUSD,NY,2024-02-20,Tuesday,52038.65,51588.99,48,449.6600000000035,True,1,1,0
BTCUSD,NY,2024-02-21,Wednesday,52123.18,51475.25,48,647.9300000000003,True,1,1,0
BTCUSD,NY,2024-02-22,Thursday,51926.94,51414.43,48,512.510000000002,True,2,2,0
BTCUSD,NY,2024-02-23,Friday,51295.26,50815.15,48,480.1100000000006,True,1,1,0
BTCUSD,NY,2024-02-26,Monday,51597.09,51249.14,48,347.9499999999971,True,1,1,0
BTCUSD,NY,2024-02-27,Tuesday,56490.14,55655.78,48,834.3600000000006,True,2,2,0
BTCUSD,NY,2024-02-28,Wednesday,59524.11,57086.3,48,2437.8099999999977,True,0,0,0
BTCUSD,NY,2024-02-29,Thursday,63672.81,61797.05,48,1875.7599999999948,True,1,1,0
BTCUSD,NY,2024-03-01,Friday,62272.01,61215.4,48,1056.6100000000006,True,2,2,0
BTCUSD,NY,2024-03-04,Monday,65570.75,63219.26,48,2351.489999999998,True,1,1,0
BTCUSD,NY,2024-03-05,Tuesday,67560.13,65195.62,48,2364.510000000002,True,2,2,0
BTCUSD,NY,2024-03-06,Wednesday,67656.24,64294.46,48,3361.780000000006,True,0,0,0
BTCUSD,NY,2024-03-07,Thursday,67060.3,65713.9,48,1346.4000000000087,True,3,3,0
BTCUSD,NY,2024-03-08,Friday,67742.26,66859.21,48,883.0499999999884,True,4,3,1
BTCUSD,NY,2024-03-11,Monday,71272.0,68483.36,48,2788.6399999999994,True,2,2,0
BTCUSD,NY,2024-03-12,Tuesday,72376.29,71291.75,48,1084.5399999999936,True,2,2,0
BTCUSD,NY,2024-03-13,Wednesday,73235.94,71928.75,48,1307.1900000000023,True,3,3,0
BTCUSD,NY,2024-03-14,Thursday,73843.75,72741.49,48,1102.2599999999948,True,1,1,0
BTCUSD,NY,2024-03-15,Friday,68816.14,66793.37,48,2022.770000000004,True,2,2,0
BTCUSD,NY,2024-03-18,Monday,68919.57,67637.25,48,1282.320000000007,True,4,4,0
BTCUSD,NY,2024-03-19,Tuesday,65978.42,63561.07,48,2417.3499999999985,True,3,3,0
BTCUSD,NY,2024-03-20,Wednesday,63155.7,60728.94,48,2426.7599999999948,True,5,5,0
BTCUSD,NY,2024-03-21,Thursday,67331.84,66068.37,48,1263.4700000000012,True,2,2,0
BTCUSD,NY,2024-03-22,Friday,66631.26,65688.38,48,942.8799999999901,True,0,0,0
BTCUSD,NY,2024-03-25,Monday,67765.6,66758.3,48,1007.3000000000029,True,0,0,0
BTCUSD,NY,2024-03-26,Tuesday,71624.3,70308.1,48,1316.199999999997,True,2,2,0
BTCUSD,NY,2024-03-27,Wednesday,70628.5,69678.1,48,950.3999999999942,True,2,2,0
BTCUSD,NY,2024-03-28,Thursday,70504.7,69291.3,48,1213.3999999999942,True,4,4,0
BTCUSD,NY,2024-03-29,Friday,70575.9,69801.6,48,774.2999999999884,True,4,4,0
BTCUSD,NY,2024-04-01,Monday,70753.5,68959.7,48,1793.800000000003,True,1,1,0
BTCUSD,NY,2024-04-02,Tuesday,67183.81,66147.19,48,1036.6199999999953,True,3,3,0
BTCUSD,NY,2024-04-03,Wednesday,66508.11,65943.98,48,564.1300000000047,True,6,6,0
BTCUSD,NY,2024-04-04,Thursday,66278.86,65060.32,48,1218.5400000000009,True,2,2,0
BTCUSD,NY,2024-04-05,Friday,68052.23,66380.22,48,1672.0099999999948,True,2,2,0
BTCUSD,NY,2024-04-08,Monday,70846.74,69272.74,48,1574.0,True,0,0,0
BTCUSD,NY,2024-04-09,Tuesday,71338.08,70150.91,48,1187.1699999999983,True,1,1,0
BTCUSD,NY,2024-04-10,Wednesday,69524.53,68990.09,48,534.4400000000023,True,3,3,0
BTCUSD,NY,2024-04-11,Thursday,71299.24,70380.35,48,918.8899999999994,True,2,2,0
BTCUSD,NY,2024-04-12,Friday,71247.09,70586.92,48,660.1699999999983,True,1,1,0
BTCUSD,NY,2024-04-15,Monday,66650.64,64737.66,48,1912.979999999996,True,2,2,0
BTCUSD,NY,2024-04-16,Tuesday,63823.62,61689.54,48,2134.0800000000017,True,1,1,0
BTCUSD,NY,2024-04-17,Wednesday,64506.31,63268.94,48,1237.3699999999953,True,0,0,0
BTCUSD,NY,2024-04-18,Thursday,62075.31,60801.38,48,1273.9300000000003,True,2,2,0
BTCUSD,NY,2024-04-19,Friday,65195.46,61761.6,48,3433.8600000000006,True,2,2,0
BTCUSD,NY,2024-04-22,Monday,66534.58,65511.96,48,1022.6200000000026,True,2,1,0
BTCUSD,NY,2024-04-23,Tuesday,66697.28,66038.62,48,658.6600000000035,True,4,4,0
BTCUSD,NY,2024-04-24,Wednesday,67086.15,66553.14,48,533.0099999999948,True,1,1,0
BTCUSD,NY,2024-04-25,Thursday,64386.02,63790.68,48,595.3399999999965,True,3,3,0
BTCUSD,NY,2024-04-26,Friday,64603.68,64010.33,48,593.3499999999985,True,5,5,0
BTCUSD,NY,2024-04-29,Monday,62630.86,61894.48,48,736.3799999999974,True,4,4,0
BTCUSD,NY,2024-04-30,Tuesday,63689.45,63060.12,48,629.3299999999945,True,0,0,0
BTCUSD,NY,2024-05-01,Wednesday,60292.46,56993.48,48,3298.979999999996,True,5,5,0
BTCUSD,NY,2024-05-02,Thursday,57891.11,57150.36,48,740.75,True,1,1,0
BTCUSD,NY,2024-05-03,Friday,59848.3,59052.62,48,795.6800000000003,True,1,1,0
BTCUSD,NY,2024-05-06,Monday,64596.92,63770.6,48,826.3199999999997,True,1,1,0
BTCUSD,NY,2024-05-07,Tuesday,63864.69,63076.66,48,788.0299999999988,True,1,1,0
BTCUSD,NY,2024-05-08,Wednesday,63005.68,62053.46,48,952.2200000000012,True,2,2,0
BTCUSD,NY,2024-05-09,Thursday,61751.81,61086.49,48,665.3199999999997,True,2,2,0
BTCUSD,NY,2024-05-10,Friday,63384.96,62659.7,48,725.260000000002,True,1,1,0
BTCUSD,NY,2024-05-13,Monday,62443.87,60768.33,48,1675.5400000000009,True,1,1,0
BTCUSD,NY,2024-05-14,Tuesday,62719.8,61367.74,48,1352.060000000005,True,1,1,0
BTCUSD,NY,2024-05-15,Wednesday,62269.57,61786.34,48,483.2300000000032,True,0,0,0
BTCUSD,NY,2024-05-16,Thursday,66308.2,65664.9,48,643.3000000000029,True,5,5,0
BTCUSD,NY,2024-05-17,Friday,66486.24,65357.83,48,1128.4100000000035,True,3,3,0
BTCUSD,NY,2024-05-20,Monday,67329.31,66281.4,48,1047.9100000000035,True,1,1,0
BTCUSD,NY,2024-05-21,Tuesday,71402.52,70785.95,48,616.570000000007,True,1,1,0
BTCUSD,NY,2024-05-22,Wednesday,70054.76,69193.14,48,861.6199999999953,True,4,4,0
BTCUSD,NY,2024-05-23,Thursday,69853.12,69283.77,48,569.3499999999913,True,3,3,0
BTCUSD,NY,2024-05-24,Friday,67899.56,66796.77,48,1102.7899999999936,True,1,1,0
BTCUSD,NY,2024-05-27,Monday,68859.76,68280.04,48,579.7200000000012,True,3,3,0
BTCUSD,NY,2024-05-28,Tuesday,68078.79,67409.5,48,669.2899999999936,True,2,2,0
BTCUSD,NY,2024-05-29,Wednesday,68842.62,67849.19,48,993.429999999993,True,2,2,0
BTCUSD,NY,2024-05-30,Thursday,68355.69,67472.21,48,883.4799999999959,True,3,3,0
BTCUSD,NY,2024-05-31,Friday,68622.58,68039.73,48,582.8500000000058,True,2,2,0
BTCUSD,NY,2024-06-03,Monday,69177.59,68220.44,48,957.1499999999942,True,2,2,0
BTCUSD,NY,2024-06-04,Tuesday,69266.72,68727.48,48,539.2400000000052,True,3,3,0
BTCUSD,NY,2024-06-05,Wednesday,71374.16,70807.91,48,566.25,True,5,5,0
BTCUSD,NY,2024-06-06,Thursday,71120.85,70806.68,48,314.1700000000128,True,4,4,0
BTCUSD,NY,2024-06-07,Friday,71449.66,70966.4,48,483.2600000000093,True,1,1,0
BTCUSD,NY,2024-06-10,Monday,69670.33,69222.3,48,448.02999999999884,True,1,1,0
BTCUSD,NY,2024-06-11,Tuesday,68411.5,67262.77,48,1148.729999999996,True,1,1,0
BTCUSD,NY,2024-06-12,Wednesday,67585.33,67170.45,48,414.88000000000466,True,1,1,0
BTCUSD,NY,2024-06-13,Thursday,67716.25,67287.99,48,428.25999999999476,True,4,4,0
BTCUSD,NY,2024-06-14,Friday,67163.1,66643.99,48,519.1100000000006,True,2,2,0
BTCUSD,NY,2024-06-17,Monday,66523.99,65896.03,48,627.9600000000064,True,2,2,0
BTCUSD,NY,2024-06-18,Tuesday,65856.42,65335.73,48,520.689999999995,True,4,3,1
BTCUSD,NY,2024-06-19,Wednesday,65715.85,65152.03,48,563.820000000007,True,4,4,0
BTCUSD,NY,2024-06-20,Thursday,65963.16,65050.26,48,912.9000000000015,True,2,2,0
BTCUSD,NY,2024-06-21,Friday,64695.44,64146.05,48,549.3899999999994,True,2,2,0
BTCUSD,NY,2024-06-24,Monday,62913.23,62119.69,48,793.5400000000009,True,0,0,0
BTCUSD,NY,2024-06-25,Tuesday,61378.34,60594.6,48,783.739999999998,True,2,2,0
BTCUSD,NY,2024-06-26,Wednesday,61978.62,61489.59,48,489.0300000000061,True,4,4,0
BTCUSD,NY,2024-06-27,Thursday,61138.77,60562.81,48,575.9599999999991,True,3,3,0
BTCUSD,NY,2024-06-28,Friday,61766.08,61139.26,48,626.8199999999997,True,0,0,0
BTCUSD,NY,2024-07-01,Monday,63402.01,63151.19,48,250.8199999999997,True,2,2,0
BTCUSD,NY,2024-07-02,Tuesday,63194.91,62423.47,48,771.4400000000023,True,1,1,0
BTCUSD,NY,2024-07-03,Wednesday,61086.57,60709.75,48,376.8199999999997,True,1,1,0
BTCUSD,NY,2024-07-04,Thursday,59101.7,58040.81,48,1060.8899999999994,True,1,1,0
BTCUSD,NY,2024-07-05,Friday,55334.73,53301.14,48,2033.5900000000038,True,1,1,0
BTCUSD,NY,2024-07-08,Monday,55938.48,54935.93,48,1002.5500000000029,True,1,1,0
BTCUSD,NY,2024-07-09,Tuesday,57755.43,57001.77,48,753.6600000000035,True,3,3,0
BTCUSD,NY,2024-07-10,Wednesday,59473.85,58174.16,48,1299.689999999995,True,2,2,0
BTCUSD,NY,2024-07-11,Thursday,58286.58,57446.3,48,840.2799999999988,True,4,4,0
BTCUSD,NY,2024-07-12,Friday,57386.29,56695.71,48,690.5800000000017,True,2,2,0
BTCUSD,NY,2024-07-15,Monday,63108.97,62455.83,48,653.1399999999994,True,2,2,0
BTCUSD,NY,2024-07-16,Tuesday,65028.49,62749.24,48,2279.25,True,5,5,0
BTCUSD,NY,2024-07-17,Wednesday,66022.7,65230.83,48,791.8699999999953,True,2,2,0
BTCUSD,NY,2024-07-18,Thursday,65055.01,64399.64,48,655.3700000000026,True,1,1,0
BTCUSD,NY,2024-07-19,Friday,64475.57,63611.07,48,864.5,True,1,1,0
BTCUSD,NY,2024-07-22,Monday,68015.25,67084.5,48,930.75,True,2,2,0
BTCUSD,NY,2024-07-23,Tuesday,67544.44,66099.36,48,1445.0800000000017,True,3,3,0
BTCUSD,NY,2024-07-24,Wednesday,66091.67,65616.25,48,475.41999999999825,True,2,2,0
BTCUSD,NY,2024-07-25,Thursday,64384.84,63744.12,48,640.7199999999939,True,2,2,0
BTCUSD,NY,2024-07-26,Friday,67182.45,66837.54,48,344.9100000000035,True,2,1,1
BTCUSD,NY,2024-07-29,Monday,69867.18,69257.32,48,609.859999999986,True,2,2,0
BTCUSD,NY,2024-07-30,Tuesday,66987.18,66299.43,48,687.75,True,4,4,0
BTCUSD,NY,2024-07-31,Wednesday,66519.55,65471.24,48,1048.310000000005,True,1,1,0
BTCUSD,NY,2024-08-01,Thursday,64445.9,63520.96,48,924.9400000000023,True,4,4,0
BTCUSD,NY,2024-08-02,Friday,64594.75,63749.29,48,845.4599999999991,True,2,2,0
BTCUSD,NY,2024-08-05,Monday,54565.35,48739.14,47,5826.209999999999,False,0,0,0
BTCUSD,NY,2024-08-06,Tuesday,56171.35,55268.09,48,903.260000000002,True,2,2,0
BTCUSD,NY,2024-08-07,Wednesday,57275.4,56564.55,48,710.8499999999985,True,3,3,0
BTCUSD,NY,2024-08-08,Thursday,57453.5,56649.93,48,803.5699999999997,True,3,3,0
BTCUSD,NY,2024-08-09,Friday,61412.4,60583.36,48,829.0400000000009,True,3,3,0
BTCUSD,NY,2024-08-12,Monday,59014.1,57634.13,48,1379.9700000000012,True,2,2,0
BTCUSD,NY,2024-08-13,Tuesday,59491.1,58849.71,48,641.3899999999994,True,3,3,0
BTCUSD,NY,2024-08-14,Wednesday,61175.29,60648.86,48,526.4300000000003,True,2,2,0
BTCUSD,NY,2024-08-15,Thursday,58642.6,57721.65,48,920.9499999999971,True,1,1,0
BTCUSD,NY,2024-08-16,Friday,58641.05,57810.3,48,830.75,True,3,3,0
BTCUSD,NY,2024-08-19,Monday,58763.03,58381.85,48,381.1800000000003,True,1,1,0
BTCUSD,NY,2024-08-20,Tuesday,61428.54,60618.97,48,809.5699999999997,True,2,2,0
BTCUSD,NY,2024-08-21,Wednesday,59776.95,59197.55,48,579.3999999999942,True,3,3,0
BTCUSD,NY,2024-08-22,Thursday,61129.16,60470.15,48,659.010000000002,True,3,3,0
BTCUSD,NY,2024-08-23,Friday,61362.98,60589.73,48,773.25,True,1,1,0
BTCUSD,NY,2024-08-26,Monday,64243.76,63591.66,48,652.0999999999985,True,2,2,0
BTCUSD,NY,2024-08-27,Tuesday,63217.42,62731.16,48,486.25999999999476,True,1,1,0
BTCUSD,NY,2024-08-28,Wednesday,59680.18,58523.76,48,1156.4199999999983,True,1,1,0
BTCUSD,NY,2024-08-29,Thursday,59781.64,59058.53,48,723.1100000000006,True,2,2,0
BTCUSD,NY,2024-08-30,Friday,59592.1,58674.32,48,917.7799999999988,True,6,6,0
BTCUSD,NY,2024-09-02,Monday,57978.13,57349.67,48,628.4599999999991,True,1,1,0
BTCUSD,NY,2024-09-03,Tuesday,59263.47,58857.11,48,406.3600000000006,True,1,1,0
BTCUSD,NY,2024-09-04,Wednesday,56862.29,56150.18,48,712.1100000000006,True,0,0,0
BTCUSD,NY,2024-09-05,Thursday,57276.74,56521.9,48,754.8399999999965,True,4,4,0
BTCUSD,NY,2024-09-06,Friday,56742.82,55258.21,48,1484.6100000000006,True,2,2,0
BTCUSD,NY,2024-09-09,Monday,55162.75,54575.4,48,587.3499999999985,True,2,2,0
BTCUSD,NY,2024-09-10,Tuesday,57296.4,56373.21,48,923.1900000000023,True,3,3,0
BTCUSD,NY,2024-09-11,Wednesday,56808.75,56081.66,48,727.0899999999965,True,3,3,0
BTCUSD,NY,2024-09-12,Thursday,58439.45,57834.62,48,604.8299999999945,True,1,1,0
BTCUSD,NY,2024-09-13,Friday,58139.78,57739.71,48,400.0699999999997,True,1,1,0
BTCUSD,NY,2024-09-16,Monday,58963.92,58305.83,48,658.0899999999965,True,3,3,0
BTCUSD,NY,2024-09-17,Tuesday,58780.13,58023.05,48,757.0799999999945,True,2,2,0
BTCUSD,NY,2024-09-18,Wednesday,60714.87,60195.27,48,519.6000000000058,True,4,4,0
BTCUSD,NY,2024-09-19,Thursday,62200.87,61800.15,48,400.72000000000116,True,0,0,0
BTCUSD,NY,2024-09-20,Friday,64136.54,63402.85,48,733.6900000000023,True,2,2,0
BTCUSD,NY,2024-09-23,Monday,64458.95,63368.72,48,1090.229999999996,True,3,3,0
BTCUSD,NY,2024-09-24,Tuesday,63568.67,62940.35,48,628.3199999999997,True,2,2,0
BTCUSD,NY,2024-09-25,Wednesday,64468.22,63628.27,48,839.9500000000044,True,2,2,0
BTCUSD,NY,2024-09-26,Thursday,63849.78,63301.41,48,548.3699999999953,True,2,2,0
BTCUSD,NY,2024-09-27,Friday,65567.01,65099.96,48,467.04999999999563,True,1,1,0
BTCUSD,NY,2024-09-30,Monday,64710.63,64300.22,48,410.4099999999962,True,2,2,0
BTCUSD,NY,2024-10-01,Tuesday,64125.3,63597.82,48,527.4800000000032,True,0,0,0
BTCUSD,NY,2024-10-02,Wednesday,61931.97,61304.74,48,627.2300000000032,True,3,3,0
BTCUSD,NY,2024-10-03,Thursday,61474.87,60816.72,48,658.1500000000015,True,2,2,0
BTCUSD,NY,2024-10-04,Friday,61509.9,60917.25,48,592.6500000000015,True,3,3,0
BTCUSD,NY,2024-10-07,Monday,63716.31,63302.52,48,413.7900000000009,True,2,2,0
BTCUSD,NY,2024-10-08,Tuesday,62769.78,61988.06,48,781.7200000000012,True,1,1,0
BTCUSD,NY,2024-10-09,Wednesday,62513.18,62159.45,48,353.7300000000032,True,4,4,0
BTCUSD,NY,2024-10-10,Thursday,61081.88,60735.46,48,346.41999999999825,True,3,3,0
BTCUSD,NY,2024-10-11,Friday,60875.44,60527.77,48,347.67000000000553,True,0,0,0
BTCUSD,NY,2024-10-14,Monday,64667.75,63696.6,48,971.1500000000015,True,1,1,0
BTCUSD,NY,2024-10-15,Tuesday,65813.0,65174.48,48,638.5199999999968,True,4,3,1
BTCUSD,NY,2024-10-16,Wednesday,67342.39,66765.45,48,576.9400000000023,True,1,1,0
BTCUSD,NY,2024-10-17,Thursday,67590.89,67067.3,48,523.5899999999965,True,3,2,0
BTCUSD,NY,2024-10-18,Friday,68373.66,67527.47,48,846.1900000000023,True,2,2,0
BTCUSD,NY,2024-10-21,Monday,69164.8,68457.57,48,707.2299999999959,True,0,0,0
BTCUSD,NY,2024-10-22,Tuesday,67749.51,67237.0,48,512.5099999999948,True,2,2,0
BTCUSD,NY,2024-10-23,Wednesday,67258.73,66733.8,48,524.929999999993,True,3,3,0
BTCUSD,NY,2024-10-24,Thursday,67413.87,66996.78,48,417.0899999999965,True,2,2,0
BTCUSD,NY,2024-10-25,Friday,68028.73,67191.56,48,837.1699999999983,True,3,3,0
BTCUSD,NY,2024-10-28,Monday,68579.92,67549.72,48,1030.199999999997,True,2,2,0
BTCUSD,NY,2024-10-29,Tuesday,71309.8,70787.64,48,522.1600000000035,True,1,1,0
BTCUSD,NY,2024-10-30,Wednesday,72596.3,72091.44,48,504.8600000000006,True,1,1,0
BTCUSD,NY,2024-10-31,Thursday,72469.99,72111.66,48,358.33000000000175,True,1,1,0
BTCUSD,NY,2024-11-01,Friday,69621.62,69000.16,48,621.4599999999919,True,1,1,0
BTCUSD,NY,2024-11-04,Monday,69133.37,68393.73,48,739.6399999999994,True,3,3,0
BTCUSD,NY,2024-11-05,Tuesday,69036.64,68263.27,48,773.3699999999953,True,1,1,0
BTCUSD,NY,2024-11-06,Wednesday,75410.56,72693.31,48,2717.25,True,2,2,0
BTCUSD,NY,2024-11-07,Thursday,75210.7,74478.7,48,732.0,True,0,0,0
BTCUSD,NY,2024-11-08,Friday,76423.06,75790.52,48,632.5399999999936,True,2,2,0
BTCUSD,NY,2024-11-11,Monday,81654.82,80510.5,48,1144.320000000007,True,1,1,0
BTCUSD,NY,2024-11-12,Tuesday,90078.7,88294.33,48,1784.3699999999953,True,1,1,0
BTCUSD,NY,2024-11-13,Wednesday,87812.23,86283.83,48,1528.3999999999942,True,1,1,0
BTCUSD,NY,2024-11-14,Thursday,91571.25,89172.24,48,2399.0099999999948,True,3,3,0
BTCUSD,NY,2024-11-15,Friday,88458.06,87316.18,48,1141.8800000000047,True,1,1,0
BTCUSD,NY,2024-11-18,Monday,92311.62,90496.92,48,1814.699999999997,True,2,2,0
BTCUSD,NY,2024-11-19,Tuesday,92097.58,91278.01,48,819.570000000007,True,3,3,0
BTCUSD,NY,2024-11-20,Wednesday,93496.1,92030.06,48,1466.0400000000081,True,2,2,0
BTCUSD,NY,2024-11-21,Thursday,98002.37,96565.73,48,1436.6399999999994,True,4,4,0
BTCUSD,NY,2024-11-22,Friday,99627.57,98650.53,48,977.0400000000081,True,3,3,0
BTCUSD,NY,2024-11-25,Monday,98517.47,97852.83,48,664.6399999999994,True,1,1,0
BTCUSD,NY,2024-11-26,Tuesday,95075.91,92286.36,48,2789.550000000003,True,3,3,0
BTCUSD,NY,2024-11-27,Wednesday,93666.08,92348.68,48,1317.4000000000087,True,1,1,0
BTCUSD,NY,2024-11-28,Thursday,96055.16,95129.36,48,925.8000000000029,True,6,6,0
BTCUSD,NY,2024-11-29,Friday,96610.51,95627.45,48,983.0599999999977,True,0,0,0
BTCUSD,NY,2024-12-02,Monday,97047.95,94906.35,48,2141.5999999999913,True,3,3,0
BTCUSD,NY,2024-12-03,Tuesday,96277.46,95298.86,48,978.6000000000058,True,6,5,1
BTCUSD,NY,2024-12-04,Wednesday,96885.92,96055.38,48,830.5399999999936,True,4,4,0
BTCUSD,NY,2024-12-05,Thursday,103505.16,101346.44,48,2158.720000000001,True,4,4,0
BTCUSD,NY,2024-12-06,Friday,98805.18,97652.2,48,1152.979999999996,True,1,1,0
BTCUSD,NY,2024-12-09,Monday,99801.61,98315.07,48,1486.5399999999936,True,3,3,0
BTCUSD,NY,2024-12-10,Tuesday,97583.99,96564.28,48,1019.7100000000064,True,7,7,0
BTCUSD,NY,2024-12-11,Wednesday,98535.19,97294.6,48,1240.5899999999965,True,1,1,0
BTCUSD,NY,2024-12-12,Thursday,101210.85,100462.28,48,748.570000000007,True,5,5,0
BTCUSD,NY,2024-12-13,Friday,100390.44,99504.71,48,885.7299999999959,True,2,2,0
BTCUSD,NY,2024-12-16,Monday,105440.69,104450.51,48,990.1800000000076,True,3,3,0
BTCUSD,NY,2024-12-17,Tuesday,107574.55,106386.29,48,1188.2600000000093,True,3,3,0
BTCUSD,NY,2024-12-18,Wednesday,104371.91,103051.45,48,1320.4600000000064,True,2,2,0
BTCUSD,NY,2024-12-19,Thursday,101846.82,100630.4,48,1216.4200000000128,True,3,3,0
BTCUSD,NY,2024-12-20,Friday,98118.07,95113.32,48,3004.75,True,2,2,0
BTCUSD,NY,2024-12-23,Monday,95886.28,94611.93,48,1274.3500000000058,True,4,4,0
BTCUSD,NY,2024-12-24,Tuesday,94533.39,93649.03,48,884.3600000000006,True,0,0,0
BTCUSD,NY,2024-12-25,Wednesday,98488.39,97757.75,48,730.6399999999994,True,3,3,0
BTCUSD,NY,2024-12-26,Thursday,98395.28,95522.06,48,2873.220000000001,True,2,2,0
BTCUSD,NY,2024-12-27,Friday,96510.69,94536.64,48,1974.050000000003,True,4,4,0
BTCUSD,NY,2024-12-30,Monday,93850.22,93021.48,48,828.7400000000052,True,2,2,0
BTCUSD,NY,2024-12-31,Tuesday,94543.41,92197.37,48,2346.040000000008,True,2,2,0
BTCUSD,NY,2025-01-01,Wednesday,93675.31,93024.91,48,650.3999999999942,True,3,3,0
BTCUSD,NY,2025-01-02,Thursday,96010.72,95117.73,48,892.9900000000052,True,1,1,0
BTCUSD,NY,2025-01-03,Friday,96842.4,96022.6,48,819.7999999999884,True,1,1,0
BTCUSD,NY,2025-01-06,Monday,99908.44,98942.97,48,965.4700000000012,True,4,4,0
BTCUSD,NY,2025-01-07,Tuesday,102059.81,101591.83,48,467.9799999999959,True,0,0,0
BTCUSD,NY,2025-01-08,Wednesday,96634.8,95151.1,48,1483.699999999997,True,2,2,0
BTCUSD,NY,2025-01-09,Thursday,94579.0,92678.58,48,1900.4199999999983,True,2,2,0
BTCUSD,NY,2025-01-10,Friday,95016.27,93612.43,48,1403.840000000011,True,3,3,0
BTCUSD,NY,2025-01-13,Monday,94476.31,92789.69,48,1686.6199999999953,True,3,3,0
BTCUSD,NY,2025-01-14,Tuesday,95772.01,94694.14,48,1077.8699999999953,True,1,1,0
BTCUSD,NY,2025-01-15,Wednesday,97595.32,96709.67,48,885.6500000000087,True,2,2,0
BTCUSD,NY,2025-01-16,Thursday,99909.53,98595.61,48,1313.9199999999983,True,1,1,0
BTCUSD,NY,2025-01-17,Friday,102215.45,101289.83,48,925.6199999999953,True,2,2,0
BTCUSD,NY,2025-01-20,Monday,109565.6,102001.69,48,7563.9100000000035,True,2,2,0
BTCUSD,NY,2025-01-21,Tuesday,102425.99,100958.69,48,1467.300000000003,True,1,1,0
BTCUSD,NY,2025-01-22,Wednesday,105931.92,104663.29,48,1268.6300000000047,True,2,2,0
BTCUSD,NY,2025-01-23,Thursday,102954.57,101907.32,48,1047.25,True,4,4,0
BTCUSD,NY,2025-01-24,Friday,105651.4,104541.73,48,1109.6699999999983,True,4,4,0
BTCUSD,NY,2025-01-27,Monday,100710.83,97604.26,48,3106.570000000007,True,2,2,0
BTCUSD,NY,2025-01-28,Tuesday,103356.2,102508.52,48,847.679999999993,True,2,2,0
BTCUSD,NY,2025-01-29,Wednesday,102999.0,101927.19,48,1071.8099999999977,True,6,6,0
BTCUSD,NY,2025-01-30,Thursday,105587.54,104820.69,48,766.8499999999913,True,2,2,0
BTCUSD,NY,2025-01-31,Friday,104799.97,103992.23,48,807.7400000000052,True,5,5,0
BTCUSD,NY,2025-02-03,Monday,95677.37,92752.28,48,2925.0899999999965,True,3,3,0
BTCUSD,NY,2025-02-04,Tuesday,100218.15,97948.1,48,2270.0499999999884,True,3,3,0
BTCUSD,NY,2025-02-05,Wednesday,98367.14,97379.02,48,988.1199999999953,True,5,5,0
BTCUSD,NY,2025-02-06,Thursday,98490.89,97626.12,48,864.7700000000041,True,2,2,0
BTCUSD,NY,2025-02-07,Friday,97540.66,96571.74,48,968.9199999999983,True,2,2,0
BTCUSD,NY,2025-02-10,Monday,97943.12,96781.16,48,1161.9599999999919,True,2,2,0
BTCUSD,NY,2025-02-11,Tuesday,98542.42,98036.93,48,505.49000000000524,True,2,2,0
BTCUSD,NY,2025-02-12,Wednesday,96493.92,95493.48,48,1000.4400000000023,True,1,1,0
BTCUSD,NY,2025-02-13,Thursday,96916.18,95753.48,48,1162.699999999997,True,3,3,0
BTCUSD,NY,2025-02-14,Friday,97099.24,96569.7,48,529.5400000000081,True,5,5,0
BTCUSD,NY,2025-02-17,Monday,96471.77,95788.41,48,683.3600000000006,True,2,2,0
BTCUSD,NY,2025-02-18,Tuesday,96123.04,95043.42,48,1079.6199999999953,True,3,3,0
BTCUSD,NY,2025-02-19,Wednesday,95816.68,95003.05,48,813.6299999999901,True,1,1,0
BTCUSD,NY,2025-02-20,Thursday,97230.77,96789.5,48,441.2700000000041,True,5,4,1
BTCUSD,NY,2025-02-21,Friday,98639.05,98161.26,48,477.79000000000815,True,5,2,3
BTCUSD,NY,2025-02-24,Monday,95995.86,95250.08,48,745.7799999999988,True,2,2,0
BTCUSD,NY,2025-02-25,Tuesday,92144.01,88146.34,48,3997.6699999999983,True,2,2,0
BTCUSD,NY,2025-02-26,Wednesday,89122.53,88064.72,48,1057.8099999999977,True,2,1,1
BTCUSD,NY,2025-02-27,Thursday,86663.25,84966.27,48,1696.979999999996,True,2,2,0
BTCUSD,NY,2025-02-28,Friday,80427.39,78146.49,48,2280.899999999994,True,2,2,0
BTCUSD,NY,2025-03-03,Monday,93273.08,91055.09,48,2217.9900000000052,True,1,1,0
BTCUSD,NY,2025-03-04,Tuesday,84514.24,82946.94,48,1567.300000000003,True,3,3,0
BTCUSD,NY,2025-03-05,Wednesday,87882.39,86798.23,48,1084.1600000000035,True,1,1,0
BTCUSD,NY,2025-03-06,Thursday,92805.53,91051.45,48,1754.0800000000017,True,2,2,0
BTCUSD,NY,2025-03-07,Friday,88598.25,87549.89,48,1048.3600000000006,True,5,4,1
BTCUSD,NY,2025-03-10,Monday,82792.86,81967.76,48,825.1000000000058,True,2,2,0
BTCUSD,NY,2025-03-11,Tuesday,80586.24,79410.04,48,1176.2000000000116,True,2,2,0
BTCUSD,NY,2025-03-12,Wednesday,82532.31,81261.0,48,1271.3099999999977,True,3,3,0
BTCUSD,NY,2025-03-13,Thursday,83681.92,82828.27,48,853.6499999999942,True,3,3,0
BTCUSD,NY,2025-03-14,Friday,82437.32,81744.58,48,692.7400000000052,True,1,1,0
BTCUSD,NY,2025-03-17,Monday,83875.3,82643.85,48,1231.449999999997,True,1,1,0
BTCUSD,NY,2025-03-18,Tuesday,83255.07,82212.99,48,1042.0800000000017,True,3,3,0
BTCUSD,NY,2025-03-19,Wednesday,83365.62,82765.07,48,600.5499999999884,True,0,0,0
BTCUSD,NY,2025-03-20,Thursday,86019.6,85422.6,48,597.0,True,2,2,0
BTCUSD,NY,2025-03-21,Friday,84779.97,83690.17,48,1089.800000000003,True,2,2,0
BTCUSD,NY,2025-03-24,Monday,87299.15,86529.97,48,769.179999999993,True,4,4,0
BTCUSD,NY,2025-03-25,Tuesday,86900.41,86313.64,48,586.7700000000041,True,0,0,0
BTCUSD,NY,2025-03-26,Wednesday,88334.13,87069.88,48,1264.25,True,2,2,0
BTCUSD,NY,2025-03-27,Thursday,87733.67,87277.59,48,456.08000000000175,True,2,2,0
BTCUSD,NY,2025-03-28,Friday,86822.55,85108.49,48,1714.0599999999977,True,3,3,0
BTCUSD,NY,2025-03-31,Monday,82280.26,81370.54,48,909.7200000000012,True,2,2,0
BTCUSD,NY,2025-04-01,Tuesday,83628.01,82877.36,48,750.6499999999942,True,1,1,0
BTCUSD,NY,2025-04-02,Wednesday,84734.08,83901.01,48,833.070000000007,True,2,2,0
BTCUSD,NY,2025-04-03,Thursday,83748.97,82982.88,48,766.0899999999965,True,4,4,0
BTCUSD,NY,2025-04-04,Friday,84005.09,82571.78,48,1433.3099999999977,True,2,2,0
BTCUSD,NY,2025-04-07,Monday,77899.61,74394.34,48,3505.270000000004,True,1,1,0
BTCUSD,NY,2025-04-08,Tuesday,80402.13,79193.55,48,1208.5800000000017,True,1,1,0
BTCUSD,NY,2025-04-09,Wednesday,77906.25,74857.51,48,3048.7400000000052,True,1,1,0
BTCUSD,NY,2025-04-10,Thursday,82302.95,81238.77,48,1064.179999999993,True,1,1,0
BTCUSD,NY,2025-04-11,Friday,81407.5,80440.15,48,967.3500000000058,True,1,1,0
BTCUSD,NY,2025-04-14,Monday,85077.41,84184.54,48,892.8700000000099,True,2,2,0
BTCUSD,NY,2025-04-15,Tuesday,85873.67,85143.43,48,730.2400000000052,True,2,2,0
BTCUSD,NY,2025-04-16,Wednesday,83820.82,83198.77,48,622.0500000000029,True,5,4,1
BTCUSD,NY,2025-04-17,Thursday,85047.47,83900.29,48,1147.1800000000076,True,3,3,0
BTCUSD,NY,2025-04-18,Friday,84845.67,84407.66,48,438.00999999999476,True,1,1,0
BTCUSD,NY,2025-04-21,Monday,87792.79,87039.43,48,753.3600000000006,True,2,2,0
BTCUSD,NY,2025-04-22,Tuesday,88531.81,87963.64,48,568.1699999999983,True,1,1,0
BTCUSD,NY,2025-04-23,Wednesday,94319.57,93077.32,48,1242.25,True,4,4,0
BTCUSD,NY,2025-04-24,Thursday,92937.73,92111.05,48,826.679999999993,True,3,3,0
BTCUSD,NY,2025-04-25,Friday,93926.15,93054.02,48,872.1299999999901,True,1,1,0
BTCUSD,NY,2025-04-28,Monday,94838.63,93900.89,48,937.7400000000052,True,3,3,0
BTCUSD,NY,2025-04-29,Tuesday,95001.71,94197.94,48,803.7700000000041,True,4,4,0
BTCUSD,NY,2025-04-30,Wednesday,95240.8,94483.96,48,756.8399999999965,True,4,4,0
BTCUSD,NY,2025-05-01,Thursday,95213.49,94709.29,48,504.20000000001164,True,0,0,0
BTCUSD,NY,2025-05-02,Friday,97360.75,96394.77,48,965.9799999999959,True,1,1,0
BTCUSD,NY,2025-05-05,Monday,94841.28,94016.37,48,824.9100000000035,True,3,3,0
BTCUSD,NY,2025-05-06,Tuesday,94652.45,94266.52,48,385.929999999993,True,6,5,1
BTCUSD,NY,2025-05-07,Wednesday,97001.82,96303.1,48,698.7200000000012,True,5,5,0
BTCUSD,NY,2025-05-08,Thursday,99425.88,98713.76,48,712.1200000000099,True,1,1,0
BTCUSD,NY,2025-05-09,Friday,104396.62,102364.76,48,2031.8600000000006,True,0,0,0
BTCUSD,NY,2025-05-12,Monday,105836.32,103783.2,48,2053.12000000001,True,1,1,0
BTCUSD,NY,2025-05-13,Tuesday,102950.97,101601.69,48,1349.2799999999988,True,0,0,0
BTCUSD,NY,2025-05-14,Wednesday,104011.26,103399.84,48,611.4199999999983,True,3,3,0
BTCUSD,NY,2025-05-15,Thursday,102981.67,101699.3,48,1282.3699999999953,True,4,4,0
BTCUSD,NY,2025-05-16,Friday,104244.35,103734.85,48,509.5,True,1,1,0
BTCUSD,NY,2025-05-19,Monday,103808.9,102098.98,48,1709.9199999999983,True,0,0,0
BTCUSD,NY,2025-05-20,Tuesday,106451.15,104961.54,48,1489.6100000000006,True,3,3,0
BTCUSD,NY,2025-05-21,Wednesday,108062.06,106502.09,48,1559.9700000000012,True,4,4,0
BTCUSD,NY,2025-05-22,Thursday,111858.86,110474.12,48,1384.7400000000052,True,3,3,0
BTCUSD,NY,2025-05-23,Friday,111213.75,110420.74,48,793.0099999999948,True,2,2,0
BTCUSD,NY,2025-05-26,Monday,110267.86,109397.25,48,870.6100000000006,True,5,5,0
BTCUSD,NY,2025-05-27,Tuesday,109700.64,108574.2,48,1126.4400000000023,True,3,3,0
BTCUSD,NY,2025-05-28,Wednesday,109153.67,108672.34,48,481.33000000000175,True,2,2,0
BTCUSD,NY,2025-05-29,Thursday,108151.28,106980.03,48,1171.25,True,1,1,0
BTCUSD,NY,2025-05-30,Friday,106313.57,104731.45,48,1582.12000000001,True,1,1,0
BTCUSD,NY,2025-06-02,Monday,105487.47,104653.74,48,833.7299999999959,True,3,3,0
BTCUSD,NY,2025-06-03,Tuesday,105620.13,105178.6,48,441.52999999999884,True,3,3,0
BTCUSD,NY,2025-06-04,Wednesday,105712.44,105327.05,48,385.3899999999994,True,2,2,0
BTCUSD,NY,2025-06-05,Thursday,105281.93,104412.97,48,868.9599999999919,True,1,1,0
BTCUSD,NY,2025-06-06,Friday,103548.17,102433.28,48,1114.8899999999994,True,1,1,0
BTCUSD,NY,2025-06-09,Monday,105807.14,105389.89,48,417.25,True,0,0,0
BTCUSD,NY,2025-06-10,Tuesday,109819.6,109156.41,48,663.1900000000023,True,5,5,0
BTCUSD,NY,2025-06-11,Wednesday,109777.71,109381.24,48,396.47000000000116,True,4,4,0
BTCUSD,NY,2025-06-12,Thursday,108036.45,107369.91,48,666.5399999999936,True,2,2,0
BTCUSD,NY,2025-06-13,Friday,105013.9,103845.94,48,1167.9599999999919,True,2,2,0
BTCUSD,NY,2025-06-16,Monday,107320.68,105920.66,48,1400.0199999999895,True,1,1,0
BTCUSD,NY,2025-06-17,Tuesday,107780.34,106495.15,48,1285.1900000000023,True,1,1,0
BTCUSD,NY,2025-06-18,Wednesday,105602.65,104704.08,48,898.5699999999924,True,5,5,0
BTCUSD,NY,2025-06-19,Thursday,105251.3,104607.07,48,644.2299999999959,True,2,2,0
BTCUSD,NY,2025-06-20,Friday,105865.97,104230.15,48,1635.820000000007,True,2,2,0
BTCUSD,NY,2025-06-23,Monday,102164.87,101008.87,48,1156.0,True,3,3,0
BTCUSD,NY,2025-06-24,Tuesday,105924.77,104761.99,48,1162.7799999999988,True,1,1,0
BTCUSD,NY,2025-06-25,Wednesday,106784.39,106046.61,48,737.7799999999988,True,1,1,0
BTCUSD,NY,2025-06-26,Thursday,108167.32,107580.47,48,586.8500000000058,True,2,2,0
BTCUSD,NY,2025-06-27,Friday,107806.95,106911.53,48,895.4199999999983,True,3,3,0
BTCUSD,NY,2025-06-30,Monday,108597.94,107512.57,48,1085.3699999999953,True,4,4,0
BTCUSD,NY,2025-07-01,Tuesday,107252.64,106641.82,48,610.8199999999924,True,3,3,0
BTCUSD,NY,2025-07-02,Wednesday,107214.72,106154.48,48,1060.2400000000052,True,0,0,0
BTCUSD,NY,2025-07-03,Thursday,109623.33,108604.91,48,1018.4199999999983,True,2,2,0
BTCUSD,NY,2025-07-04,Friday,109400.08,108736.47,48,663.6100000000006,True,1,1,0
BTCUSD,NY,2025-07-07,Monday,109484.01,108670.53,48,813.4799999999959,True,0,0,0
BTCUSD,NY,2025-07-08,Tuesday,108509.49,107746.4,48,763.0900000000111,True,1,1,0
BTCUSD,NY,2025-07-09,Wednesday,108973.05,108330.35,48,642.6999999999971,True,1,1,0
BTCUSD,NY,2025-07-10,Thursday,111504.85,110984.88,48,519.9700000000012,True,3,3,0
BTCUSD,NY,2025-07-11,Friday,118452.01,116506.76,48,1945.25,True,1,1,0
BTCUSD,NY,2025-07-14,Monday,123278.48,120569.12,48,2709.3600000000006,True,0,0,0
BTCUSD,NY,2025-07-15,Tuesday,117810.1,116300.31,48,1509.7900000000081,True,5,5,0
BTCUSD,NY,2025-07-16,Wednesday,118345.13,117284.5,48,1060.6300000000047,True,2,2,0
BTCUSD,NY,2025-07-17,Thursday,118858.88,117877.0,48,981.8800000000047,True,4,4,0
BTCUSD,NY,2025-07-18,Friday,120924.13,119386.0,48,1538.1300000000047,True,2,2,0
BTCUSD,NY,2025-07-21,Monday,119717.63,118226.38,48,1491.25,True,1,1,0
BTCUSD,NY,2025-07-22,Tuesday,118649.25,116610.38,48,2038.8699999999953,True,2,2,0
BTCUSD,NY,2025-07-23,Wednesday,119069.88,118332.63,48,737.25,True,3,3,0
BTCUSD,NY,2025-07-24,Thursday,118647.75,117165.13,48,1482.6199999999953,True,4,4,0
BTCUSD,NY,2025-07-25,Friday,116197.88,114723.25,48,1474.6300000000047,True,2,2,0
BTCUSD,NY,2025-07-28,Monday,119733.88,118772.88,48,961.0,True,4,3,0
BTCUSD,NY,2025-07-29,Tuesday,119309.63,118414.38,48,895.25,True,1,1,0
BTCUSD,NY,2025-07-30,Wednesday,118417.63,117646.25,48,771.3800000000047,True,7,7,0
BTCUSD,NY,2025-07-31,Thursday,118932.38,118252.5,48,679.8800000000047,True,1,1,0
BTCUSD,NY,2025-08-01,Friday,115938.63,114567.63,48,1371.0,True,2,2,0
BTCUSD,NY,2025-08-04,Monday,114796.25,114122.25,48,674.0,True,2,2,0
BTCUSD,NY,2025-08-05,Tuesday,114506.38,113685.38,48,821.0,True,2,2,0
BTCUSD,NY,2025-08-06,Wednesday,114424.88,113345.63,48,1079.25,True,0,0,0
BTCUSD,NY,2025-08-07,Thursday,114918.63,114265.88,48,652.75,True,1,1,0
BTCUSD,NY,2025-08-08,Friday,117011.38,116385.38,48,626.0,True,3,3,0
BTCUSD,NY,2025-08-11,Monday,122306.88,121410.5,48,896.3800000000047,True,2,2,0
BTCUSD,NY,2025-08-12,Tuesday,119170.88,118413.13,48,757.75,True,5,5,0
BTCUSD,NY,2025-08-13,Wednesday,119838.13,118914.5,48,923.6300000000047,True,0,0,0
BTCUSD,NY,2025-08-14,Thursday,123508.75,121342.75,48,2166.0,True,0,0,0
BTCUSD,NY,2025-08-15,Friday,119343.5,118745.88,48,597.6199999999953,True,1,1,0
BTCUSD,NY,2025-08-18,Monday,115802.75,114949.25,48,853.5,True,3,3,0
BTCUSD,NY,2025-08-19,Tuesday,115522.75,114422.0,48,1100.75,True,4,4,0
BTCUSD,NY,2025-08-20,Wednesday,113852.38,113423.88,48,428.5,True,6,5,1
BTCUSD,NY,2025-08-21,Thursday,114035.63,113555.5,48,480.13000000000466,True,2,2,0
BTCUSD,NY,2025-08-22,Friday,113344.38,112660.63,48,683.75,True,1,1,0
BTCUSD,NY,2025-08-25,Monday,113048.38,111265.25,48,1783.1300000000047,True,4,4,0
BTCUSD,NY,2025-08-26,Tuesday,110562.75,109768.5,48,794.25,True,2,2,0
BTCUSD,NY,2025-08-27,Wednesday,111752.63,110638.0,48,1114.6300000000047,True,3,3,0
BTCUSD,NY,2025-08-28,Thursday,113389.13,111952.5,48,1436.6300000000047,True,3,3,0
BTCUSD,NY,2025-08-29,Friday,111889.0,109896.75,48,1992.25,True,1,1,0
BTCUSD,NY,2025-09-01,Monday,109455.88,107255.0,48,2200.8800000000047,True,4,4,0
BTCUSD,NY,2025-09-02,Tuesday,110643.25,109998.13,48,645.1199999999953,True,3,2,1
BTCUSD,NY,2025-09-03,Wednesday,111166.75,110538.0,48,628.75,True,2,2,0
BTCUSD,NY,2025-09-04,Thursday,111376.13,110307.0,48,1069.1300000000047,True,1,1,0
BTCUSD,NY,2025-09-05,Friday,113014.38,111148.88,48,1865.5,True,2,2,0
BTCUSD,NY,2025-09-08,Monday,111609.13,110886.63,48,722.5,True,1,1,0
BTCUSD,NY,2025-09-09,Tuesday,113306.88,111629.13,48,1677.75,True,2,2,0
BTCUSD,NY,2025-09-10,Wednesday,112598.88,111353.88,48,1245.0,True,1,1,0
BTCUSD,NY,2025-09-11,Thursday,114501.75,113989.5,48,512.25,True,4,4,0
BTCUSD,NY,2025-09-12,Friday,115723.75,115122.38,48,601.3699999999953,True,3,3,0
BTCUSD,NY,2025-09-15,Monday,116804.0,115426.25,48,1377.75,True,1,1,0
BTCUSD,NY,2025-09-16,Tuesday,116049.0,114965.0,48,1084.0,True,1,1,0
BTCUSD,NY,2025-09-17,Wednesday,117340.0,116203.0,48,1137.0,True,4,4,0
BTCUSD,NY,2025-09-18,Thursday,117816.0,116904.0,48,912.0,True,4,4,0
BTCUSD,NY,2025-09-19,Friday,117164.5,116676.0,48,488.5,True,0,0,0
BTCUSD,NY,2025-09-22,Monday,114730.0,111605.0,48,3125.0,True,0,0,0
BTCUSD,NY,2025-09-23,Tuesday,113200.0,111940.0,48,1260.0,True,5,5,0
BTCUSD,NY,2025-09-24,Wednesday,112811.5,111011.5,48,1800.0,True,2,2,0
BTCUSD,NY,2025-09-25,Thursday,112638.0,111464.0,48,1174.0,True,4,4,0
BTCUSD,NY,2025-09-26,Friday,109707.0,108983.0,48,724.0,True,5,5,0
BTCUSD,NY,2025-09-29,Monday,111952.5,111587.0,48,365.5,True,1,1,0
BTCUSD,NY,2025-09-30,Tuesday,114449.0,113632.0,48,817.0,True,2,2,0
BTCUSD,NY,2025-10-01,Wednesday,114769.5,114152.0,48,617.5,True,0,0,0
BTCUSD,NY,2025-10-02,Thursday,119000.0,118325.0,48,675.0,True,1,1,0
BTCUSD,NY,2025-10-03,Friday,120434.5,119709.0,48,725.5,True,3,3,0
BTCUSD,NY,2025-10-06,Monday,124214.0,123311.0,48,903.0,True,1,1,0
BTCUSD,NY,2025-10-07,Tuesday,124739.0,123631.0,48,1108.0,True,2,2,0
BTCUSD,NY,2025-10-08,Wednesday,121980.5,121081.0,48,899.5,True,3,3,0
BTCUSD,NY,2025-10-09,Thursday,122301.0,121751.0,48,550.0,True,3,3,0
BTCUSD,NY,2025-10-10,Friday,121819.21,120905.77,48,913.4400000000023,True,1,1,0
BTCUSD,NY,2025-10-13,Monday,115638.27,114478.92,48,1159.3500000000058,True,1,1,0
BTCUSD,NY,2025-10-14,Tuesday,113735.5,111357.13,48,2378.3699999999953,True,3,3,0
BTCUSD,NY,2025-10-15,Wednesday,112765.17,111797.45,48,967.7200000000012,True,2,2,0
BTCUSD,NY,2025-10-16,Thursday,111838.73,110546.0,48,1292.729999999996,True,2,2,0
BTCUSD,NY,2025-10-17,Friday,109279.73,105485.97,48,3793.7599999999948,True,1,1,0
BTCUSD,NY,2025-10-20,Monday,111453.81,109977.14,48,1476.6699999999983,True,3,3,0
BTCUSD,NY,2025-10-21,Tuesday,109104.96,107485.11,48,1619.8500000000058,True,2,2,0
BTCUSD,NY,2025-10-22,Wednesday,108710.17,107646.65,48,1063.520000000004,True,1,1,0
BTCUSD,NY,2025-10-23,Thursday,110362.91,108376.66,48,1986.25,True,2,2,0
BTCUSD,NY,2025-10-24,Friday,111579.64,110367.88,48,1211.7599999999948,True,2,2,0
BTCUSD,NY,2025-10-27,Monday,116402.95,114942.63,48,1460.3199999999924,True,4,4,0
BTCUSD,NY,2025-10-28,Tuesday,114368.1,113474.79,48,893.3100000000122,True,3,3,0
BTCUSD,NY,2025-10-29,Wednesday,113607.4,112504.57,48,1102.8299999999872,True,2,2,0
BTCUSD,NY,2025-10-30,Thursday,111619.19,107928.81,48,3690.3800000000047,True,3,3,0
BTCUSD,NY,2025-10-31,Friday,110185.32,109072.94,48,1112.3800000000047,True,3,3,0
BTCUSD,NY,2025-11-03,Monday,108030.2,106977.07,48,1053.12999999999,True,2,2,0
BTCUSD,NY,2025-11-04,Tuesday,106714.17,103687.22,48,3026.949999999997,True,5,5,0
BTCUSD,NY,2025-11-05,Wednesday,102355.64,101159.33,48,1196.3099999999977,True,2,2,0
BTCUSD,NY,2025-11-06,Thursday,104039.95,102888.7,48,1151.25,True,4,4,0
BTCUSD,NY,2025-11-07,Friday,102492.04,101367.72,48,1124.3199999999924,True,1,1,0
BTCUSD,NY,2025-11-10,Monday,106560.85,105894.74,48,666.1100000000006,True,1,1,0
BTCUSD,NY,2025-11-11,Tuesday,105744.85,104722.75,48,1022.1000000000058,True,0,0,0
BTCUSD,NY,2025-11-12,Wednesday,104235.0,103044.5,48,1190.5,True,1,1,0
BTCUSD,NY,2025-11-13,Thursday,104038.0,101769.0,48,2269.0,True,0,0,0
BTCUSD,NY,2025-11-14,Friday,98008.0,95895.0,48,2113.0,True,2,2,0
BTCUSD,NY,2025-11-17,Monday,95964.0,94825.0,48,1139.0,True,1,1,0
BTCUSD,NY,2025-11-18,Tuesday,91351.0,89231.5,48,2119.5,True,6,6,0
BTCUSD,NY,2025-11-19,Wednesday,91971.0,89942.0,48,2029.0,True,2,2,0
BTCUSD,NY,2025-11-20,Thursday,93082.0,91604.0,48,1478.0,True,1,1,0
BTCUSD,NY,2025-11-21,Friday,86257.0,81561.0,48,4696.0,True,1,1,0
BTCUSD,NY,2025-11-24,Monday,87795.0,86627.5,48,1167.5,True,1,1,0
BTCUSD,NY,2025-11-25,Tuesday,88326.0,86976.0,48,1350.0,True,3,3,0
BTCUSD,NY,2025-11-26,Wednesday,87960.0,87186.0,48,774.0,True,1,1,0
BTCUSD,NY,2025-11-27,Thursday,91559.0,90860.0,48,699.0,True,1,1,0
BTCUSD,NY,2025-11-28,Friday,91719.0,90850.0,48,869.0,True,3,3,0
BTCUSD,NY,2025-12-01,Monday,86906.5,85607.0,48,1299.5,True,2,2,0
BTCUSD,NY,2025-12-02,Tuesday,87203.5,86368.0,48,835.5,True,1,1,0
BTCUSD,NY,2025-12-03,Wednesday,94006.5,92720.0,48,1286.5,True,1,1,0
BTCUSD,NY,2025-12-04,Thursday,93637.0,92791.5,48,845.5,True,4,4,0
BTCUSD,NY,2025-12-05,Friday,92538.0,91887.0,48,651.0,True,0,0,0
BTCUSD,NY,2025-12-08,Monday,91967.0,91046.0,48,921.0,True,3,3,0
BTCUSD,NY,2025-12-09,Tuesday,90610.0,89524.0,48,1086.0,True,3,3,0
BTCUSD,NY,2025-12-10,Wednesday,92821.0,92409.0,48,412.0,True,10,7,3
BTCUSD,NY,2025-12-11,Thursday,90481.5,89961.0,48,520.5,True,2,2,0
BTCUSD,NY,2025-12-12,Friday,92757.0,92087.0,48,670.0,True,0,0,0
BTCUSD,NY,2025-12-15,Monday,89947.0,89483.0,48,464.0,True,2,2,0
BTCUSD,NY,2025-12-16,Tuesday,86607.5,85785.0,48,822.5,True,1,1,0
BTCUSD,NY,2025-12-17,Wednesday,87115.5,86186.5,48,929.0,True,2,2,0
BTCUSD,NY,2025-12-18,Thursday,87110.0,86355.5,48,754.5,True,2,2,0
BTCUSD,NY,2025-12-19,Friday,88343.0,86630.5,48,1712.5,True,2,2,0
BTCUSD,NY,2025-12-22,Monday,89891.0,88702.0,48,1189.0,True,3,3,0
BTCUSD,NY,2025-12-23,Tuesday,87989.0,86967.0,48,1022.0,True,5,5,0
BTCUSD,NY,2025-12-24,Wednesday,87205.0,86699.5,48,505.5,True,4,4,0
BTCUSD,NY,2025-12-25,Thursday,87846.0,87301.0,48,545.0,True,2,2,0
BTCUSD,NY,2025-12-26,Friday,89512.5,88249.5,48,1263.0,True,0,0,0
BTCUSD,NY,2025-12-29,Monday,90203.0,89356.0,48,847.0,True,0,0,0
BTCUSD,NY,2025-12-30,Tuesday,88115.0,87031.0,48,1084.0,True,2,2,0
BTCUSD,NY,2025-12-31,Wednesday,88629.0,88228.0,48,401.0,True,2,2,0
