symbol,window,ny_date,weekday,trade_number,range_high,range_low,range_height,direction,breakout_time,breakout_extreme,reentry_time,entry_time,entry_price,stop,target,risk,large_breakout,stop_type,exit_time,exit_price,exit_reason,bars_held,result_r,spread_points,spread_cost_r,result_r_net,mfe_r,mae_r
EURUSD,NY,2020-01-02,Thursday,1,1.12138,1.1201,0.0012799999999999478,long,2020-01-02 05:15:00,1.11928,2020-01-02 06:00:00,2020-01-02 06:05:00,1.12011,1.11928,1.1217699999999997,0.0008299999999998864,False,extreme,2020-01-02 06:30:00,1.11928,stop,6,-1.0,0,0.0,-1.0,0.13253012048201152,1.6746987951809549
EURUSD,NY,2020-01-03,Friday,1,1.11716,1.11506,0.0020999999999999908,long,2020-01-03 04:10:00,1.1125,2020-01-03 09:40:00,2020-01-03 09:45:00,1.11516,1.1125,1.1204799999999997,0.0026599999999998847,False,extreme,2020-01-03 16:55:00,1.11568,friday_close,87,0.19548872180454832,0,0.0,0.19548872180454832,1.0601503759399125,0.075187969924807
EURUSD,NY,2020-01-06,Monday,1,1.11798,1.11572,0.0022599999999999287,short,2020-01-06 04:00:00,1.11814,2020-01-06 04:05:00,2020-01-06 04:10:00,1.11784,1.11814,1.11724,0.00029999999999996696,False,extreme,2020-01-06 04:30:00,1.11814,stop,5,-1.0,0,0.0,-1.0,1.0666666666663707,1.1333333333334814
EURUSD,NY,2020-01-07,Tuesday,1,1.11926,1.11726,0.0020000000000000018,long,2020-01-07 05:20:00,1.11649,2020-01-07 05:40:00,2020-01-07 05:45:00,1.11734,1.11649,1.11904,0.0008500000000000174,False,extreme,2020-01-07 08:50:00,1.11649,stop,38,-1.0,0,0.0,-1.0,1.3529411764705421,1.317647058823514
EURUSD,NY,2020-01-08,Wednesday,1,1.11549,1.11302,0.0024700000000001943,long,2020-01-08 04:10:00,1.11253,2020-01-08 04:20:00,2020-01-08 04:25:00,1.11304,1.11253,1.11406,0.0005100000000000104,False,extreme,2020-01-08 04:35:00,1.11406,target,3,2.0,0,0.0,2.0,2.5098039215684738,0.05882352941171348
EURUSD,NY,2020-01-08,Wednesday,2,1.11549,1.11302,0.0024700000000001943,long,2020-01-08 05:35:00,1.11278,2020-01-08 05:40:00,2020-01-08 05:45:00,1.11328,1.11278,1.11428,0.0004999999999999449,False,extreme,2020-01-08 05:50:00,1.11278,stop,2,-1.0,0,0.0,-1.0,0.0,1.1200000000003554
EURUSD,NY,2020-01-08,Wednesday,3,1.11549,1.11302,0.0024700000000001943,long,2020-01-08 05:50:00,1.11254,2020-01-08 06:00:00,2020-01-08 06:05:00,1.11304,1.11254,1.11404,0.0004999999999999449,False,extreme,2020-01-08 06:20:00,1.11254,stop,4,-1.0,0,0.0,-1.0,0.039999999999822365,2.1400000000004886
EURUSD,NY,2020-01-08,Wednesday,4,1.11549,1.11302,0.0024700000000001943,long,2020-01-08 06:05:00,1.1111,2020-01-08 10:10:00,2020-01-08 10:15:00,1.11302,1.1111,1.1168599999999997,0.0019199999999999218,False,extreme,2020-01-08 11:25:00,1.1111,stop,15,-1.0,0,0.0,-1.0,0.020833333333355016,1.1197916666666468
EURUSD,NY,2020-01-09,Thursday,1,1.11204,1.11052,0.0015199999999999658,long,2020-01-09 04:40:00,1.10966,2020-01-09 05:30:00,2020-01-09 05:35:00,1.11068,1.10966,1.1127199999999995,0.0010199999999997988,False,extreme,2020-01-09 10:35:00,1.10966,stop,61,-1.0,0,0.0,-1.0,1.0392156862747743,1.098039215686283
EURUSD,NY,2020-01-09,Thursday,2,1.11204,1.11052,0.0015199999999999658,long,2020-01-09 10:30:00,1.10923,2020-01-09 11:55:00,2020-01-09 12:00:00,1.1106,1.10923,1.1133400000000002,0.0013700000000000934,False,extreme,2020-01-09 23:55:00,1.11076,end_of_day,144,0.11678832116782997,0,0.0,0.11678832116782997,0.394160583941568,0.291970802919656
EURUSD,NY,2020-01-10,Friday,1,1.11111,1.10933,0.0017800000000001148,long,2020-01-10 05:45:00,1.10902,2020-01-10 05:50:00,2020-01-10 05:55:00,1.10934,1.10902,1.1099800000000002,0.000320000000000098,False,extreme,2020-01-10 06:00:00,1.10902,stop,2,-1.0,0,0.0,-1.0,0.18749999999978317,2.624999999999046
EURUSD,NY,2020-01-10,Friday,2,1.11111,1.10933,0.0017800000000001148,long,2020-01-10 05:55:00,1.1085,2020-01-10 06:30:00,2020-01-10 06:35:00,1.1095,1.1085,1.1114999999999997,0.0009999999999998899,False,extreme,2020-01-10 10:35:00,1.1114999999999997,target,49,2.0,0,0.0,2.0,2.1400000000002666,0.8700000000000222
EURUSD,NY,2020-01-13,Monday,1,1.1132,1.11202,0.0011799999999999589,short,2020-01-13 04:00:00,1.11362,2020-01-13 04:05:00,2020-01-13 04:10:00,1.11294,1.11362,1.11158,0.0006800000000000139,False,extreme,2020-01-13 04:50:00,1.11158,target,9,2.0,0,0.0,2.0,2.0,0.04411764705878511
EURUSD,NY,2020-01-13,Monday,2,1.1132,1.11202,0.0011799999999999589,long,2020-01-13 04:40:00,1.11127,2020-01-13 06:05:00,2020-01-13 06:10:00,1.11223,1.11127,1.1141500000000002,0.0009600000000000719,False,extreme,2020-01-13 11:25:00,1.1141500000000002,target,64,2.0,0,0.0,2.0,2.3020833333332082,0.48958333333326587
EURUSD,NY,2020-01-14,Tuesday,1,1.11446,1.11334,0.0011200000000000099,long,2020-01-14 04:00:00,1.11306,2020-01-14 04:15:00,2020-01-14 04:20:00,1.11348,1.11306,1.1143200000000002,0.00042000000000008697,False,extreme,2020-01-14 04:40:00,1.11306,stop,5,-1.0,0,0.0,-1.0,0.23809523809516256,1.047619047618821
EURUSD,NY,2020-01-14,Tuesday,2,1.11446,1.11334,0.0011200000000000099,long,2020-01-14 04:35:00,1.11304,2020-01-14 04:50:00,2020-01-14 04:55:00,1.11334,1.11304,1.11394,0.00029999999999996696,False,extreme,2020-01-14 05:15:00,1.11304,stop,5,-1.0,0,0.0,-1.0,0.2666666666669627,1.6666666666666667
EURUSD,NY,2020-01-14,Tuesday,3,1.11446,1.11334,0.0011200000000000099,long,2020-01-14 04:55:00,1.11284,2020-01-14 05:50:00,2020-01-14 05:55:00,1.11335,1.11284,1.11437,0.0005100000000000104,False,extreme,2020-01-14 06:30:00,1.11284,stop,8,-1.0,0,0.0,-1.0,0.41176470588242975,1.2745098039216198
EURUSD,NY,2020-01-14,Tuesday,4,1.11446,1.11334,0.0011200000000000099,long,2020-01-14 06:00:00,1.11044,2020-01-14 23:35:00,2020-01-14 23:40:00,1.11334,1.11306,1.1139000000000001,0.000280000000000058,True,swing,2020-01-14 23:55:00,1.11333,end_of_day,4,-0.03571428571451229,0,0.0,-0.03571428571451229,0.17857142857176844,0.2857142857145123
EURUSD,NY,2020-01-16,Thursday,1,1.11638,1.11447,0.0019099999999998563,short,2020-01-16 07:30:00,1.11726,2020-01-16 08:30:00,2020-01-16 08:35:00,1.11562,1.11726,1.1123400000000003,0.0016399999999998638,False,extreme,2020-01-16 23:55:00,1.11322,end_of_day,185,1.4634146341464371,0,0.0,1.4634146341464371,1.7195121951221213,0.24390243902438363
EURUSD,NY,2020-01-17,Friday,1,1.11412,1.11321,0.0009099999999999664,long,2020-01-17 04:20:00,1.11312,2020-01-17 04:25:00,2020-01-17 04:30:00,1.11321,1.11312,1.1133899999999999,8.999999999992347e-05,False,extreme,2020-01-17 04:30:00,1.11312,stop,1,-1.0,1,0.1111111111112056,-1.1111111111112055,0.1111111111119335,6.555555555562135
EURUSD,NY,2020-01-20,Monday,1,1.11023,1.10888,0.0013499999999999623,long,2020-01-20 04:00:00,1.10822,2020-01-20 04:50:00,2020-01-20 04:55:00,1.10892,1.10822,1.1103199999999998,0.0006999999999999229,False,extreme,2020-01-20 08:20:00,1.10822,stop,42,-1.0,0,0.0,-1.0,0.22857142857168233,1.0142857142858095
EURUSD,NY,2020-01-20,Monday,2,1.11023,1.10888,0.0013499999999999623,long,2020-01-20 05:00:00,1.10767,2020-01-20 13:50:00,2020-01-20 13:55:00,1.10889,1.10767,1.11133,0.0012199999999999989,False,extreme,2020-01-20 23:55:00,1.10993,end_of_day,121,0.8524590163935679,0,0.0,0.8524590163935679,0.8606557377049151,0.19672131147542476
EURUSD,NY,2020-01-21,Tuesday,1,1.10994,1.10864,0.0012999999999998568,short,2020-01-21 05:20:00,1.1118,2020-01-21 10:20:00,2020-01-21 10:25:00,1.10985,1.1118,1.1059500000000002,0.0019499999999998963,False,extreme,2020-01-21 23:55:00,1.10825,end_of_day,163,0.8205128205128877,0,0.0,0.8205128205128877,1.0871794871794935,0.09743589743585773
EURUSD,NY,2020-01-22,Wednesday,1,1.10862,1.1075,0.0011200000000000099,short,2020-01-22 04:30:00,1.10948,2020-01-22 05:55:00,2020-01-22 06:00:00,1.1086,1.10948,1.10684,0.0008799999999999919,False,extreme,2020-01-22 09:05:00,1.10948,stop,38,-1.0,0,0.0,-1.0,1.0,1.4090909090908172
EURUSD,NY,2020-01-22,Wednesday,2,1.10862,1.1075,0.0011200000000000099,short,2020-01-22 08:05:00,1.10984,2020-01-22 09:30:00,2020-01-22 09:35:00,1.10848,1.10984,1.1057599999999999,0.0013600000000000279,False,extreme,2020-01-22 19:30:00,1.10984,stop,120,-1.0,0,0.0,-1.0,1.0735294117646963,1.0808823529412148
EURUSD,NY,2020-01-22,Wednesday,3,1.10862,1.1075,0.0011200000000000099,short,2020-01-22 13:50:00,1.10995,2020-01-22 19:50:00,2020-01-22 19:55:00,1.10814,1.10995,1.1045199999999997,0.0018100000000000893,False,extreme,2020-01-22 23:55:00,1.10852,end_of_day,49,-0.20994475138123106,0,0.0,-0.20994475138123106,0.02209944751371049,0.5524861878453384
EURUSD,NY,2020-01-23,Thursday,1,1.10922,1.1081,0.0011200000000000099,long,2020-01-23 04:20:00,1.1079,2020-01-23 04:30:00,2020-01-23 04:35:00,1.10814,1.1079,1.1086199999999995,0.00023999999999979593,False,extreme,2020-01-23 04:50:00,1.1086199999999995,target,4,2.0,0,0.0,2.0,2.0000000000018505,0.16666666666604987
EURUSD,NY,2020-01-23,Thursday,2,1.10922,1.1081,0.0011200000000000099,short,2020-01-23 06:00:00,1.1094,2020-01-23 06:05:00,2020-01-23 06:10:00,1.109,1.1094,1.1082,0.00039999999999995595,False,extreme,2020-01-23 06:20:00,1.1094,stop,3,-1.0,0,0.0,-1.0,0.649999999999889,1.0500000000003331
EURUSD,NY,2020-01-23,Thursday,3,1.10922,1.1081,0.0011200000000000099,short,2020-01-23 06:20:00,1.10948,2020-01-23 06:50:00,2020-01-23 06:55:00,1.10916,1.10948,1.1085199999999997,0.000320000000000098,False,extreme,2020-01-23 07:55:00,1.1085199999999997,target,13,2.0,0,0.0,2.0,2.249999999998786,0.3124999999998699
EURUSD,NY,2020-01-23,Thursday,4,1.10922,1.1081,0.0011200000000000099,short,2020-01-23 08:20:00,1.10947,2020-01-23 08:25:00,2020-01-23 08:30:00,1.10902,1.10947,1.1081199999999998,0.00045000000000006146,False,extreme,2020-01-23 08:30:00,1.10947,stop,1,-1.0,0,0.0,-1.0,0.33333333333300436,4.088888888888472
EURUSD,NY,2020-01-23,Thursday,5,1.10922,1.1081,0.0011200000000000099,short,2020-01-23 08:30:00,1.11087,2020-01-23 08:40:00,2020-01-23 08:45:00,1.10884,1.11087,1.10478,0.0020299999999999763,False,extreme,2020-01-23 10:30:00,1.10478,target,22,2.0,0,0.0,2.0,2.3694581280788363,0.11330049261081535
EURUSD,NY,2020-01-24,Friday,1,1.10617,1.10426,0.0019100000000000783,long,2020-01-24 04:35:00,1.10408,2020-01-24 04:45:00,2020-01-24 04:50:00,1.10434,1.10408,1.1048600000000004,0.000260000000000149,False,extreme,2020-01-24 04:50:00,1.10408,stop,1,-1.0,0,0.0,-1.0,0.0,1.7692307692302436
EURUSD,NY,2020-01-27,Monday,1,1.10377,1.10254,0.0012299999999998423,long,2020-01-27 04:00:00,1.10152,2020-01-27 05:45:00,2020-01-27 05:50:00,1.10258,1.10152,1.1046999999999996,0.0010599999999998388,False,extreme,2020-01-27 10:20:00,1.10152,stop,55,-1.0,0,0.0,-1.0,0.603773584905937,1.0754716981132946
EURUSD,NY,2020-01-28,Tuesday,1,1.10236,1.10128,0.0010799999999999699,long,2020-01-28 06:45:00,1.0998,2020-01-28 13:10:00,2020-01-28 13:15:00,1.1013,1.0998,1.1042999999999996,0.0014999999999998348,False,extreme,2020-01-28 23:55:00,1.10132,end_of_day,129,0.013333333333422152,0,0.0,0.013333333333422152,0.9733333333334517,0.11999999999991118
EURUSD,NY,2020-01-29,Wednesday,1,1.10166,1.09998,0.0016800000000001258,long,2020-01-29 04:00:00,1.09946,2020-01-29 04:10:00,2020-01-29 04:15:00,1.10034,1.09946,1.1021,0.0008799999999999919,False,extreme,2020-01-29 08:25:00,1.09946,stop,51,-1.0,0,0.0,-1.0,0.27272727272704334,1.022727272727422
EURUSD,NY,2020-01-29,Wednesday,2,1.10166,1.09998,0.0016800000000001258,long,2020-01-29 08:15:00,1.09924,2020-01-29 10:00:00,2020-01-29 10:05:00,1.10016,1.09924,1.102,0.0009200000000000319,False,extreme,2020-01-29 14:50:00,1.102,target,58,2.0,0,0.0,2.0,2.076086956521752,0.7826086956522054
EURUSD,NY,2020-01-29,Wednesday,3,1.10166,1.09998,0.0016800000000001258,short,2020-01-29 14:45:00,1.10207,2020-01-29 15:00:00,2020-01-29 15:05:00,1.10163,1.10207,1.1007500000000001,0.00043999999999999595,False,extreme,2020-01-29 15:30:00,1.1007500000000001,target,6,2.0,0,0.0,2.0,2.136363636364026,0.0
EURUSD,NY,2020-01-29,Wednesday,4,1.10166,1.09998,0.0016800000000001258,short,2020-01-29 18:25:00,1.10182,2020-01-29 18:40:00,2020-01-29 18:45:00,1.10161,1.10182,1.10119,0.00021000000000004349,False,extreme,2020-01-29 20:45:00,1.10119,target,25,2.0,0,0.0,2.0,2.0476190476182925,0.5238095238096748
EURUSD,NY,2020-01-30,Thursday,1,1.10189,1.10068,0.0012099999999999334,short,2020-01-30 04:05:00,1.10214,2020-01-30 04:20:00,2020-01-30 04:25:00,1.10178,1.10214,1.1010600000000001,0.00035999999999991594,False,extreme,2020-01-30 06:50:00,1.10214,stop,30,-1.0,0,0.0,-1.0,1.7222222222228047,1.1666666666671806
EURUSD,NY,2020-01-30,Thursday,2,1.10189,1.10068,0.0012099999999999334,short,2020-01-30 06:20:00,1.10318,2020-01-30 09:30:00,2020-01-30 09:35:00,1.10185,1.10318,1.09919,0.0013300000000000534,False,extreme,2020-01-30 10:35:00,1.10318,stop,13,-1.0,0,0.0,-1.0,0.24812030075182573,1.2255639097744022
EURUSD,NY,2020-01-31,Friday,1,1.10304,1.1017,0.0013400000000001189,short,2020-01-31 04:35:00,1.10342,2020-01-31 04:40:00,2020-01-31 04:45:00,1.10279,1.10342,1.1015299999999997,0.0006300000000001305,False,extreme,2020-01-31 06:45:00,1.10342,stop,25,-1.0,0,0.0,-1.0,0.8095238095236584,1.079365079364878
EURUSD,NY,2020-02-03,Monday,1,1.10863,1.10643,0.0021999999999999797,long,2020-02-03 04:10:00,1.10592,2020-02-03 04:30:00,2020-02-03 04:35:00,1.10644,1.10592,1.1074800000000002,0.000520000000000076,False,extreme,2020-02-03 06:35:00,1.10592,stop,25,-1.0,0,0.0,-1.0,1.8846153846150726,1.0384615384613578
EURUSD,NY,2020-02-03,Monday,2,1.10863,1.10643,0.0021999999999999797,long,2020-02-03 06:05:00,1.10584,2020-02-03 07:05:00,2020-02-03 07:10:00,1.10644,1.10584,1.1076400000000004,0.000600000000000156,False,extreme,2020-02-03 09:10:00,1.10584,stop,25,-1.0,0,0.0,-1.0,0.39999999999992597,1.199999999999778
EURUSD,NY,2020-02-03,Monday,3,1.10863,1.10643,0.0021999999999999797,long,2020-02-03 08:50:00,1.1037,2020-02-03 12:10:00,2020-02-03 12:15:00,1.1066,1.1037,1.1124000000000003,0.0029000000000001247,False,extreme,2020-02-03 23:55:00,1.106,end_of_day,141,-0.20689655172410626,0,0.0,-0.20689655172410626,0.013793103448289063,0.36206896551722423
EURUSD,NY,2020-02-04,Tuesday,1,1.10638,1.1049,0.0014799999999999258,long,2020-02-04 07:05:00,1.1047,2020-02-04 07:10:00,2020-02-04 07:15:00,1.1049,1.1047,1.1053,0.00019999999999997797,False,extreme,2020-02-04 07:35:00,1.1047,stop,5,-1.0,0,0.0,-1.0,1.700000000000222,1.400000000000444
EURUSD,NY,2020-02-04,Tuesday,2,1.10638,1.1049,0.0014799999999999258,long,2020-02-04 07:35:00,1.1043,2020-02-04 08:15:00,2020-02-04 08:20:00,1.10502,1.1043,1.1064599999999996,0.0007199999999998319,False,extreme,2020-02-04 09:35:00,1.1043,stop,16,-1.0,0,0.0,-1.0,0.08333333333359033,1.1111111111112482
EURUSD,NY,2020-02-07,Friday,1,1.09834,1.09566,0.0026800000000000157,long,2020-02-07 04:55:00,1.09478,2020-02-07 06:25:00,2020-02-07 06:30:00,1.09574,1.09478,1.0976599999999996,0.0009599999999998499,False,extreme,2020-02-07 11:25:00,1.09478,stop,60,-1.0,0,0.0,-1.0,1.9791666666669896,1.0208333333334731
EURUSD,NY,2020-02-11,Tuesday,1,1.09154,1.09058,0.0009599999999998499,short,2020-02-11 05:25:00,1.09207,2020-02-11 06:35:00,2020-02-11 06:40:00,1.09153,1.09207,1.0904499999999995,0.000540000000000207,False,extreme,2020-02-11 08:00:00,1.0904499999999995,target,17,2.0,0,0.0,2.0,2.3148148148138783,0.20370370370372654
EURUSD,NY,2020-02-11,Tuesday,2,1.09154,1.09058,0.0009599999999998499,long,2020-02-11 08:00:00,1.08916,2020-02-11 09:05:00,2020-02-11 09:10:00,1.0908,1.08916,1.0940800000000002,0.0016400000000000858,False,extreme,2020-02-11 23:55:00,1.09124,end_of_day,178,0.26829268292681274,0,0.0,0.26829268292681274,1.0365853658536255,0.13414634146333868
EURUSD,NY,2020-02-12,Wednesday,1,1.09257,1.09024,0.0023299999999999432,long,2020-02-12 09:00:00,1.08998,2020-02-12 09:05:00,2020-02-12 09:10:00,1.09054,1.08998,1.0916600000000003,0.000560000000000116,False,extreme,2020-02-12 09:50:00,1.08998,stop,9,-1.0,0,0.0,-1.0,0.9285714285709754,1.071428571428628
EURUSD,NY,2020-02-13,Thursday,1,1.08878,1.08677,0.0020100000000000673,long,2020-02-13 06:20:00,1.08656,2020-02-13 06:30:00,2020-02-13 06:35:00,1.08706,1.08656,1.0880599999999998,0.0004999999999999449,False,extreme,2020-02-13 06:55:00,1.08656,stop,5,-1.0,0,0.0,-1.0,0.08000000000008882,2.900000000000222
EURUSD,NY,2020-02-13,Thursday,2,1.08878,1.08677,0.0020100000000000673,long,2020-02-13 06:50:00,1.08532,2020-02-13 08:15:00,2020-02-13 08:20:00,1.08685,1.08532,1.0899100000000002,0.0015300000000000313,False,extreme,2020-02-13 09:00:00,1.08532,stop,9,-1.0,0,0.0,-1.0,0.026143790849553684,1.117647058823572
EURUSD,NY,2020-02-14,Friday,1,1.08434,1.08322,0.0011200000000000099,short,2020-02-14 04:05:00,1.08502,2020-02-14 05:00:00,2020-02-14 05:05:00,1.08434,1.08502,1.08298,0.0006800000000000139,False,extreme,2020-02-14 08:40:00,1.08502,stop,44,-1.0,0,0.0,-1.0,1.5882352941178968,1.602941176470281
EURUSD,NY,2020-02-14,Friday,2,1.08434,1.08322,0.0011200000000000099,short,2020-02-14 08:30:00,1.08613,2020-02-14 11:05:00,2020-02-14 11:10:00,1.08423,1.08613,1.08043,0.0019000000000000128,False,extreme,2020-02-14 16:55:00,1.08302,friday_close,70,0.6368421052631186,0,0.0,0.6368421052631186,0.6789473684210551,0.21578947368422036
EURUSD,NY,2020-02-17,Monday,1,1.08464,1.0834,0.0012400000000001299,short,2020-02-17 04:00:00,1.0851,2020-02-17 04:20:00,2020-02-17 04:25:00,1.08454,1.0851,1.0834200000000003,0.0005599999999998939,False,extreme,2020-02-17 08:05:00,1.0834200000000003,target,45,2.0,0,0.0,2.0,2.1964285714291023,0.48214285714293503
EURUSD,NY,2020-02-17,Monday,2,1.08464,1.0834,0.0012400000000001299,long,2020-02-17 08:05:00,1.08321,2020-02-17 08:10:00,2020-02-17 08:15:00,1.08353,1.08321,1.0841700000000003,0.000320000000000098,False,extreme,2020-02-17 10:45:00,1.08321,stop,31,-1.0,0,0.0,-1.0,1.9062499999994145,1.156250000000282
EURUSD,NY,2020-02-17,Monday,3,1.08464,1.0834,0.0012400000000001299,long,2020-02-17 10:45:00,1.08292,2020-02-17 11:15:00,2020-02-17 11:20:00,1.08347,1.08292,1.0845699999999996,0.0005499999999998284,False,extreme,2020-02-17 19:20:00,1.08292,stop,97,-1.0,0,0.0,-1.0,0.9636363636369215,1.1636363636366793
EURUSD,NY,2020-02-18,Tuesday,1,1.08372,1.0825,0.0012199999999999989,long,2020-02-18 05:00:00,1.08213,2020-02-18 05:05:00,2020-02-18 05:10:00,1.08267,1.08213,1.08375,0.0005399999999999849,False,extreme,2020-02-18 07:10:00,1.08213,stop,25,-1.0,0,0.0,-1.0,1.8888888888889803,1.1666666666669407
EURUSD,NY,2020-02-19,Wednesday,1,1.08071,1.07915,0.0015600000000000058,long,2020-02-19 06:30:00,1.07846,2020-02-19 06:50:00,2020-02-19 06:55:00,1.07916,1.07846,1.0805599999999997,0.0006999999999999229,False,extreme,2020-02-19 09:55:00,1.07846,stop,37,-1.0,0,0.0,-1.0,1.7428571428573332,1.1428571428571428
EURUSD,NY,2020-02-19,Wednesday,2,1.08071,1.07915,0.0015600000000000058,long,2020-02-19 09:30:00,1.07822,2020-02-19 11:10:00,2020-02-19 11:15:00,1.07938,1.07822,1.0817,0.0011600000000000499,False,extreme,2020-02-19 23:55:00,1.07986,end_of_day,153,0.41379310344828907,0,0.0,0.41379310344828907,1.8448275862068437,0.6551724137931563
EURUSD,NY,2020-02-20,Thursday,1,1.07992,1.07778,0.0021400000000000308,short,2020-02-20 04:15:00,1.08062,2020-02-20 05:00:00,2020-02-20 05:05:00,1.07964,1.08062,1.07768,0.0009799999999999809,False,extreme,2020-02-20 09:00:00,1.08062,stop,48,-1.0,0,0.0,-1.0,1.0612244897958676,1.7959183673469572
EURUSD,NY,2020-02-20,Thursday,2,1.07992,1.07778,0.0021400000000000308,short,2020-02-20 08:55:00,1.08212,2020-02-20 11:20:00,2020-02-20 11:25:00,1.07922,1.08212,1.0734200000000003,0.0028999999999999027,False,extreme,2020-02-20 23:55:00,1.07946,end_of_day,151,-0.08275862068966415,0,0.0,-0.08275862068966415,0.3241379310345498,0.35862068965516025
EURUSD,NY,2020-02-24,Monday,1,1.08286,1.08052,0.0023400000000000087,short,2020-02-24 04:00:00,1.08418,2020-02-24 04:15:00,2020-02-24 04:20:00,1.08285,1.08418,1.0801900000000004,0.0013299999999998313,False,extreme,2020-02-24 09:50:00,1.08418,stop,67,-1.0,2,0.015037593984964315,-1.0150375939849643,1.1503759398497935,1.842105263158009
EURUSD,NY,2020-02-25,Tuesday,1,1.0866,1.08478,0.0018199999999999328,long,2020-02-25 05:00:00,1.08302,2020-02-25 10:20:00,2020-02-25 10:25:00,1.08482,1.08302,1.0884199999999995,0.0017999999999998018,False,extreme,2020-02-25 14:30:00,1.0884199999999995,target,50,2.0,0,0.0,2.0,2.0111111111114317,0.13333333333323466
EURUSD,NY,2020-02-25,Tuesday,2,1.0866,1.08478,0.0018199999999999328,short,2020-02-25 11:05:00,1.08904,2020-02-25 21:35:00,2020-02-25 21:40:00,1.08653,1.08904,1.08151,0.0025100000000000122,False,extreme,2020-02-25 23:55:00,1.08676,end_of_day,28,-0.09163346613543878,0,0.0,-0.09163346613543878,0.11155378486058033,0.21115537848602264
EURUSD,NY,2020-02-26,Wednesday,1,1.08978,1.08656,0.0032200000000000006,long,2020-02-26 08:45:00,1.08564,2020-02-26 08:50:00,2020-02-26 08:55:00,1.08657,1.08564,1.0884300000000002,0.0009300000000000974,False,extreme,2020-02-26 09:30:00,1.08564,stop,8,-1.0,0,0.0,-1.0,0.9892473118278877,1.129032258064393
EURUSD,NY,2020-02-26,Wednesday,2,1.08978,1.08656,0.0032200000000000006,long,2020-02-26 09:25:00,1.08552,2020-02-26 10:20:00,2020-02-26 10:25:00,1.08668,1.08552,1.0890000000000002,0.0011600000000000499,False,extreme,2020-02-26 11:25:00,1.0890000000000002,target,13,2.0,0,0.0,2.0,2.0517241379307967,0.3103448275863125
EURUSD,NY,2020-02-26,Wednesday,3,1.08978,1.08656,0.0032200000000000006,short,2020-02-26 14:40:00,1.08998,2020-02-26 14:45:00,2020-02-26 14:50:00,1.08978,1.08998,1.08938,0.00019999999999997797,False,extreme,2020-02-26 14:55:00,1.08998,stop,2,-1.0,0,0.0,-1.0,0.0,1.1000000000006662
EURUSD,NY,2020-02-26,Wednesday,4,1.08978,1.08656,0.0032200000000000006,short,2020-02-26 14:50:00,1.09,2020-02-26 15:00:00,2020-02-26 15:05:00,1.08946,1.09,1.0883800000000001,0.0005399999999999849,False,extreme,2020-02-26 15:45:00,1.0883800000000001,target,9,2.0,0,0.0,2.0,2.0925925925927906,0.037037037036869516
EURUSD,NY,2020-02-26,Wednesday,5,1.08978,1.08656,0.0032200000000000006,short,2020-02-26 19:05:00,1.09132,2020-02-26 20:05:00,2020-02-26 20:10:00,1.0897,1.09132,1.0864599999999995,0.0016200000000001769,False,extreme,2020-02-26 21:45:00,1.09132,stop,20,-1.0,0,0.0,-1.0,0.09876543209871635,1.0864197530864281
EURUSD,NY,2020-02-28,Friday,1,1.10342,1.09916,0.0042600000000001526,short,2020-02-28 04:05:00,1.10532,2020-02-28 05:20:00,2020-02-28 05:25:00,1.10286,1.10532,1.0979399999999997,0.0024600000000001288,False,extreme,2020-02-28 08:10:00,1.0979399999999997,target,34,2.0,0,0.0,2.0,2.195121951219336,0.5609756097561328
EURUSD,NY,2020-02-28,Friday,2,1.10342,1.09916,0.0042600000000001526,long,2020-02-28 07:40:00,1.0951,2020-02-28 11:05:00,2020-02-28 11:10:00,1.0999,1.0951,1.1095000000000004,0.0048000000000001375,False,extreme,2020-02-28 16:55:00,1.10289,friday_close,70,0.6229166666666126,0,0.0,0.6229166666666126,0.9791666666666233,0.3062500000000084
EURUSD,NY,2020-03-02,Monday,1,1.10932,1.10383,0.005489999999999995,short,2020-03-02 06:10:00,1.10952,2020-03-02 06:15:00,2020-03-02 06:20:00,1.10914,1.10952,1.10838,0.00038000000000004697,False,extreme,2020-03-02 06:20:00,1.10952,stop,1,-1.0,0,0.0,-1.0,0.02631578947385336,1.1578947368419514
EURUSD,NY,2020-03-03,Tuesday,1,1.11512,1.11066,0.0044599999999999085,long,2020-03-03 04:05:00,1.11002,2020-03-03 04:20:00,2020-03-03 04:25:00,1.11075,1.11002,1.1122099999999997,0.0007299999999998974,False,extreme,2020-03-03 04:40:00,1.1122099999999997,target,4,2.0,0,0.0,2.0,2.6438356164387105,0.013698630136773799
EURUSD,NY,2020-03-03,Tuesday,2,1.11512,1.11066,0.0044599999999999085,long,2020-03-03 08:15:00,1.10954,2020-03-03 08:40:00,2020-03-03 08:45:00,1.11066,1.10954,1.1129,0.0011200000000000099,False,extreme,2020-03-03 10:00:00,1.1129,target,16,2.0,0,0.0,2.0,7.22321428571416,0.01785714285706143
EURUSD,NY,2020-03-03,Tuesday,3,1.11512,1.11066,0.0044599999999999085,short,2020-03-03 10:00:00,1.12135,2020-03-03 11:20:00,2020-03-03 11:25:00,1.1144,1.12135,1.1005,0.006950000000000012,False,extreme,2020-03-03 23:55:00,1.11611,end_of_day,151,-0.24604316546760796,0,0.0,-0.24604316546760796,0.015827338129504216,0.7366906474820151
EURUSD,NY,2020-03-04,Wednesday,1,1.11875,1.11434,0.004409999999999803,long,2020-03-04 05:50:00,1.1136,2020-03-04 06:10:00,2020-03-04 06:15:00,1.11457,1.1136,1.1165100000000003,0.0009700000000001374,False,extreme,2020-03-04 07:20:00,1.1136,stop,14,-1.0,0,0.0,-1.0,0.9381443298967397,1.0824742268039655
EURUSD,NY,2020-03-09,Monday,1,1.14756,1.1381,0.009460000000000024,long,2020-03-09 05:10:00,1.13655,2020-03-09 05:30:00,2020-03-09 05:35:00,1.13824,1.13655,1.1416199999999999,0.0016899999999999693,False,extreme,2020-03-09 06:05:00,1.1416199999999999,target,7,2.0,0,0.0,2.0,2.1242603550296137,0.22485207100581764
EURUSD,NY,2020-03-09,Monday,2,1.14756,1.1381,0.009460000000000024,short,2020-03-09 09:35:00,1.14846,2020-03-09 09:40:00,2020-03-09 09:45:00,1.14652,1.14846,1.1426399999999999,0.0019400000000000528,False,extreme,2020-03-09 09:45:00,1.1426399999999999,target,1,2.0,0,0.0,2.0,2.989690721649417,0.036082474226810615
EURUSD,NY,2020-03-09,Monday,3,1.14756,1.1381,0.009460000000000024,long,2020-03-09 21:00:00,1.13718,2020-03-09 21:05:00,2020-03-09 21:10:00,1.13833,1.13718,1.14063,0.0011499999999999844,False,extreme,2020-03-09 21:50:00,1.14063,target,9,2.0,0,0.0,2.0,2.0,0.25217391304358905
EURUSD,NY,2020-03-10,Tuesday,1,1.13994,1.13323,0.006709999999999994,long,2020-03-10 12:20:00,1.13215,2020-03-10 12:25:00,2020-03-10 12:30:00,1.13392,1.13215,1.1374600000000001,0.0017700000000000493,False,extreme,2020-03-10 12:40:00,1.13215,stop,3,-1.0,0,0.0,-1.0,0.22598870056494055,1.683615819208983
EURUSD,NY,2020-03-10,Tuesday,2,1.13994,1.13323,0.006709999999999994,long,2020-03-10 12:35:00,1.12736,2020-03-10 23:30:00,2020-03-10 23:35:00,1.13331,1.12736,1.1452100000000003,0.005950000000000122,False,extreme,2020-03-10 23:55:00,1.13295,end_of_day,5,-0.060504201680694224,0,0.0,-0.060504201680694224,0.09075630252100401,0.09747899159664085
EURUSD,NY,2020-03-11,Wednesday,1,1.13668,1.13269,0.003989999999999938,long,2020-03-11 04:05:00,1.13015,2020-03-11 06:55:00,2020-03-11 07:00:00,1.13272,1.13015,1.1378599999999999,0.002569999999999961,False,extreme,2020-03-11 11:05:00,1.13015,stop,50,-1.0,0,0.0,-1.0,0.9571984435798311,1.373540856031162
EURUSD,NY,2020-03-11,Wednesday,2,1.13668,1.13269,0.003989999999999938,long,2020-03-11 10:30:00,1.12501,2020-03-11 21:30:00,2020-03-11 21:35:00,1.13274,1.12501,1.1482,0.007730000000000015,False,extreme,2020-03-11 23:55:00,1.13131,end_of_day,29,-0.18499353169470112,0,0.0,-0.18499353169470112,0.08020698576970786,0.2807244501940493
EURUSD,NY,2020-03-13,Friday,1,1.12213,1.11624,0.005890000000000173,long,2020-03-13 06:40:00,1.11532,2020-03-13 06:45:00,2020-03-13 06:50:00,1.11647,1.11532,1.11877,0.0011499999999999844,False,extreme,2020-03-13 07:00:00,1.11532,stop,3,-1.0,0,0.0,-1.0,0.052173913043434605,1.0173913043479403
EURUSD,NY,2020-03-13,Friday,2,1.12213,1.11624,0.005890000000000173,long,2020-03-13 06:50:00,1.11484,2020-03-13 07:20:00,2020-03-13 07:25:00,1.11697,1.11484,1.12123,0.0021299999999999653,False,extreme,2020-03-13 07:40:00,1.11484,stop,4,-1.0,0,0.0,-1.0,0.2723004694835842,1.1361502347418442
EURUSD,NY,2020-03-13,Friday,3,1.12213,1.11624,0.005890000000000173,long,2020-03-13 07:35:00,1.11397,2020-03-13 08:00:00,2020-03-13 08:05:00,1.11797,1.11397,1.12597,0.0040000000000000036,False,extreme,2020-03-13 08:30:00,1.11397,stop,6,-1.0,0,0.0,-1.0,0.11750000000004801,1.0974999999999726
EURUSD,NY,2020-03-16,Monday,1,1.11814,1.1108,0.007339999999999902,short,2020-03-16 04:00:00,1.12365,2020-03-16 06:20:00,2020-03-16 06:25:00,1.11528,1.12365,1.09854,0.008369999999999989,False,extreme,2020-03-16 23:55:00,1.11791,end_of_day,211,-0.31421744324969103,0,0.0,-0.31421744324969103,0.6989247311828125,0.5878136200716896
EURUSD,NY,2020-03-17,Tuesday,1,1.11856,1.11288,0.005679999999999907,long,2020-03-17 04:15:00,1.11256,2020-03-17 04:20:00,2020-03-17 04:25:00,1.11296,1.11256,1.1137599999999999,0.00039999999999995595,False,extreme,2020-03-17 04:30:00,1.11256,stop,2,-1.0,0,0.0,-1.0,1.200000000000222,1.549999999999778
EURUSD,NY,2020-03-18,Wednesday,1,1.10451,1.09661,0.007900000000000018,long,2020-03-18 04:50:00,1.09555,2020-03-18 04:55:00,2020-03-18 05:00:00,1.09728,1.09555,1.10074,0.0017300000000000093,False,extreme,2020-03-18 05:35:00,1.10074,target,8,2.0,0,0.0,2.0,2.1329479768785844,0.06936416184977998
EURUSD,NY,2020-03-18,Wednesday,2,1.10451,1.09661,0.007900000000000018,long,2020-03-18 08:20:00,1.09547,2020-03-18 08:30:00,2020-03-18 08:35:00,1.09746,1.09547,1.1014400000000004,0.0019900000000001583,False,extreme,2020-03-18 08:55:00,1.09547,stop,5,-1.0,0,0.0,-1.0,0.17085427135677383,2.336683417085263
EURUSD,NY,2020-03-18,Wednesday,3,1.10451,1.09661,0.007900000000000018,long,2020-03-18 08:50:00,1.08018,2020-03-18 19:00:00,2020-03-18 19:05:00,1.09752,1.09081,1.11094,0.006709999999999994,True,swing,2020-03-18 20:50:00,1.09081,stop,22,-1.0,0,0.0,-1.0,0.08941877794335834,1.0387481371088152
EURUSD,NY,2020-03-19,Thursday,1,1.09476,1.08451,0.01024999999999987,long,2020-03-19 04:05:00,1.08134,2020-03-19 04:15:00,2020-03-19 04:20:00,1.08528,1.08134,1.0931600000000001,0.003940000000000055,False,extreme,2020-03-19 06:00:00,1.08134,stop,21,-1.0,0,0.0,-1.0,0.9441624365481964,1.1040609137055877
EURUSD,NY,2020-03-20,Friday,1,1.08308,1.07272,0.010360000000000147,long,2020-03-20 05:45:00,1.07144,2020-03-20 05:50:00,2020-03-20 05:55:00,1.07348,1.07144,1.07756,0.0020400000000000418,False,extreme,2020-03-20 06:05:00,1.07144,stop,3,-1.0,0,0.0,-1.0,0.0,1.4215686274509036
EURUSD,NY,2020-03-20,Friday,2,1.08308,1.07272,0.010360000000000147,long,2020-03-20 05:55:00,1.07058,2020-03-20 06:10:00,2020-03-20 06:15:00,1.07284,1.07058,1.0773599999999999,0.0022599999999999287,False,extreme,2020-03-20 07:20:00,1.07058,stop,14,-1.0,0,0.0,-1.0,1.314159292035403,1.256637168141612
EURUSD,NY,2020-03-20,Friday,3,1.08308,1.07272,0.010360000000000147,long,2020-03-20 07:05:00,1.06966,2020-03-20 07:40:00,2020-03-20 07:45:00,1.0731,1.06966,1.0799799999999997,0.0034399999999998876,False,extreme,2020-03-20 09:15:00,1.06966,stop,19,-1.0,0,0.0,-1.0,0.8430232558140173,1.1860465116279055
EURUSD,NY,2020-03-20,Friday,4,1.08308,1.07272,0.010360000000000147,long,2020-03-20 08:50:00,1.06776,2020-03-20 10:15:00,2020-03-20 10:20:00,1.07434,1.06776,1.0875000000000001,0.00658000000000003,False,extreme,2020-03-20 11:55:00,1.06776,stop,20,-1.0,0,0.0,-1.0,0.07294832826748233,1.218844984802447
EURUSD,NY,2020-03-23,Monday,1,1.07688,1.06895,0.007929999999999993,long,2020-03-23 05:20:00,1.06843,2020-03-23 05:25:00,2020-03-23 05:30:00,1.06895,1.06843,1.0699900000000002,0.000520000000000076,False,extreme,2020-03-23 05:30:00,1.06843,stop,1,-1.0,0,0.0,-1.0,0.21153846153810843,2.519230769230679
EURUSD,NY,2020-03-23,Monday,2,1.07688,1.06895,0.007929999999999993,long,2020-03-23 05:30:00,1.06674,2020-03-23 06:55:00,2020-03-23 07:00:00,1.06916,1.06674,1.0740000000000003,0.0024200000000000887,False,extreme,2020-03-23 07:45:00,1.06674,stop,10,-1.0,0,0.0,-1.0,0.2933884297520506,1.0371900826445952
EURUSD,NY,2020-03-23,Monday,3,1.07688,1.06895,0.007929999999999993,long,2020-03-23 07:10:00,1.06665,2020-03-23 08:00:00,2020-03-23 08:05:00,1.07323,1.06665,1.0863899999999995,0.006579999999999808,False,extreme,2020-03-23 23:55:00,1.08003,end_of_day,191,1.0334346504559784,0,0.0,1.0334346504559784,1.4513677811550834,0.21124620060790925
EURUSD,NY,2020-03-24,Tuesday,1,1.08664,1.07758,0.009060000000000068,short,2020-03-24 06:10:00,1.08787,2020-03-24 06:15:00,2020-03-24 06:20:00,1.08663,1.08787,1.0841500000000002,0.0012399999999999078,False,extreme,2020-03-24 06:55:00,1.08787,stop,8,-1.0,0,0.0,-1.0,1.2741935483871227,1.4677419354839258
EURUSD,NY,2020-03-24,Tuesday,2,1.08664,1.07758,0.009060000000000068,short,2020-03-24 06:50:00,1.08882,2020-03-24 07:20:00,2020-03-24 07:25:00,1.08573,1.08882,1.0795500000000005,0.003089999999999815,False,extreme,2020-03-24 09:40:00,1.0795500000000005,target,28,2.0,0,0.0,2.0,2.2265372168286115,0.5954692556634148
EURUSD,NY,2020-03-24,Tuesday,3,1.08664,1.07758,0.009060000000000068,long,2020-03-24 10:30:00,1.07693,2020-03-24 10:40:00,2020-03-24 10:45:00,1.07893,1.07693,1.08293,0.0020000000000000018,False,extreme,2020-03-24 13:25:00,1.07693,stop,33,-1.0,0,0.0,-1.0,1.5549999999999717,1.0949999999999562
EURUSD,NY,2020-03-24,Tuesday,4,1.08664,1.07758,0.009060000000000068,long,2020-03-24 13:25:00,1.0746,2020-03-24 16:25:00,2020-03-24 16:30:00,1.07781,1.0746,1.0842299999999998,0.003209999999999935,False,extreme,2020-03-24 23:55:00,1.08092,end_of_day,90,0.9688473520249941,0,0.0,0.9688473520249941,1.4330218068536613,0.5482866043613768
EURUSD,NY,2020-03-25,Wednesday,1,1.08405,1.07925,0.0047999999999999154,short,2020-03-25 05:15:00,1.08468,2020-03-25 05:20:00,2020-03-25 05:25:00,1.08372,1.08468,1.0817999999999999,0.0009600000000000719,False,extreme,2020-03-25 05:40:00,1.08468,stop,4,-1.0,0,0.0,-1.0,0.6249999999998843,1.0312499999999711
EURUSD,NY,2020-03-25,Wednesday,2,1.08405,1.07925,0.0047999999999999154,short,2020-03-25 05:40:00,1.08496,2020-03-25 06:05:00,2020-03-25 06:10:00,1.08403,1.08496,1.0821700000000003,0.0009299999999998754,False,extreme,2020-03-25 06:35:00,1.0821700000000003,target,6,2.0,0,0.0,2.0,3.0430107526886983,0.8387096774194703
EURUSD,NY,2020-03-25,Wednesday,3,1.08405,1.07925,0.0047999999999999154,long,2020-03-25 11:25:00,1.07851,2020-03-25 11:30:00,2020-03-25 11:35:00,1.08002,1.07851,1.0830399999999998,0.0015099999999999003,False,extreme,2020-03-25 11:55:00,1.0830399999999998,target,5,2.0,0,0.0,2.0,2.5364238410597704,0.5496688741721465
EURUSD,NY,2020-03-26,Thursday,1,1.09289,1.08968,0.003209999999999935,short,2020-03-26 04:05:00,1.094,2020-03-26 04:20:00,2020-03-26 04:25:00,1.09229,1.094,1.0888699999999998,0.0017100000000001003,False,extreme,2020-03-26 04:40:00,1.094,stop,4,-1.0,0,0.0,-1.0,0.07017543859642744,1.0
EURUSD,NY,2020-03-27,Friday,1,1.10792,1.10088,0.007039999999999935,long,2020-03-27 05:20:00,1.09934,2020-03-27 05:45:00,2020-03-27 05:50:00,1.10098,1.09934,1.1042600000000002,0.0016400000000000858,False,extreme,2020-03-27 06:15:00,1.09934,stop,6,-1.0,0,0.0,-1.0,0.5548780487804382,1.1585365853658007
EURUSD,NY,2020-03-27,Friday,2,1.10792,1.10088,0.007039999999999935,long,2020-03-27 05:55:00,1.09908,2020-03-27 06:40:00,2020-03-27 06:45:00,1.10137,1.09908,1.1059499999999998,0.0022899999999999032,False,extreme,2020-03-27 08:35:00,1.09908,stop,23,-1.0,0,0.0,-1.0,0.781659388646303,1.4454148471616
EURUSD,NY,2020-03-27,Friday,3,1.10792,1.10088,0.007039999999999935,long,2020-03-27 08:30:00,1.09536,2020-03-27 11:05:00,2020-03-27 11:10:00,1.10172,1.09536,1.1144400000000003,0.006360000000000143,False,extreme,2020-03-27 16:15:00,1.1144400000000003,target,62,2.0,0,0.0,2.0,2.044025157232643,0.022012578616356263
EURUSD,NY,2020-03-30,Monday,1,1.11062,1.10605,0.004569999999999963,long,2020-03-30 06:15:00,1.10562,2020-03-30 06:35:00,2020-03-30 06:40:00,1.10648,1.10562,1.1081999999999996,0.0008599999999998609,False,extreme,2020-03-30 07:15:00,1.10562,stop,8,-1.0,0,0.0,-1.0,0.9767441860468719,1.069767441860417
EURUSD,NY,2020-03-31,Tuesday,1,1.10276,1.09908,0.0036799999999999056,long,2020-03-31 04:50:00,1.09268,2020-03-31 11:10:00,2020-03-31 11:15:00,1.09926,1.09268,1.1124199999999995,0.006579999999999808,False,extreme,2020-03-31 23:55:00,1.10195,end_of_day,153,0.40881458966567774,0,0.0,0.40881458966567774,0.702127659574499,0.42097264437690274
EURUSD,NY,2020-04-01,Wednesday,1,1.10333,1.09582,0.007509999999999906,long,2020-04-01 04:05:00,1.09028,2020-04-01 16:05:00,2020-04-01 16:10:00,1.0961,1.09028,1.1077400000000004,0.005820000000000158,False,extreme,2020-04-01 23:55:00,1.0939,end_of_day,94,-0.3780068728522199,0,0.0,-0.3780068728522199,0.15120274914088797,0.5326460481099687
EURUSD,NY,2020-04-02,Thursday,1,1.09645,1.09317,0.0032799999999999496,long,2020-04-02 04:05:00,1.09147,2020-04-02 05:20:00,2020-04-02 05:25:00,1.09322,1.09147,1.0967200000000004,0.0017500000000001403,False,extreme,2020-04-02 06:55:00,1.09147,stop,19,-1.0,0,0.0,-1.0,0.43428571428560625,1.0228571428571638
EURUSD,NY,2020-04-03,Friday,1,1.08514,1.07875,0.006389999999999896,long,2020-04-03 07:50:00,1.07868,2020-04-03 07:55:00,2020-04-03 08:00:00,1.07889,1.07868,1.0793099999999995,0.00020999999999982144,False,extreme,2020-04-03 08:00:00,1.07868,stop,1,-1.0,0,0.0,-1.0,1.857142857144972,1.9523809523816573
EURUSD,NY,2020-04-03,Friday,2,1.08514,1.07875,0.006389999999999896,long,2020-04-03 08:10:00,1.0783,2020-04-03 08:15:00,2020-04-03 08:20:00,1.07928,1.0783,1.08124,0.0009799999999999809,False,extreme,2020-04-03 08:30:00,1.0783,stop,3,-1.0,0,0.0,-1.0,1.3775510204081518,1.5102040816326068
EURUSD,NY,2020-04-03,Friday,3,1.08514,1.07875,0.006389999999999896,long,2020-04-03 08:30:00,1.0778,2020-04-03 08:35:00,2020-04-03 08:40:00,1.07957,1.0778,1.0831099999999996,0.0017699999999998273,False,extreme,2020-04-03 08:55:00,1.0778,stop,4,-1.0,0,0.0,-1.0,0.09604519774012434,1.1468926553673302
EURUSD,NY,2020-04-03,Friday,4,1.08514,1.07875,0.006389999999999896,long,2020-04-03 08:55:00,1.07752,2020-04-03 09:15:00,2020-04-03 09:20:00,1.07952,1.07752,1.08352,0.0020000000000000018,False,extreme,2020-04-03 10:50:00,1.07752,stop,19,-1.0,0,0.0,-1.0,0.14999999999998334,1.1250000000000415
EURUSD,NY,2020-04-03,Friday,5,1.08514,1.07875,0.006389999999999896,long,2020-04-03 10:30:00,1.07727,2020-04-03 10:55:00,2020-04-03 11:00:00,1.07973,1.07727,1.0846500000000003,0.0024600000000001288,False,extreme,2020-04-03 16:55:00,1.08075,friday_close,72,0.4146341463414502,0,0.0,0.4146341463414502,1.2601626016259018,0.7764227642276335
EURUSD,NY,2020-04-06,Monday,1,1.08356,1.0807,0.0028600000000000847,long,2020-04-06 04:20:00,1.08053,2020-04-06 04:25:00,2020-04-06 04:30:00,1.08094,1.08053,1.08176,0.00041000000000002146,False,extreme,2020-04-06 04:30:00,1.08053,stop,1,-1.0,0,0.0,-1.0,0.1951219512196971,4.146341463414502
EURUSD,NY,2020-04-06,Monday,2,1.08356,1.0807,0.0028600000000000847,long,2020-04-06 04:30:00,1.07833,2020-04-06 05:40:00,2020-04-06 05:45:00,1.08083,1.07833,1.0858299999999999,0.0024999999999999467,False,extreme,2020-04-06 08:35:00,1.07833,stop,35,-1.0,0,0.0,-1.0,0.396000000000027,1.0040000000000262
EURUSD,NY,2020-04-06,Monday,3,1.08356,1.0807,0.0028600000000000847,long,2020-04-06 07:25:00,1.07685,2020-04-06 10:10:00,2020-04-06 10:15:00,1.08086,1.07685,1.0888799999999996,0.004009999999999847,False,extreme,2020-04-06 23:55:00,1.08146,end_of_day,165,0.14962593516213937,0,0.0,0.14962593516213937,0.2493765586035287,0.7680798004987753
EURUSD,NY,2020-04-07,Tuesday,1,1.08787,1.08114,0.006729999999999903,short,2020-04-07 06:00:00,1.08932,2020-04-07 06:55:00,2020-04-07 07:00:00,1.08781,1.08932,1.0847899999999997,0.0015100000000001224,False,extreme,2020-04-07 08:15:00,1.08932,stop,16,-1.0,0,0.0,-1.0,1.1589403973508454,1.2516556291389365
EURUSD,NY,2020-04-07,Tuesday,2,1.08787,1.08114,0.006729999999999903,short,2020-04-07 08:00:00,1.09266,2020-04-07 20:30:00,2020-04-07 20:35:00,1.08782,1.09266,1.07814,0.0048399999999999554,False,extreme,2020-04-07 23:55:00,1.08598,end_of_day,41,0.380165289256215,0,0.0,0.380165289256215,0.40082644628100633,0.024793388429731212
EURUSD,NY,2020-04-09,Thursday,1,1.08823,1.0841,0.004129999999999967,short,2020-04-09 05:55:00,1.0888,2020-04-09 06:00:00,2020-04-09 06:05:00,1.08823,1.0888,1.0870900000000001,0.0005699999999999594,False,extreme,2020-04-09 06:15:00,1.0888,stop,3,-1.0,0,0.0,-1.0,0.8771929824561062,1.2631578947370266
EURUSD,NY,2020-04-09,Thursday,2,1.08823,1.0841,0.004129999999999967,short,2020-04-09 06:15:00,1.08895,2020-04-09 06:20:00,2020-04-09 06:25:00,1.0882,1.08895,1.0867,0.0007500000000000284,False,extreme,2020-04-09 06:40:00,1.0867,target,4,2.0,0,0.0,2.0,2.1733333333332783,0.1599999999998579
EURUSD,NY,2020-04-13,Monday,1,1.09678,1.09331,0.003470000000000084,long,2020-04-13 04:20:00,1.09272,2020-04-13 04:50:00,2020-04-13 04:55:00,1.09338,1.09272,1.0947000000000002,0.000660000000000105,False,extreme,2020-04-13 06:10:00,1.09272,stop,16,-1.0,0,0.0,-1.0,0.7575757575755537,4.272727272726661
EURUSD,NY,2020-04-13,Monday,2,1.09678,1.09331,0.003470000000000084,long,2020-04-13 06:05:00,1.08927,2020-04-13 21:45:00,2020-04-13 21:50:00,1.09337,1.08927,1.10157,0.0040999999999999925,False,extreme,2020-04-13 23:55:00,1.0947,end_of_day,26,0.32439024390245264,0,0.0,0.32439024390245264,0.3682926829268598,0.10000000000000542
EURUSD,NY,2020-04-14,Tuesday,1,1.09488,1.09242,0.0024600000000001288,long,2020-04-14 04:10:00,1.09151,2020-04-14 04:45:00,2020-04-14 04:50:00,1.09242,1.09151,1.0942399999999999,0.0009099999999999664,False,extreme,2020-04-14 05:30:00,1.0942399999999999,target,9,2.0,0,0.0,2.0,2.2307692307692872,0.9450549450548271
EURUSD,NY,2020-04-14,Tuesday,2,1.09488,1.09242,0.0024600000000001288,short,2020-04-14 05:40:00,1.09576,2020-04-14 05:50:00,2020-04-14 05:55:00,1.09476,1.09576,1.0927599999999997,0.001000000000000112,False,extreme,2020-04-14 07:45:00,1.09576,stop,23,-1.0,0,0.0,-1.0,0.9899999999999356,1.5599999999998313
EURUSD,NY,2020-04-15,Wednesday,1,1.0979,1.09286,0.0050400000000001555,long,2020-04-15 04:00:00,1.09238,2020-04-15 04:05:00,2020-04-15 04:10:00,1.0934,1.09238,1.09544,0.0010200000000000209,False,extreme,2020-04-15 04:45:00,1.09238,stop,8,-1.0,0,0.0,-1.0,0.5588235294119311,1.1568627450979752
EURUSD,NY,2020-04-15,Wednesday,2,1.0979,1.09286,0.0050400000000001555,long,2020-04-15 04:40:00,1.09204,2020-04-15 04:55:00,2020-04-15 05:00:00,1.09324,1.09204,1.0956400000000002,0.0012000000000000899,False,extreme,2020-04-15 06:30:00,1.09204,stop,19,-1.0,0,0.0,-1.0,0.541666666666659,2.183333333333225
EURUSD,NY,2020-04-15,Wednesday,3,1.0979,1.09286,0.0050400000000001555,long,2020-04-15 06:25:00,1.08564,2020-04-15 14:10:00,2020-04-15 14:15:00,1.09303,1.08564,1.10781,0.007390000000000008,False,extreme,2020-04-15 23:55:00,1.08736,end_of_day,117,-0.767253044654917,0,0.0,-0.767253044654917,0.11502029769959628,0.7780784844384189
EURUSD,NY,2020-04-16,Thursday,1,1.0905,1.08646,0.0040400000000000436,long,2020-04-16 05:45:00,1.08606,2020-04-16 05:55:00,2020-04-16 06:00:00,1.08688,1.08606,1.0885200000000002,0.0008200000000000429,False,extreme,2020-04-16 06:05:00,1.08606,stop,2,-1.0,0,0.0,-1.0,0.39024390243885265,1.9024390243901514
EURUSD,NY,2020-04-16,Thursday,2,1.0905,1.08646,0.0040400000000000436,long,2020-04-16 06:05:00,1.08532,2020-04-16 06:10:00,2020-04-16 06:15:00,1.0867,1.08532,1.0894599999999999,0.0013799999999999368,False,extreme,2020-04-16 08:20:00,1.0894599999999999,target,26,2.0,0,0.0,2.0,2.4420289855074273,0.09420289855070249
EURUSD,NY,2020-04-16,Thursday,3,1.0905,1.08646,0.0040400000000000436,long,2020-04-16 10:50:00,1.08165,2020-04-16 19:30:00,2020-04-16 19:35:00,1.08662,1.08165,1.0965599999999998,0.004969999999999919,False,extreme,2020-04-16 23:55:00,1.08666,end_of_day,53,0.008048289738438763,0,0.0,0.008048289738438763,0.24949698189137828,0.2434607645875157
EURUSD,NY,2020-04-17,Friday,1,1.08745,1.08199,0.00546000000000002,long,2020-04-17 05:30:00,1.08174,2020-04-17 05:35:00,2020-04-17 05:40:00,1.08225,1.08174,1.08327,0.0005100000000000104,False,extreme,2020-04-17 05:55:00,1.08174,stop,4,-1.0,0,0.0,-1.0,0.9607843137256695,1.4117647058819944
EURUSD,NY,2020-04-17,Friday,2,1.08745,1.08199,0.00546000000000002,long,2020-04-17 05:55:00,1.0812,2020-04-17 06:15:00,2020-04-17 06:20:00,1.08208,1.0812,1.08384,0.0008799999999999919,False,extreme,2020-04-17 07:00:00,1.08384,target,9,2.0,0,0.0,2.0,2.2272727272727044,0.2045454545452825
EURUSD,NY,2020-04-17,Friday,3,1.08745,1.08199,0.00546000000000002,short,2020-04-17 09:45:00,1.08927,2020-04-17 12:20:00,2020-04-17 12:25:00,1.08723,1.08927,1.0831499999999998,0.0020400000000000418,False,extreme,2020-04-17 16:55:00,1.08712,friday_close,55,0.053921568627367744,0,0.0,0.053921568627367744,0.6274509803921184,0.6176470588235358
EURUSD,NY,2020-04-20,Monday,1,1.08724,1.08413,0.003109999999999946,short,2020-04-20 04:45:00,1.08968,2020-04-20 06:15:00,2020-04-20 06:20:00,1.0871,1.08968,1.08194,0.0025800000000000267,False,extreme,2020-04-20 23:55:00,1.08378,end_of_day,212,1.2868217054263393,0,0.0,1.2868217054263393,1.7558139534883241,0.6317829457364355
EURUSD,NY,2020-04-21,Tuesday,1,1.08459,1.08268,0.0019099999999998563,long,2020-04-21 04:00:00,1.08202,2020-04-21 04:20:00,2020-04-21 04:25:00,1.08275,1.08202,1.0842100000000003,0.0007300000000001194,False,extreme,2020-04-21 04:45:00,1.0842100000000003,target,5,2.0,0,0.0,2.0,2.712328767122667,0.20547945205489035
EURUSD,NY,2020-04-21,Tuesday,2,1.08459,1.08268,0.0019099999999998563,short,2020-04-21 05:30:00,1.08533,2020-04-21 05:35:00,2020-04-21 05:40:00,1.08436,1.08533,1.0824200000000002,0.0009699999999999154,False,extreme,2020-04-21 06:15:00,1.0824200000000002,target,8,2.0,0,0.0,2.0,2.12371134020632,0.20618556701030455
EURUSD,NY,2020-04-21,Tuesday,3,1.08459,1.08268,0.0019099999999998563,long,2020-04-21 06:15:00,1.0823,2020-04-21 06:25:00,2020-04-21 06:30:00,1.08304,1.0823,1.08452,0.0007399999999999629,False,extreme,2020-04-21 09:00:00,1.0823,stop,31,-1.0,0,0.0,-1.0,1.864864864864873,1.8783783783784758
EURUSD,NY,2020-04-21,Tuesday,4,1.08459,1.08268,0.0019099999999998563,long,2020-04-21 09:00:00,1.08165,2020-04-21 09:10:00,2020-04-21 09:15:00,1.08292,1.08165,1.0854600000000003,0.0012700000000001044,False,extreme,2020-04-21 09:45:00,1.0854600000000003,target,7,2.0,0,0.0,2.0,3.574803149605996,0.18897637795275452
EURUSD,NY,2020-04-21,Tuesday,5,1.08459,1.08268,0.0019099999999998563,short,2020-04-21 09:45:00,1.08803,2020-04-21 10:40:00,2020-04-21 10:45:00,1.08452,1.08803,1.0774999999999997,0.003510000000000124,False,extreme,2020-04-21 23:55:00,1.08509,end_of_day,159,-0.16239316239320836,0,0.0,-0.16239316239320836,0.09971509971505357,0.7948717948717867
EURUSD,NY,2020-04-22,Wednesday,1,1.08737,1.0845,0.002869999999999928,short,2020-04-22 07:10:00,1.08852,2020-04-22 07:25:00,2020-04-22 07:30:00,1.08725,1.08852,1.0847100000000003,0.0012699999999998823,False,extreme,2020-04-22 10:15:00,1.0847100000000003,target,34,2.0,0,0.0,2.0,2.102362204724565,0.5511811023621951
EURUSD,NY,2020-04-23,Thursday,1,1.08345,1.07843,0.0050200000000000244,long,2020-04-23 05:15:00,1.07794,2020-04-23 05:30:00,2020-04-23 05:35:00,1.07847,1.07794,1.0795300000000003,0.0005300000000001415,False,extreme,2020-04-23 05:50:00,1.07794,stop,4,-1.0,0,0.0,-1.0,1.7547169811313719,1.6981132075469485
EURUSD,NY,2020-04-23,Thursday,2,1.08345,1.07843,0.0050200000000000244,long,2020-04-23 05:45:00,1.0756,2020-04-23 07:10:00,2020-04-23 07:15:00,1.07922,1.0756,1.0864600000000004,0.0036200000000001786,False,extreme,2020-04-23 23:55:00,1.07713,end_of_day,201,-0.5773480662983548,0,0.0,-0.5773480662983548,1.5082872928176108,0.848066298342535
EURUSD,NY,2020-04-27,Monday,1,1.08593,1.08301,0.0029200000000000337,long,2020-04-27 11:50:00,1.08165,2020-04-27 13:35:00,2020-04-27 13:40:00,1.08306,1.08165,1.0858799999999997,0.0014099999999999113,False,extreme,2020-04-27 23:55:00,1.08242,end_of_day,124,-0.4539007092198682,0,0.0,-0.4539007092198682,0.3971631205674831,0.730496453900659
EURUSD,NY,2020-04-28,Tuesday,1,1.08408,1.08096,0.0031200000000000117,short,2020-04-28 04:05:00,1.08884,2020-04-28 10:55:00,2020-04-28 11:00:00,1.08324,1.08884,1.0720399999999999,0.005600000000000049,False,extreme,2020-04-28 23:55:00,1.08467,end_of_day,156,-0.25535714285714817,0,0.0,-0.25535714285714817,0.27857142857142714,0.3928571428571358
EURUSD,NY,2020-04-29,Wednesday,1,1.08718,1.08392,0.0032600000000000406,short,2020-04-29 04:15:00,1.08734,2020-04-29 04:20:00,2020-04-29 04:25:00,1.08676,1.08734,1.0856,0.0005800000000000249,False,extreme,2020-04-29 04:40:00,1.08734,stop,4,-1.0,0,0.0,-1.0,0.6206896551722422,1.1206896551724337
EURUSD,NY,2020-04-29,Wednesday,2,1.08718,1.08392,0.0032600000000000406,short,2020-04-29 14:00:00,1.08817,2020-04-29 14:05:00,2020-04-29 14:10:00,1.08664,1.08817,1.08358,0.0015300000000000313,False,extreme,2020-04-29 14:35:00,1.08817,stop,6,-1.0,0,0.0,-1.0,0.05228758169939763,1.1372549019606648
EURUSD,NY,2020-04-29,Wednesday,3,1.08718,1.08392,0.0032600000000000406,short,2020-04-29 14:35:00,1.08856,2020-04-29 14:50:00,2020-04-29 14:55:00,1.08708,1.08856,1.0841200000000002,0.0014799999999999258,False,extreme,2020-04-29 23:55:00,1.08631,end_of_day,109,0.5202702702702541,0,0.0,0.5202702702702541,1.3040540540541108,0.8108108108107621
EURUSD,NY,2020-04-30,Thursday,1,1.08912,1.08535,0.003770000000000051,long,2020-04-30 09:05:00,1.0833,2020-04-30 09:50:00,2020-04-30 09:55:00,1.08534,1.0833,1.08942,0.0020400000000000418,False,extreme,2020-04-30 10:25:00,1.08942,target,7,2.0,0,0.0,2.0,2.024509803921511,0.22058823529414326
EURUSD,NY,2020-04-30,Thursday,2,1.08912,1.08535,0.003770000000000051,short,2020-04-30 10:25:00,1.08999,2020-04-30 10:35:00,2020-04-30 10:40:00,1.08908,1.08999,1.0872600000000001,0.0009099999999999664,False,extreme,2020-04-30 10:45:00,1.08999,stop,2,-1.0,0,0.0,-1.0,0.2527472527472098,1.6043956043956822
EURUSD,NY,2020-05-01,Friday,1,1.09697,1.0944,0.002569999999999961,short,2020-05-01 04:20:00,1.09796,2020-05-01 04:25:00,2020-05-01 04:30:00,1.09672,1.09796,1.0942399999999997,0.0012400000000001299,False,extreme,2020-05-01 05:20:00,1.09796,stop,11,-1.0,0,0.0,-1.0,0.1774193548385999,1.0
EURUSD,NY,2020-05-06,Wednesday,1,1.08411,1.08163,0.0024799999999998157,long,2020-05-06 04:05:00,1.0782,2020-05-06 08:45:00,2020-05-06 08:50:00,1.08181,1.0782,1.0890299999999997,0.003609999999999891,False,extreme,2020-05-06 23:55:00,1.08008,end_of_day,182,-0.47922437673131896,0,0.0,-0.47922437673131896,0.2409972299169459,0.8199445983379338
EURUSD,NY,2020-05-07,Thursday,1,1.08164,1.07862,0.0030200000000000227,long,2020-05-07 05:05:00,1.07783,2020-05-07 05:30:00,2020-05-07 05:35:00,1.07902,1.07783,1.0814000000000001,0.0011900000000000244,False,extreme,2020-05-07 08:20:00,1.07783,stop,34,-1.0,0,0.0,-1.0,0.9327731092436317,1.1512605042017356
EURUSD,NY,2020-05-07,Thursday,2,1.08164,1.07862,0.0030200000000000227,long,2020-05-07 08:10:00,1.07765,2020-05-07 08:35:00,2020-05-07 08:40:00,1.07898,1.07765,1.0816400000000002,0.0013300000000000534,False,extreme,2020-05-07 10:00:00,1.07765,stop,17,-1.0,0,0.0,-1.0,0.7218045112780537,1.7218045112782205
EURUSD,NY,2020-05-07,Thursday,3,1.08164,1.07862,0.0030200000000000227,long,2020-05-07 09:45:00,1.07666,2020-05-07 11:25:00,2020-05-07 11:30:00,1.07885,1.07666,1.0832300000000004,0.0021900000000001363,False,extreme,2020-05-07 13:40:00,1.0832300000000004,target,27,2.0,0,0.0,2.0,2.0593607305934856,0.14611872146122287
EURUSD,NY,2020-05-08,Friday,1,1.08479,1.08241,0.0023799999999998267,long,2020-05-08 04:00:00,1.08195,2020-05-08 04:10:00,2020-05-08 04:15:00,1.08242,1.08195,1.0833599999999999,0.00046999999999997044,False,extreme,2020-05-08 04:55:00,1.0833599999999999,target,9,2.0,0,0.0,2.0,2.319148936170434,0.3829787234039538
EURUSD,NY,2020-05-08,Friday,2,1.08479,1.08241,0.0023799999999998267,short,2020-05-08 08:25:00,1.08518,2020-05-08 08:30:00,2020-05-08 08:35:00,1.08314,1.08518,1.07906,0.0020400000000000418,False,extreme,2020-05-08 10:40:00,1.08518,stop,26,-1.0,0,0.0,-1.0,0.7990196078431309,1.0882352941176792
EURUSD,NY,2020-05-08,Friday,3,1.08479,1.08241,0.0023799999999998267,short,2020-05-08 10:40:00,1.08756,2020-05-08 12:05:00,2020-05-08 12:10:00,1.08472,1.08756,1.0790399999999996,0.0028400000000001757,False,extreme,2020-05-08 16:55:00,1.08384,friday_close,58,0.30985915492955546,0,0.0,0.30985915492955546,0.5105633802816414,0.22183098591552516
EURUSD,NY,2020-05-11,Monday,1,1.08498,1.08264,0.0023400000000000087,long,2020-05-11 04:15:00,1.08088,2020-05-11 05:45:00,2020-05-11 05:50:00,1.08275,1.08088,1.0864900000000002,0.0018700000000000383,False,extreme,2020-05-11 11:10:00,1.08088,stop,65,-1.0,0,0.0,-1.0,0.8823529411764147,1.3208556149733388
EURUSD,NY,2020-05-12,Tuesday,1,1.08278,1.08002,0.0027600000000000957,short,2020-05-12 06:25:00,1.08368,2020-05-12 06:40:00,2020-05-12 06:45:00,1.08264,1.08368,1.0805600000000002,0.0010399999999999299,False,extreme,2020-05-12 07:00:00,1.08368,stop,4,-1.0,0,0.0,-1.0,0.24038461538471187,1.096153846153842
EURUSD,NY,2020-05-13,Wednesday,1,1.08558,1.08308,0.0024999999999999467,short,2020-05-13 06:30:00,1.08584,2020-05-13 06:35:00,2020-05-13 06:40:00,1.0854,1.08584,1.08452,0.00043999999999999595,False,extreme,2020-05-13 06:50:00,1.08584,stop,3,-1.0,0,0.0,-1.0,0.1590909090909435,1.0
EURUSD,NY,2020-05-13,Wednesday,2,1.08558,1.08308,0.0024999999999999467,short,2020-05-13 06:55:00,1.08966,2020-05-13 10:10:00,2020-05-13 10:15:00,1.08548,1.08966,1.0771199999999999,0.0041800000000000725,False,extreme,2020-05-13 23:55:00,1.0809,end_of_day,165,1.095693779904294,0,0.0,1.095693779904294,1.1363636363636243,0.133971291866001
EURUSD,NY,2020-05-14,Thursday,1,1.08139,1.07966,0.0017300000000000093,short,2020-05-14 04:20:00,1.08205,2020-05-14 04:30:00,2020-05-14 04:35:00,1.08136,1.08205,1.0799800000000004,0.0006899999999998574,False,extreme,2020-05-14 06:05:00,1.0799800000000004,target,19,2.0,0,0.0,2.0,3.449275362319624,0.4202898550724078
EURUSD,NY,2020-05-14,Thursday,2,1.08139,1.07966,0.0017300000000000093,long,2020-05-14 06:05:00,1.07893,2020-05-14 06:20:00,2020-05-14 06:25:00,1.07996,1.07893,1.0820200000000002,0.0010300000000000864,False,extreme,2020-05-14 06:50:00,1.07893,stop,6,-1.0,0,0.0,-1.0,0.03883495145634626,1.2038834951456563
EURUSD,NY,2020-05-14,Thursday,3,1.08139,1.07966,0.0017300000000000093,long,2020-05-14 06:45:00,1.0775,2020-05-14 09:20:00,2020-05-14 09:25:00,1.0798,1.0775,1.0844000000000005,0.0023000000000001908,False,extreme,2020-05-14 23:55:00,1.08053,end_of_day,175,0.31739130434775514,0,0.0,0.31739130434775514,0.7999999999998648,0.7739130434782466
EURUSD,NY,2020-05-15,Friday,1,1.08189,1.07934,0.0025500000000000522,long,2020-05-15 08:00:00,1.0789,2020-05-15 08:05:00,2020-05-15 08:10:00,1.07945,1.0789,1.0805500000000001,0.0005500000000000504,False,extreme,2020-05-15 08:35:00,1.0805500000000001,target,6,2.0,0,0.0,2.0,4.963636363635725,0.5999999999998386
EURUSD,NY,2020-05-15,Friday,2,1.08189,1.07934,0.0025500000000000522,short,2020-05-15 08:40:00,1.08512,2020-05-15 11:00:00,2020-05-15 11:05:00,1.08184,1.08512,1.0752799999999996,0.0032800000000001717,False,extreme,2020-05-15 16:55:00,1.0819,friday_close,71,-0.018292682926880452,0,0.0,-0.018292682926880452,0.44512195121949405,0.2164634146341315
EURUSD,NY,2020-05-18,Monday,1,1.08284,1.08076,0.002080000000000082,long,2020-05-18 04:40:00,1.08023,2020-05-18 04:45:00,2020-05-18 04:50:00,1.08093,1.08023,1.0823299999999998,0.0006999999999999229,False,extreme,2020-05-18 05:10:00,1.08023,stop,5,-1.0,0,0.0,-1.0,0.14285714285714285,1.2714285714287934
EURUSD,NY,2020-05-18,Monday,2,1.08284,1.08076,0.002080000000000082,long,2020-05-18 05:00:00,1.07998,2020-05-18 05:55:00,2020-05-18 06:00:00,1.08086,1.07998,1.08262,0.0008799999999999919,False,extreme,2020-05-18 08:10:00,1.08262,target,27,2.0,0,0.0,2.0,2.625000000000063,0.6590909090909435
EURUSD,NY,2020-05-19,Tuesday,1,1.09452,1.09076,0.0037599999999999856,short,2020-05-19 04:50:00,1.0976,2020-05-19 08:15:00,2020-05-19 08:20:00,1.09449,1.0976,1.08827,0.003109999999999946,False,extreme,2020-05-19 23:55:00,1.09404,end_of_day,188,0.14469453376208014,0,0.0,0.14469453376208014,0.845659163987124,0.2926045016077113
EURUSD,NY,2020-05-20,Wednesday,1,1.09601,1.09375,0.0022599999999999287,short,2020-05-20 07:50:00,1.09666,2020-05-20 08:05:00,2020-05-20 08:10:00,1.09592,1.09666,1.09444,0.0007399999999999629,False,extreme,2020-05-20 08:55:00,1.09666,stop,10,-1.0,0,0.0,-1.0,1.3378378378379676,1.0135135135136026
EURUSD,NY,2020-05-20,Wednesday,2,1.09601,1.09375,0.0022599999999999287,short,2020-05-20 08:55:00,1.0999,2020-05-20 21:35:00,2020-05-20 21:40:00,1.09583,1.0999,1.08769,0.004070000000000018,False,extreme,2020-05-20 23:55:00,1.09608,end_of_day,28,-0.06142506142502711,0,0.0,-0.06142506142502711,0.04176904176904244,0.13759213759211092
EURUSD,NY,2020-05-21,Thursday,1,1.0979,1.09523,0.0026700000000001722,short,2020-05-21 06:40:00,1.10083,2020-05-21 09:15:00,2020-05-21 09:20:00,1.09736,1.10083,1.0904199999999997,0.003470000000000084,False,extreme,2020-05-21 23:55:00,1.09348,end_of_day,176,1.118155619596481,0,0.0,1.118155619596481,1.253602305475432,0.4870317002882278
EURUSD,NY,2020-05-22,Friday,1,1.09348,1.09041,0.003069999999999906,long,2020-05-22 04:00:00,1.0901,2020-05-22 04:05:00,2020-05-22 04:10:00,1.09056,1.0901,1.0914799999999998,0.00045999999999990493,False,extreme,2020-05-22 04:45:00,1.0901,stop,8,-1.0,0,0.0,-1.0,1.4782608695655532,1.2608695652177062
EURUSD,NY,2020-05-22,Friday,2,1.09348,1.09041,0.003069999999999906,long,2020-05-22 04:45:00,1.08942,2020-05-22 05:20:00,2020-05-22 05:25:00,1.09056,1.08942,1.0928399999999998,0.0011399999999999189,False,extreme,2020-05-22 05:50:00,1.08942,stop,6,-1.0,0,0.0,-1.0,0.0701754385965664,1.1052631578948495
EURUSD,NY,2020-05-22,Friday,3,1.09348,1.09041,0.003069999999999906,long,2020-05-22 05:25:00,1.08872,2020-05-22 07:00:00,2020-05-22 07:05:00,1.09067,1.08872,1.0945700000000003,0.0019500000000001183,False,extreme,2020-05-22 10:55:00,1.08872,stop,47,-1.0,0,0.0,-1.0,0.3384615384614579,1.0923076923076083
EURUSD,NY,2020-05-22,Friday,4,1.09348,1.09041,0.003069999999999906,long,2020-05-22 08:35:00,1.08854,2020-05-22 15:05:00,2020-05-22 15:10:00,1.09053,1.08854,1.0945099999999999,0.0019899999999999363,False,extreme,2020-05-22 16:55:00,1.09032,friday_close,22,-0.10552763819098,0,0.0,-0.10552763819098,0.015075376884409774,0.46733668341714935
EURUSD,NY,2020-05-25,Monday,1,1.08934,1.08706,0.0022800000000000598,short,2020-05-25 05:10:00,1.0895,2020-05-25 05:15:00,2020-05-25 05:20:00,1.08929,1.0895,1.0888700000000004,0.00020999999999982144,False,extreme,2020-05-25 05:25:00,1.0895,stop,2,-1.0,0,0.0,-1.0,0.5714285714296288,1.7142857142867716
EURUSD,NY,2020-05-25,Monday,2,1.08934,1.08706,0.0022800000000000598,short,2020-05-25 05:25:00,1.09146,2020-05-25 10:00:00,2020-05-25 10:05:00,1.08918,1.09146,1.08462,0.0022800000000000598,False,extreme,2020-05-25 23:35:00,1.09146,stop,163,-1.0,0,0.0,-1.0,0.07894736842108083,1.2280701754385264
EURUSD,NY,2020-05-26,Tuesday,1,1.09393,1.09147,0.0024600000000001288,short,2020-05-26 04:05:00,1.0943,2020-05-26 04:15:00,2020-05-26 04:20:00,1.09389,1.0943,1.09307,0.00041000000000002146,False,extreme,2020-05-26 04:30:00,1.0943,stop,3,-1.0,0,0.0,-1.0,0.31707317073160163,1.3902439024388527
EURUSD,NY,2020-05-27,Wednesday,1,1.09657,1.09512,0.0014499999999999513,short,2020-05-27 04:00:00,1.09793,2020-05-27 04:40:00,2020-05-27 04:45:00,1.0965,1.09793,1.09364,0.0014300000000000423,False,extreme,2020-05-27 05:05:00,1.09364,target,5,2.0,0,0.0,2.0,2.1678321678321755,0.3776223776223559
EURUSD,NY,2020-05-27,Wednesday,2,1.09657,1.09512,0.0014499999999999513,long,2020-05-27 05:00:00,1.0934,2020-05-27 05:20:00,2020-05-27 05:25:00,1.09539,1.0934,1.0993700000000004,0.0019900000000001583,False,extreme,2020-05-27 05:40:00,1.0993700000000004,target,4,2.0,0,0.0,2.0,2.306532663316335,0.04522613065333586
EURUSD,NY,2020-05-27,Wednesday,3,1.09657,1.09512,0.0014499999999999513,short,2020-05-27 05:25:00,1.1031,2020-05-27 11:40:00,2020-05-27 11:45:00,1.09632,1.09815,1.09266,0.0018299999999999983,True,swing,2020-05-27 12:10:00,1.09815,stop,6,-1.0,0,0.0,-1.0,0.4262295081967233,1.1912568306011326
EURUSD,NY,2020-05-28,Thursday,1,1.10306,1.09963,0.003429999999999822,long,2020-05-28 04:20:00,1.09918,2020-05-28 04:30:00,2020-05-28 04:35:00,1.09965,1.09918,1.10059,0.00046999999999997044,False,extreme,2020-05-28 05:10:00,1.10059,target,8,2.0,0,0.0,2.0,2.4255319148935968,0.9148936170211861
EURUSD,NY,2020-05-29,Friday,1,1.1114,1.10895,0.002449999999999841,short,2020-05-29 04:50:00,1.11451,2020-05-29 09:05:00,2020-05-29 09:10:00,1.11131,1.11451,1.1049100000000003,0.0031999999999998696,False,extreme,2020-05-29 16:55:00,1.11007,friday_close,94,0.38750000000005635,0,0.0,0.38750000000005635,1.0031250000000207,0.6218750000000054
EURUSD,NY,2020-06-01,Monday,1,1.1154,1.11305,0.002349999999999852,long,2020-06-01 04:10:00,1.11162,2020-06-01 04:25:00,2020-06-01 04:30:00,1.11337,1.11162,1.1168699999999998,0.0017499999999999183,False,extreme,2020-06-01 05:40:00,1.11162,stop,15,-1.0,0,0.0,-1.0,0.45142857142863163,1.051428571428657
EURUSD,NY,2020-06-01,Monday,2,1.1154,1.11305,0.002349999999999852,long,2020-06-01 05:20:00,1.11005,2020-06-01 10:15:00,2020-06-01 10:20:00,1.11353,1.11005,1.1204899999999998,0.0034799999999999276,False,extreme,2020-06-01 23:55:00,1.11268,end_of_day,164,-0.24425287356322847,0,0.0,-0.24425287356322847,0.14655172413793707,0.6436781609195593
EURUSD,NY,2020-06-03,Wednesday,1,1.12276,1.11996,0.0027999999999999137,long,2020-06-03 04:10:00,1.11911,2020-06-03 04:15:00,2020-06-03 04:20:00,1.12038,1.11911,1.1229199999999997,0.0012699999999998823,False,extreme,2020-06-03 07:25:00,1.11911,stop,38,-1.0,0,0.0,-1.0,1.8110236220473872,1.1968503937008714
EURUSD,NY,2020-06-03,Wednesday,2,1.12276,1.11996,0.0027999999999999137,long,2020-06-03 07:10:00,1.11838,2020-06-03 08:30:00,2020-06-03 08:35:00,1.12041,1.11838,1.1244699999999999,0.0020299999999999763,False,extreme,2020-06-03 11:35:00,1.1244699999999999,target,37,2.0,0,0.0,2.0,2.054187192118254,0.871921182265935
EURUSD,NY,2020-06-03,Wednesday,3,1.12276,1.11996,0.0027999999999999137,short,2020-06-03 11:05:00,1.12579,2020-06-03 20:15:00,2020-06-03 20:20:00,1.12258,1.12579,1.1161599999999996,0.003210000000000157,False,extreme,2020-06-03 23:55:00,1.12164,end_of_day,44,0.2928348909656993,0,0.0,0.2928348909656993,0.42367601246097797,0.056074766355158935
EURUSD,NY,2020-06-04,Thursday,1,1.12213,1.11986,0.0022699999999999942,long,2020-06-04 04:05:00,1.11966,2020-06-04 04:10:00,2020-06-04 04:15:00,1.12033,1.11966,1.12167,0.0006699999999999484,False,extreme,2020-06-04 04:25:00,1.11966,stop,3,-1.0,0,0.0,-1.0,0.5820895522386873,1.2537313432836068
EURUSD,NY,2020-06-04,Thursday,2,1.12213,1.11986,0.0022699999999999942,long,2020-06-04 04:25:00,1.11946,2020-06-04 04:30:00,2020-06-04 04:35:00,1.12002,1.11946,1.1211400000000002,0.000560000000000116,False,extreme,2020-06-04 07:45:00,1.1211400000000002,target,39,2.0,0,0.0,2.0,10.517857142854877,0.9107142857141158
EURUSD,NY,2020-06-05,Friday,1,1.13838,1.1338,0.0045800000000000285,long,2020-06-05 04:50:00,1.13172,2020-06-05 08:00:00,2020-06-05 08:05:00,1.13396,1.13172,1.1384400000000001,0.0022400000000000198,False,extreme,2020-06-05 08:30:00,1.13172,stop,6,-1.0,0,0.0,-1.0,0.01785714285706143,2.4017857142857655
EURUSD,NY,2020-06-08,Monday,1,1.13084,1.12812,0.0027200000000000557,short,2020-06-08 04:10:00,1.13158,2020-06-08 04:25:00,2020-06-08 04:30:00,1.1308,1.13158,1.12924,0.0007800000000000029,False,extreme,2020-06-08 05:40:00,1.12924,target,15,2.0,0,0.0,2.0,2.4358974358974432,0.07692307692301123
EURUSD,NY,2020-06-08,Monday,2,1.13084,1.12812,0.0027200000000000557,long,2020-06-08 06:35:00,1.12684,2020-06-08 08:00:00,2020-06-08 08:05:00,1.12838,1.12684,1.1314599999999997,0.0015399999999998748,False,extreme,2020-06-08 09:45:00,1.1314599999999997,target,21,2.0,0,0.0,2.0,2.201298701298883,0.07142857142846844
EURUSD,NY,2020-06-08,Monday,3,1.13084,1.12812,0.0027200000000000557,short,2020-06-08 09:40:00,1.13186,2020-06-08 10:00:00,2020-06-08 10:05:00,1.13054,1.13186,1.1279000000000001,0.0013199999999999878,False,extreme,2020-06-08 23:55:00,1.12874,end_of_day,167,1.3636363636363942,0,0.0,1.3636363636363942,1.6212121212121595,0.7424242424242348
EURUSD,NY,2020-06-09,Tuesday,1,1.12962,1.12552,0.0040999999999999925,long,2020-06-09 04:15:00,1.12411,2020-06-09 04:25:00,2020-06-09 04:30:00,1.12563,1.12411,1.1286699999999998,0.0015199999999999658,False,extreme,2020-06-09 08:10:00,1.1286699999999998,target,45,2.0,0,0.0,2.0,2.736842105263327,0.644736842105265
EURUSD,NY,2020-06-09,Tuesday,2,1.12962,1.12552,0.0040999999999999925,short,2020-06-09 08:25:00,1.12986,2020-06-09 08:30:00,2020-06-09 08:35:00,1.12934,1.12986,1.1282999999999999,0.000520000000000076,False,extreme,2020-06-09 08:40:00,1.12986,stop,2,-1.0,0,0.0,-1.0,0.32692307692303585,1.7499999999996798
EURUSD,NY,2020-06-09,Tuesday,3,1.12962,1.12552,0.0040999999999999925,short,2020-06-09 08:35:00,1.13025,2020-06-09 08:45:00,2020-06-09 08:50:00,1.12921,1.13025,1.1271300000000002,0.0010399999999999299,False,extreme,2020-06-09 09:10:00,1.13025,stop,5,-1.0,0,0.0,-1.0,0.048076923077027774,1.5673076923078175
EURUSD,NY,2020-06-10,Wednesday,1,1.13698,1.1341,0.0028799999999999937,short,2020-06-10 04:20:00,1.13759,2020-06-10 04:45:00,2020-06-10 04:50:00,1.13691,1.13759,1.13555,0.0006800000000000139,False,extreme,2020-06-10 05:25:00,1.13555,target,8,2.0,0,0.0,2.0,2.044117647058785,0.39705882352939253
EURUSD,NY,2020-06-10,Wednesday,2,1.13698,1.1341,0.0028799999999999937,short,2020-06-10 07:10:00,1.13896,2020-06-10 08:30:00,2020-06-10 08:35:00,1.13667,1.13896,1.1320900000000003,0.0022899999999999032,False,extreme,2020-06-10 14:00:00,1.13896,stop,66,-1.0,0,0.0,-1.0,1.9563318777293575,1.004366812227103
EURUSD,NY,2020-06-10,Wednesday,3,1.13698,1.1341,0.0028799999999999937,short,2020-06-10 14:00:00,1.14226,2020-06-10 15:00:00,2020-06-10 15:05:00,1.1369,1.14226,1.12618,0.005360000000000031,False,extreme,2020-06-10 23:55:00,1.13573,end_of_day,107,0.2182835820895725,0,0.0,0.2182835820895725,0.23320895522387425,0.8712686567164039
EURUSD,NY,2020-06-11,Thursday,1,1.13728,1.13253,0.004750000000000032,short,2020-06-11 04:10:00,1.13778,2020-06-11 04:25:00,2020-06-11 04:30:00,1.13723,1.13778,1.1361299999999999,0.0005500000000000504,False,extreme,2020-06-11 04:30:00,1.13778,stop,1,-1.0,0,0.0,-1.0,0.4181818181816934,1.9454545454545968
EURUSD,NY,2020-06-11,Thursday,2,1.13728,1.13253,0.004750000000000032,short,2020-06-11 04:30:00,1.14014,2020-06-11 06:55:00,2020-06-11 07:00:00,1.13726,1.14014,1.1315,0.0028799999999999937,False,extreme,2020-06-11 10:20:00,1.14014,stop,41,-1.0,0,0.0,-1.0,1.2569444444444322,1.0798611111111718
EURUSD,NY,2020-06-11,Thursday,3,1.13728,1.13253,0.004750000000000032,short,2020-06-11 10:05:00,1.14037,2020-06-11 11:35:00,2020-06-11 11:40:00,1.13688,1.14037,1.1298999999999995,0.003490000000000215,False,extreme,2020-06-11 14:55:00,1.1298999999999995,target,40,2.0,0,0.0,2.0,2.028653295128808,0.4269340974212383
EURUSD,NY,2020-06-12,Friday,1,1.1322,1.12914,0.0030600000000000627,short,2020-06-12 04:00:00,1.13407,2020-06-12 05:10:00,2020-06-12 05:15:00,1.13164,1.13407,1.1267800000000001,0.002429999999999932,False,extreme,2020-06-12 10:40:00,1.1267800000000001,target,66,2.0,0,0.0,2.0,2.1728395061728802,0.4609053497942556
EURUSD,NY,2020-06-15,Monday,1,1.12684,1.12268,0.004160000000000164,short,2020-06-15 09:50:00,1.1294,2020-06-15 11:15:00,2020-06-15 11:20:00,1.12642,1.1294,1.12046,0.0029799999999999827,False,extreme,2020-06-15 13:50:00,1.1294,stop,31,-1.0,0,0.0,-1.0,0.13758389261745765,1.241610738255053
EURUSD,NY,2020-06-16,Tuesday,1,1.13534,1.13206,0.0032799999999999496,long,2020-06-16 04:05:00,1.13169,2020-06-16 04:10:00,2020-06-16 04:15:00,1.13241,1.13169,1.1338499999999996,0.0007199999999998319,False,extreme,2020-06-16 04:50:00,1.1338499999999996,target,8,2.0,0,0.0,2.0,3.222222222223113,0.06944444444429881
EURUSD,NY,2020-06-17,Wednesday,1,1.1294,1.12631,0.003090000000000037,long,2020-06-17 04:10:00,1.12569,2020-06-17 04:15:00,2020-06-17 04:20:00,1.12679,1.12569,1.1289899999999997,0.0010999999999998789,False,extreme,2020-06-17 04:55:00,1.12569,stop,8,-1.0,0,0.0,-1.0,0.6909090909092523,1.5363636363637776
EURUSD,NY,2020-06-18,Thursday,1,1.12613,1.12402,0.0021100000000000563,long,2020-06-18 04:00:00,1.12301,2020-06-18 04:30:00,2020-06-18 04:35:00,1.12501,1.12301,1.12901,0.0020000000000000018,False,extreme,2020-06-18 07:45:00,1.12301,stop,39,-1.0,0,0.0,-1.0,0.5649999999999261,1.0149999999999872
EURUSD,NY,2020-06-19,Friday,1,1.12218,1.12048,0.0017000000000000348,long,2020-06-19 06:15:00,1.11944,2020-06-19 07:20:00,2020-06-19 07:25:00,1.12051,1.11944,1.1226499999999997,0.0010699999999999044,False,extreme,2020-06-19 08:20:00,1.1226499999999997,target,12,2.0,0,0.0,2.0,2.280373831775903,0.7196261682243049
EURUSD,NY,2020-06-19,Friday,2,1.12218,1.12048,0.0017000000000000348,short,2020-06-19 08:20:00,1.12542,2020-06-19 09:55:00,2020-06-19 10:00:00,1.12184,1.12368,1.1181599999999998,0.0018400000000000638,True,swing,2020-06-19 10:45:00,1.1181599999999998,target,10,2.0,0,0.0,2.0,2.0108695652173414,0.7771739130434743
EURUSD,NY,2020-06-22,Monday,1,1.12124,1.11883,0.0024100000000000232,short,2020-06-22 04:35:00,1.12267,2020-06-22 07:05:00,2020-06-22 07:10:00,1.12106,1.12267,1.1178399999999997,0.0016100000000001113,False,extreme,2020-06-22 09:00:00,1.12267,stop,23,-1.0,0,0.0,-1.0,0.4534161490682279,1.0869565217391424
EURUSD,NY,2020-06-23,Tuesday,1,1.13054,1.12567,0.004870000000000152,short,2020-06-23 07:55:00,1.13488,2020-06-23 15:55:00,2020-06-23 16:00:00,1.13032,1.13488,1.1211999999999998,0.0045600000000001195,False,extreme,2020-06-23 23:55:00,1.13155,end_of_day,96,-0.2697368421052702,0,0.0,-0.2697368421052702,0.006578947368415286,0.4978070175438453
EURUSD,NY,2020-06-24,Wednesday,1,1.13252,1.12918,0.0033399999999998986,long,2020-06-24 04:10:00,1.12871,2020-06-24 04:15:00,2020-06-24 04:20:00,1.12921,1.12871,1.13021,0.0004999999999999449,False,extreme,2020-06-24 04:50:00,1.13021,target,7,2.0,0,0.0,2.0,2.100000000000222,0.8200000000001332
EURUSD,NY,2020-06-24,Wednesday,2,1.13252,1.12918,0.0033399999999998986,long,2020-06-24 05:10:00,1.12686,2020-06-24 05:40:00,2020-06-24 05:45:00,1.12942,1.12686,1.1345400000000003,0.0025600000000001177,False,extreme,2020-06-24 09:20:00,1.12686,stop,44,-1.0,0,0.0,-1.0,0.6601562499999577,1.0195312499999536
EURUSD,NY,2020-06-25,Thursday,1,1.12537,1.12239,0.0029799999999999827,long,2020-06-25 06:05:00,1.11905,2020-06-25 10:10:00,2020-06-25 10:15:00,1.12272,1.11905,1.1300599999999996,0.00366999999999984,False,extreme,2020-06-25 23:55:00,1.12228,end_of_day,165,-0.11989100817439104,0,0.0,-0.11989100817439104,0.1171662125341066,0.5149863760218064
EURUSD,NY,2020-06-26,Friday,1,1.12298,1.12052,0.0024600000000001288,short,2020-06-26 04:45:00,1.12379,2020-06-26 04:50:00,2020-06-26 04:55:00,1.12284,1.12379,1.12094,0.0009500000000000064,False,extreme,2020-06-26 04:55:00,1.12379,stop,1,-1.0,0,0.0,-1.0,0.08421052631587313,1.1578947368419699
EURUSD,NY,2020-06-26,Friday,2,1.12298,1.12052,0.0024600000000001288,short,2020-06-26 04:55:00,1.12394,2020-06-26 05:10:00,2020-06-26 05:15:00,1.12294,1.12394,1.1209400000000003,0.0009999999999998899,False,extreme,2020-06-26 07:55:00,1.1209400000000003,target,33,2.0,0,0.0,2.0,2.0200000000003553,0.5100000000000666
EURUSD,NY,2020-06-26,Friday,3,1.12298,1.12052,0.0024600000000001288,long,2020-06-26 10:00:00,1.12,2020-06-26 10:05:00,2020-06-26 10:10:00,1.1206,1.12,1.1218,0.0005999999999999339,False,extreme,2020-06-26 10:35:00,1.12,stop,6,-1.0,0,0.0,-1.0,1.099999999999926,1.4666666666668147
EURUSD,NY,2020-06-26,Friday,4,1.12298,1.12052,0.0024600000000001288,long,2020-06-26 10:30:00,1.11953,2020-06-26 11:00:00,2020-06-26 11:05:00,1.1207,1.11953,1.1230400000000003,0.0011700000000001154,False,extreme,2020-06-26 12:55:00,1.1230400000000003,target,23,2.0,0,0.0,2.0,2.4102564102562107,0.2905982905982679
EURUSD,NY,2020-06-26,Friday,5,1.12298,1.12052,0.0024600000000001288,short,2020-06-26 13:00:00,1.12385,2020-06-26 14:10:00,2020-06-26 14:15:00,1.12274,1.12385,1.1205200000000002,0.0011099999999999444,False,extreme,2020-06-26 16:55:00,1.12185,friday_close,33,0.8018018018018938,0,0.0,0.8018018018018938,0.9009009009010469,0.31531531531519635
EURUSD,NY,2020-06-29,Monday,1,1.1267,1.12383,0.002869999999999928,short,2020-06-29 05:45:00,1.12686,2020-06-29 05:50:00,2020-06-29 05:55:00,1.12662,1.12686,1.12614,0.00024000000000001798,False,extreme,2020-06-29 05:55:00,1.12686,stop,1,-1.0,0,0.0,-1.0,0.4999999999995374,1.9166666666670522
EURUSD,NY,2020-06-29,Monday,2,1.1267,1.12383,0.002869999999999928,short,2020-06-29 05:55:00,1.12879,2020-06-29 09:40:00,2020-06-29 09:45:00,1.12658,1.12879,1.1221599999999998,0.0022100000000000453,False,extreme,2020-06-29 13:05:00,1.1221599999999998,target,41,2.0,0,0.0,2.0,2.0769230769229763,0.027149321267045157
EURUSD,NY,2020-06-29,Monday,3,1.1267,1.12383,0.002869999999999928,long,2020-06-29 12:35:00,1.12194,2020-06-29 16:20:00,2020-06-29 16:25:00,1.12386,1.12194,1.1277000000000004,0.0019200000000001438,False,extreme,2020-06-29 23:55:00,1.12378,end_of_day,91,-0.04166666666670522,0,0.0,-0.04166666666670522,0.6874999999999422,0.48437500000001443
EURUSD,NY,2020-06-30,Tuesday,1,1.12443,1.1204,0.004029999999999978,long,2020-06-30 05:40:00,1.11999,2020-06-30 05:50:00,2020-06-30 05:55:00,1.12057,1.11999,1.1217300000000001,0.0005800000000000249,False,extreme,2020-06-30 06:00:00,1.11999,stop,2,-1.0,0,0.0,-1.0,0.15517241379296484,1.017241379310457
EURUSD,NY,2020-06-30,Tuesday,2,1.12443,1.1204,0.004029999999999978,long,2020-06-30 06:00:00,1.11984,2020-06-30 06:25:00,2020-06-30 06:30:00,1.12084,1.11984,1.1228400000000003,0.001000000000000112,False,extreme,2020-06-30 07:55:00,1.11984,stop,18,-1.0,0,0.0,-1.0,1.079999999999849,1.4399999999999467
EURUSD,NY,2020-06-30,Tuesday,3,1.12443,1.1204,0.004029999999999978,long,2020-06-30 07:50:00,1.1191,2020-06-30 08:35:00,2020-06-30 08:40:00,1.1204,1.1191,1.1230000000000002,0.0013000000000000789,False,extreme,2020-06-30 09:35:00,1.1230000000000002,target,12,2.0,0,0.0,2.0,2.0923076923074375,0.09230769230777902
EURUSD,NY,2020-06-30,Tuesday,4,1.12443,1.1204,0.004029999999999978,short,2020-06-30 11:10:00,1.12618,2020-06-30 11:40:00,2020-06-30 11:45:00,1.12426,1.12618,1.1204200000000002,0.0019199999999999218,False,extreme,2020-06-30 23:55:00,1.12266,end_of_day,147,0.8333333333333912,0,0.0,0.8333333333333912,1.062500000000065,0.4791666666667028
EURUSD,NY,2020-07-01,Wednesday,1,1.12344,1.12152,0.0019199999999999218,short,2020-07-01 04:05:00,1.12448,2020-07-01 04:35:00,2020-07-01 04:40:00,1.12336,1.12448,1.12112,0.0011200000000000099,False,extreme,2020-07-01 05:55:00,1.12112,target,16,2.0,0,0.0,2.0,2.3214285714284935,0.46428571428577803
EURUSD,NY,2020-07-01,Wednesday,2,1.12344,1.12152,0.0019199999999999218,long,2020-07-01 05:55:00,1.11854,2020-07-01 08:45:00,2020-07-01 08:50:00,1.12162,1.11854,1.12778,0.0030799999999999716,False,extreme,2020-07-01 23:55:00,1.1263,end_of_day,182,1.5194805194805392,0,0.0,1.5194805194805392,1.9155844155844386,0.07142857142860748
EURUSD,NY,2020-07-02,Thursday,1,1.12858,1.12617,0.0024100000000000232,short,2020-07-02 04:25:00,1.13027,2020-07-02 05:50:00,2020-07-02 05:55:00,1.12858,1.13027,1.1251999999999995,0.0016900000000001913,False,extreme,2020-07-02 09:15:00,1.1251999999999995,target,41,2.0,0,0.0,2.0,2.0828402366861356,0.6982248520710339
EURUSD,NY,2020-07-02,Thursday,2,1.12858,1.12617,0.0024100000000000232,long,2020-07-02 09:05:00,1.12506,2020-07-02 09:20:00,2020-07-02 09:25:00,1.12619,1.12506,1.1284500000000002,0.0011300000000000754,False,extreme,2020-07-02 10:30:00,1.12506,stop,14,-1.0,0,0.0,-1.0,1.761061946902481,2.3539823008848932
EURUSD,NY,2020-07-03,Friday,1,1.12468,1.12243,0.0022499999999998632,long,2020-07-03 06:10:00,1.12193,2020-07-03 06:20:00,2020-07-03 06:25:00,1.12298,1.12193,1.12508,0.0010499999999999954,False,extreme,2020-07-03 16:40:00,1.12508,target,124,2.0,0,0.0,2.0,2.0,0.9142857142857868
EURUSD,NY,2020-07-03,Friday,2,1.12468,1.12243,0.0022499999999998632,short,2020-07-03 16:35:00,1.12513,2020-07-03 16:45:00,2020-07-03 16:50:00,1.12413,1.12513,1.1221300000000003,0.0009999999999998899,False,extreme,2020-07-03 16:55:00,1.12474,friday_close,2,-0.6100000000000666,24,0.24000000000002647,-0.8500000000000931,0.5200000000001332,0.8
EURUSD,NY,2020-07-07,Tuesday,1,1.13161,1.12814,0.003470000000000084,long,2020-07-07 04:25:00,1.12588,2020-07-07 07:05:00,2020-07-07 07:10:00,1.12821,1.12588,1.1328699999999998,0.0023299999999999432,False,extreme,2020-07-07 23:55:00,1.12781,end_of_day,202,-0.17167381974247456,0,0.0,-0.17167381974247456,1.0643776824034756,0.858369098712468
EURUSD,NY,2020-07-08,Wednesday,1,1.12944,1.12625,0.003190000000000026,short,2020-07-08 07:50:00,1.12955,2020-07-08 07:55:00,2020-07-08 08:00:00,1.12892,1.12955,1.1276599999999997,0.0006300000000001305,False,extreme,2020-07-08 09:05:00,1.12955,stop,14,-1.0,0,0.0,-1.0,1.7619047619043087,1.4285714285713278
EURUSD,NY,2020-07-08,Wednesday,2,1.12944,1.12625,0.003190000000000026,short,2020-07-08 09:05:00,1.12982,2020-07-08 09:10:00,2020-07-08 09:15:00,1.12938,1.12982,1.1285,0.00043999999999999595,False,extreme,2020-07-08 09:20:00,1.12982,stop,2,-1.0,0,0.0,-1.0,0.0,2.318181818181887
EURUSD,NY,2020-07-09,Thursday,1,1.13708,1.13253,0.004550000000000054,long,2020-07-09 05:05:00,1.132,2020-07-09 05:30:00,2020-07-09 05:35:00,1.13268,1.132,1.13404,0.0006800000000000139,False,extreme,2020-07-09 06:50:00,1.132,stop,16,-1.0,0,0.0,-1.0,1.1176470588236447,1.529411764705748
EURUSD,NY,2020-07-09,Thursday,2,1.13708,1.13253,0.004550000000000054,long,2020-07-09 06:45:00,1.13164,2020-07-09 07:10:00,2020-07-09 07:15:00,1.13258,1.13164,1.1344599999999998,0.0009399999999999409,False,extreme,2020-07-09 07:55:00,1.1344599999999998,target,9,2.0,0,0.0,2.0,2.1063829787236354,0.4361702127660077
EURUSD,NY,2020-07-09,Thursday,3,1.13708,1.13253,0.004550000000000054,long,2020-07-09 09:35:00,1.13218,2020-07-09 09:40:00,2020-07-09 09:45:00,1.13298,1.13218,1.1345800000000004,0.0008000000000001339,False,extreme,2020-07-09 10:15:00,1.13218,stop,7,-1.0,0,0.0,-1.0,1.074999999999646,2.69999999999975
EURUSD,NY,2020-07-09,Thursday,4,1.13708,1.13253,0.004550000000000054,long,2020-07-09 10:15:00,1.13068,2020-07-09 10:25:00,2020-07-09 10:30:00,1.13254,1.13068,1.1362600000000005,0.0018600000000001948,False,extreme,2020-07-09 10:40:00,1.13068,stop,3,-1.0,0,0.0,-1.0,0.2580645161289052,1.215053763440814
EURUSD,NY,2020-07-10,Friday,1,1.1281,1.1255,0.0026000000000001577,short,2020-07-10 04:05:00,1.13006,2020-07-10 08:05:00,2020-07-10 08:10:00,1.12796,1.13006,1.12376,0.0020999999999999908,False,extreme,2020-07-10 09:00:00,1.13006,stop,11,-1.0,0,0.0,-1.0,0.28095238095242525,1.1999999999999365
EURUSD,NY,2020-07-13,Monday,1,1.13361,1.13139,0.0022200000000001108,long,2020-07-13 04:00:00,1.13102,2020-07-13 04:05:00,2020-07-13 04:10:00,1.13152,1.13102,1.1325200000000004,0.000500000000000167,False,extreme,2020-07-13 04:20:00,1.13102,stop,3,-1.0,0,0.0,-1.0,0.6799999999997869,1.1999999999999111
EURUSD,NY,2020-07-13,Monday,2,1.13361,1.13139,0.0022200000000001108,long,2020-07-13 04:15:00,1.13008,2020-07-13 05:30:00,2020-07-13 05:35:00,1.13141,1.13008,1.1340700000000001,0.0013300000000000534,False,extreme,2020-07-13 09:25:00,1.1340700000000001,target,47,2.0,0,0.0,2.0,2.1428571428570713,0.09022556390986106
EURUSD,NY,2020-07-15,Wednesday,1,1.14376,1.13911,0.004650000000000043,short,2020-07-15 04:00:00,1.14444,2020-07-15 04:35:00,2020-07-15 04:40:00,1.14349,1.14444,1.1415899999999999,0.0009500000000000064,False,extreme,2020-07-15 06:50:00,1.14444,stop,27,-1.0,0,0.0,-1.0,0.9789473684209149,1.1578947368422037
EURUSD,NY,2020-07-15,Wednesday,2,1.14376,1.13911,0.004650000000000043,short,2020-07-15 06:45:00,1.14475,2020-07-15 07:15:00,2020-07-15 07:20:00,1.14346,1.14475,1.14088,0.0012900000000000134,False,extreme,2020-07-15 09:30:00,1.14475,stop,27,-1.0,0,0.0,-1.0,0.0775193798449519,1.3565891472869165
EURUSD,NY,2020-07-15,Wednesday,3,1.14376,1.13911,0.004650000000000043,short,2020-07-15 09:00:00,1.14521,2020-07-15 09:35:00,2020-07-15 09:40:00,1.14343,1.14521,1.1398699999999997,0.0017800000000001148,False,extreme,2020-07-15 23:55:00,1.14054,end_of_day,172,1.6235955056177813,0,0.0,1.6235955056177813,1.9101123595503529,0.3426966292134607
EURUSD,NY,2020-07-16,Thursday,1,1.14108,1.13928,0.0018000000000000238,short,2020-07-16 04:05:00,1.14156,2020-07-16 04:15:00,2020-07-16 04:20:00,1.14108,1.14156,1.1401200000000005,0.0004799999999998139,False,extreme,2020-07-16 04:35:00,1.1401200000000005,target,4,2.0,0,0.0,2.0,3.375000000001677,0.16666666666643537
EURUSD,NY,2020-07-16,Thursday,2,1.14108,1.13928,0.0018000000000000238,long,2020-07-16 04:40:00,1.13856,2020-07-16 04:55:00,2020-07-16 05:00:00,1.1393,1.13856,1.14078,0.0007399999999999629,False,extreme,2020-07-16 05:55:00,1.13856,stop,12,-1.0,0,0.0,-1.0,0.9459459459458892,1.635135135135127
EURUSD,NY,2020-07-16,Thursday,3,1.14108,1.13928,0.0018000000000000238,long,2020-07-16 05:40:00,1.13782,2020-07-16 06:40:00,2020-07-16 06:45:00,1.13932,1.13782,1.1423200000000002,0.0015000000000000568,False,extreme,2020-07-16 08:30:00,1.1423200000000002,target,22,2.0,0,0.0,2.0,2.0999999999999113,0.12000000000004145
EURUSD,NY,2020-07-16,Thursday,4,1.14108,1.13928,0.0018000000000000238,short,2020-07-16 07:55:00,1.14247,2020-07-16 08:35:00,2020-07-16 08:40:00,1.14088,1.14247,1.1376999999999995,0.0015900000000002024,False,extreme,2020-07-16 09:40:00,1.14247,stop,13,-1.0,0,0.0,-1.0,0.5849056603772057,1.0566037735848504
EURUSD,NY,2020-07-16,Thursday,5,1.14108,1.13928,0.0018000000000000238,short,2020-07-16 09:25:00,1.14416,2020-07-16 12:55:00,2020-07-16 13:00:00,1.14092,1.14416,1.1344399999999997,0.0032400000000001317,False,extreme,2020-07-16 23:55:00,1.13918,end_of_day,132,0.5370370370369698,0,0.0,0.5370370370369698,1.1944444444444082,0.030864197530859543
EURUSD,NY,2020-07-20,Monday,1,1.14671,1.14162,0.005089999999999817,long,2020-07-20 09:40:00,1.14026,2020-07-20 09:55:00,2020-07-20 10:00:00,1.14187,1.14026,1.1450899999999997,0.0016099999999998893,False,extreme,2020-07-20 19:10:00,1.1450899999999997,target,111,2.0,0,0.0,2.0,2.1863354037268383,0.45962732919255517
EURUSD,NY,2020-07-20,Monday,2,1.14671,1.14162,0.005089999999999817,short,2020-07-20 23:25:00,1.14698,2020-07-20 23:30:00,2020-07-20 23:35:00,1.14505,1.14698,1.1411899999999995,0.0019300000000002093,False,extreme,2020-07-20 23:55:00,1.14457,end_of_day,5,0.24870466321231183,0,0.0,0.24870466321231183,0.5181347150257934,0.2590673575130118
EURUSD,NY,2020-07-23,Thursday,1,1.15984,1.15709,0.00275000000000003,long,2020-07-23 07:50:00,1.1569,2020-07-23 07:55:00,2020-07-23 08:00:00,1.15722,1.1569,1.1578599999999997,0.00031999999999987594,False,extreme,2020-07-23 08:05:00,1.1569,stop,2,-1.0,0,0.0,-1.0,0.8750000000005205,1.4062500000000433
EURUSD,NY,2020-07-23,Thursday,2,1.15984,1.15709,0.00275000000000003,long,2020-07-23 08:05:00,1.15404,2020-07-23 09:40:00,2020-07-23 09:45:00,1.15727,1.15404,1.1637300000000002,0.003230000000000066,False,extreme,2020-07-23 23:55:00,1.16132,end_of_day,171,1.253869969040187,0,0.0,1.253869969040187,1.6780185758513528,0.0371517027864141
EURUSD,NY,2020-07-24,Friday,1,1.16213,1.15903,0.0031000000000001027,long,2020-07-24 06:40:00,1.15814,2020-07-24 07:35:00,2020-07-24 07:40:00,1.15906,1.15814,1.1609,0.0009200000000000319,False,extreme,2020-07-24 08:00:00,1.1609,target,5,2.0,0,0.0,2.0,2.043478260869607,0.02173913043468292
EURUSD,NY,2020-07-27,Monday,1,1.1717,1.16896,0.0027399999999999647,long,2020-07-27 05:10:00,1.1682,2020-07-27 05:25:00,2020-07-27 05:30:00,1.1693,1.1682,1.1715000000000002,0.001100000000000101,False,extreme,2020-07-27 06:15:00,1.1715000000000002,target,10,2.0,0,0.0,2.0,2.4909090909088305,0.436363636363629
EURUSD,NY,2020-07-28,Tuesday,1,1.17407,1.17058,0.003489999999999993,long,2020-07-28 04:05:00,1.16988,2020-07-28 04:10:00,2020-07-28 04:15:00,1.17078,1.16988,1.1725799999999997,0.0008999999999999009,False,extreme,2020-07-28 05:40:00,1.1725799999999997,target,18,2.0,0,0.0,2.0,2.444444444444691,0.6999999999999753
EURUSD,NY,2020-07-28,Tuesday,2,1.17407,1.17058,0.003489999999999993,short,2020-07-28 07:05:00,1.17431,2020-07-28 07:10:00,2020-07-28 07:15:00,1.17402,1.17431,1.1734400000000003,0.00028999999999990145,False,extreme,2020-07-28 07:30:00,1.1734400000000003,target,4,2.0,0,0.0,2.0,3.2758620689666524,0.0
EURUSD,NY,2020-07-28,Tuesday,3,1.17407,1.17058,0.003489999999999993,long,2020-07-28 07:55:00,1.17002,2020-07-28 08:00:00,2020-07-28 08:05:00,1.17139,1.17002,1.1741299999999997,0.0013699999999998713,False,extreme,2020-07-28 09:30:00,1.1741299999999997,target,18,2.0,0,0.0,2.0,2.080291970803129,0.17518248175185439
EURUSD,NY,2020-07-29,Wednesday,1,1.177,1.17246,0.0045399999999999885,long,2020-07-29 07:55:00,1.17186,2020-07-29 08:10:00,2020-07-29 08:15:00,1.1725,1.17186,1.1737800000000005,0.000640000000000196,False,extreme,2020-07-29 08:50:00,1.1737800000000005,target,8,2.0,0,0.0,2.0,2.781249999998981,0.6562499999999349
EURUSD,NY,2020-07-29,Wednesday,2,1.177,1.17246,0.0045399999999999885,short,2020-07-29 10:40:00,1.17784,2020-07-29 11:00:00,2020-07-29 11:05:00,1.17684,1.17784,1.1748400000000003,0.0009999999999998899,False,extreme,2020-07-29 13:20:00,1.17784,stop,28,-1.0,0,0.0,-1.0,0.4200000000001332,1.1400000000000443
EURUSD,NY,2020-07-29,Wednesday,3,1.177,1.17246,0.0045399999999999885,short,2020-07-29 12:25:00,1.18062,2020-07-29 14:55:00,2020-07-29 15:00:00,1.17666,1.18062,1.1687400000000001,0.0039599999999999635,False,extreme,2020-07-29 23:55:00,1.17763,end_of_day,108,-0.24494949494947582,0,0.0,-0.24494949494947582,0.31565656565656186,0.7752525252525087
EURUSD,NY,2020-07-30,Thursday,1,1.17768,1.17459,0.003090000000000037,long,2020-07-30 04:40:00,1.17423,2020-07-30 04:45:00,2020-07-30 04:50:00,1.17466,1.17423,1.17552,0.00042999999999993044,False,extreme,2020-07-30 04:55:00,1.17423,stop,2,-1.0,0,0.0,-1.0,0.7906976744187487,1.4651162790703078
EURUSD,NY,2020-07-30,Thursday,2,1.17768,1.17459,0.003090000000000037,long,2020-07-30 04:50:00,1.17309,2020-07-30 05:30:00,2020-07-30 05:35:00,1.17485,1.17309,1.17837,0.0017599999999999838,False,extreme,2020-07-30 09:00:00,1.17837,target,42,2.0,0,0.0,2.0,2.721590909090975,0.34659090909091195
EURUSD,NY,2020-07-31,Friday,1,1.19088,1.18741,0.003469999999999862,long,2020-07-31 04:15:00,1.18719,2020-07-31 04:20:00,2020-07-31 04:25:00,1.1876,1.18719,1.18842,0.00041000000000002146,False,extreme,2020-07-31 04:25:00,1.18719,stop,1,-1.0,0,0.0,-1.0,0.048780487804653494,2.073170731707251
EURUSD,NY,2020-08-03,Monday,1,1.17824,1.1749,0.0033399999999998986,long,2020-08-03 05:55:00,1.1696,2020-08-03 11:55:00,2020-08-03 12:00:00,1.17498,1.1696,1.1857399999999998,0.00537999999999994,False,extreme,2020-08-03 23:55:00,1.17678,end_of_day,144,0.33457249070632783,0,0.0,0.33457249070632783,0.44795539033458176,0.21561338289959864
EURUSD,NY,2020-08-04,Tuesday,1,1.18027,1.17641,0.0038599999999999746,short,2020-08-04 05:30:00,1.18062,2020-08-04 05:35:00,2020-08-04 05:40:00,1.17982,1.18062,1.1782200000000003,0.0007999999999999119,False,extreme,2020-08-04 06:15:00,1.1782200000000003,target,8,2.0,0,0.0,2.0,2.0875000000003054,0.3375000000000278
EURUSD,NY,2020-08-04,Tuesday,2,1.18027,1.17641,0.0038599999999999746,long,2020-08-04 07:30:00,1.17545,2020-08-04 08:10:00,2020-08-04 08:15:00,1.17652,1.17545,1.1786599999999998,0.0010699999999999044,False,extreme,2020-08-04 08:40:00,1.17545,stop,6,-1.0,0,0.0,-1.0,0.5420560747664269,2.2616822429909393
EURUSD,NY,2020-08-04,Tuesday,3,1.18027,1.17641,0.0038599999999999746,long,2020-08-04 08:25:00,1.17213,2020-08-04 11:15:00,2020-08-04 11:20:00,1.17704,1.17213,1.1868600000000005,0.004910000000000192,False,extreme,2020-08-04 23:55:00,1.18153,end_of_day,152,0.9144602851323232,0,0.0,0.9144602851323232,1.0427698574337705,0.1283095723014472
EURUSD,NY,2020-08-06,Thursday,1,1.1916,1.18382,0.007779999999999898,long,2020-08-06 09:15:00,1.18321,2020-08-06 09:20:00,2020-08-06 09:25:00,1.18415,1.18321,1.18603,0.0009399999999999409,False,extreme,2020-08-06 09:45:00,1.18603,target,5,2.0,0,0.0,2.0,2.2978723404256125,0.03191489361699615
EURUSD,NY,2020-08-06,Thursday,2,1.1916,1.18382,0.007779999999999898,long,2020-08-06 10:05:00,1.1818,2020-08-06 10:55:00,2020-08-06 11:00:00,1.18439,1.1818,1.1895700000000002,0.0025900000000000922,False,extreme,2020-08-06 23:55:00,1.18262,end_of_day,156,-0.6833976833976781,0,0.0,-0.6833976833976781,1.9227799227798483,0.7992277992277771
EURUSD,NY,2020-08-07,Friday,1,1.18506,1.18197,0.003090000000000037,long,2020-08-07 05:30:00,1.18094,2020-08-07 06:20:00,2020-08-07 06:25:00,1.18222,1.18094,1.18478,0.0012799999999999478,False,extreme,2020-08-07 08:30:00,1.18094,stop,26,-1.0,0,0.0,-1.0,0.5625000000000651,1.562500000000065
EURUSD,NY,2020-08-10,Monday,1,1.18008,1.17598,0.0040999999999999925,long,2020-08-10 04:35:00,1.17524,2020-08-10 04:45:00,2020-08-10 04:50:00,1.17634,1.17524,1.1785399999999997,0.0010999999999998789,False,extreme,2020-08-10 06:40:00,1.17524,stop,23,-1.0,0,0.0,-1.0,1.1090909090910301,1.0181818181819393
EURUSD,NY,2020-08-10,Monday,2,1.18008,1.17598,0.0040999999999999925,long,2020-08-10 06:20:00,1.17406,2020-08-10 08:05:00,2020-08-10 08:10:00,1.17609,1.17406,1.18015,0.0020299999999999763,False,extreme,2020-08-10 15:00:00,1.17406,stop,83,-1.0,0,0.0,-1.0,1.5270935960590724,1.1970443349754594
EURUSD,NY,2020-08-11,Tuesday,1,1.17566,1.17229,0.003369999999999873,short,2020-08-11 04:10:00,1.18079,2020-08-11 13:30:00,2020-08-11 13:35:00,1.17561,1.18079,1.1652500000000001,0.005179999999999962,False,extreme,2020-08-11 23:55:00,1.17213,end_of_day,125,0.6718146718147056,0,0.0,0.6718146718147056,0.7760617760618077,0.18339768339768597
EURUSD,NY,2020-08-12,Wednesday,1,1.17504,1.17112,0.003920000000000146,short,2020-08-12 04:15:00,1.17608,2020-08-12 04:40:00,2020-08-12 04:45:00,1.17504,1.17608,1.1729600000000002,0.0010399999999999299,False,extreme,2020-08-12 05:15:00,1.17608,stop,7,-1.0,0,0.0,-1.0,0.5576923076923693,1.4903846153846585
EURUSD,NY,2020-08-13,Thursday,1,1.18384,1.18006,0.0037799999999998946,short,2020-08-13 04:45:00,1.18414,2020-08-13 04:55:00,2020-08-13 05:00:00,1.18384,1.18414,1.18324,0.00029999999999996696,False,extreme,2020-08-13 05:05:00,1.18324,target,2,2.0,0,0.0,2.0,2.7000000000002222,0.19999999999985196
EURUSD,NY,2020-08-13,Thursday,2,1.18384,1.18006,0.0037799999999998946,short,2020-08-13 05:40:00,1.18414,2020-08-13 05:50:00,2020-08-13 05:55:00,1.18362,1.18414,1.1825799999999997,0.000520000000000076,False,extreme,2020-08-13 06:10:00,1.18414,stop,4,-1.0,0,0.0,-1.0,0.8846153846150726,1.4615384615384286
EURUSD,NY,2020-08-13,Thursday,3,1.18384,1.18006,0.0037799999999998946,short,2020-08-13 06:05:00,1.18534,2020-08-13 07:35:00,2020-08-13 07:40:00,1.18372,1.18534,1.1804800000000002,0.0016199999999999548,False,extreme,2020-08-13 09:45:00,1.18534,stop,26,-1.0,0,0.0,-1.0,0.85802469135805,1.4938271604937865
EURUSD,NY,2020-08-13,Thursday,4,1.18384,1.18006,0.0037799999999998946,short,2020-08-13 09:30:00,1.18642,2020-08-13 10:40:00,2020-08-13 10:45:00,1.18344,1.18642,1.17748,0.0029799999999999827,False,extreme,2020-08-13 23:55:00,1.18104,end_of_day,159,0.805369127516769,0,0.0,0.805369127516769,1.3691275167785595,0.22818791946309325
EURUSD,NY,2020-08-14,Friday,1,1.18268,1.1791,0.0035799999999999166,long,2020-08-14 05:25:00,1.17819,2020-08-14 05:45:00,2020-08-14 05:50:00,1.1791,1.17819,1.18092,0.0009099999999999664,False,extreme,2020-08-14 06:20:00,1.18092,target,7,2.0,0,0.0,2.0,2.109890109890102,0.428571428571568
EURUSD,NY,2020-08-14,Friday,2,1.18268,1.1791,0.0035799999999999166,short,2020-08-14 09:05:00,1.18353,2020-08-14 09:15:00,2020-08-14 09:20:00,1.18248,1.18353,1.18038,0.0010499999999999954,False,extreme,2020-08-14 09:50:00,1.18353,stop,7,-1.0,0,0.0,-1.0,0.3999999999998731,1.1047619047619572
EURUSD,NY,2020-08-14,Friday,3,1.18268,1.1791,0.0035799999999999166,short,2020-08-14 09:40:00,1.18377,2020-08-14 10:10:00,2020-08-14 10:15:00,1.1821,1.18377,1.1787599999999998,0.0016700000000000603,False,extreme,2020-08-14 12:40:00,1.18377,stop,30,-1.0,0,0.0,-1.0,0.6227544910178996,1.5508982035928136
EURUSD,NY,2020-08-17,Monday,1,1.1868,1.18438,0.0024200000000000887,long,2020-08-17 04:00:00,1.18288,2020-08-17 05:05:00,2020-08-17 05:10:00,1.18446,1.18288,1.1876200000000003,0.0015800000000001369,False,extreme,2020-08-17 09:40:00,1.1876200000000003,target,55,2.0,0,0.0,2.0,2.0253164556959447,0.6708860759493476
EURUSD,NY,2020-08-17,Monday,2,1.1868,1.18438,0.0024200000000000887,short,2020-08-17 09:30:00,1.1881,2020-08-17 10:50:00,2020-08-17 10:55:00,1.18648,1.1881,1.18324,0.0016199999999999548,False,extreme,2020-08-17 20:05:00,1.1881,stop,111,-1.0,0,0.0,-1.0,0.6049382716049434,1.0
EURUSD,NY,2020-08-18,Tuesday,1,1.19058,1.18826,0.0023199999999998777,short,2020-08-18 04:50:00,1.19153,2020-08-18 05:25:00,2020-08-18 05:30:00,1.19056,1.19153,1.1886200000000002,0.0009699999999999154,False,extreme,2020-08-18 08:15:00,1.19153,stop,34,-1.0,0,0.0,-1.0,0.865979381443325,2.381443298969315
EURUSD,NY,2020-08-19,Wednesday,1,1.19476,1.19223,0.0025300000000001432,short,2020-08-19 05:20:00,1.19508,2020-08-19 05:25:00,2020-08-19 05:30:00,1.19452,1.19508,1.1934000000000002,0.0005599999999998939,False,extreme,2020-08-19 05:50:00,1.1934000000000002,target,5,2.0,0,0.0,2.0,2.2500000000004956,0.10714285714278633
EURUSD,NY,2020-08-20,Thursday,1,1.18687,1.18328,0.003589999999999982,long,2020-08-20 04:20:00,1.18122,2020-08-20 04:55:00,2020-08-20 05:00:00,1.18366,1.18122,1.18854,0.0024399999999999977,False,extreme,2020-08-20 09:10:00,1.18122,stop,51,-1.0,0,0.0,-1.0,0.7909836065573725,1.213114754098301
EURUSD,NY,2020-08-20,Thursday,2,1.18687,1.18328,0.003589999999999982,long,2020-08-20 08:55:00,1.18021,2020-08-20 10:05:00,2020-08-20 10:10:00,1.18352,1.18021,1.1901399999999998,0.003309999999999924,False,extreme,2020-08-20 23:55:00,1.18733,end_of_day,166,1.1510574018127426,0,0.0,1.1510574018127426,1.2598187311178557,0.11782477341386688
EURUSD,NY,2020-08-24,Monday,1,1.18154,1.17873,0.002809999999999979,short,2020-08-24 04:00:00,1.18178,2020-08-24 04:05:00,2020-08-24 04:10:00,1.18134,1.18178,1.18046,0.00043999999999999595,False,extreme,2020-08-24 04:25:00,1.18178,stop,4,-1.0,0,0.0,-1.0,1.0681818181817608,1.0227272727269172
EURUSD,NY,2020-08-24,Monday,2,1.18154,1.17873,0.002809999999999979,short,2020-08-24 04:35:00,1.18497,2020-08-24 10:55:00,2020-08-24 11:00:00,1.18134,1.18497,1.17408,0.003630000000000022,False,extreme,2020-08-24 23:55:00,1.1806,end_of_day,156,0.2038567493112833,0,0.0,0.2038567493112833,0.8016528925619698,0.030303030302983962
EURUSD,NY,2020-08-25,Tuesday,1,1.18297,1.17982,0.003149999999999986,short,2020-08-25 04:00:00,1.1835,2020-08-25 04:10:00,2020-08-25 04:15:00,1.18254,1.1835,1.1806199999999998,0.0009600000000000719,False,extreme,2020-08-25 05:15:00,1.1835,stop,13,-1.0,0,0.0,-1.0,1.4999999999997686,1.8124999999999423
EURUSD,NY,2020-08-25,Tuesday,2,1.18297,1.17982,0.003149999999999986,short,2020-08-25 05:15:00,1.18428,2020-08-25 05:45:00,2020-08-25 05:50:00,1.18291,1.18428,1.1801699999999997,0.0013700000000000934,False,extreme,2020-08-25 09:30:00,1.18428,stop,45,-1.0,0,0.0,-1.0,1.8394160583939299,1.072992700729914
EURUSD,NY,2020-08-25,Tuesday,3,1.18297,1.17982,0.003149999999999986,short,2020-08-25 09:10:00,1.18438,2020-08-25 10:00:00,2020-08-25 10:05:00,1.18237,1.18438,1.1783499999999998,0.0020100000000000673,False,extreme,2020-08-25 23:55:00,1.18187,end_of_day,167,0.24875621890543692,0,0.0,0.24875621890543692,0.9154228855720299,0.7711442786070202
EURUSD,NY,2020-08-26,Wednesday,1,1.18254,1.18008,0.0024599999999999067,long,2020-08-26 07:55:00,1.17724,2020-08-26 09:30:00,2020-08-26 09:35:00,1.18023,1.17724,1.1862099999999995,0.002989999999999826,False,extreme,2020-08-26 23:55:00,1.18338,end_of_day,173,1.0535117056857497,0,0.0,1.0535117056857497,1.5953177257526556,0.01672240802671785
EURUSD,NY,2020-08-27,Thursday,1,1.18401,1.18167,0.0023400000000000087,long,2020-08-27 06:30:00,1.17943,2020-08-27 07:45:00,2020-08-27 07:50:00,1.18173,1.17943,1.1863299999999999,0.0022999999999999687,False,extreme,2020-08-27 09:05:00,1.1863299999999999,target,16,2.0,0,0.0,2.0,2.5347826086956875,0.7826086956521949
EURUSD,NY,2020-08-27,Thursday,2,1.18401,1.18167,0.0023400000000000087,long,2020-08-27 09:40:00,1.17626,2020-08-27 11:40:00,2020-08-27 11:45:00,1.18257,1.17797,1.1917699999999998,0.0045999999999999375,True,swing,2020-08-27 23:55:00,1.18593,end_of_day,147,0.730434782608712,0,0.0,0.730434782608712,0.7413043478261264,0.7086956521738832
EURUSD,NY,2020-08-28,Friday,1,1.18999,1.18528,0.004710000000000214,short,2020-08-28 04:15:00,1.19199,2020-08-28 05:45:00,2020-08-28 05:50:00,1.18994,1.19199,1.1858399999999998,0.0020500000000001073,False,extreme,2020-08-28 16:55:00,1.19063,friday_close,134,-0.33658536585367965,0,0.0,-0.33658536585367965,1.5512195121950216,0.9658536585365801
EURUSD,NY,2020-08-31,Monday,1,1.1912,1.18922,0.001980000000000093,long,2020-08-31 04:00:00,1.18918,2020-08-31 04:05:00,2020-08-31 04:10:00,1.18932,1.18918,1.1896,0.000140000000000029,False,extreme,2020-08-31 04:10:00,1.18918,both_touched,1,-1.0,0,0.0,-1.0,3.0714285714290246,1.1428571428564631
EURUSD,NY,2020-08-31,Monday,2,1.1912,1.18922,0.001980000000000093,long,2020-08-31 04:25:00,1.1884,2020-08-31 04:40:00,2020-08-31 04:45:00,1.18967,1.1884,1.1922100000000002,0.0012700000000001044,False,extreme,2020-08-31 06:45:00,1.1922100000000002,target,25,2.0,0,0.0,2.0,2.346456692913179,0.039370078740237326
EURUSD,NY,2020-09-01,Tuesday,1,1.19968,1.19648,0.0032000000000000917,short,2020-09-01 09:10:00,1.19992,2020-09-01 09:15:00,2020-09-01 09:20:00,1.19961,1.19992,1.19899,0.00031000000000003247,False,extreme,2020-09-01 09:20:00,1.19992,both_touched,1,-1.0,0,0.0,-1.0,3.483870967741473,4.967741935482946
EURUSD,NY,2020-09-02,Wednesday,1,1.19135,1.1864,0.00495000000000001,long,2020-09-02 04:30:00,1.18584,2020-09-02 04:35:00,2020-09-02 04:40:00,1.1866,1.18584,1.1881200000000003,0.0007600000000000939,False,extreme,2020-09-02 04:45:00,1.18584,stop,2,-1.0,0,0.0,-1.0,0.09210526315761026,1.0
EURUSD,NY,2020-09-02,Wednesday,2,1.19135,1.1864,0.00495000000000001,long,2020-09-02 04:45:00,1.18524,2020-09-02 05:05:00,2020-09-02 05:10:00,1.18641,1.18524,1.1887499999999998,0.0011699999999998933,False,extreme,2020-09-02 07:20:00,1.18524,stop,27,-1.0,0,0.0,-1.0,1.1538461538462268,1.0854700854700838
EURUSD,NY,2020-09-02,Wednesday,3,1.19135,1.1864,0.00495000000000001,long,2020-09-02 06:55:00,1.18453,2020-09-02 08:15:00,2020-09-02 08:20:00,1.18751,1.18453,1.19347,0.0029799999999999827,False,extreme,2020-09-02 09:15:00,1.18453,stop,12,-1.0,0,0.0,-1.0,0.04697986577182208,1.1409395973154663
EURUSD,NY,2020-09-03,Thursday,1,1.18256,1.17891,0.003650000000000153,short,2020-09-03 04:00:00,1.18291,2020-09-03 04:05:00,2020-09-03 04:10:00,1.18206,1.18291,1.1803600000000005,0.0008499999999997954,False,extreme,2020-09-03 04:40:00,1.18291,stop,7,-1.0,0,0.0,-1.0,0.6352941176474552,1.8352941176472464
EURUSD,NY,2020-09-03,Thursday,2,1.18256,1.17891,0.003650000000000153,short,2020-09-03 04:40:00,1.18362,2020-09-03 05:05:00,2020-09-03 05:10:00,1.18256,1.18362,1.1804400000000004,0.0010599999999998388,False,extreme,2020-09-03 07:05:00,1.1804400000000004,target,24,2.0,0,0.0,2.0,2.1698113207550174,0.9716981132075669
EURUSD,NY,2020-09-03,Thursday,3,1.18256,1.17891,0.003650000000000153,short,2020-09-03 08:30:00,1.18491,2020-09-03 11:15:00,2020-09-03 11:20:00,1.1818,1.18491,1.17558,0.003109999999999946,False,extreme,2020-09-03 14:00:00,1.18491,stop,33,-1.0,0,0.0,-1.0,0.2186495176848957,1.1800643086817124
EURUSD,NY,2020-09-04,Friday,1,1.18541,1.18334,0.0020700000000000163,short,2020-09-04 04:45:00,1.18655,2020-09-04 05:25:00,2020-09-04 05:30:00,1.18536,1.18655,1.18298,0.0011900000000000244,False,extreme,2020-09-04 08:30:00,1.18298,target,37,2.0,0,0.0,2.0,2.327731092436876,0.4537815126050201
EURUSD,NY,2020-09-04,Friday,2,1.18541,1.18334,0.0020700000000000163,long,2020-09-04 08:35:00,1.1814,2020-09-04 08:40:00,2020-09-04 08:45:00,1.18338,1.1814,1.1873400000000003,0.001980000000000093,False,extreme,2020-09-04 08:55:00,1.1814,stop,3,-1.0,0,0.0,-1.0,0.25252525252521285,1.6111111111110488
EURUSD,NY,2020-09-04,Friday,3,1.18541,1.18334,0.0020700000000000163,long,2020-09-04 08:50:00,1.17809,2020-09-04 12:50:00,2020-09-04 12:55:00,1.18334,1.18162,1.1867800000000004,0.0017200000000001658,True,swing,2020-09-04 16:55:00,1.18379,friday_close,49,0.2616279069766256,0,0.0,0.2616279069766256,1.2441860465115258,0.07558139534880869
EURUSD,NY,2020-09-07,Monday,1,1.18456,1.18245,0.0021100000000000563,short,2020-09-07 04:30:00,1.18487,2020-09-07 04:40:00,2020-09-07 04:45:00,1.18448,1.18487,1.1836999999999998,0.0003900000000001125,False,extreme,2020-09-07 04:50:00,1.1836999999999998,target,2,2.0,0,0.0,2.0,2.564102564101542,0.07692307692298933
EURUSD,NY,2020-09-07,Monday,2,1.18456,1.18245,0.0021100000000000563,long,2020-09-07 06:10:00,1.18127,2020-09-07 07:40:00,2020-09-07 07:45:00,1.18268,1.18127,1.1854999999999998,0.0014099999999999113,False,extreme,2020-09-07 14:55:00,1.18127,stop,87,-1.0,0,0.0,-1.0,0.3971631205674831,1.0141843971632143
EURUSD,NY,2020-09-08,Tuesday,1,1.18275,1.17978,0.002969999999999917,long,2020-09-08 05:50:00,1.17776,2020-09-08 06:45:00,2020-09-08 06:50:00,1.1799,1.17776,1.18418,0.0021400000000000308,False,extreme,2020-09-08 09:35:00,1.17776,stop,34,-1.0,0,0.0,-1.0,0.3411214953271537,1.121495327102768
EURUSD,NY,2020-09-08,Tuesday,2,1.18275,1.17978,0.002969999999999917,long,2020-09-08 09:05:00,1.17656,2020-09-08 12:15:00,2020-09-08 12:20:00,1.17984,1.17656,1.1864,0.0032799999999999496,False,extreme,2020-09-08 18:05:00,1.17656,stop,70,-1.0,0,0.0,-1.0,0.22865853658537802,1.021341463414639
EURUSD,NY,2020-09-09,Wednesday,1,1.17828,1.17608,0.0021999999999999797,long,2020-09-09 06:25:00,1.17529,2020-09-09 07:05:00,2020-09-09 07:10:00,1.17618,1.17529,1.1779600000000001,0.0008900000000000574,False,extreme,2020-09-09 08:35:00,1.1779600000000001,target,18,2.0,0,0.0,2.0,2.5842696629211463,0.7865168539324469
EURUSD,NY,2020-09-10,Thursday,1,1.18369,1.18161,0.0020799999999998597,short,2020-09-10 04:40:00,1.18402,2020-09-10 04:45:00,2020-09-10 04:50:00,1.18367,1.18402,1.1829699999999999,0.0003500000000000725,False,extreme,2020-09-10 05:15:00,1.1829699999999999,target,6,2.0,0,0.0,2.0,2.1999999999993656,0.0
EURUSD,NY,2020-09-10,Thursday,2,1.18369,1.18161,0.0020799999999998597,short,2020-09-10 05:55:00,1.18445,2020-09-10 06:15:00,2020-09-10 06:20:00,1.18348,1.18445,1.1815400000000003,0.0009699999999999154,False,extreme,2020-09-10 07:45:00,1.18445,stop,18,-1.0,0,0.0,-1.0,0.3917525773196702,1.4536082474227159
EURUSD,NY,2020-09-10,Thursday,3,1.18369,1.18161,0.0020799999999998597,short,2020-09-10 07:50:00,1.19174,2020-09-10 14:20:00,2020-09-10 14:25:00,1.18344,1.18577,1.1787800000000002,0.0023299999999999432,True,swing,2020-09-10 23:55:00,1.18339,end_of_day,115,0.021459227467856966,0,0.0,0.021459227467856966,1.0600858369098851,0.2489270386266262
EURUSD,NY,2020-09-11,Friday,1,1.18492,1.18285,0.0020700000000000163,short,2020-09-11 04:35:00,1.18742,2020-09-11 07:45:00,2020-09-11 07:50:00,1.18488,1.18742,1.1798,0.0025399999999999867,False,extreme,2020-09-11 16:55:00,1.18446,friday_close,110,0.1653543307086091,0,0.0,0.1653543307086091,0.88188976377954,0.3425196850394303
EURUSD,NY,2020-09-14,Monday,1,1.18645,1.18429,0.0021599999999999397,short,2020-09-14 04:05:00,1.18688,2020-09-14 04:20:00,2020-09-14 04:25:00,1.1863,1.18688,1.1851399999999999,0.0005800000000000249,False,extreme,2020-09-14 05:45:00,1.1851399999999999,target,17,2.0,0,0.0,2.0,2.3103448275859297,0.8448275862070351
EURUSD,NY,2020-09-14,Monday,2,1.18645,1.18429,0.0021599999999999397,short,2020-09-14 06:15:00,1.18673,2020-09-14 06:20:00,2020-09-14 06:25:00,1.18605,1.18673,1.18469,0.0006800000000000139,False,extreme,2020-09-14 06:25:00,1.18673,stop,1,-1.0,0,0.0,-1.0,0.014705882353037216,1.1911764705881778
EURUSD,NY,2020-09-14,Monday,3,1.18645,1.18429,0.0021599999999999397,short,2020-09-14 06:25:00,1.1888,2020-09-14 13:05:00,2020-09-14 13:10:00,1.18629,1.1888,1.18127,0.0025100000000000122,False,extreme,2020-09-14 23:25:00,1.1888,stop,124,-1.0,0,0.0,-1.0,0.1593625498007785,1.1075697211155344
EURUSD,NY,2020-09-15,Tuesday,1,1.19,1.18761,0.002389999999999892,long,2020-09-15 08:45:00,1.18685,2020-09-15 09:00:00,2020-09-15 09:05:00,1.18786,1.18685,1.1898799999999998,0.0010099999999999554,False,extreme,2020-09-15 09:45:00,1.18685,stop,9,-1.0,0,0.0,-1.0,0.31683168316842786,1.356435643564289
EURUSD,NY,2020-09-16,Wednesday,1,1.18621,1.18412,0.0020899999999999253,short,2020-09-16 04:05:00,1.18825,2020-09-16 08:40:00,2020-09-16 08:45:00,1.1861,1.18825,1.1817999999999997,0.0021500000000000963,False,extreme,2020-09-16 10:25:00,1.1817999999999997,target,21,2.0,0,0.0,2.0,2.339534883720764,0.36744186046513166
EURUSD,NY,2020-09-16,Wednesday,2,1.18621,1.18412,0.0020899999999999253,long,2020-09-16 10:15:00,1.18096,2020-09-16 11:00:00,2020-09-16 11:05:00,1.18434,1.18096,1.1910999999999998,0.0033799999999999386,False,extreme,2020-09-16 14:05:00,1.18096,stop,37,-1.0,0,0.0,-1.0,0.34615384615388656,1.0680473372780936
EURUSD,NY,2020-09-17,Thursday,1,1.17951,1.17498,0.004530000000000145,short,2020-09-17 04:00:00,1.18122,2020-09-17 05:05:00,2020-09-17 05:10:00,1.17924,1.18122,1.1752800000000003,0.0019799999999998708,False,extreme,2020-09-17 08:50:00,1.18122,stop,45,-1.0,0,0.0,-1.0,0.4595959595959726,1.035353535353545
EURUSD,NY,2020-09-18,Friday,1,1.18691,1.18464,0.0022699999999999942,long,2020-09-18 04:00:00,1.18403,2020-09-18 04:10:00,2020-09-18 04:15:00,1.18466,1.18403,1.1859200000000003,0.0006300000000001305,False,extreme,2020-09-18 04:50:00,1.1859200000000003,target,8,2.0,0,0.0,2.0,2.142857142856639,0.031746031746233146
EURUSD,NY,2020-09-18,Friday,2,1.18691,1.18464,0.0022699999999999942,long,2020-09-18 06:10:00,1.18412,2020-09-18 06:30:00,2020-09-18 06:35:00,1.18473,1.18412,1.18595,0.0006099999999999994,False,extreme,2020-09-18 06:35:00,1.18412,stop,1,-1.0,0,0.0,-1.0,0.2786885245901699,1.0327868852461164
EURUSD,NY,2020-09-18,Friday,3,1.18691,1.18464,0.0022699999999999942,long,2020-09-18 06:35:00,1.18306,2020-09-18 09:00:00,2020-09-18 09:05:00,1.1847,1.18306,1.1879800000000003,0.0016400000000000858,False,extreme,2020-09-18 10:00:00,1.18306,stop,12,-1.0,0,0.0,-1.0,0.2926829268291395,1.2560975609756493
EURUSD,NY,2020-09-18,Friday,4,1.18691,1.18464,0.0022699999999999942,long,2020-09-18 09:20:00,1.18264,2020-09-18 10:25:00,2020-09-18 10:30:00,1.18498,1.18264,1.18966,0.0023400000000000087,False,extreme,2020-09-18 16:55:00,1.18426,friday_close,78,-0.3076923076922347,0,0.0,-0.3076923076922347,0.8888888888889205,0.44871794871794507
EURUSD,NY,2020-09-23,Wednesday,1,1.17001,1.16721,0.0027999999999999137,short,2020-09-23 04:55:00,1.17189,2020-09-23 07:45:00,2020-09-23 07:50:00,1.1699,1.17189,1.1659199999999996,0.0019900000000001583,False,extreme,2020-09-23 14:55:00,1.1659199999999996,target,86,2.0,0,0.0,2.0,2.120603015075153,0.28140703517591525
EURUSD,NY,2020-09-23,Wednesday,2,1.17001,1.16721,0.0027999999999999137,long,2020-09-23 14:35:00,1.16514,2020-09-23 20:40:00,2020-09-23 20:45:00,1.16726,1.16514,1.1714999999999998,0.0021199999999998997,False,extreme,2020-09-23 23:55:00,1.16559,end_of_day,39,-0.7877358490566695,0,0.0,-0.7877358490566695,0.33962264150947546,0.7877358490566695
EURUSD,NY,2020-09-24,Thursday,1,1.16737,1.16443,0.0029399999999999427,long,2020-09-24 05:30:00,1.16332,2020-09-24 06:00:00,2020-09-24 06:05:00,1.16446,1.16332,1.1667400000000003,0.001140000000000141,False,extreme,2020-09-24 08:40:00,1.16332,stop,32,-1.0,0,0.0,-1.0,0.8508771929822767,1.5877192982454962
EURUSD,NY,2020-09-24,Thursday,2,1.16737,1.16443,0.0029399999999999427,long,2020-09-24 08:25:00,1.16265,2020-09-24 09:05:00,2020-09-24 09:10:00,1.16465,1.16265,1.16865,0.0020000000000000018,False,extreme,2020-09-24 13:45:00,1.16865,target,56,2.0,0,0.0,2.0,2.0050000000000328,0.7800000000000022
EURUSD,NY,2020-09-24,Thursday,3,1.16737,1.16443,0.0029399999999999427,short,2020-09-24 13:40:00,1.1687,2020-09-24 14:15:00,2020-09-24 14:20:00,1.16734,1.1687,1.16462,0.0013600000000000279,False,extreme,2020-09-24 23:55:00,1.16651,end_of_day,116,0.610294117647126,0,0.0,0.610294117647126,0.7941176470587851,0.4852941176469628
EURUSD,NY,2020-09-28,Monday,1,1.16404,1.16226,0.0017799999999998928,short,2020-09-28 04:35:00,1.16458,2020-09-28 04:55:00,2020-09-28 05:00:00,1.16388,1.16458,1.1624800000000002,0.0006999999999999229,False,extreme,2020-09-28 05:05:00,1.16458,stop,2,-1.0,0,0.0,-1.0,0.14285714285714285,1.0428571428571112
EURUSD,NY,2020-09-29,Tuesday,1,1.16842,1.16653,0.0018899999999999473,short,2020-09-29 05:00:00,1.16978,2020-09-29 06:35:00,2020-09-29 06:40:00,1.16836,1.16978,1.1655200000000001,0.0014199999999999768,False,extreme,2020-09-29 06:55:00,1.16978,stop,4,-1.0,0,0.0,-1.0,0.13380281690150536,1.0492957746478984
EURUSD,NY,2020-09-30,Wednesday,1,1.17429,1.17204,0.0022500000000000853,long,2020-09-30 04:40:00,1.16848,2020-09-30 10:15:00,2020-09-30 10:20:00,1.17252,1.16848,1.1806,0.0040400000000000436,False,extreme,2020-09-30 23:55:00,1.17437,end_of_day,147,0.45792079207918,0,0.0,0.45792079207918,0.6584158415841228,0.47772277227721943
EURUSD,NY,2020-10-01,Thursday,1,1.17578,1.17233,0.003449999999999953,short,2020-10-01 07:30:00,1.17698,2020-10-01 08:05:00,2020-10-01 08:10:00,1.17533,1.17698,1.1720300000000001,0.0016499999999999293,False,extreme,2020-10-01 22:50:00,1.1720300000000001,target,174,2.0,0,0.0,2.0,2.260606060606164,0.8666666666667294
EURUSD,NY,2020-10-05,Monday,1,1.17382,1.17198,0.0018400000000000638,short,2020-10-05 04:10:00,1.17455,2020-10-05 04:30:00,2020-10-05 04:35:00,1.17375,1.17455,1.1721500000000002,0.0007999999999999119,False,extreme,2020-10-05 04:45:00,1.17455,stop,3,-1.0,0,0.0,-1.0,0.025000000000166535,1.125
EURUSD,NY,2020-10-06,Tuesday,1,1.18001,1.17745,0.0025599999999998957,long,2020-10-06 04:00:00,1.17654,2020-10-06 04:50:00,2020-10-06 04:55:00,1.1776,1.17654,1.17972,0.001060000000000061,False,extreme,2020-10-06 07:35:00,1.17972,target,33,2.0,0,0.0,2.0,2.0754716981130694,0.2830188679244809
EURUSD,NY,2020-10-06,Tuesday,2,1.18001,1.17745,0.0025599999999998957,short,2020-10-06 08:20:00,1.18078,2020-10-06 08:35:00,2020-10-06 08:40:00,1.17978,1.18078,1.1777800000000003,0.0009999999999998899,False,extreme,2020-10-06 11:55:00,1.1777800000000003,target,40,2.0,0,0.0,2.0,2.1400000000002666,0.4899999999999334
EURUSD,NY,2020-10-06,Tuesday,3,1.18001,1.17745,0.0025599999999998957,long,2020-10-06 13:35:00,1.17723,2020-10-06 13:45:00,2020-10-06 13:50:00,1.1776,1.17723,1.17834,0.00036999999999998145,False,extreme,2020-10-06 14:20:00,1.17834,target,7,2.0,0,0.0,2.0,2.3783783783784758,0.3243243243240648
EURUSD,NY,2020-10-07,Wednesday,1,1.17671,1.17278,0.003929999999999989,short,2020-10-07 07:20:00,1.17743,2020-10-07 07:35:00,2020-10-07 07:40:00,1.17661,1.17743,1.1749699999999998,0.0008200000000000429,False,extreme,2020-10-07 07:45:00,1.17743,stop,2,-1.0,0,0.0,-1.0,0.01219512195102798,1.1585365853658007
EURUSD,NY,2020-10-07,Wednesday,2,1.17671,1.17278,0.003929999999999989,short,2020-10-07 07:40:00,1.1777,2020-10-07 08:20:00,2020-10-07 08:25:00,1.17658,1.1777,1.17434,0.0011200000000000099,False,extreme,2020-10-07 08:35:00,1.1777,stop,3,-1.0,0,0.0,-1.0,0.008928571428629843,1.1250000000000249
EURUSD,NY,2020-10-07,Wednesday,3,1.17671,1.17278,0.003929999999999989,short,2020-10-07 08:30:00,1.17819,2020-10-07 09:55:00,2020-10-07 10:00:00,1.17617,1.17819,1.1721299999999997,0.002020000000000133,False,extreme,2020-10-07 23:55:00,1.17702,end_of_day,167,-0.42079207920790174,0,0.0,-0.42079207920790174,0.18316831683166196,0.6683168316831057
EURUSD,NY,2020-10-08,Thursday,1,1.17817,1.17623,0.0019399999999998307,long,2020-10-08 04:00:00,1.17574,2020-10-08 04:10:00,2020-10-08 04:15:00,1.17651,1.17574,1.1780499999999998,0.0007699999999999374,False,extreme,2020-10-08 04:45:00,1.17574,stop,7,-1.0,0,0.0,-1.0,0.35064935064936936,1.2077922077921441
EURUSD,NY,2020-10-08,Thursday,2,1.17817,1.17623,0.0019399999999998307,long,2020-10-08 04:40:00,1.17558,2020-10-08 05:00:00,2020-10-08 05:05:00,1.17634,1.17558,1.1778599999999997,0.0007599999999998719,False,extreme,2020-10-08 05:30:00,1.17558,stop,6,-1.0,0,0.0,-1.0,0.552631578947576,1.0657894736843605
EURUSD,NY,2020-10-08,Thursday,3,1.17817,1.17623,0.0019399999999998307,long,2020-10-08 05:25:00,1.17529,2020-10-08 06:05:00,2020-10-08 06:10:00,1.17632,1.17529,1.1783800000000002,0.0010300000000000864,False,extreme,2020-10-08 07:15:00,1.17529,stop,14,-1.0,0,0.0,-1.0,0.3106796116503389,1.0194174757280654
EURUSD,NY,2020-10-08,Thursday,4,1.17817,1.17623,0.0019399999999998307,long,2020-10-08 06:45:00,1.17521,2020-10-08 08:10:00,2020-10-08 08:15:00,1.17648,1.17521,1.1790199999999997,0.0012699999999998823,False,extreme,2020-10-08 09:00:00,1.17521,stop,10,-1.0,0,0.0,-1.0,0.33070866141742195,1.8503937007876314
EURUSD,NY,2020-10-08,Thursday,5,1.17817,1.17623,0.0019399999999998307,long,2020-10-08 08:30:00,1.17329,2020-10-08 18:00:00,2020-10-08 18:05:00,1.17627,1.17329,1.18223,0.0029799999999999827,False,extreme,2020-10-08 23:55:00,1.17771,end_of_day,71,0.4832214765101061,0,0.0,0.4832214765101061,0.607382550335604,0.174496644295254
EURUSD,NY,2020-10-12,Monday,1,1.18268,1.18059,0.0020899999999999253,long,2020-10-12 05:20:00,1.17952,2020-10-12 06:10:00,2020-10-12 06:15:00,1.18069,1.17952,1.1830300000000002,0.0011700000000001154,False,extreme,2020-10-12 07:00:00,1.17952,stop,10,-1.0,0,0.0,-1.0,0.19658119658113657,1.2051282051280106
EURUSD,NY,2020-10-12,Monday,2,1.18268,1.18059,0.0020899999999999253,long,2020-10-12 06:20:00,1.17869,2020-10-12 08:45:00,2020-10-12 08:50:00,1.1809,1.17869,1.1853200000000002,0.0022100000000000453,False,extreme,2020-10-12 23:55:00,1.1795,end_of_day,182,-0.6334841628959453,0,0.0,-0.6334841628959453,0.3484162895927247,0.8325791855203738
EURUSD,NY,2020-10-14,Wednesday,1,1.17473,1.17289,0.0018400000000000638,short,2020-10-14 04:30:00,1.17537,2020-10-14 04:40:00,2020-10-14 04:45:00,1.17462,1.17537,1.17312,0.0007500000000000284,False,extreme,2020-10-14 05:10:00,1.17312,target,6,2.0,0,0.0,2.0,2.8666666666666862,0.30666666666659165
EURUSD,NY,2020-10-14,Wednesday,2,1.17473,1.17289,0.0018400000000000638,long,2020-10-14 05:10:00,1.17247,2020-10-14 05:15:00,2020-10-14 05:20:00,1.17295,1.17247,1.17391,0.00048000000000003595,False,extreme,2020-10-14 05:35:00,1.17247,stop,4,-1.0,0,0.0,-1.0,0.5208333333334683,1.9999999999995375
EURUSD,NY,2020-10-14,Wednesday,3,1.17473,1.17289,0.0018400000000000638,long,2020-10-14 05:25:00,1.17199,2020-10-14 05:55:00,2020-10-14 06:00:00,1.173,1.17199,1.17502,0.0010099999999999554,False,extreme,2020-10-14 08:05:00,1.17502,target,26,2.0,0,0.0,2.0,2.0297029702970057,0.26732673267327167
EURUSD,NY,2020-10-14,Wednesday,4,1.17473,1.17289,0.0018400000000000638,short,2020-10-14 08:05:00,1.17711,2020-10-14 12:20:00,2020-10-14 12:25:00,1.17465,1.17711,1.1697299999999997,0.0024600000000001288,False,extreme,2020-10-14 23:55:00,1.17495,end_of_day,139,-0.1219512195121753,0,0.0,-0.1219512195121753,0.2317073170731421,0.43495934959352456
EURUSD,NY,2020-10-16,Friday,1,1.17202,1.16942,0.0026000000000001577,short,2020-10-16 06:25:00,1.17226,2020-10-16 06:30:00,2020-10-16 06:35:00,1.172,1.17226,1.1714799999999996,0.000260000000000149,False,extreme,2020-10-16 06:40:00,1.17226,stop,2,-1.0,0,0.0,-1.0,0.5384615384613414,1.115384615384451
EURUSD,NY,2020-10-16,Friday,2,1.17202,1.16942,0.0026000000000001577,short,2020-10-16 06:40:00,1.17236,2020-10-16 06:50:00,2020-10-16 06:55:00,1.1711,1.17236,1.16858,0.0012600000000000389,False,extreme,2020-10-16 07:05:00,1.17236,stop,3,-1.0,0,0.0,-1.0,0.34126984126977555,1.3492063492063353
EURUSD,NY,2020-10-16,Friday,3,1.17202,1.16942,0.0026000000000001577,short,2020-10-16 07:05:00,1.17463,2020-10-16 10:40:00,2020-10-16 10:45:00,1.17169,1.17463,1.1658099999999996,0.0029400000000001647,False,extreme,2020-10-16 16:55:00,1.17147,friday_close,75,0.07482993197274647,0,0.0,0.07482993197274647,0.12585034013604107,0.2755102040816851
EURUSD,NY,2020-10-20,Tuesday,1,1.17805,1.17599,0.0020599999999999508,short,2020-10-20 04:10:00,1.17862,2020-10-20 04:30:00,2020-10-20 04:35:00,1.17774,1.17862,1.17598,0.0008799999999999919,False,extreme,2020-10-20 04:40:00,1.17862,stop,2,-1.0,0,0.0,-1.0,0.06818181818176083,1.1704545454546544
EURUSD,NY,2020-10-21,Wednesday,1,1.18705,1.18428,0.002769999999999939,short,2020-10-21 10:15:00,1.18753,2020-10-21 10:20:00,2020-10-21 10:25:00,1.18698,1.18753,1.1858799999999998,0.0005500000000000504,False,extreme,2020-10-21 10:30:00,1.18753,stop,2,-1.0,0,0.0,-1.0,0.2545454545454839,1.2727272727274195
EURUSD,NY,2020-10-21,Wednesday,2,1.18705,1.18428,0.002769999999999939,short,2020-10-21 10:25:00,1.18808,2020-10-21 11:20:00,2020-10-21 11:25:00,1.18688,1.18808,1.1844799999999998,0.0012000000000000899,False,extreme,2020-10-21 20:15:00,1.1844799999999998,target,107,2.0,0,0.0,2.0,2.058333333333156,0.9166666666666821
EURUSD,NY,2020-10-21,Wednesday,3,1.18705,1.18428,0.002769999999999939,long,2020-10-21 22:05:00,1.18382,2020-10-21 22:35:00,2020-10-21 22:40:00,1.1843,1.18382,1.1852599999999995,0.0004799999999998139,False,extreme,2020-10-21 23:55:00,1.1842,end_of_day,16,-0.20833333333339116,0,0.0,-0.20833333333339116,0.33333333333379594,0.6666666666666666
EURUSD,NY,2020-10-22,Thursday,1,1.18669,1.18403,0.0026600000000001067,long,2020-10-22 05:10:00,1.18353,2020-10-22 05:15:00,2020-10-22 05:20:00,1.18417,1.18353,1.18545,0.0006399999999999739,False,extreme,2020-10-22 05:35:00,1.18353,stop,4,-1.0,0,0.0,-1.0,0.25000000000026024,1.6406250000000597
EURUSD,NY,2020-10-23,Friday,1,1.18311,1.17915,0.003960000000000186,short,2020-10-23 04:05:00,1.18601,2020-10-23 10:05:00,2020-10-23 10:10:00,1.18297,1.18601,1.1768900000000002,0.0030399999999999316,False,extreme,2020-10-23 14:25:00,1.18601,stop,52,-1.0,0,0.0,-1.0,0.12828947368425042,1.0164473684210147
EURUSD,NY,2020-10-27,Tuesday,1,1.1836,1.18156,0.0020400000000000418,long,2020-10-27 04:05:00,1.17964,2020-10-27 05:30:00,2020-10-27 05:35:00,1.18163,1.17964,1.1856099999999998,0.0019899999999999363,False,extreme,2020-10-27 16:55:00,1.17964,stop,137,-1.0,0,0.0,-1.0,1.1356783919599112,1.1758793969849666
EURUSD,NY,2020-10-28,Wednesday,1,1.17853,1.17647,0.002060000000000173,long,2020-10-28 04:00:00,1.175,2020-10-28 04:55:00,2020-10-28 05:00:00,1.1765,1.175,1.1795000000000002,0.0015000000000000568,False,extreme,2020-10-28 05:20:00,1.175,stop,5,-1.0,0,0.0,-1.0,0.0,1.0666666666666569
EURUSD,NY,2020-10-29,Thursday,1,1.17575,1.17353,0.0022200000000001108,long,2020-10-29 04:05:00,1.17249,2020-10-29 05:05:00,2020-10-29 05:10:00,1.1736,1.17249,1.1758199999999999,0.0011099999999999444,False,extreme,2020-10-29 05:45:00,1.17249,stop,8,-1.0,0,0.0,-1.0,0.24324324324324864,1.0
EURUSD,NY,2020-10-30,Friday,1,1.16916,1.1665,0.0026599999999998847,long,2020-10-30 04:50:00,1.16606,2020-10-30 04:55:00,2020-10-30 05:00:00,1.16688,1.16606,1.1685199999999996,0.0008199999999998209,False,extreme,2020-10-30 08:45:00,1.1685199999999996,target,46,2.0,0,0.0,2.0,2.329268292683531,0.5000000000001354
EURUSD,NY,2020-10-30,Friday,2,1.16916,1.1665,0.0026599999999998847,short,2020-10-30 08:50:00,1.17044,2020-10-30 09:15:00,2020-10-30 09:20:00,1.16878,1.17044,1.16546,0.0016599999999999948,False,extreme,2020-10-30 11:50:00,1.16546,target,31,2.0,0,0.0,2.0,2.0783132530120265,0.14457831325302334
EURUSD,NY,2020-11-02,Monday,1,1.16437,1.16223,0.0021399999999998087,short,2020-11-02 04:20:00,1.16446,2020-11-02 04:25:00,2020-11-02 04:30:00,1.16434,1.16446,1.1640999999999997,0.00012000000000012001,False,extreme,2020-11-02 04:30:00,1.16446,stop,1,-1.0,0,0.0,-1.0,1.333333333331483,4.916666666662503
EURUSD,NY,2020-11-02,Monday,2,1.16437,1.16223,0.0021399999999998087,short,2020-11-02 04:30:00,1.16493,2020-11-02 04:45:00,2020-11-02 04:50:00,1.16419,1.16493,1.1627100000000001,0.0007399999999999629,False,extreme,2020-11-02 05:55:00,1.16493,stop,14,-1.0,0,0.0,-1.0,0.5540540540541108,1.229729729729746
EURUSD,NY,2020-11-02,Monday,3,1.16437,1.16223,0.0021399999999998087,short,2020-11-02 05:45:00,1.16558,2020-11-02 07:45:00,2020-11-02 07:50:00,1.16434,1.16558,1.1618599999999997,0.0012400000000001299,False,extreme,2020-11-02 23:55:00,1.16496,end_of_day,194,-0.5,0,0.0,-0.5,1.645161290322263,0.9112903225806105
EURUSD,NY,2020-11-03,Tuesday,1,1.16888,1.16494,0.0039399999999998325,short,2020-11-03 04:20:00,1.17709,2020-11-03 20:25:00,2020-11-03 20:30:00,1.16833,1.17261,1.1597700000000004,0.0042799999999998395,True,swing,2020-11-03 23:55:00,1.16544,end_of_day,42,0.6752336448598523,0,0.0,0.6752336448598523,1.8785046728972776,0.47663551401866733
EURUSD,NY,2020-11-04,Wednesday,1,1.16956,1.16282,0.006739999999999968,short,2020-11-04 06:05:00,1.171,2020-11-04 06:20:00,2020-11-04 06:25:00,1.16956,1.171,1.1666799999999997,0.0014400000000001079,False,extreme,2020-11-04 07:10:00,1.171,stop,10,-1.0,0,0.0,-1.0,0.12499999999988436,1.8333333333331792
EURUSD,NY,2020-11-04,Wednesday,2,1.16956,1.16282,0.006739999999999968,short,2020-11-04 06:25:00,1.17457,2020-11-04 09:25:00,2020-11-04 09:30:00,1.16918,1.17457,1.1584000000000005,0.005389999999999784,False,extreme,2020-11-04 23:55:00,1.17382,end_of_day,174,-0.860853432282034,0,0.0,-0.860853432282034,0.20964749536180347,0.9350649350649602
EURUSD,NY,2020-11-09,Monday,1,1.18984,1.18648,0.0033600000000000296,long,2020-11-09 06:30:00,1.18601,2020-11-09 06:45:00,2020-11-09 06:50:00,1.18787,1.18601,1.19159,0.0018599999999999728,False,extreme,2020-11-09 09:25:00,1.19159,target,32,2.0,0,0.0,2.0,2.225806451612953,0.44623655913973037
EURUSD,NY,2020-11-09,Monday,2,1.18984,1.18648,0.0033600000000000296,short,2020-11-09 09:00:00,1.19201,2020-11-09 09:45:00,2020-11-09 09:50:00,1.18939,1.19201,1.1841499999999998,0.0026200000000000667,False,extreme,2020-11-09 10:30:00,1.1841499999999998,target,9,2.0,0,0.0,2.0,2.15648854961824,0.0
EURUSD,NY,2020-11-10,Tuesday,1,1.18433,1.1814,0.002930000000000099,long,2020-11-10 04:45:00,1.17799,2020-11-10 07:10:00,2020-11-10 07:15:00,1.18154,1.17799,1.18864,0.003549999999999942,False,extreme,2020-11-10 23:55:00,1.18228,end_of_day,201,0.20845070422534506,0,0.0,0.20845070422534506,0.5295774647887077,0.6281690140845044
EURUSD,NY,2020-11-11,Wednesday,1,1.18282,1.1784,0.0044200000000000905,long,2020-11-11 04:45:00,1.17799,2020-11-11 04:50:00,2020-11-11 04:55:00,1.17887,1.17799,1.18063,0.0008799999999999919,False,extreme,2020-11-11 05:50:00,1.17799,stop,12,-1.0,0,0.0,-1.0,0.9659090909091196,1.2272727272729567
EURUSD,NY,2020-11-11,Wednesday,2,1.18282,1.1784,0.0044200000000000905,long,2020-11-11 05:45:00,1.1775,2020-11-11 05:55:00,2020-11-11 06:00:00,1.17851,1.1775,1.1805299999999999,0.0010099999999999554,False,extreme,2020-11-11 06:30:00,1.1775,stop,7,-1.0,0,0.0,-1.0,0.6930693069308672,1.3267326732672833
EURUSD,NY,2020-11-11,Wednesday,3,1.18282,1.1784,0.0044200000000000905,long,2020-11-11 06:10:00,1.17455,2020-11-11 20:10:00,2020-11-11 20:15:00,1.1784,1.17455,1.1860999999999997,0.003849999999999909,False,extreme,2020-11-11 23:55:00,1.17701,end_of_day,45,-0.36103896103897015,0,0.0,-0.36103896103897015,0.11168831168835393,0.3792207792207349
EURUSD,NY,2020-11-12,Thursday,1,1.17923,1.17586,0.003370000000000095,short,2020-11-12 04:20:00,1.18232,2020-11-12 08:10:00,2020-11-12 08:15:00,1.17914,1.18232,1.1727800000000002,0.0031799999999999606,False,extreme,2020-11-12 23:55:00,1.18038,end_of_day,189,-0.3899371069182148,0,0.0,-0.3899371069182148,0.12893081761007125,0.8238993710691438
EURUSD,NY,2020-11-13,Friday,1,1.18228,1.18007,0.0022100000000000453,short,2020-11-13 04:50:00,1.18345,2020-11-13 05:45:00,2020-11-13 05:50:00,1.18228,1.18345,1.1799400000000002,0.0011699999999998933,False,extreme,2020-11-13 14:30:00,1.18345,stop,105,-1.0,0,0.0,-1.0,1.247863247863376,1.0170940170941307
EURUSD,NY,2020-11-16,Monday,1,1.18689,1.18443,0.0024599999999999067,long,2020-11-16 04:25:00,1.18406,2020-11-16 04:30:00,2020-11-16 04:35:00,1.18454,1.18406,1.1855,0.00048000000000003595,False,extreme,2020-11-16 05:00:00,1.18406,stop,6,-1.0,0,0.0,-1.0,0.6875000000002891,2.104166666666416
EURUSD,NY,2020-11-16,Monday,2,1.18689,1.18443,0.0024599999999999067,long,2020-11-16 05:00:00,1.18352,2020-11-16 05:20:00,2020-11-16 05:25:00,1.18456,1.18352,1.1866400000000004,0.001040000000000152,False,extreme,2020-11-16 06:50:00,1.18352,stop,18,-1.0,0,0.0,-1.0,0.34615384615371475,1.384615384615286
EURUSD,NY,2020-11-16,Monday,3,1.18689,1.18443,0.0024599999999999067,long,2020-11-16 06:30:00,1.18259,2020-11-16 07:10:00,2020-11-16 07:15:00,1.18444,1.18259,1.1881399999999998,0.0018499999999999073,False,extreme,2020-11-16 07:25:00,1.18259,stop,3,-1.0,0,0.0,-1.0,0.11891891891898379,1.0270270270270854
EURUSD,NY,2020-11-16,Monday,4,1.18689,1.18443,0.0024599999999999067,long,2020-11-16 07:15:00,1.18254,2020-11-16 07:45:00,2020-11-16 07:50:00,1.18471,1.18254,1.18905,0.0021700000000000053,False,extreme,2020-11-16 08:05:00,1.18254,stop,4,-1.0,0,0.0,-1.0,0.0967741935484069,1.1428571428571574
EURUSD,NY,2020-11-16,Monday,5,1.18689,1.18443,0.0024599999999999067,long,2020-11-16 07:55:00,1.18143,2020-11-16 13:30:00,2020-11-16 13:35:00,1.18466,1.18143,1.1911200000000002,0.003230000000000066,False,extreme,2020-11-16 23:55:00,1.18591,end_of_day,125,0.3869969040247516,0,0.0,0.3869969040247516,0.631578947368421,0.26006191950462376
EURUSD,NY,2020-11-17,Tuesday,1,1.18758,1.18427,0.003310000000000146,short,2020-11-17 06:00:00,1.18857,2020-11-17 06:40:00,2020-11-17 06:45:00,1.18758,1.18857,1.1856000000000004,0.0009899999999998244,False,extreme,2020-11-17 08:15:00,1.18857,stop,19,-1.0,0,0.0,-1.0,0.9191919191922726,1.0101010101010781
EURUSD,NY,2020-11-17,Tuesday,2,1.18758,1.18427,0.003310000000000146,short,2020-11-17 07:55:00,1.18938,2020-11-17 09:20:00,2020-11-17 09:25:00,1.18746,1.18938,1.1836199999999997,0.0019200000000001438,False,extreme,2020-11-17 23:55:00,1.18683,end_of_day,175,0.3281249999999277,0,0.0,0.3281249999999277,1.2552083333332513,0.36979166666663293
EURUSD,NY,2020-11-18,Wednesday,1,1.18909,1.18672,0.0023699999999999832,long,2020-11-18 07:00:00,1.18619,2020-11-18 07:05:00,2020-11-18 07:10:00,1.18684,1.18619,1.1881399999999995,0.0006499999999998174,False,extreme,2020-11-18 07:35:00,1.18619,stop,6,-1.0,0,0.0,-1.0,0.461538461538882,1.1076923076923602
EURUSD,NY,2020-11-18,Wednesday,2,1.18909,1.18672,0.0023699999999999832,long,2020-11-18 07:35:00,1.18612,2020-11-18 07:45:00,2020-11-18 07:50:00,1.18672,1.18612,1.1879199999999999,0.0005999999999999339,False,extreme,2020-11-18 08:20:00,1.18612,stop,7,-1.0,0,0.0,-1.0,0.4333333333332593,1.650000000000259
EURUSD,NY,2020-11-18,Wednesday,3,1.18909,1.18672,0.0023699999999999832,long,2020-11-18 08:20:00,1.18516,2020-11-18 09:30:00,2020-11-18 09:35:00,1.18681,1.18516,1.1901099999999998,0.0016499999999999293,False,extreme,2020-11-18 16:05:00,1.18516,stop,79,-1.0,0,0.0,-1.0,0.5333333333333513,1.036363636363607
EURUSD,NY,2020-11-19,Thursday,1,1.18523,1.18219,0.0030399999999999316,long,2020-11-19 05:25:00,1.182,2020-11-19 05:30:00,2020-11-19 05:35:00,1.18263,1.182,1.1838900000000003,0.0006300000000001305,False,extreme,2020-11-19 07:50:00,1.1838900000000003,target,28,2.0,0,0.0,2.0,2.4285714285709754,0.4920634920634417
EURUSD,NY,2020-11-20,Friday,1,1.1891,1.1866,0.0024999999999999467,long,2020-11-20 04:00:00,1.18514,2020-11-20 06:45:00,2020-11-20 06:50:00,1.1869,1.18514,1.19042,0.0017599999999999838,False,extreme,2020-11-20 10:55:00,1.18514,stop,50,-1.0,0,0.0,-1.0,0.5340909090908804,1.068181818181887
EURUSD,NY,2020-11-23,Monday,1,1.1879,1.1863,0.0016000000000000458,short,2020-11-23 04:20:00,1.18828,2020-11-23 04:30:00,2020-11-23 04:35:00,1.18761,1.18828,1.1862700000000002,0.0006699999999999484,False,extreme,2020-11-23 05:50:00,1.18828,stop,16,-1.0,0,0.0,-1.0,0.2686567164180341,1.4477611940298358
EURUSD,NY,2020-11-23,Monday,2,1.1879,1.1863,0.0016000000000000458,short,2020-11-23 05:45:00,1.19059,2020-11-23 09:45:00,2020-11-23 09:50:00,1.18745,1.19059,1.1811699999999996,0.0031400000000001427,False,extreme,2020-11-23 11:05:00,1.1811699999999996,target,16,2.0,0,0.0,2.0,2.2101910828024303,0.08280254777074433
EURUSD,NY,2020-11-24,Tuesday,1,1.1879,1.1846,0.0032999999999998586,short,2020-11-24 04:30:00,1.18941,2020-11-24 06:20:00,2020-11-24 06:25:00,1.18777,1.18941,1.1844899999999998,0.0016400000000000858,False,extreme,2020-11-24 09:05:00,1.1844899999999998,target,33,2.0,0,0.0,2.0,2.2134146341462393,0.317073170731737
EURUSD,NY,2020-11-24,Tuesday,2,1.1879,1.1846,0.0032999999999998586,long,2020-11-24 09:05:00,1.18414,2020-11-24 09:10:00,2020-11-24 09:15:00,1.18527,1.18414,1.1875300000000002,0.0011300000000000754,False,extreme,2020-11-24 10:50:00,1.1875300000000002,target,20,2.0,0,0.0,2.0,2.6194690265483667,0.920353982300958
EURUSD,NY,2020-11-24,Tuesday,3,1.1879,1.1846,0.0032999999999998586,short,2020-11-24 11:20:00,1.18864,2020-11-24 11:45:00,2020-11-24 11:50:00,1.18783,1.18864,1.18621,0.0008099999999999774,False,extreme,2020-11-24 15:45:00,1.18864,stop,48,-1.0,0,0.0,-1.0,1.6172839506172332,1.17283950617288
EURUSD,NY,2020-11-25,Wednesday,1,1.19298,1.1891,0.0038799999999998835,long,2020-11-25 06:05:00,1.18819,2020-11-25 07:45:00,2020-11-25 07:50:00,1.18932,1.18819,1.1915799999999996,0.0011299999999998533,False,extreme,2020-11-25 10:35:00,1.1915799999999996,target,34,2.0,0,0.0,2.0,2.3982300884958776,0.37168141592913223
EURUSD,NY,2020-11-26,Thursday,1,1.19409,1.19148,0.002610000000000001,long,2020-11-26 04:40:00,1.18853,2020-11-26 14:35:00,2020-11-26 14:40:00,1.1917,1.18853,1.1980399999999998,0.003169999999999895,False,extreme,2020-11-26 23:55:00,1.19245,end_of_day,112,0.2365930599369253,0,0.0,0.2365930599369253,0.2492113564669068,0.32807570977916856
EURUSD,NY,2020-11-27,Friday,1,1.19328,1.19192,0.0013599999999998058,long,2020-11-27 04:30:00,1.19146,2020-11-27 04:40:00,2020-11-27 04:45:00,1.19201,1.19146,1.1931100000000001,0.0005500000000000504,False,extreme,2020-11-27 07:20:00,1.19146,stop,32,-1.0,0,0.0,-1.0,1.2909090909089513,1.1090909090908063
EURUSD,NY,2020-11-27,Friday,2,1.19328,1.19192,0.0013599999999998058,long,2020-11-27 07:10:00,1.1914,2020-11-27 07:25:00,2020-11-27 07:30:00,1.19206,1.1914,1.1933799999999997,0.0006599999999998829,False,extreme,2020-11-27 08:35:00,1.1933799999999997,target,14,2.0,0,0.0,2.0,2.1818181818187323,0.18181818181805948
EURUSD,NY,2020-11-27,Friday,3,1.19328,1.19192,0.0013599999999998058,short,2020-11-27 08:35:00,1.19356,2020-11-27 08:40:00,2020-11-27 08:45:00,1.19308,1.19356,1.1921199999999998,0.00048000000000003595,False,extreme,2020-11-27 08:50:00,1.19356,stop,2,-1.0,0,0.0,-1.0,0.0,1.0416666666669365
EURUSD,NY,2020-11-30,Monday,1,1.19838,1.19623,0.0021500000000000963,short,2020-11-30 04:40:00,1.19854,2020-11-30 05:00:00,2020-11-30 05:05:00,1.19836,1.19854,1.1980000000000004,0.00017999999999984695,False,extreme,2020-11-30 05:10:00,1.19854,stop,2,-1.0,0,0.0,-1.0,0.9444444444452669,1.0
EURUSD,NY,2020-11-30,Monday,2,1.19838,1.19623,0.0021500000000000963,short,2020-11-30 05:10:00,1.19854,2020-11-30 05:15:00,2020-11-30 05:20:00,1.1982,1.19854,1.19752,0.00034000000000000696,False,extreme,2020-11-30 06:00:00,1.19854,stop,9,-1.0,0,0.0,-1.0,0.5882352941175703,1.4705882352945787
EURUSD,NY,2020-11-30,Monday,3,1.19838,1.19623,0.0021500000000000963,short,2020-11-30 05:55:00,1.19904,2020-11-30 07:15:00,2020-11-30 07:20:00,1.19834,1.19904,1.1969399999999997,0.000700000000000145,False,extreme,2020-11-30 07:30:00,1.19904,stop,3,-1.0,0,0.0,-1.0,0.05714285714290246,1.285714285714195
EURUSD,NY,2020-11-30,Monday,4,1.19838,1.19623,0.0021500000000000963,short,2020-11-30 07:20:00,1.19924,2020-11-30 07:35:00,2020-11-30 07:40:00,1.19836,1.19924,1.1966,0.0008799999999999919,False,extreme,2020-11-30 09:00:00,1.19924,stop,17,-1.0,0,0.0,-1.0,1.1818181818183653,1.181818181818113
EURUSD,NY,2020-11-30,Monday,5,1.19838,1.19623,0.0021500000000000963,short,2020-11-30 08:45:00,1.19993,2020-11-30 09:30:00,2020-11-30 09:35:00,1.1983,1.19993,1.1950399999999999,0.0016300000000000203,False,extreme,2020-11-30 10:00:00,1.19993,stop,6,-1.0,0,0.0,-1.0,0.0,1.0490797546012756
EURUSD,NY,2020-11-30,Monday,6,1.19838,1.19623,0.0021500000000000963,short,2020-11-30 09:35:00,1.20034,2020-11-30 10:40:00,2020-11-30 10:45:00,1.1979,1.20034,1.19302,0.0024399999999999977,False,extreme,2020-11-30 15:55:00,1.19302,target,63,2.0,0,0.0,2.0,2.1188524590163533,0.2540983606557646
EURUSD,NY,2020-12-01,Tuesday,1,1.19857,1.19542,0.003149999999999986,short,2020-12-01 08:50:00,1.19944,2020-12-01 09:20:00,2020-12-01 09:25:00,1.19854,1.19944,1.1967399999999997,0.0009000000000001229,False,extreme,2020-12-01 09:45:00,1.19944,stop,5,-1.0,0,0.0,-1.0,1.1222222222220193,1.377777777777734
EURUSD,NY,2020-12-02,Wednesday,1,1.20877,1.20466,0.004109999999999836,long,2020-12-02 06:25:00,1.20432,2020-12-02 06:30:00,2020-12-02 06:35:00,1.20468,1.20432,1.2053999999999998,0.00035999999999991594,False,extreme,2020-12-02 06:35:00,1.20432,stop,1,-1.0,0,0.0,-1.0,0.0,1.1388888888892144
EURUSD,NY,2020-12-02,Wednesday,2,1.20877,1.20466,0.004109999999999836,long,2020-12-02 06:35:00,1.20427,2020-12-02 06:40:00,2020-12-02 06:45:00,1.20484,1.20427,1.2059799999999998,0.0005699999999999594,False,extreme,2020-12-02 07:35:00,1.20427,stop,11,-1.0,0,0.0,-1.0,1.1578947368423718,1.4385964912278584
EURUSD,NY,2020-12-02,Wednesday,3,1.20877,1.20466,0.004109999999999836,long,2020-12-02 07:30:00,1.20401,2020-12-02 07:50:00,2020-12-02 07:55:00,1.20492,1.20401,1.20674,0.0009099999999999664,False,extreme,2020-12-02 08:10:00,1.20674,target,4,2.0,0,0.0,2.0,2.2087912087913644,0.0
EURUSD,NY,2020-12-02,Wednesday,4,1.20877,1.20466,0.004109999999999836,short,2020-12-02 10:00:00,1.21085,2020-12-02 10:55:00,2020-12-02 11:00:00,1.20784,1.21085,1.20182,0.003009999999999957,False,extreme,2020-12-02 16:20:00,1.21085,stop,65,-1.0,0,0.0,-1.0,0.09302325581397408,1.1960132890365778
EURUSD,NY,2020-12-03,Thursday,1,1.21395,1.21134,0.002610000000000001,long,2020-12-03 04:10:00,1.21012,2020-12-03 05:50:00,2020-12-03 05:55:00,1.21161,1.21012,1.21459,0.0014899999999999913,False,extreme,2020-12-03 07:30:00,1.21459,target,20,2.0,0,0.0,2.0,2.040268456375805,0.31543624161072026
EURUSD,NY,2020-12-03,Thursday,2,1.21395,1.21134,0.002610000000000001,short,2020-12-03 07:30:00,1.21746,2020-12-03 13:10:00,2020-12-03 13:15:00,1.21358,1.21746,1.2058200000000003,0.0038799999999998835,False,extreme,2020-12-03 23:55:00,1.21421,end_of_day,129,-0.16237113402059983,0,0.0,-0.16237113402059983,0.07731958762891701,0.46649484536080454
EURUSD,NY,2020-12-04,Friday,1,1.21664,1.21412,0.0025199999999998557,short,2020-12-04 04:10:00,1.21706,2020-12-04 04:20:00,2020-12-04 04:25:00,1.21658,1.21706,1.21562,0.00048000000000003595,False,extreme,2020-12-04 04:45:00,1.21706,stop,5,-1.0,0,0.0,-1.0,0.9166666666665896,1.2916666666667052
EURUSD,NY,2020-12-04,Friday,2,1.21664,1.21412,0.0025199999999998557,short,2020-12-04 04:40:00,1.21734,2020-12-04 05:10:00,2020-12-04 05:15:00,1.21635,1.21734,1.21437,0.0009900000000000464,False,extreme,2020-12-04 05:40:00,1.21734,stop,6,-1.0,0,0.0,-1.0,0.6868686868686688,1.3333333333332587
EURUSD,NY,2020-12-04,Friday,3,1.21664,1.21412,0.0025199999999998557,short,2020-12-04 05:35:00,1.21776,2020-12-04 07:00:00,2020-12-04 07:05:00,1.21662,1.21776,1.2143400000000002,0.0011399999999999189,False,extreme,2020-12-04 08:45:00,1.2143400000000002,target,21,2.0,0,0.0,2.0,2.7631578947370268,0.7368421052631682
EURUSD,NY,2020-12-04,Friday,4,1.21664,1.21412,0.0025199999999998557,long,2020-12-04 08:45:00,1.21317,2020-12-04 08:55:00,2020-12-04 09:00:00,1.21458,1.21317,1.2173999999999998,0.0014099999999999113,False,extreme,2020-12-04 15:35:00,1.21317,stop,80,-1.0,0,0.0,-1.0,1.8581560283689584,1.2836879432625554
EURUSD,NY,2020-12-07,Monday,1,1.21341,1.20906,0.004350000000000076,long,2020-12-07 04:00:00,1.20786,2020-12-07 04:55:00,2020-12-07 05:00:00,1.2093,1.20786,1.2121800000000003,0.0014400000000001079,False,extreme,2020-12-07 08:05:00,1.2121800000000003,target,38,2.0,0,0.0,2.0,2.159722222222023,0.5486111111111175
EURUSD,NY,2020-12-07,Monday,2,1.21341,1.20906,0.004350000000000076,short,2020-12-07 08:40:00,1.21388,2020-12-07 08:45:00,2020-12-07 08:50:00,1.21334,1.21388,1.2122600000000001,0.0005399999999999849,False,extreme,2020-12-07 08:55:00,1.21388,stop,2,-1.0,0,0.0,-1.0,0.33333333333347037,1.1296296296296602
EURUSD,NY,2020-12-07,Monday,3,1.21341,1.20906,0.004350000000000076,short,2020-12-07 08:55:00,1.21421,2020-12-07 09:15:00,2020-12-07 09:20:00,1.21326,1.21421,1.21136,0.0009500000000000064,False,extreme,2020-12-07 09:30:00,1.21421,stop,3,-1.0,0,0.0,-1.0,0.06315789473678798,1.4736842105263772
EURUSD,NY,2020-12-07,Monday,4,1.21341,1.20906,0.004350000000000076,short,2020-12-07 09:20:00,1.21663,2020-12-07 10:55:00,2020-12-07 11:00:00,1.21326,1.21663,1.2065199999999998,0.003370000000000095,False,extreme,2020-12-07 23:55:00,1.21144,end_of_day,156,0.5400593471809737,0,0.0,0.5400593471809737,0.842729970326372,0.2759643916914158
EURUSD,NY,2020-12-09,Wednesday,1,1.21473,1.2125,0.0022300000000001763,long,2020-12-09 04:10:00,1.2123,2020-12-09 04:15:00,2020-12-09 04:20:00,1.21266,1.2123,1.2133800000000003,0.000360000000000138,False,extreme,2020-12-09 04:25:00,1.2123,stop,2,-1.0,0,0.0,-1.0,0.22222222222174248,1.2499999999996916
EURUSD,NY,2020-12-09,Wednesday,2,1.21473,1.2125,0.0022300000000001763,long,2020-12-09 04:25:00,1.21221,2020-12-09 04:30:00,2020-12-09 04:35:00,1.2127,1.21221,1.2136799999999996,0.0004899999999998794,False,extreme,2020-12-09 04:40:00,1.21221,stop,2,-1.0,0,0.0,-1.0,0.08163265306132622,1.4285714285716227
EURUSD,NY,2020-12-09,Wednesday,3,1.21473,1.2125,0.0022300000000001763,long,2020-12-09 04:50:00,1.2121,2020-12-09 04:55:00,2020-12-09 05:00:00,1.21256,1.2121,1.2134800000000003,0.000460000000000127,False,extreme,2020-12-09 05:00:00,1.2121,stop,1,-1.0,0,0.0,-1.0,0.3260869565213719,1.3043478260869354
EURUSD,NY,2020-12-09,Wednesday,4,1.21473,1.2125,0.0022300000000001763,long,2020-12-09 05:00:00,1.21196,2020-12-09 05:15:00,2020-12-09 05:20:00,1.21304,1.21196,1.2151999999999998,0.0010799999999999699,False,extreme,2020-12-09 05:55:00,1.21196,stop,8,-1.0,0,0.0,-1.0,0.5555555555557155,1.0555555555555098
EURUSD,NY,2020-12-09,Wednesday,5,1.21473,1.2125,0.0022300000000001763,long,2020-12-09 05:50:00,1.2119,2020-12-09 06:05:00,2020-12-09 06:10:00,1.21278,1.2119,1.21454,0.0008799999999999919,False,extreme,2020-12-09 06:35:00,1.2119,stop,6,-1.0,0,0.0,-1.0,0.11363636363635217,1.7499999999998739
EURUSD,NY,2020-12-10,Thursday,1,1.20994,1.20856,0.0013799999999999368,long,2020-12-10 04:05:00,1.20834,2020-12-10 04:10:00,2020-12-10 04:15:00,1.20869,1.20834,1.2093900000000002,0.0003500000000000725,False,extreme,2020-12-10 04:20:00,1.2093900000000002,target,2,2.0,0,0.0,2.0,2.4857142857135606,0.25714285714321966
EURUSD,NY,2020-12-10,Thursday,2,1.20994,1.20856,0.0013799999999999368,short,2020-12-10 04:30:00,1.21087,2020-12-10 05:50:00,2020-12-10 05:55:00,1.20992,1.21087,1.2080200000000005,0.0009499999999997844,False,extreme,2020-12-10 07:45:00,1.21087,stop,23,-1.0,0,0.0,-1.0,1.8947368421057182,2.0210526315793236
EURUSD,NY,2020-12-11,Friday,1,1.21629,1.21142,0.004870000000000152,long,2020-12-11 06:40:00,1.21103,2020-12-11 06:45:00,2020-12-11 06:50:00,1.21216,1.21103,1.2144199999999996,0.0011299999999998533,False,extreme,2020-12-11 10:55:00,1.21103,stop,50,-1.0,0,0.0,-1.0,1.035398230088732,1.433628318584217
EURUSD,NY,2020-12-11,Friday,2,1.21629,1.21142,0.004870000000000152,long,2020-12-11 10:50:00,1.21054,2020-12-11 11:50:00,2020-12-11 11:55:00,1.21148,1.21054,1.2133599999999998,0.0009399999999999409,False,extreme,2020-12-11 16:55:00,1.21138,friday_close,61,-0.10638297872339923,0,0.0,-0.10638297872339923,0.5851063829788139,0.7127659574467985
EURUSD,NY,2020-12-14,Monday,1,1.21566,1.21312,0.0025399999999999867,short,2020-12-14 04:35:00,1.21604,2020-12-14 04:45:00,2020-12-14 04:50:00,1.21539,1.21604,1.21409,0.0006500000000000394,False,extreme,2020-12-14 06:00:00,1.21604,stop,15,-1.0,0,0.0,-1.0,0.9230769230767654,1.0615384615385193
EURUSD,NY,2020-12-14,Monday,2,1.21566,1.21312,0.0025399999999999867,short,2020-12-14 06:00:00,1.21608,2020-12-14 06:05:00,2020-12-14 06:10:00,1.21554,1.21608,1.21446,0.0005399999999999849,False,extreme,2020-12-14 07:30:00,1.21608,stop,17,-1.0,0,0.0,-1.0,0.9074074074076206,1.0
EURUSD,NY,2020-12-14,Monday,3,1.21566,1.21312,0.0025399999999999867,short,2020-12-14 07:25:00,1.21768,2020-12-14 10:05:00,2020-12-14 10:10:00,1.2149,1.21768,1.20934,0.0027800000000000047,False,extreme,2020-12-14 23:55:00,1.21467,end_of_day,166,0.08273381294970292,0,0.0,0.08273381294970292,0.9352517985612062,0.5107913669064656
EURUSD,NY,2020-12-15,Tuesday,1,1.21548,1.21316,0.0023199999999998777,short,2020-12-15 04:20:00,1.21664,2020-12-15 06:35:00,2020-12-15 06:40:00,1.21497,1.21664,1.2116300000000004,0.0016699999999998383,False,extreme,2020-12-15 13:05:00,1.21664,stop,78,-1.0,0,0.0,-1.0,1.6886227544912082,1.095808383233638
EURUSD,NY,2020-12-15,Tuesday,2,1.21548,1.21316,0.0023199999999998777,short,2020-12-15 12:45:00,1.2169,2020-12-15 13:50:00,2020-12-15 13:55:00,1.21538,1.2169,1.2123399999999995,0.0015200000000001879,False,extreme,2020-12-15 23:55:00,1.21648,end_of_day,121,-0.7236842105262927,0,0.0,-0.7236842105262927,0.5657894736840491,0.7368421052630734
EURUSD,NY,2020-12-16,Wednesday,1,1.22123,1.21526,0.005970000000000031,long,2020-12-16 14:15:00,1.21251,2020-12-16 14:35:00,2020-12-16 14:40:00,1.2157,1.21251,1.22208,0.003190000000000026,False,extreme,2020-12-16 23:15:00,1.22208,target,104,2.0,0,0.0,2.0,2.401253918495278,0.14106583072102125
EURUSD,NY,2020-12-17,Thursday,1,1.2244,1.22249,0.0019099999999998563,short,2020-12-17 07:55:00,1.22589,2020-12-17 08:55:00,2020-12-17 09:00:00,1.22418,1.22589,1.2207600000000003,0.0017099999999998783,False,extreme,2020-12-17 10:40:00,1.22589,stop,21,-1.0,0,0.0,-1.0,0.09941520467837169,1.011695906432826
EURUSD,NY,2020-12-17,Thursday,2,1.2244,1.22249,0.0019099999999998563,short,2020-12-17 09:05:00,1.22614,2020-12-17 11:00:00,2020-12-17 11:05:00,1.22413,1.22614,1.2201099999999998,0.0020100000000000673,False,extreme,2020-12-17 12:05:00,1.22614,stop,13,-1.0,0,0.0,-1.0,0.10945273631834805,1.1840796019900344
EURUSD,NY,2020-12-17,Thursday,3,1.2244,1.22249,0.0019099999999998563,short,2020-12-17 11:25:00,1.22728,2020-12-17 23:15:00,2020-12-17 23:20:00,1.22428,1.22728,1.2182800000000003,0.0029999999999998916,False,extreme,2020-12-17 23:55:00,1.22408,end_of_day,8,0.06666666666666174,0,0.0,0.06666666666666174,0.13666666666667876,0.06333333333330644
EURUSD,NY,2020-12-18,Friday,1,1.22631,1.22393,0.0023800000000000487,short,2020-12-18 07:30:00,1.22688,2020-12-18 07:55:00,2020-12-18 08:00:00,1.22546,1.22688,1.22262,0.0014199999999999768,False,extreme,2020-12-18 11:10:00,1.22262,target,39,2.0,0,0.0,2.0,2.028169014084536,0.429577464788739
EURUSD,NY,2020-12-18,Friday,2,1.22631,1.22393,0.0023800000000000487,long,2020-12-18 10:15:00,1.22256,2020-12-18 12:30:00,2020-12-18 12:35:00,1.22405,1.22256,1.22703,0.0014899999999999913,False,extreme,2020-12-18 16:55:00,1.2255,friday_close,53,0.9731543624160803,0,0.0,0.9731543624160803,1.174496644295254,0.3624161073825423
EURUSD,NY,2020-12-21,Monday,1,1.22268,1.21681,0.005870000000000042,long,2020-12-21 05:05:00,1.21296,2020-12-21 06:35:00,2020-12-21 06:40:00,1.21749,1.21296,1.2265499999999998,0.004529999999999923,False,extreme,2020-12-21 23:55:00,1.2223,end_of_day,208,1.0618101545254002,0,0.0,1.0618101545254002,1.7218543046357973,0.40618101545255964
EURUSD,NY,2020-12-22,Tuesday,1,1.22298,1.22061,0.0023699999999999832,short,2020-12-22 05:50:00,1.22343,2020-12-22 06:00:00,2020-12-22 06:05:00,1.2226,1.22343,1.2209399999999997,0.0008300000000001084,False,extreme,2020-12-22 06:40:00,1.22343,stop,8,-1.0,0,0.0,-1.0,0.6265060240961277,1.3132530120480639
EURUSD,NY,2020-12-22,Tuesday,2,1.22298,1.22061,0.0023699999999999832,short,2020-12-22 06:35:00,1.2257,2020-12-22 09:15:00,2020-12-22 09:20:00,1.22294,1.2257,1.2174199999999997,0.0027600000000000957,False,extreme,2020-12-22 10:55:00,1.2174199999999997,target,20,2.0,0,0.0,2.0,2.3224637681158713,0.07608695652175225
EURUSD,NY,2020-12-23,Wednesday,1,1.22009,1.2172,0.002889999999999837,long,2020-12-23 08:05:00,1.21602,2020-12-23 08:40:00,2020-12-23 08:45:00,1.21726,1.21602,1.2197399999999998,0.0012399999999999078,False,extreme,2020-12-23 09:30:00,1.2197399999999998,target,10,2.0,0,0.0,2.0,3.540322580645339,0.16129032258063938
EURUSD,NY,2020-12-23,Wednesday,2,1.22009,1.2172,0.002889999999999837,short,2020-12-23 09:30:00,1.22211,2020-12-23 10:45:00,2020-12-23 10:50:00,1.21958,1.22211,1.2145200000000003,0.002529999999999921,False,extreme,2020-12-23 23:55:00,1.22046,end_of_day,158,-0.3478260869565294,0,0.0,-0.3478260869565294,0.916996047430898,0.7826086956521472
EURUSD,NY,2020-12-24,Thursday,1,1.22098,1.21937,0.0016099999999998893,long,2020-12-24 04:45:00,1.21871,2020-12-24 05:15:00,2020-12-24 05:20:00,1.21949,1.21871,1.22105,0.0007800000000000029,False,extreme,2020-12-24 08:20:00,1.21871,stop,37,-1.0,0,0.0,-1.0,1.0769230769230111,1.192307692307528
EURUSD,NY,2020-12-24,Thursday,2,1.22098,1.21937,0.0016099999999998893,long,2020-12-24 07:30:00,1.21856,2020-12-24 08:50:00,2020-12-24 08:55:00,1.2194,1.21856,1.22108,0.0008399999999999519,False,extreme,2020-12-24 09:20:00,1.21856,stop,6,-1.0,0,0.0,-1.0,0.42857142857135305,1.976190476190583
EURUSD,NY,2020-12-24,Thursday,3,1.22098,1.21937,0.0016099999999998893,long,2020-12-24 09:10:00,1.21774,2020-12-24 10:25:00,2020-12-24 10:30:00,1.2195,1.21774,1.22302,0.0017599999999999838,False,extreme,2020-12-24 13:20:00,1.21774,stop,35,-1.0,0,0.0,-1.0,0.15340909090908805,1.0113636363637108
EURUSD,NY,2020-12-28,Monday,1,1.22405,1.22093,0.0031200000000000117,short,2020-12-28 04:15:00,1.22412,2020-12-28 04:20:00,2020-12-28 04:25:00,1.2237,1.22412,1.2228599999999998,0.00042000000000008697,False,extreme,2020-12-28 04:45:00,1.22412,stop,5,-1.0,0,0.0,-1.0,0.11904761904784562,1.5952380952376422
EURUSD,NY,2020-12-28,Monday,2,1.22405,1.22093,0.0031200000000000117,short,2020-12-28 04:45:00,1.22504,2020-12-28 05:10:00,2020-12-28 05:15:00,1.2232,1.22504,1.2195200000000004,0.0018399999999998418,False,extreme,2020-12-28 06:40:00,1.2195200000000004,target,18,2.0,0,0.0,2.0,2.038043478261122,0.10869565217391042
EURUSD,NY,2020-12-28,Monday,3,1.22405,1.22093,0.0031200000000000117,long,2020-12-28 06:20:00,1.21914,2020-12-28 08:00:00,2020-12-28 08:05:00,1.2215,1.21914,1.2262200000000003,0.0023600000000001398,False,extreme,2020-12-28 23:55:00,1.22398,end_of_day,191,1.0508474576270723,0,0.0,1.0508474576270723,1.1949152542372363,0.5169491525423417
EURUSD,NY,2020-12-29,Tuesday,1,1.22581,1.22352,0.0022900000000001253,short,2020-12-29 07:35:00,1.22616,2020-12-29 07:40:00,2020-12-29 07:45:00,1.22577,1.22616,1.2249900000000002,0.00038999999999989043,False,extreme,2020-12-29 08:45:00,1.2249900000000002,target,13,2.0,0,0.0,2.0,2.051282051282971,0.4358974358975673
EURUSD,NY,2020-12-29,Tuesday,2,1.22581,1.22352,0.0022900000000001253,short,2020-12-29 09:35:00,1.22752,2020-12-29 10:10:00,2020-12-29 10:15:00,1.22474,1.22752,1.21918,0.0027800000000000047,False,extreme,2020-12-29 19:50:00,1.22752,stop,116,-1.0,0,0.0,-1.0,0.40647482014383146,1.1079136690647362
EURUSD,NY,2020-12-30,Wednesday,1,1.22908,1.22529,0.00378999999999996,short,2020-12-30 08:55:00,1.23101,2020-12-30 09:15:00,2020-12-30 09:20:00,1.2288,1.23101,1.2243799999999998,0.0022100000000000453,False,extreme,2020-12-30 23:55:00,1.22867,end_of_day,176,0.058823529411746976,0,0.0,0.058823529411746976,0.7511312217194392,0.9683257918551977
EURUSD,NY,2020-12-31,Thursday,1,1.23043,1.22854,0.0018899999999999473,long,2020-12-31 04:15:00,1.2278,2020-12-31 04:35:00,2020-12-31 04:40:00,1.22863,1.2278,1.2302900000000003,0.0008300000000001084,False,extreme,2020-12-31 04:55:00,1.2278,stop,4,-1.0,0,0.0,-1.0,1.3855421686744989,1.1204819277108145
EURUSD,NY,2020-12-31,Thursday,2,1.23043,1.22854,0.0018899999999999473,long,2020-12-31 04:55:00,1.2277,2020-12-31 05:00:00,2020-12-31 05:05:00,1.22858,1.2277,1.23034,0.0008799999999999919,False,extreme,2020-12-31 05:45:00,1.2277,stop,9,-1.0,0,0.0,-1.0,0.318181818181887,1.2500000000001261
EURUSD,NY,2020-12-31,Thursday,3,1.23043,1.22854,0.0018899999999999473,long,2020-12-31 05:35:00,1.22748,2020-12-31 06:20:00,2020-12-31 06:25:00,1.2287,1.22748,1.23114,0.0012199999999999989,False,extreme,2020-12-31 06:45:00,1.22748,stop,5,-1.0,0,0.0,-1.0,0.09016393442627427,1.286885245901517
EURUSD,NY,2021-01-04,Monday,1,1.22864,1.22416,0.0044800000000000395,short,2021-01-04 04:15:00,1.23096,2021-01-04 10:00:00,2021-01-04 10:05:00,1.22836,1.23096,1.2231599999999996,0.0026000000000001577,False,extreme,2021-01-04 23:55:00,1.22691,end_of_day,167,0.5576923076922551,0,0.0,0.5576923076922551,1.6153846153845102,0.1307692307692255
EURUSD,NY,2021-01-05,Tuesday,1,1.22788,1.22554,0.0023400000000000087,short,2021-01-05 04:20:00,1.2284,2021-01-05 04:30:00,2021-01-05 04:35:00,1.22787,1.2284,1.2268100000000002,0.0005299999999999194,False,extreme,2021-01-05 05:20:00,1.2284,stop,10,-1.0,0,0.0,-1.0,1.9056603773586962,1.0377358490568567
EURUSD,NY,2021-01-05,Tuesday,2,1.22788,1.22554,0.0023400000000000087,short,2021-01-05 05:15:00,1.22844,2021-01-05 05:55:00,2021-01-05 06:00:00,1.22774,1.22844,1.2263400000000002,0.0006999999999999229,False,extreme,2021-01-05 06:05:00,1.22844,stop,2,-1.0,0,0.0,-1.0,0.05714285714292058,1.1142857142858411
EURUSD,NY,2021-01-05,Tuesday,3,1.22788,1.22554,0.0023400000000000087,short,2021-01-05 06:00:00,1.22852,2021-01-05 06:15:00,2021-01-05 06:20:00,1.22787,1.22852,1.22657,0.0006500000000000394,False,extreme,2021-01-05 06:30:00,1.22852,stop,3,-1.0,0,0.0,-1.0,0.19999999999993168,1.261538461538451
EURUSD,NY,2021-01-05,Tuesday,4,1.22788,1.22554,0.0023400000000000087,short,2021-01-05 06:25:00,1.22908,2021-01-05 07:10:00,2021-01-05 07:15:00,1.22782,1.22908,1.2252999999999998,0.0012600000000000389,False,extreme,2021-01-05 11:35:00,1.22908,stop,53,-1.0,0,0.0,-1.0,1.9206349206347555,1.1984126984127585
EURUSD,NY,2021-01-06,Wednesday,1,1.23454,1.22917,0.005369999999999875,short,2021-01-06 06:25:00,1.23492,2021-01-06 06:35:00,2021-01-06 06:40:00,1.23432,1.23492,1.2331200000000002,0.0005999999999999339,False,extreme,2021-01-06 07:25:00,1.23492,stop,10,-1.0,0,0.0,-1.0,1.600000000000296,1.049999999999963
EURUSD,NY,2021-01-06,Wednesday,2,1.23454,1.22917,0.005369999999999875,long,2021-01-06 10:45:00,1.22657,2021-01-06 12:05:00,2021-01-06 12:10:00,1.22956,1.22657,1.23554,0.002990000000000048,False,extreme,2021-01-06 23:55:00,1.23248,end_of_day,142,0.9765886287625374,0,0.0,0.9765886287625374,1.6321070234113435,0.030100334448134456
EURUSD,NY,2021-01-07,Thursday,1,1.23258,1.2293,0.0032799999999999496,long,2021-01-07 04:00:00,1.22851,2021-01-07 04:05:00,2021-01-07 04:10:00,1.22945,1.22851,1.2313299999999998,0.0009399999999999409,False,extreme,2021-01-07 04:15:00,1.22851,stop,2,-1.0,0,0.0,-1.0,0.10638297872339923,1.4361702127660076
EURUSD,NY,2021-01-08,Friday,1,1.22692,1.22134,0.005579999999999918,short,2021-01-08 08:40:00,1.22847,2021-01-08 08:50:00,2021-01-08 08:55:00,1.22581,1.22847,1.2204900000000003,0.0026599999999998847,False,extreme,2021-01-08 13:25:00,1.2204900000000003,target,55,2.0,0,0.0,2.0,2.026315789473774,0.9548872180451492
EURUSD,NY,2021-01-08,Friday,2,1.22692,1.22134,0.005579999999999918,long,2021-01-08 13:15:00,1.21932,2021-01-08 14:50:00,2021-01-08 14:55:00,1.22164,1.21932,1.2262800000000003,0.0023200000000000998,False,extreme,2021-01-08 16:55:00,1.22194,friday_close,25,0.1293103448275664,0,0.0,0.1293103448275664,0.4698275862068916,0.19396551724139746
EURUSD,NY,2021-01-11,Monday,1,1.21998,1.21701,0.002970000000000139,long,2021-01-11 04:45:00,1.21544,2021-01-11 07:35:00,2021-01-11 07:40:00,1.21716,1.21544,1.2206,0.0017199999999999438,False,extreme,2021-01-11 08:25:00,1.21544,stop,10,-1.0,0,0.0,-1.0,0.02325581395351239,1.0406976744186145
EURUSD,NY,2021-01-11,Monday,2,1.21998,1.21701,0.002970000000000139,long,2021-01-11 07:40:00,1.21323,2021-01-11 12:00:00,2021-01-11 12:05:00,1.21716,1.21323,1.22502,0.003929999999999989,False,extreme,2021-01-11 23:55:00,1.21429,end_of_day,143,-0.7302798982188132,0,0.0,-0.7302798982188132,0.07124681933843734,0.8371501272264693
EURUSD,NY,2021-01-12,Tuesday,1,1.21753,1.214,0.003530000000000033,short,2021-01-12 04:25:00,1.2179,2021-01-12 04:30:00,2021-01-12 04:35:00,1.21682,1.2179,1.21466,0.0010799999999999699,False,extreme,2021-01-12 05:55:00,1.21466,target,17,2.0,0,0.0,2.0,2.222222222222245,0.4166666666667352
EURUSD,NY,2021-01-12,Tuesday,2,1.21753,1.214,0.003530000000000033,short,2021-01-12 12:50:00,1.21777,2021-01-12 12:55:00,2021-01-12 13:00:00,1.21746,1.21777,1.21684,0.00031000000000003247,False,extreme,2021-01-12 13:25:00,1.21777,stop,6,-1.0,0,0.0,-1.0,0.7741935483870737,2.8064516129026944
EURUSD,NY,2021-01-13,Wednesday,1,1.22228,1.21856,0.0037199999999999456,long,2021-01-13 04:00:00,1.21823,2021-01-13 04:15:00,2021-01-13 04:20:00,1.21897,1.21823,1.2204500000000005,0.000740000000000185,False,extreme,2021-01-13 05:15:00,1.21823,stop,12,-1.0,0,0.0,-1.0,0.40540540540525943,1.5270270270267472
EURUSD,NY,2021-01-14,Thursday,1,1.21628,1.21361,0.00266999999999995,short,2021-01-14 04:35:00,1.21674,2021-01-14 04:50:00,2021-01-14 04:55:00,1.21621,1.21674,1.2151500000000002,0.0005299999999999194,False,extreme,2021-01-14 06:30:00,1.2151500000000002,target,20,2.0,0,0.0,2.0,2.0754716981137133,0.9622641509435622
EURUSD,NY,2021-01-14,Thursday,2,1.21628,1.21361,0.00266999999999995,long,2021-01-14 07:55:00,1.21111,2021-01-14 10:50:00,2021-01-14 10:55:00,1.21363,1.21111,1.2186700000000001,0.0025200000000000777,False,extreme,2021-01-14 23:55:00,1.21469,end_of_day,157,0.4206349206349318,0,0.0,0.4206349206349318,1.686507936507919,0.1626984126984162
EURUSD,NY,2021-01-18,Monday,1,1.20869,1.20658,0.0021100000000000563,long,2021-01-18 04:30:00,1.20627,2021-01-18 04:35:00,2021-01-18 04:40:00,1.20663,1.20627,1.2073500000000004,0.000360000000000138,False,extreme,2021-01-18 04:50:00,1.20627,stop,3,-1.0,0,0.0,-1.0,0.9166666666661527,1.4999999999993832
EURUSD,NY,2021-01-18,Monday,2,1.20869,1.20658,0.0021100000000000563,long,2021-01-18 04:45:00,1.20592,2021-01-18 05:00:00,2021-01-18 05:05:00,1.2067,1.20592,1.2082600000000001,0.0007800000000000029,False,extreme,2021-01-18 05:30:00,1.20592,stop,6,-1.0,0,0.0,-1.0,0.3589743589741473,1.3717948717950288
EURUSD,NY,2021-01-18,Monday,3,1.20869,1.20658,0.0021100000000000563,long,2021-01-18 05:20:00,1.20563,2021-01-18 05:55:00,2021-01-18 06:00:00,1.20675,1.20563,1.20899,0.0011200000000000099,False,extreme,2021-01-18 07:55:00,1.20563,stop,24,-1.0,0,0.0,-1.0,0.7410714285715189,1.2410714285714197
EURUSD,NY,2021-01-18,Monday,4,1.20869,1.20658,0.0021100000000000563,long,2021-01-18 06:55:00,1.20536,2021-01-18 08:30:00,2021-01-18 08:35:00,1.20668,1.20536,1.20932,0.0013199999999999878,False,extreme,2021-01-18 20:30:00,1.20932,target,144,2.0,0,0.0,2.0,2.181818181818197,0.2878787878788261
EURUSD,NY,2021-01-19,Tuesday,1,1.21188,1.20854,0.0033400000000001207,short,2021-01-19 04:45:00,1.21229,2021-01-19 04:55:00,2021-01-19 05:00:00,1.21185,1.21229,1.21097,0.00043999999999999595,False,extreme,2021-01-19 05:00:00,1.21229,stop,1,-1.0,0,0.0,-1.0,0.022727272727421827,1.1136363636360997
EURUSD,NY,2021-01-19,Tuesday,2,1.21188,1.20854,0.0033400000000001207,short,2021-01-19 05:00:00,1.21451,2021-01-19 11:30:00,2021-01-19 11:35:00,1.21183,1.21451,1.20647,0.0026800000000000157,False,extreme,2021-01-19 19:30:00,1.21451,stop,96,-1.0,0,0.0,-1.0,0.055970149253683425,1.0559701492537663
EURUSD,NY,2021-01-20,Wednesday,1,1.21583,1.21307,0.0027599999999998737,long,2021-01-20 04:05:00,1.20769,2021-01-20 21:45:00,2021-01-20 21:50:00,1.2131,1.20769,1.2239200000000003,0.005410000000000137,False,extreme,2021-01-20 23:55:00,1.21295,end_of_day,26,-0.02772643253236427,0,0.0,-0.02772643253236427,0.0517560073936837,0.10536044362291035
EURUSD,NY,2021-01-21,Thursday,1,1.21382,1.2115,0.0023199999999998777,short,2021-01-21 04:25:00,1.21472,2021-01-21 05:30:00,2021-01-21 05:35:00,1.21378,1.21472,1.2119000000000002,0.0009399999999999409,False,extreme,2021-01-21 07:05:00,1.21472,stop,19,-1.0,0,0.0,-1.0,0.5531914893618177,1.085106382978814
EURUSD,NY,2021-01-21,Thursday,2,1.21382,1.2115,0.0023199999999998777,short,2021-01-21 06:35:00,1.21732,2021-01-21 12:15:00,2021-01-21 12:20:00,1.21368,1.21732,1.2064000000000004,0.0036399999999998656,False,extreme,2021-01-21 19:10:00,1.21732,stop,83,-1.0,0,0.0,-1.0,0.0,1.090659340659328
EURUSD,NY,2021-01-22,Friday,1,1.21838,1.21517,0.003209999999999935,short,2021-01-22 04:00:00,1.21897,2021-01-22 04:05:00,2021-01-22 04:10:00,1.21775,1.21897,1.2153100000000001,0.0012199999999999989,False,extreme,2021-01-22 16:55:00,1.21713,friday_close,154,0.5081967213115292,0,0.0,0.5081967213115292,1.9016393442623787,0.8278688524589806
EURUSD,NY,2021-01-26,Tuesday,1,1.21415,1.21078,0.003370000000000095,short,2021-01-26 07:05:00,1.21453,2021-01-26 07:10:00,2021-01-26 07:15:00,1.21384,1.21453,1.2124599999999999,0.0006900000000000794,False,extreme,2021-01-26 07:25:00,1.21453,stop,3,-1.0,0,0.0,-1.0,0.3188405797102662,1.0579710144924832
EURUSD,NY,2021-01-26,Tuesday,2,1.21415,1.21078,0.003370000000000095,short,2021-01-26 07:15:00,1.21457,2021-01-26 07:30:00,2021-01-26 07:35:00,1.21413,1.21457,1.21325,0.00043999999999999595,False,extreme,2021-01-26 07:40:00,1.21457,stop,2,-1.0,0,0.0,-1.0,0.1590909090909435,1.5227272727276742
EURUSD,NY,2021-01-28,Thursday,1,1.21135,1.20807,0.0032799999999999496,short,2021-01-28 05:45:00,1.21174,2021-01-28 05:50:00,2021-01-28 05:55:00,1.21112,1.21174,1.2098799999999998,0.0006200000000000649,False,extreme,2021-01-28 06:40:00,1.2098799999999998,target,10,2.0,0,0.0,2.0,2.467741935483663,0.7580645161289051
EURUSD,NY,2021-01-28,Thursday,2,1.21135,1.20807,0.0032799999999999496,short,2021-01-28 08:50:00,1.2142,2021-01-28 19:30:00,2021-01-28 19:35:00,1.21126,1.2142,1.2053800000000001,0.0029399999999999427,False,extreme,2021-01-28 23:55:00,1.20996,end_of_day,53,0.4421768707483348,0,0.0,0.4421768707483348,0.595238095238079,0.11564625850340599
EURUSD,NY,2021-02-01,Monday,1,1.21328,1.20883,0.004449999999999843,long,2021-02-01 05:15:00,1.20832,2021-02-01 05:25:00,2021-02-01 05:30:00,1.20884,1.20832,1.2098799999999996,0.0005199999999998539,False,extreme,2021-02-01 05:30:00,1.20832,stop,1,-1.0,0,0.0,-1.0,0.01923076923090062,1.903846153846351
EURUSD,NY,2021-02-01,Monday,2,1.21328,1.20883,0.004449999999999843,long,2021-02-01 05:30:00,1.20697,2021-02-01 08:45:00,2021-02-01 08:50:00,1.20883,1.20697,1.21255,0.0018599999999999728,False,extreme,2021-02-01 11:55:00,1.20697,stop,38,-1.0,0,0.0,-1.0,0.6075268817203602,1.0698924731183803
EURUSD,NY,2021-02-03,Wednesday,1,1.20458,1.20278,0.0018000000000000238,long,2021-02-03 04:00:00,1.20101,2021-02-03 04:30:00,2021-02-03 04:35:00,1.20312,1.20101,1.20734,0.0021100000000000563,False,extreme,2021-02-03 07:10:00,1.20101,stop,32,-1.0,0,0.0,-1.0,0.014218009478660518,1.0805687203791465
EURUSD,NY,2021-02-03,Wednesday,2,1.20458,1.20278,0.0018000000000000238,long,2021-02-03 04:55:00,1.20051,2021-02-03 09:30:00,2021-02-03 09:35:00,1.20314,1.20051,1.2084000000000004,0.0026300000000001322,False,extreme,2021-02-03 10:45:00,1.20051,stop,15,-1.0,0,0.0,-1.0,0.049429657794660437,1.0342205323193607
EURUSD,NY,2021-02-03,Wednesday,3,1.20458,1.20278,0.0018000000000000238,long,2021-02-03 09:50:00,1.20042,2021-02-03 12:40:00,2021-02-03 12:45:00,1.20291,1.20042,1.2078899999999997,0.002489999999999881,False,extreme,2021-02-03 23:55:00,1.2019,end_of_day,135,-0.4056224899598408,0,0.0,-0.4056224899598408,0.5542168674699698,0.5301204819277312
EURUSD,NY,2021-02-04,Thursday,1,1.20176,1.19912,0.0026399999999999757,long,2021-02-04 04:00:00,1.19832,2021-02-04 04:40:00,2021-02-04 04:45:00,1.1992,1.19832,1.20096,0.0008799999999999919,False,extreme,2021-02-04 07:20:00,1.19832,stop,32,-1.0,0,0.0,-1.0,0.5795454545454718,1.022727272727422
EURUSD,NY,2021-02-04,Thursday,2,1.20176,1.19912,0.0026399999999999757,long,2021-02-04 07:05:00,1.1983,2021-02-04 07:50:00,2021-02-04 07:55:00,1.19922,1.1983,1.20106,0.0009200000000000319,False,extreme,2021-02-04 09:10:00,1.1983,stop,16,-1.0,0,0.0,-1.0,0.6304347826087009,1.0
EURUSD,NY,2021-02-05,Friday,1,1.19874,1.19554,0.0031999999999998696,short,2021-02-05 07:25:00,1.19932,2021-02-05 07:35:00,2021-02-05 07:40:00,1.19868,1.19932,1.1974,0.0006399999999999739,False,extreme,2021-02-05 08:30:00,1.19932,stop,11,-1.0,0,0.0,-1.0,0.8749999999998699,2.1718750000000924
EURUSD,NY,2021-02-08,Monday,1,1.20489,1.20253,0.0023599999999999177,long,2021-02-08 05:10:00,1.20234,2021-02-08 05:25:00,2021-02-08 05:30:00,1.20268,1.20234,1.20336,0.00034000000000000696,False,extreme,2021-02-08 05:30:00,1.20234,stop,1,-1.0,0,0.0,-1.0,0.5588235294121489,1.0
EURUSD,NY,2021-02-08,Monday,2,1.20489,1.20253,0.0023599999999999177,long,2021-02-08 05:30:00,1.20234,2021-02-08 05:40:00,2021-02-08 05:45:00,1.20273,1.20234,1.2035100000000003,0.0003900000000001125,False,extreme,2021-02-08 06:35:00,1.2035100000000003,target,11,2.0,0,0.0,2.0,3.102564102563037,0.0
EURUSD,NY,2021-02-08,Monday,3,1.20489,1.20253,0.0023599999999999177,long,2021-02-08 07:25:00,1.20225,2021-02-08 07:30:00,2021-02-08 07:35:00,1.20254,1.20225,1.2031199999999997,0.00028999999999990145,False,extreme,2021-02-08 07:35:00,1.20225,stop,1,-1.0,0,0.0,-1.0,0.4137931034488303,1.3103448275868141
EURUSD,NY,2021-02-08,Monday,4,1.20489,1.20253,0.0023599999999999177,long,2021-02-08 07:35:00,1.20198,2021-02-08 07:45:00,2021-02-08 07:50:00,1.20257,1.20198,1.2037499999999997,0.0005899999999998684,False,extreme,2021-02-08 08:45:00,1.2037499999999997,target,12,2.0,0,0.0,2.0,2.2033898305090998,0.9322033898304255
EURUSD,NY,2021-02-08,Monday,5,1.20489,1.20253,0.0023599999999999177,short,2021-02-08 09:30:00,1.2066,2021-02-08 10:50:00,2021-02-08 10:55:00,1.20484,1.2066,1.20132,0.0017599999999999838,False,extreme,2021-02-08 21:10:00,1.2066,stop,124,-1.0,0,0.0,-1.0,0.8636363636363522,1.3693181818182076
EURUSD,NY,2021-02-09,Tuesday,1,1.20976,1.20674,0.0030200000000000227,short,2021-02-09 04:05:00,1.21166,2021-02-09 08:25:00,2021-02-09 08:30:00,1.20974,1.21166,1.2059000000000002,0.0019199999999999218,False,extreme,2021-02-09 14:30:00,1.21166,stop,73,-1.0,0,0.0,-1.0,0.45312500000009576,1.1614583333333568
EURUSD,NY,2021-02-10,Wednesday,1,1.21442,1.21229,0.0021299999999999653,long,2021-02-10 04:30:00,1.21142,2021-02-10 04:45:00,2021-02-10 04:50:00,1.21231,1.21142,1.2140900000000001,0.0008900000000000574,False,extreme,2021-02-10 07:30:00,1.21142,stop,33,-1.0,0,0.0,-1.0,0.8651685393257166,1.0
EURUSD,NY,2021-02-10,Wednesday,2,1.21442,1.21229,0.0021299999999999653,long,2021-02-10 07:00:00,1.21132,2021-02-10 08:00:00,2021-02-10 08:05:00,1.21233,1.21132,1.2143499999999998,0.0010099999999999554,False,extreme,2021-02-10 23:55:00,1.21217,end_of_day,191,-0.158415841584104,0,0.0,-0.158415841584104,1.6237623762377804,0.9603960396039191
EURUSD,NY,2021-02-11,Thursday,1,1.21328,1.2118,0.0014799999999999258,short,2021-02-11 04:20:00,1.21361,2021-02-11 04:30:00,2021-02-11 04:35:00,1.21323,1.21361,1.21247,0.00038000000000004697,False,extreme,2021-02-11 05:05:00,1.21247,target,7,2.0,0,0.0,2.0,2.236842105262927,0.18421052631580484
EURUSD,NY,2021-02-11,Thursday,2,1.21328,1.2118,0.0014799999999999258,short,2021-02-11 07:55:00,1.21495,2021-02-11 10:50:00,2021-02-11 10:55:00,1.21323,1.21495,1.2097900000000001,0.0017199999999999438,False,extreme,2021-02-11 23:55:00,1.21226,end_of_day,157,0.5639534883721914,0,0.0,0.5639534883721914,0.7965116279070571,0.2965116279069925
EURUSD,NY,2021-02-12,Friday,1,1.21318,1.21026,0.0029200000000000337,long,2021-02-12 06:05:00,1.21012,2021-02-12 06:10:00,2021-02-12 06:15:00,1.21048,1.21012,1.2111999999999998,0.00035999999999991594,False,extreme,2021-02-12 06:20:00,1.21012,stop,2,-1.0,0,0.0,-1.0,0.0,2.1944444444451467
EURUSD,NY,2021-02-12,Friday,2,1.21318,1.21026,0.0029200000000000337,long,2021-02-12 06:15:00,1.20969,2021-02-12 06:35:00,2021-02-12 06:40:00,1.21038,1.20969,1.2117600000000002,0.0006900000000000794,False,extreme,2021-02-12 08:20:00,1.20969,stop,21,-1.0,0,0.0,-1.0,1.6231884057969288,1.2898550724637028
EURUSD,NY,2021-02-12,Friday,3,1.21318,1.21026,0.0029200000000000337,long,2021-02-12 08:20:00,1.20816,2021-02-12 10:35:00,2021-02-12 10:40:00,1.21036,1.20816,1.2147600000000005,0.002200000000000202,False,extreme,2021-02-12 16:55:00,1.21182,friday_close,76,0.6636363636362095,0,0.0,0.6636363636362095,1.1545454545453426,0.01363636363645172
EURUSD,NY,2021-02-15,Monday,1,1.21451,1.21307,0.0014399999999998858,long,2021-02-15 07:00:00,1.21239,2021-02-15 07:30:00,2021-02-15 07:35:00,1.2131,1.21239,1.21452,0.0007099999999999884,False,extreme,2021-02-15 09:05:00,1.21239,stop,19,-1.0,0,0.0,-1.0,0.3802816901408407,1.140845070422522
EURUSD,NY,2021-02-15,Monday,2,1.21451,1.21307,0.0014399999999998858,long,2021-02-15 08:35:00,1.21208,2021-02-15 10:55:00,2021-02-15 11:00:00,1.21314,1.21208,1.2152600000000002,0.001060000000000061,False,extreme,2021-02-15 23:55:00,1.21395,end_of_day,156,0.7641509433961612,0,0.0,0.7641509433961612,1.773584905660164,0.6320754716982377
EURUSD,NY,2021-02-16,Tuesday,1,1.21572,1.21284,0.0028799999999999937,short,2021-02-16 05:25:00,1.21694,2021-02-16 07:45:00,2021-02-16 07:50:00,1.21542,1.21694,1.21238,0.0015199999999999658,False,extreme,2021-02-16 08:30:00,1.21238,target,9,2.0,0,0.0,2.0,2.3026315789473126,0.13157894736840953
EURUSD,NY,2021-02-17,Wednesday,1,1.20951,1.2065,0.003010000000000179,long,2021-02-17 04:40:00,1.20596,2021-02-17 04:50:00,2021-02-17 04:55:00,1.20663,1.20596,1.2079700000000004,0.0006700000000001705,False,extreme,2021-02-17 05:05:00,1.20596,stop,3,-1.0,0,0.0,-1.0,0.3283582089549716,1.014925373134091
EURUSD,NY,2021-02-17,Wednesday,2,1.20951,1.2065,0.003010000000000179,long,2021-02-17 05:00:00,1.20595,2021-02-17 05:40:00,2021-02-17 05:45:00,1.20658,1.20595,1.2078399999999998,0.0006299999999999084,False,extreme,2021-02-17 06:45:00,1.20595,stop,13,-1.0,0,0.0,-1.0,0.5714285714285211,1.2857142857144368
EURUSD,NY,2021-02-17,Wednesday,3,1.20951,1.2065,0.003010000000000179,long,2021-02-17 06:40:00,1.20569,2021-02-17 07:40:00,2021-02-17 07:45:00,1.20657,1.20569,1.20833,0.0008799999999999919,False,extreme,2021-02-17 08:15:00,1.20569,stop,7,-1.0,0,0.0,-1.0,0.022727272727421827,1.2613636363635847
EURUSD,NY,2021-02-18,Thursday,1,1.20708,1.20364,0.0034399999999998876,short,2021-02-18 04:55:00,1.20754,2021-02-18 05:00:00,2021-02-18 05:05:00,1.20688,1.20754,1.2055599999999997,0.000660000000000105,False,extreme,2021-02-18 07:40:00,1.20754,stop,32,-1.0,0,0.0,-1.0,0.954545454545164,1.0606060606061116
EURUSD,NY,2021-02-18,Thursday,2,1.20708,1.20364,0.0034399999999998876,short,2021-02-18 07:35:00,1.20899,2021-02-18 09:50:00,2021-02-18 09:55:00,1.20681,1.20899,1.2024499999999998,0.0021800000000000708,False,extreme,2021-02-18 15:15:00,1.20899,stop,65,-1.0,0,0.0,-1.0,0.27064220183479326,1.0045871559633326
EURUSD,NY,2021-02-19,Friday,1,1.21337,1.20908,0.004290000000000127,short,2021-02-19 04:25:00,1.21414,2021-02-19 05:10:00,2021-02-19 05:15:00,1.21326,1.21414,1.2115,0.0008799999999999919,False,extreme,2021-02-19 05:40:00,1.21414,stop,6,-1.0,0,0.0,-1.0,0.0,1.0227272727271695
EURUSD,NY,2021-02-19,Friday,2,1.21337,1.20908,0.004290000000000127,short,2021-02-19 05:15:00,1.21445,2021-02-19 07:20:00,2021-02-19 07:25:00,1.21334,1.21445,1.2111200000000002,0.0011099999999999444,False,extreme,2021-02-19 13:20:00,1.2111200000000002,target,72,2.0,0,0.0,2.0,2.2432432432434486,0.8378378378377676
EURUSD,NY,2021-02-23,Tuesday,1,1.21802,1.2154,0.0026200000000000667,long,2021-02-23 04:00:00,1.21494,2021-02-23 04:25:00,2021-02-23 04:30:00,1.21543,1.21494,1.2164100000000002,0.0004900000000001015,False,extreme,2021-02-23 04:45:00,1.21494,stop,4,-1.0,0,0.0,-1.0,0.6326530612244251,1.081632653060836
EURUSD,NY,2021-02-23,Tuesday,2,1.21802,1.2154,0.0026200000000000667,long,2021-02-23 04:40:00,1.21434,2021-02-23 06:50:00,2021-02-23 06:55:00,1.2154,1.21434,1.2175200000000002,0.001060000000000061,False,extreme,2021-02-23 07:55:00,1.21434,stop,13,-1.0,0,0.0,-1.0,0.39622641509418943,1.7452830188679462
EURUSD,NY,2021-02-23,Tuesday,3,1.21802,1.2154,0.0026200000000000667,long,2021-02-23 07:35:00,1.21354,2021-02-23 10:25:00,2021-02-23 10:30:00,1.21592,1.21354,1.2206799999999995,0.0023799999999998267,False,extreme,2021-02-23 23:55:00,1.21487,end_of_day,162,-0.4411764705882655,0,0.0,-0.4411764705882655,0.31092436974799953,0.7521008403361716
EURUSD,NY,2021-02-24,Wednesday,1,1.21746,1.21442,0.0030399999999999316,long,2021-02-24 08:15:00,1.21308,2021-02-24 08:35:00,2021-02-24 08:40:00,1.21471,1.21308,1.21797,0.0016300000000000203,False,extreme,2021-02-24 08:45:00,1.21308,stop,2,-1.0,0,0.0,-1.0,0.0,1.1595092024539408
EURUSD,NY,2021-02-24,Wednesday,2,1.21746,1.21442,0.0030399999999999316,long,2021-02-24 08:40:00,1.21093,2021-02-24 12:20:00,2021-02-24 12:25:00,1.2146,1.21093,1.2219399999999996,0.00366999999999984,False,extreme,2021-02-24 23:55:00,1.21765,end_of_day,139,0.831062670299763,0,0.0,0.831062670299763,0.8555858310627464,0.18256130790190125
EURUSD,NY,2021-02-25,Thursday,1,1.22086,1.21678,0.0040800000000000836,short,2021-02-25 04:05:00,1.22429,2021-02-25 13:00:00,2021-02-25 13:05:00,1.21961,1.22429,1.21025,0.0046800000000000175,False,extreme,2021-02-25 23:55:00,1.21551,end_of_day,131,0.8760683760683712,0,0.0,0.8760683760683712,1.2478632478632576,0.08760683760684186
EURUSD,NY,2021-02-26,Friday,1,1.21597,1.21291,0.0030600000000000627,long,2021-02-26 04:50:00,1.20927,2021-02-26 09:00:00,2021-02-26 09:05:00,1.21302,1.20927,1.2205199999999998,0.00374999999999992,False,extreme,2021-02-26 11:25:00,1.20927,stop,29,-1.0,0,0.0,-1.0,0.3013333333333599,1.0426666666667102
EURUSD,NY,2021-03-01,Monday,1,1.20928,1.205,0.0042799999999998395,long,2021-03-01 04:10:00,1.20284,2021-03-01 05:40:00,2021-03-01 05:45:00,1.2054,1.20284,1.2105200000000003,0.0025600000000001177,False,extreme,2021-03-01 10:10:00,1.20284,stop,54,-1.0,0,0.0,-1.0,0.49999999999995665,1.0312499999999432
EURUSD,NY,2021-03-01,Monday,2,1.20928,1.205,0.0042799999999998395,long,2021-03-01 09:35:00,1.20276,2021-03-01 11:00:00,2021-03-01 11:05:00,1.20531,1.20276,1.2104100000000002,0.0025500000000000522,False,extreme,2021-03-01 20:50:00,1.20276,stop,118,-1.0,0,0.0,-1.0,0.3176470588235141,1.019607843137296
EURUSD,NY,2021-03-02,Tuesday,1,1.20269,1.19992,0.002769999999999939,long,2021-03-02 04:05:00,1.19918,2021-03-02 04:10:00,2021-03-02 04:15:00,1.20054,1.19918,1.20326,0.0013600000000000279,False,extreme,2021-03-02 06:50:00,1.20326,target,32,2.0,0,0.0,2.0,2.3161764705881778,0.35294117647060747
EURUSD,NY,2021-03-02,Tuesday,2,1.20269,1.19992,0.002769999999999939,short,2021-03-02 06:40:00,1.20369,2021-03-02 07:05:00,2021-03-02 07:10:00,1.20267,1.20369,1.2006299999999999,0.0010200000000000209,False,extreme,2021-03-02 07:50:00,1.20369,stop,9,-1.0,0,0.0,-1.0,0.2450980392155454,1.0
EURUSD,NY,2021-03-02,Tuesday,3,1.20269,1.19992,0.002769999999999939,short,2021-03-02 07:35:00,1.20376,2021-03-02 08:05:00,2021-03-02 08:10:00,1.20252,1.20376,1.2000400000000002,0.0012399999999999078,False,extreme,2021-03-02 09:15:00,1.20376,stop,14,-1.0,0,0.0,-1.0,0.43548387096776214,1.3709677419356139
EURUSD,NY,2021-03-03,Wednesday,1,1.21077,1.20742,0.003349999999999964,short,2021-03-03 04:40:00,1.21132,2021-03-03 04:50:00,2021-03-03 04:55:00,1.21052,1.21132,1.2089200000000002,0.0007999999999999119,False,extreme,2021-03-03 05:35:00,1.2089200000000002,target,9,2.0,0,0.0,2.0,2.4875000000001943,0.2625000000000833
EURUSD,NY,2021-03-03,Wednesday,2,1.21077,1.20742,0.003349999999999964,long,2021-03-03 06:35:00,1.20426,2021-03-03 11:05:00,2021-03-03 11:10:00,1.20773,1.20426,1.2146699999999997,0.003469999999999862,False,extreme,2021-03-03 23:55:00,1.20554,end_of_day,154,-0.6311239193083578,0,0.0,-0.6311239193083578,0.09510086455330102,0.9740634005763898
EURUSD,NY,2021-03-04,Thursday,1,1.20625,1.20364,0.002610000000000001,long,2021-03-04 04:15:00,1.20266,2021-03-04 05:20:00,2021-03-04 05:25:00,1.20401,1.20266,1.20671,0.0013499999999999623,False,extreme,2021-03-04 10:15:00,1.20266,stop,59,-1.0,0,0.0,-1.0,0.6740740740740679,1.303703703703728
EURUSD,NY,2021-03-04,Thursday,2,1.20625,1.20364,0.002610000000000001,long,2021-03-04 10:05:00,1.20224,2021-03-04 10:55:00,2021-03-04 11:00:00,1.20398,1.20224,1.2074600000000002,0.0017400000000000748,False,extreme,2021-03-04 12:20:00,1.20224,stop,17,-1.0,0,0.0,-1.0,0.7931034482757917,1.0344827586206589
EURUSD,NY,2021-03-05,Friday,1,1.19619,1.19141,0.0047800000000000065,long,2021-03-05 08:30:00,1.18928,2021-03-05 08:40:00,2021-03-05 08:45:00,1.19229,1.18928,1.1983100000000004,0.003010000000000179,False,extreme,2021-03-05 16:55:00,1.19101,friday_close,99,-0.4252491694352471,0,0.0,-0.4252491694352471,0.7740863787374765,0.588039867109616
EURUSD,NY,2021-03-08,Monday,1,1.19147,1.18755,0.0039199999999999235,long,2021-03-08 04:05:00,1.18654,2021-03-08 05:30:00,2021-03-08 05:35:00,1.188,1.18654,1.19092,0.0014600000000000168,False,extreme,2021-03-08 07:00:00,1.18654,stop,18,-1.0,0,0.0,-1.0,0.054794520547999374,1.1986301369862316
EURUSD,NY,2021-03-08,Monday,2,1.19147,1.18755,0.0039199999999999235,long,2021-03-08 06:45:00,1.18567,2021-03-08 09:05:00,2021-03-08 09:10:00,1.18769,1.18567,1.1917299999999997,0.0020199999999999108,False,extreme,2021-03-08 11:00:00,1.18567,stop,23,-1.0,0,0.0,-1.0,0.5198019801980405,1.0693069306930867
EURUSD,NY,2021-03-09,Tuesday,1,1.18986,1.18514,0.0047199999999998354,short,2021-03-09 04:10:00,1.19034,2021-03-09 04:15:00,2021-03-09 04:20:00,1.18958,1.19034,1.1880600000000003,0.0007599999999998719,False,extreme,2021-03-09 04:45:00,1.19034,stop,6,-1.0,0,0.0,-1.0,0.026315789473861047,1.0394736842104995
EURUSD,NY,2021-03-09,Tuesday,2,1.18986,1.18514,0.0047199999999998354,short,2021-03-09 04:35:00,1.19159,2021-03-09 07:25:00,2021-03-09 07:30:00,1.18987,1.19159,1.18643,0.0017199999999999438,False,extreme,2021-03-09 23:55:00,1.18797,end_of_day,198,1.1046511627907412,0,0.0,1.1046511627907412,1.2499999999999678,0.6104651162790871
EURUSD,NY,2021-03-10,Wednesday,1,1.1897,1.18689,0.002809999999999979,short,2021-03-10 04:05:00,1.19016,2021-03-10 04:20:00,2021-03-10 04:25:00,1.18966,1.19016,1.1886599999999996,0.000500000000000167,False,extreme,2021-03-10 05:00:00,1.19016,stop,8,-1.0,0,0.0,-1.0,0.7199999999995914,1.639999999999538
EURUSD,NY,2021-03-10,Wednesday,2,1.1897,1.18689,0.002809999999999979,short,2021-03-10 04:55:00,1.19048,2021-03-10 05:30:00,2021-03-10 05:35:00,1.1896,1.19048,1.18784,0.0008799999999999919,False,extreme,2021-03-10 08:30:00,1.19048,stop,36,-1.0,0,0.0,-1.0,1.6022727272726414,1.8409090909090564
EURUSD,NY,2021-03-10,Wednesday,3,1.1897,1.18689,0.002809999999999979,short,2021-03-10 08:30:00,1.1925,2021-03-10 10:25:00,2021-03-10 10:30:00,1.18939,1.1925,1.18317,0.003109999999999946,False,extreme,2021-03-10 15:45:00,1.1925,stop,64,-1.0,0,0.0,-1.0,0.2508038585209056,1.0578778135048463
EURUSD,NY,2021-03-11,Thursday,1,1.19688,1.19191,0.004969999999999919,short,2021-03-11 08:10:00,1.19737,2021-03-11 08:15:00,2021-03-11 08:20:00,1.19674,1.19737,1.1954799999999997,0.0006300000000001305,False,extreme,2021-03-11 08:20:00,1.1954799999999997,target,1,2.0,0,0.0,2.0,2.5079365079358533,0.0
EURUSD,NY,2021-03-11,Thursday,2,1.19688,1.19191,0.004969999999999919,short,2021-03-11 11:40:00,1.19789,2021-03-11 12:50:00,2021-03-11 12:55:00,1.19659,1.19789,1.1939900000000003,0.0012999999999998568,False,extreme,2021-03-11 13:00:00,1.19789,stop,2,-1.0,0,0.0,-1.0,0.03846153846162386,1.846153846154017
EURUSD,NY,2021-03-11,Thursday,3,1.19688,1.19191,0.004969999999999919,short,2021-03-11 12:55:00,1.199,2021-03-11 21:35:00,2021-03-11 21:40:00,1.19662,1.199,1.19186,0.0023800000000000487,False,extreme,2021-03-11 23:55:00,1.19661,end_of_day,28,0.004201680672296347,0,0.0,0.004201680672296347,0.27310924369748996,0.05882352941177568
EURUSD,NY,2021-03-12,Friday,1,1.19672,1.19284,0.0038800000000001056,long,2021-03-12 04:15:00,1.19101,2021-03-12 07:40:00,2021-03-12 07:45:00,1.19302,1.19101,1.19704,0.0020100000000000673,False,extreme,2021-03-12 16:55:00,1.19518,friday_close,111,1.0746268656715758,0,0.0,1.0746268656715758,1.557213930348245,0.9353233830844869
EURUSD,NY,2021-03-15,Monday,1,1.19543,1.19178,0.003649999999999931,long,2021-03-15 11:30:00,1.19112,2021-03-15 11:40:00,2021-03-15 11:45:00,1.1918,1.19112,1.19316,0.0006800000000000139,False,extreme,2021-03-15 12:20:00,1.19316,target,8,2.0,0,0.0,2.0,2.4411764705881778,0.6470588235293926
EURUSD,NY,2021-03-16,Tuesday,1,1.19387,1.19156,0.0023100000000000342,short,2021-03-16 06:25:00,1.19518,2021-03-16 08:25:00,2021-03-16 08:30:00,1.19384,1.19518,1.1911600000000002,0.0013399999999998968,False,extreme,2021-03-16 09:45:00,1.1911600000000002,target,16,2.0,0,0.0,2.0,2.5522388059703296,0.45522388059704955
EURUSD,NY,2021-03-17,Wednesday,1,1.1908,1.1891,0.0017000000000000348,long,2021-03-17 04:00:00,1.18862,2021-03-17 04:20:00,2021-03-17 04:25:00,1.18931,1.18862,1.1906900000000002,0.0006900000000000794,False,extreme,2021-03-17 05:15:00,1.1906900000000002,target,11,2.0,0,0.0,2.0,2.7101449275356537,0.391304347826031
EURUSD,NY,2021-03-17,Wednesday,2,1.1908,1.1891,0.0017000000000000348,short,2021-03-17 05:15:00,1.19167,2021-03-17 06:00:00,2021-03-17 06:05:00,1.19079,1.19167,1.18903,0.0008799999999999919,False,extreme,2021-03-17 14:00:00,1.19167,stop,96,-1.0,0,0.0,-1.0,1.8977272727273586,6.079545454545472
EURUSD,NY,2021-03-18,Thursday,1,1.19889,1.19428,0.004610000000000003,long,2021-03-18 04:45:00,1.1935,2021-03-18 04:55:00,2021-03-18 05:00:00,1.19474,1.1935,1.1972199999999997,0.0012399999999999078,False,extreme,2021-03-18 06:25:00,1.1935,stop,18,-1.0,0,0.0,-1.0,0.23387096774205246,1.072580645161234
EURUSD,NY,2021-03-18,Thursday,2,1.19889,1.19428,0.004610000000000003,long,2021-03-18 06:05:00,1.19341,2021-03-18 07:00:00,2021-03-18 07:05:00,1.19469,1.19341,1.19725,0.0012799999999999478,False,extreme,2021-03-18 08:20:00,1.19341,stop,16,-1.0,0,0.0,-1.0,0.23437499999998374,1.648437500000111
EURUSD,NY,2021-03-22,Monday,1,1.18998,1.18747,0.0025100000000000122,short,2021-03-22 04:30:00,1.19049,2021-03-22 04:35:00,2021-03-22 04:40:00,1.18998,1.19049,1.18896,0.0005100000000000104,False,extreme,2021-03-22 04:55:00,1.19049,stop,4,-1.0,0,0.0,-1.0,0.6274509803923362,1.235294117646854
EURUSD,NY,2021-03-22,Monday,2,1.18998,1.18747,0.0025100000000000122,short,2021-03-22 04:50:00,1.19061,2021-03-22 05:20:00,2021-03-22 05:25:00,1.18974,1.19061,1.1880000000000002,0.0008699999999999264,False,extreme,2021-03-22 06:05:00,1.19061,stop,9,-1.0,0,0.0,-1.0,0.43678160919549325,1.0919540229886056
EURUSD,NY,2021-03-23,Tuesday,1,1.19335,1.19028,0.003069999999999906,long,2021-03-23 04:05:00,1.18973,2021-03-23 04:15:00,2021-03-23 04:20:00,1.19043,1.18973,1.1918300000000004,0.000700000000000145,False,extreme,2021-03-23 04:25:00,1.18973,stop,2,-1.0,0,0.0,-1.0,0.5285714285712926,1.7999999999996827
EURUSD,NY,2021-03-24,Wednesday,1,1.18492,1.18177,0.003149999999999986,long,2021-03-24 04:00:00,1.18144,2021-03-24 04:05:00,2021-03-24 04:10:00,1.18185,1.18144,1.18267,0.00041000000000002146,False,extreme,2021-03-24 04:10:00,1.18144,stop,1,-1.0,0,0.0,-1.0,0.0,1.0975609756098486
EURUSD,NY,2021-03-24,Wednesday,2,1.18492,1.18177,0.003149999999999986,long,2021-03-24 04:10:00,1.18124,2021-03-24 04:25:00,2021-03-24 04:30:00,1.182,1.18124,1.1835199999999997,0.0007599999999998719,False,extreme,2021-03-24 05:15:00,1.1835199999999997,target,10,2.0,0,0.0,2.0,2.1710526315795127,0.5394736842106455
EURUSD,NY,2021-03-24,Wednesday,3,1.18492,1.18177,0.003149999999999986,long,2021-03-24 09:30:00,1.18146,2021-03-24 09:40:00,2021-03-24 09:45:00,1.18257,1.18146,1.1847899999999998,0.0011099999999999444,False,extreme,2021-03-24 15:55:00,1.18146,stop,75,-1.0,0,0.0,-1.0,1.2072072072073747,1.1891891891892379
EURUSD,NY,2021-03-24,Wednesday,4,1.18492,1.18177,0.003149999999999986,long,2021-03-24 15:55:00,1.18091,2021-03-24 20:55:00,2021-03-24 21:00:00,1.18178,1.18091,1.1835200000000003,0.0008700000000001484,False,extreme,2021-03-24 21:30:00,1.18091,stop,7,-1.0,0,0.0,-1.0,0.0,1.3333333333331632
EURUSD,NY,2021-03-24,Wednesday,5,1.18492,1.18177,0.003149999999999986,long,2021-03-24 21:00:00,1.18044,2021-03-24 22:05:00,2021-03-24 22:10:00,1.18186,1.18044,1.1846999999999999,0.0014199999999999768,False,extreme,2021-03-24 23:55:00,1.18231,end_of_day,22,0.31690140845075265,0,0.0,0.31690140845075265,0.647887323943695,0.028169014084379305
EURUSD,NY,2021-03-25,Thursday,1,1.18262,1.18047,0.0021500000000000963,long,2021-03-25 04:45:00,1.18023,2021-03-25 04:50:00,2021-03-25 04:55:00,1.18053,1.18023,1.1811300000000005,0.000300000000000189,False,extreme,2021-03-25 05:35:00,1.1811300000000005,target,9,2.0,0,0.0,2.0,2.5333333333313104,0.5666666666663213
EURUSD,NY,2021-03-25,Thursday,2,1.18262,1.18047,0.0021500000000000963,long,2021-03-25 08:15:00,1.18028,2021-03-25 08:20:00,2021-03-25 08:25:00,1.18056,1.18028,1.1811200000000002,0.000280000000000058,False,extreme,2021-03-25 08:30:00,1.18028,stop,2,-1.0,0,0.0,-1.0,0.5357142857137193,1.642857142857256
EURUSD,NY,2021-03-25,Thursday,3,1.18262,1.18047,0.0021500000000000963,long,2021-03-25 08:25:00,1.17911,2021-03-25 09:00:00,2021-03-25 09:05:00,1.18077,1.17911,1.18409,0.0016599999999999948,False,extreme,2021-03-25 11:00:00,1.17911,stop,24,-1.0,0,0.0,-1.0,0.47590361445774026,1.036144578313356
EURUSD,NY,2021-03-26,Friday,1,1.17893,1.17748,0.0014499999999999513,short,2021-03-26 05:15:00,1.17974,2021-03-26 06:10:00,2021-03-26 06:15:00,1.17892,1.17974,1.1772799999999999,0.0008200000000000429,False,extreme,2021-03-26 07:30:00,1.1772799999999999,target,16,2.0,0,0.0,2.0,2.1219512195121752,0.2926829268292749
EURUSD,NY,2021-03-26,Friday,2,1.17893,1.17748,0.0014499999999999513,long,2021-03-26 07:25:00,1.17718,2021-03-26 07:35:00,2021-03-26 07:40:00,1.17752,1.17718,1.1782,0.00034000000000000696,False,extreme,2021-03-26 08:30:00,1.1782,target,11,2.0,0,0.0,2.0,2.3823529411770084,0.7352941176466362
EURUSD,NY,2021-03-26,Friday,3,1.17893,1.17748,0.0014499999999999513,short,2021-03-26 10:55:00,1.17928,2021-03-26 11:00:00,2021-03-26 11:05:00,1.17859,1.17928,1.1772099999999999,0.0006900000000000794,False,extreme,2021-03-26 11:15:00,1.17928,stop,3,-1.0,0,0.0,-1.0,0.04347826086952324,1.0869565217390464
EURUSD,NY,2021-03-26,Friday,4,1.17893,1.17748,0.0014499999999999513,short,2021-03-26 11:10:00,1.1805,2021-03-26 13:45:00,2021-03-26 13:50:00,1.17882,1.1805,1.1754599999999997,0.0016800000000001258,False,extreme,2021-03-26 16:55:00,1.17929,friday_close,38,-0.2797619047618662,0,0.0,-0.2797619047618662,0.23214285714277455,0.7023809523808753
EURUSD,NY,2021-03-29,Monday,1,1.17938,1.1773,0.002080000000000082,long,2021-03-29 04:15:00,1.17631,2021-03-29 04:25:00,2021-03-29 04:30:00,1.17739,1.17631,1.1795499999999999,0.0010799999999999699,False,extreme,2021-03-29 04:45:00,1.17631,stop,4,-1.0,0,0.0,-1.0,0.31481481481483004,1.0185185185184347
EURUSD,NY,2021-03-29,Monday,2,1.17938,1.1773,0.002080000000000082,long,2021-03-29 04:40:00,1.17629,2021-03-29 05:20:00,2021-03-29 05:25:00,1.17752,1.17629,1.1799799999999996,0.0012299999999998423,False,extreme,2021-03-29 10:55:00,1.17629,stop,67,-1.0,0,0.0,-1.0,1.4146341463417056,1.0081300813008673
EURUSD,NY,2021-03-29,Monday,3,1.17938,1.1773,0.002080000000000082,long,2021-03-29 10:50:00,1.17606,2021-03-29 11:30:00,2021-03-29 11:35:00,1.17743,1.17606,1.1801699999999997,0.0013699999999998713,False,extreme,2021-03-29 23:55:00,1.17668,end_of_day,149,-0.5474452554745247,0,0.0,-0.5474452554745247,0.7080291970802967,0.8832116788321511
EURUSD,NY,2021-03-30,Tuesday,1,1.17678,1.1733,0.0034799999999999276,long,2021-03-30 06:55:00,1.17289,2021-03-30 07:20:00,2021-03-30 07:25:00,1.17332,1.17289,1.1741799999999998,0.00042999999999993044,False,extreme,2021-03-30 08:10:00,1.1741799999999998,target,10,2.0,0,0.0,2.0,2.3255813953494737,0.6511627906973982
EURUSD,NY,2021-03-30,Tuesday,2,1.17678,1.1733,0.0034799999999999276,long,2021-03-30 08:30:00,1.17294,2021-03-30 08:35:00,2021-03-30 08:40:00,1.17333,1.17294,1.1741099999999998,0.00038999999999989043,False,extreme,2021-03-30 08:45:00,1.17294,stop,2,-1.0,0,0.0,-1.0,0.38461538461573497,1.0512820512824017
EURUSD,NY,2021-03-30,Tuesday,3,1.17678,1.1733,0.0034799999999999276,long,2021-03-30 08:40:00,1.17274,2021-03-30 09:10:00,2021-03-30 09:15:00,1.17337,1.17274,1.1746300000000003,0.0006300000000001305,False,extreme,2021-03-30 09:25:00,1.17274,stop,3,-1.0,0,0.0,-1.0,0.6349206349204335,2.126984126983875
EURUSD,NY,2021-03-31,Wednesday,1,1.17376,1.17041,0.003349999999999964,short,2021-03-31 04:15:00,1.1748,2021-03-31 05:45:00,2021-03-31 05:50:00,1.17369,1.1748,1.1714699999999996,0.0011100000000001664,False,extreme,2021-03-31 10:50:00,1.1748,stop,61,-1.0,0,0.0,-1.0,1.4324324324322,1.4504504504503333
EURUSD,NY,2021-03-31,Wednesday,2,1.17376,1.17041,0.003349999999999964,short,2021-03-31 10:00:00,1.17598,2021-03-31 11:15:00,2021-03-31 11:20:00,1.17368,1.17598,1.1690800000000001,0.0022999999999999687,False,extreme,2021-03-31 23:55:00,1.17244,end_of_day,152,0.5391304347826725,0,0.0,0.5391304347826725,0.7565217391304776,0.7999999999999421
EURUSD,NY,2021-04-01,Thursday,1,1.17429,1.17126,0.003030000000000088,short,2021-04-01 05:35:00,1.17443,2021-04-01 05:40:00,2021-04-01 05:45:00,1.17421,1.17443,1.1737699999999998,0.000220000000000109,False,extreme,2021-04-01 05:45:00,1.1737699999999998,target,1,2.0,0,0.0,2.0,2.318181818180717,0.40909090909035856
EURUSD,NY,2021-04-01,Thursday,2,1.17429,1.17126,0.003030000000000088,short,2021-04-01 06:15:00,1.17506,2021-04-01 06:45:00,2021-04-01 06:50:00,1.17426,1.17506,1.1726600000000003,0.0007999999999999119,False,extreme,2021-04-01 08:25:00,1.17506,stop,20,-1.0,0,0.0,-1.0,1.2125000000003052,1.1000000000001111
EURUSD,NY,2021-04-01,Thursday,3,1.17429,1.17126,0.003030000000000088,short,2021-04-01 08:00:00,1.17632,2021-04-01 10:20:00,2021-04-01 10:25:00,1.17424,1.17632,1.1700799999999998,0.002080000000000082,False,extreme,2021-04-01 10:50:00,1.17632,stop,6,-1.0,0,0.0,-1.0,0.028846153846128184,1.076923076923044
EURUSD,NY,2021-04-02,Friday,1,1.17817,1.17696,0.0012099999999999334,short,2021-04-02 04:30:00,1.17867,2021-04-02 05:05:00,2021-04-02 05:10:00,1.1781,1.17867,1.1769599999999996,0.0005700000000001815,False,extreme,2021-04-02 08:15:00,1.1769599999999996,target,38,2.0,0,0.0,2.0,2.2982456140342196,0.7368421052630759
EURUSD,NY,2021-04-02,Friday,2,1.17817,1.17696,0.0012099999999999334,long,2021-04-02 08:25:00,1.17572,2021-04-02 08:35:00,2021-04-02 08:40:00,1.17768,1.17572,1.1816,0.0019599999999999618,False,extreme,2021-04-02 09:05:00,1.17572,stop,6,-1.0,0,0.0,-1.0,0.0,1.4183673469388056
EURUSD,NY,2021-04-05,Monday,1,1.17706,1.17414,0.0029200000000000337,long,2021-04-05 05:40:00,1.17404,2021-04-05 05:50:00,2021-04-05 05:55:00,1.17422,1.17404,1.1745800000000002,0.000180000000000069,False,extreme,2021-04-05 05:55:00,1.17404,stop,1,-1.0,0,0.0,-1.0,0.055555555555898216,1.0555555555558982
EURUSD,NY,2021-04-05,Monday,2,1.17706,1.17414,0.0029200000000000337,long,2021-04-05 05:55:00,1.17379,2021-04-05 06:10:00,2021-04-05 06:15:00,1.17416,1.17379,1.1749000000000005,0.0003700000000002035,False,extreme,2021-04-05 06:55:00,1.1749000000000005,target,9,2.0,0,0.0,2.0,2.4864864864846052,0.02702702702718922
EURUSD,NY,2021-04-07,Wednesday,1,1.18819,1.18639,0.0018000000000000238,short,2021-04-07 04:50:00,1.18896,2021-04-07 05:15:00,2021-04-07 05:20:00,1.18813,1.18896,1.1864699999999997,0.0008300000000001084,False,extreme,2021-04-07 06:30:00,1.18896,stop,15,-1.0,0,0.0,-1.0,0.4939759036141516,1.518072289156475
EURUSD,NY,2021-04-07,Wednesday,2,1.18819,1.18639,0.0018000000000000238,short,2021-04-07 05:45:00,1.18984,2021-04-07 08:15:00,2021-04-07 08:20:00,1.18818,1.18984,1.18486,0.0016599999999999948,False,extreme,2021-04-07 10:10:00,1.18984,stop,23,-1.0,0,0.0,-1.0,0.3012048192770762,1.3132530120482395
EURUSD,NY,2021-04-07,Wednesday,3,1.18819,1.18639,0.0018000000000000238,short,2021-04-07 08:50:00,1.19148,2021-04-07 13:05:00,2021-04-07 13:10:00,1.18816,1.19148,1.1815200000000001,0.0033199999999999896,False,extreme,2021-04-07 23:55:00,1.1871,end_of_day,130,0.3192771084337543,0,0.0,0.3192771084337543,0.6265060240964121,0.15662650602405287
EURUSD,NY,2021-04-08,Thursday,1,1.18928,1.18672,0.0025599999999998957,long,2021-04-08 05:50:00,1.18626,2021-04-08 06:30:00,2021-04-08 06:35:00,1.18672,1.18626,1.1876399999999998,0.00045999999999990493,False,extreme,2021-04-08 06:45:00,1.18626,stop,3,-1.0,0,0.0,-1.0,0.02173913043492952,1.1739130434784708
EURUSD,NY,2021-04-08,Thursday,2,1.18928,1.18672,0.0025599999999998957,long,2021-04-08 06:35:00,1.18617,2021-04-08 07:15:00,2021-04-08 07:20:00,1.18691,1.18617,1.1883899999999998,0.0007399999999999629,False,extreme,2021-04-08 07:55:00,1.1883899999999998,target,8,2.0,0,0.0,2.0,2.054054054054411,0.01351351351330266
EURUSD,NY,2021-04-09,Friday,1,1.19068,1.18845,0.0022299999999999542,long,2021-04-09 06:55:00,1.18816,2021-04-09 07:00:00,2021-04-09 07:05:00,1.18884,1.18816,1.1901999999999995,0.0006799999999997919,False,extreme,2021-04-09 08:20:00,1.18816,stop,16,-1.0,0,0.0,-1.0,1.7647058823536135,1.985294117647611
EURUSD,NY,2021-04-09,Friday,2,1.19068,1.18845,0.0022299999999999542,long,2021-04-09 08:20:00,1.18671,2021-04-09 10:00:00,2021-04-09 10:05:00,1.18877,1.18671,1.1928900000000004,0.002060000000000173,False,extreme,2021-04-09 16:55:00,1.19012,friday_close,83,0.6553398058251695,0,0.0,0.6553398058251695,1.09708737864065,0.24757281553396487
EURUSD,NY,2021-04-12,Monday,1,1.18942,1.1872,0.0022199999999998887,short,2021-04-12 05:15:00,1.19192,2021-04-12 23:40:00,2021-04-12 23:45:00,1.1893,1.19192,1.18406,0.0026200000000000667,False,extreme,2021-04-12 23:55:00,1.18905,end_of_day,3,0.09541984732827372,0,0.0,0.09541984732827372,0.11068702290080767,0.0038167938931546784
EURUSD,NY,2021-04-14,Wednesday,1,1.19742,1.19557,0.0018499999999999073,long,2021-04-14 05:35:00,1.19514,2021-04-14 05:55:00,2021-04-14 06:00:00,1.1957,1.19514,1.1968199999999998,0.0005599999999998939,False,extreme,2021-04-14 07:00:00,1.19514,stop,13,-1.0,0,0.0,-1.0,0.9464285714286068,1.0535714285717896
EURUSD,NY,2021-04-14,Wednesday,2,1.19742,1.19557,0.0018499999999999073,long,2021-04-14 06:55:00,1.19511,2021-04-14 07:15:00,2021-04-14 07:20:00,1.19558,1.19511,1.1965200000000005,0.0004700000000001925,False,extreme,2021-04-14 08:25:00,1.19658,target_gap,13,2.1276595744669793,0,0.0,2.1276595744669793,1.872340425531131,0.8723404255316033
EURUSD,NY,2021-04-14,Wednesday,3,1.19742,1.19557,0.0018499999999999073,long,2021-04-14 10:20:00,1.1953,2021-04-14 10:30:00,2021-04-14 10:35:00,1.19627,1.1953,1.1982099999999998,0.0009699999999999154,False,extreme,2021-04-14 12:20:00,1.1982099999999998,target,22,2.0,0,0.0,2.0,2.010309278350813,0.15463917525761398
EURUSD,NY,2021-04-14,Wednesday,4,1.19742,1.19557,0.0018499999999999073,short,2021-04-14 11:55:00,1.19874,2021-04-14 14:45:00,2021-04-14 14:50:00,1.19737,1.19874,1.1946300000000003,0.0013699999999998713,False,extreme,2021-04-14 20:50:00,1.19874,stop,73,-1.0,0,0.0,-1.0,0.2919708029197033,1.036496350365044
EURUSD,NY,2021-04-14,Wednesday,5,1.19742,1.19557,0.0018499999999999073,short,2021-04-14 15:40:00,1.19899,2021-04-14 21:55:00,2021-04-14 22:00:00,1.19741,1.19899,1.1942500000000003,0.0015799999999999148,False,extreme,2021-04-14 23:55:00,1.19747,end_of_day,24,-0.03797468354427356,0,0.0,-0.03797468354427356,0.10126582278491686,0.18354430379741588
EURUSD,NY,2021-04-15,Thursday,1,1.19903,1.19699,0.0020400000000000418,long,2021-04-15 06:30:00,1.19617,2021-04-15 08:10:00,2021-04-15 08:15:00,1.19703,1.19617,1.1987500000000002,0.0008600000000000829,False,extreme,2021-04-15 08:55:00,1.19617,stop,9,-1.0,0,0.0,-1.0,1.2674418604650353,1.499999999999871
EURUSD,NY,2021-04-15,Thursday,2,1.19903,1.19699,0.0020400000000000418,long,2021-04-15 08:55:00,1.19561,2021-04-15 09:25:00,2021-04-15 09:30:00,1.19716,1.19561,1.2002599999999999,0.0015499999999999403,False,extreme,2021-04-15 21:00:00,1.19561,stop,139,-1.0,0,0.0,-1.0,0.7935483870968463,1.2193548387096904
EURUSD,NY,2021-04-16,Friday,1,1.19889,1.19568,0.003209999999999935,short,2021-04-16 06:50:00,1.19948,2021-04-16 06:55:00,2021-04-16 07:00:00,1.19888,1.19948,1.1976799999999996,0.000600000000000156,False,extreme,2021-04-16 10:50:00,1.1976799999999996,target,47,2.0,0,0.0,2.0,2.266666666666124,0.833333333333025
EURUSD,NY,2021-04-19,Monday,1,1.2021,1.19553,0.006569999999999965,short,2021-04-19 04:15:00,1.20274,2021-04-19 04:20:00,2021-04-19 04:25:00,1.2021,1.20274,1.20082,0.0006399999999999739,False,extreme,2021-04-19 04:30:00,1.20274,stop,2,-1.0,0,0.0,-1.0,0.0,1.3281250000000813
EURUSD,NY,2021-04-19,Monday,2,1.2021,1.19553,0.006569999999999965,short,2021-04-19 04:25:00,1.20479,2021-04-19 10:05:00,2021-04-19 10:10:00,1.20177,1.20479,1.19573,0.0030200000000000227,False,extreme,2021-04-19 22:25:00,1.20479,stop,148,-1.0,0,0.0,-1.0,0.08609271523176325,1.1026490066225265
EURUSD,NY,2021-04-20,Tuesday,1,1.20798,1.20483,0.003149999999999986,long,2021-04-20 06:50:00,1.20442,2021-04-20 06:55:00,2021-04-20 07:00:00,1.20491,1.20442,1.2058899999999997,0.0004899999999998794,False,extreme,2021-04-20 07:40:00,1.2058899999999997,target,9,2.0,0,0.0,2.0,2.0612244897967877,0.34693877551029656
EURUSD,NY,2021-04-20,Tuesday,2,1.20798,1.20483,0.003149999999999986,long,2021-04-20 08:20:00,1.20263,2021-04-20 09:40:00,2021-04-20 09:45:00,1.2049,1.20263,1.20944,0.0022699999999999942,False,extreme,2021-04-20 12:40:00,1.20263,stop,36,-1.0,0,0.0,-1.0,0.33480176211448187,1.0220264317181083
EURUSD,NY,2021-04-21,Wednesday,1,1.20355,1.20035,0.0031999999999998696,long,2021-04-21 05:35:00,1.20007,2021-04-21 05:45:00,2021-04-21 05:50:00,1.20052,1.20007,1.2014200000000002,0.00045000000000006146,False,extreme,2021-04-21 06:20:00,1.20007,stop,7,-1.0,0,0.0,-1.0,0.9555555555552705,1.311111111111133
EURUSD,NY,2021-04-21,Wednesday,2,1.20355,1.20035,0.0031999999999998696,long,2021-04-21 06:20:00,1.19985,2021-04-21 06:35:00,2021-04-21 06:40:00,1.20046,1.19985,1.20168,0.0006099999999999994,False,extreme,2021-04-21 10:25:00,1.20168,target,46,2.0,0,0.0,2.0,2.327868852458981,0.9016393442623786
EURUSD,NY,2021-04-21,Wednesday,3,1.20355,1.20035,0.0031999999999998696,short,2021-04-21 11:10:00,1.20368,2021-04-21 11:15:00,2021-04-21 11:20:00,1.20331,1.20368,1.2025700000000001,0.00036999999999998145,False,extreme,2021-04-21 11:35:00,1.20368,stop,4,-1.0,0,0.0,-1.0,0.2162162162164433,1.4324324324322864
EURUSD,NY,2021-04-21,Wednesday,4,1.20355,1.20035,0.0031999999999998696,short,2021-04-21 11:35:00,1.20391,2021-04-21 11:50:00,2021-04-21 11:55:00,1.20338,1.20391,1.2023199999999996,0.0005300000000001415,False,extreme,2021-04-21 20:00:00,1.20391,stop,98,-1.0,0,0.0,-1.0,1.358490566037056,1.1509433962261069
EURUSD,NY,2021-04-21,Wednesday,5,1.20355,1.20035,0.0031999999999998696,short,2021-04-21 19:05:00,1.20399,2021-04-21 20:15:00,2021-04-21 20:20:00,1.20355,1.20399,1.20267,0.00043999999999999595,False,extreme,2021-04-21 21:05:00,1.20399,stop,10,-1.0,0,0.0,-1.0,0.681818181818113,1.1590909090909436
EURUSD,NY,2021-04-22,Thursday,1,1.20496,1.20292,0.0020400000000000418,long,2021-04-22 04:50:00,1.20222,2021-04-22 05:20:00,2021-04-22 05:25:00,1.20302,1.20222,1.2046199999999998,0.0007999999999999119,False,extreme,2021-04-22 06:00:00,1.2046199999999998,target,8,2.0,0,0.0,2.0,2.050000000000333,0.11249999999991674
EURUSD,NY,2021-04-22,Thursday,2,1.20496,1.20292,0.0020400000000000418,short,2021-04-22 06:10:00,1.20556,2021-04-22 06:30:00,2021-04-22 06:35:00,1.20485,1.20556,1.20343,0.0007099999999999884,False,extreme,2021-04-22 07:05:00,1.20556,stop,7,-1.0,0,0.0,-1.0,0.6056338028168133,1.0563380281690713
EURUSD,NY,2021-04-22,Thursday,3,1.20496,1.20292,0.0020400000000000418,short,2021-04-22 06:35:00,1.2059,2021-04-22 07:50:00,2021-04-22 07:55:00,1.20468,1.2059,1.20224,0.0012199999999999989,False,extreme,2021-04-22 08:55:00,1.2059,stop,13,-1.0,0,0.0,-1.0,0.42622950819678396,1.5983606557378034
EURUSD,NY,2021-04-22,Thursday,4,1.20496,1.20292,0.0020400000000000418,short,2021-04-22 08:45:00,1.20695,2021-04-22 09:15:00,2021-04-22 09:20:00,1.2039,1.20695,1.1978,0.003049999999999997,False,extreme,2021-04-22 23:55:00,1.20214,end_of_day,176,0.5770491803278641,0,0.0,0.5770491803278641,1.4885245901639321,0.029508196721286413
EURUSD,NY,2021-04-23,Friday,1,1.20561,1.20209,0.0035199999999999676,short,2021-04-23 04:15:00,1.20615,2021-04-23 05:10:00,2021-04-23 05:15:00,1.2056,1.20615,1.2045,0.0005500000000000504,False,extreme,2021-04-23 07:45:00,1.20615,stop,31,-1.0,0,0.0,-1.0,1.2363636363635482,1.0363636363634676
EURUSD,NY,2021-04-23,Friday,2,1.20561,1.20209,0.0035199999999999676,short,2021-04-23 07:25:00,1.20756,2021-04-23 10:40:00,2021-04-23 10:45:00,1.20557,1.20756,1.2015900000000002,0.0019899999999999363,False,extreme,2021-04-23 12:50:00,1.20756,stop,26,-1.0,0,0.0,-1.0,0.47738693467338533,1.0603015075377507
EURUSD,NY,2021-04-26,Monday,1,1.21155,1.20888,0.00266999999999995,long,2021-04-26 07:40:00,1.20612,2021-04-26 12:55:00,2021-04-26 13:00:00,1.20891,1.20612,1.2144899999999996,0.002789999999999848,False,extreme,2021-04-26 23:55:00,1.20692,end_of_day,132,-0.7132616487455357,0,0.0,-0.7132616487455357,0.16845878136200573,0.8566308243727678
EURUSD,NY,2021-04-27,Tuesday,1,1.20803,1.20651,0.0015199999999999658,long,2021-04-27 04:10:00,1.20568,2021-04-27 05:25:00,2021-04-27 05:30:00,1.20658,1.20568,1.2083799999999998,0.0008999999999999009,False,extreme,2021-04-27 06:55:00,1.2083799999999998,target,18,2.0,0,0.0,2.0,2.1555555555558517,0.633333333333358
EURUSD,NY,2021-04-27,Tuesday,2,1.20803,1.20651,0.0015199999999999658,short,2021-04-27 06:50:00,1.20852,2021-04-27 07:20:00,2021-04-27 07:25:00,1.20785,1.20852,1.2065100000000002,0.0006699999999999484,False,extreme,2021-04-27 07:35:00,1.20852,stop,3,-1.0,0,0.0,-1.0,0.014925373134427286,1.089552238805901
EURUSD,NY,2021-04-27,Tuesday,3,1.20803,1.20651,0.0015199999999999658,short,2021-04-27 07:25:00,1.20926,2021-04-27 08:30:00,2021-04-27 08:35:00,1.20792,1.20926,1.2052400000000003,0.0013399999999998968,False,extreme,2021-04-27 16:55:00,1.20926,stop,101,-1.0,0,0.0,-1.0,0.7238805970150837,1.0223880597014752
EURUSD,NY,2021-04-27,Tuesday,4,1.20803,1.20651,0.0015199999999999658,short,2021-04-27 14:15:00,1.20929,2021-04-27 20:30:00,2021-04-27 20:35:00,1.20798,1.20929,1.2053600000000002,0.0013099999999999223,False,extreme,2021-04-27 23:55:00,1.20764,end_of_day,41,0.2595419847328451,0,0.0,0.2595419847328451,0.3435114503817467,0.4122137404580282
EURUSD,NY,2021-04-29,Thursday,1,1.21369,1.21128,0.0024100000000000232,long,2021-04-29 09:45:00,1.21021,2021-04-29 10:05:00,2021-04-29 10:10:00,1.21148,1.21021,1.2140199999999997,0.0012699999999998823,False,extreme,2021-04-29 23:55:00,1.21176,end_of_day,166,0.22047244094494797,0,0.0,0.22047244094494797,1.1496062992127183,0.7559055118109754
EURUSD,NY,2021-05-03,Monday,1,1.20423,1.2013,0.002929999999999877,short,2021-05-03 04:40:00,1.20759,2021-05-03 23:15:00,2021-05-03 23:20:00,1.20409,1.20759,1.1970900000000004,0.0034999999999998366,False,extreme,2021-05-03 23:55:00,1.20394,end_of_day,8,0.04285714285717186,0,0.0,0.04285714285717186,0.05428571428575525,0.019999999999941634
EURUSD,NY,2021-05-04,Tuesday,1,1.20427,1.20071,0.0035600000000000076,long,2021-05-04 04:50:00,1.19991,2021-05-04 05:40:00,2021-05-04 05:45:00,1.20092,1.19991,1.20294,0.0010099999999999554,False,extreme,2021-05-04 08:50:00,1.20294,target,38,2.0,0,0.0,2.0,2.089108910891237,0.5544554455444739
EURUSD,NY,2021-05-07,Friday,1,1.20892,1.20528,0.0036400000000000876,short,2021-05-07 04:45:00,1.20905,2021-05-07 04:50:00,2021-05-07 04:55:00,1.20878,1.20905,1.20824,0.00026999999999999247,False,extreme,2021-05-07 05:25:00,1.20824,target,7,2.0,0,0.0,2.0,2.4814814814813597,0.44444444444490133
EURUSD,NY,2021-05-10,Monday,1,1.21632,1.21368,0.0026399999999999757,short,2021-05-10 04:35:00,1.21753,2021-05-10 05:10:00,2021-05-10 05:15:00,1.21611,1.21753,1.21327,0.0014199999999999768,False,extreme,2021-05-10 09:30:00,1.21753,stop,52,-1.0,0,0.0,-1.0,0.30281690140840667,1.211267605633783
EURUSD,NY,2021-05-10,Monday,2,1.21632,1.21368,0.0026399999999999757,short,2021-05-10 09:20:00,1.21783,2021-05-10 09:35:00,2021-05-10 09:40:00,1.21609,1.21783,1.2126099999999997,0.0017400000000000748,False,extreme,2021-05-10 23:55:00,1.21399,end_of_day,172,1.2068965517240808,0,0.0,1.2068965517240808,1.9999999999998723,0.6839080459769961
EURUSD,NY,2021-05-11,Tuesday,1,1.21472,1.21231,0.0024100000000000232,short,2021-05-11 04:05:00,1.21484,2021-05-11 04:10:00,2021-05-11 04:15:00,1.21465,1.21484,1.2142700000000002,0.00018999999999991246,False,extreme,2021-05-11 04:25:00,1.2142700000000002,target,3,2.0,0,0.0,2.0,2.263157894737519,0.7894736842113874
EURUSD,NY,2021-05-11,Tuesday,2,1.21472,1.21231,0.0024100000000000232,short,2021-05-11 04:35:00,1.21818,2021-05-11 16:10:00,2021-05-11 16:15:00,1.21453,1.21818,1.2072300000000002,0.003649999999999931,False,extreme,2021-05-11 23:55:00,1.2117,end_of_day,93,0.7753424657534695,0,0.0,0.7753424657534695,0.816438356164455,0.13424657534243525
EURUSD,NY,2021-05-12,Wednesday,1,1.21439,1.21167,0.0027200000000000557,short,2021-05-12 08:50:00,1.21467,2021-05-12 08:55:00,2021-05-12 09:00:00,1.213,1.21467,1.2096600000000004,0.0016699999999998383,False,extreme,2021-05-12 09:00:00,1.21467,stop,1,-1.0,0,0.0,-1.0,0.2514970059881004,1.0778443113773641
EURUSD,NY,2021-05-12,Wednesday,2,1.21439,1.21167,0.0027200000000000557,short,2021-05-12 09:00:00,1.21522,2021-05-12 09:05:00,2021-05-12 09:10:00,1.21399,1.21522,1.2115299999999998,0.0012300000000000644,False,extreme,2021-05-12 09:20:00,1.2115299999999998,target,3,2.0,0,0.0,2.0,2.4065040650404037,0.15447154471554841
EURUSD,NY,2021-05-13,Thursday,1,1.21062,1.20718,0.0034400000000001096,long,2021-05-13 04:45:00,1.20515,2021-05-13 07:05:00,2021-05-13 07:10:00,1.20719,1.20515,1.21127,0.0020400000000000418,False,extreme,2021-05-13 23:55:00,1.20855,end_of_day,200,0.6666666666666666,0,0.0,0.6666666666666666,1.3774509803921184,0.47058823529414323
EURUSD,NY,2021-05-14,Friday,1,1.2118,1.20844,0.0033600000000000296,short,2021-05-14 04:10:00,1.21295,2021-05-14 05:15:00,2021-05-14 05:20:00,1.21155,1.21295,1.2087499999999998,0.0014000000000000679,False,extreme,2021-05-14 08:30:00,1.21295,stop,39,-1.0,0,0.0,-1.0,0.885714285714177,1.5785714285713843
EURUSD,NY,2021-05-17,Monday,1,1.21464,1.21261,0.0020299999999999763,short,2021-05-17 04:50:00,1.21499,2021-05-17 05:00:00,2021-05-17 05:05:00,1.21461,1.21499,1.2138499999999999,0.00038000000000004697,False,extreme,2021-05-17 05:30:00,1.21499,stop,6,-1.0,0,0.0,-1.0,1.2105263157890738,1.1578947368419514
EURUSD,NY,2021-05-17,Monday,2,1.21464,1.21261,0.0020299999999999763,short,2021-05-17 05:20:00,1.21688,2021-05-17 08:10:00,2021-05-17 08:15:00,1.21435,1.21688,1.2092900000000002,0.002529999999999921,False,extreme,2021-05-17 22:05:00,1.21688,stop,167,-1.0,0,0.0,-1.0,0.3478260869565294,1.0158102766798582
EURUSD,NY,2021-05-18,Tuesday,1,1.22054,1.21631,0.004229999999999956,short,2021-05-18 04:15:00,1.22338,2021-05-18 11:30:00,2021-05-18 11:35:00,1.22024,1.22338,1.2139600000000002,0.0031399999999999206,False,extreme,2021-05-18 23:55:00,1.22296,end_of_day,149,-0.8662420382166002,0,0.0,-0.8662420382166002,0.13375796178347057,0.9681528662420409
EURUSD,NY,2021-05-19,Wednesday,1,1.22453,1.22164,0.002889999999999837,long,2021-05-19 04:25:00,1.2214,2021-05-19 04:30:00,2021-05-19 04:35:00,1.22192,1.2214,1.2229599999999996,0.0005199999999998539,False,extreme,2021-05-19 04:35:00,1.2214,stop,1,-1.0,0,0.0,-1.0,0.07692307692317546,1.500000000000427
EURUSD,NY,2021-05-19,Wednesday,2,1.22453,1.22164,0.002889999999999837,long,2021-05-19 04:35:00,1.22046,2021-05-19 04:55:00,2021-05-19 05:00:00,1.22165,1.22046,1.2240299999999995,0.0011899999999998023,False,extreme,2021-05-19 06:20:00,1.22046,stop,17,-1.0,0,0.0,-1.0,0.3445378151261257,1.285714285714339
EURUSD,NY,2021-05-19,Wednesday,3,1.22453,1.22164,0.002889999999999837,long,2021-05-19 05:10:00,1.21889,2021-05-19 09:30:00,2021-05-19 09:35:00,1.22176,1.21889,1.2274999999999998,0.002869999999999928,False,extreme,2021-05-19 14:00:00,1.21889,stop,54,-1.0,0,0.0,-1.0,0.7351916376307001,1.080139372822285
EURUSD,NY,2021-05-20,Thursday,1,1.22048,1.21771,0.002769999999999939,short,2021-05-20 08:00:00,1.22082,2021-05-20 08:05:00,2021-05-20 08:10:00,1.22034,1.22082,1.21938,0.00048000000000003595,False,extreme,2021-05-20 09:15:00,1.22082,stop,14,-1.0,0,0.0,-1.0,1.4583333333330635,1.3750000000001157
EURUSD,NY,2021-05-24,Monday,1,1.21997,1.21788,0.0020899999999999253,short,2021-05-24 04:10:00,1.22044,2021-05-24 04:30:00,2021-05-24 04:35:00,1.21958,1.22044,1.2178600000000004,0.0008599999999998609,False,extreme,2021-05-24 04:35:00,1.2178600000000004,target,1,2.0,0,0.0,2.0,2.3953488372098906,0.06976744186041708
EURUSD,NY,2021-05-24,Monday,2,1.21997,1.21788,0.0020899999999999253,short,2021-05-24 05:05:00,1.22018,2021-05-24 05:10:00,2021-05-24 05:15:00,1.21981,1.22018,1.21907,0.00036999999999998145,False,extreme,2021-05-24 05:20:00,1.22018,stop,2,-1.0,0,0.0,-1.0,0.05405405405441088,1.3783783783784758
EURUSD,NY,2021-05-24,Monday,3,1.21997,1.21788,0.0020899999999999253,short,2021-05-24 05:20:00,1.22033,2021-05-24 05:30:00,2021-05-24 05:35:00,1.21984,1.22033,1.2188600000000003,0.0004899999999998794,False,extreme,2021-05-24 05:40:00,1.22033,stop,2,-1.0,0,0.0,-1.0,0.38775510204118624,1.9387755102045718
EURUSD,NY,2021-05-25,Tuesday,1,1.22621,1.22205,0.0041599999999999415,short,2021-05-25 08:05:00,1.22664,2021-05-25 08:20:00,2021-05-25 08:25:00,1.22604,1.22664,1.2248400000000002,0.0005999999999999339,False,extreme,2021-05-25 09:20:00,1.2248400000000002,target,12,2.0,0,0.0,2.0,2.4166666666668517,0.31666666666655563
EURUSD,NY,2021-05-26,Wednesday,1,1.2263,1.22329,0.003009999999999957,long,2021-05-26 07:10:00,1.22299,2021-05-26 07:20:00,2021-05-26 07:25:00,1.22333,1.22299,1.22401,0.00034000000000000696,False,extreme,2021-05-26 07:40:00,1.22299,stop,4,-1.0,0,0.0,-1.0,0.5294117647060744,1.0882352941175701
EURUSD,NY,2021-05-26,Wednesday,2,1.2263,1.22329,0.003009999999999957,long,2021-05-26 07:35:00,1.22288,2021-05-26 07:50:00,2021-05-26 07:55:00,1.22342,1.22288,1.2245,0.0005399999999999849,False,extreme,2021-05-26 07:55:00,1.22288,stop,1,-1.0,0,0.0,-1.0,0.03703703703728071,1.6296296296296602
EURUSD,NY,2021-05-26,Wednesday,3,1.2263,1.22329,0.003009999999999957,long,2021-05-26 07:55:00,1.22171,2021-05-26 10:15:00,2021-05-26 10:20:00,1.22359,1.22171,1.2273499999999997,0.0018799999999998818,False,extreme,2021-05-26 10:55:00,1.22171,stop,8,-1.0,0,0.0,-1.0,0.21808510638300385,1.0265957446809089
EURUSD,NY,2021-05-27,Thursday,1,1.22084,1.21869,0.0021499999999998742,short,2021-05-27 04:00:00,1.22136,2021-05-27 04:10:00,2021-05-27 04:15:00,1.22061,1.22136,1.21911,0.0007500000000000284,False,extreme,2021-05-27 04:25:00,1.22136,stop,3,-1.0,0,0.0,-1.0,0.11999999999989341,1.1866666666666983
EURUSD,NY,2021-05-27,Thursday,2,1.22084,1.21869,0.0021499999999998742,short,2021-05-27 04:15:00,1.2215,2021-05-27 04:35:00,2021-05-27 04:40:00,1.22034,1.2215,1.2180199999999999,0.0011600000000000499,False,extreme,2021-05-27 09:30:00,1.2180199999999999,target,59,2.0,0,0.0,2.0,2.0344827586205314,0.6379310344826992
EURUSD,NY,2021-05-27,Thursday,3,1.22084,1.21869,0.0021499999999998742,long,2021-05-27 09:15:00,1.21798,2021-05-27 09:35:00,2021-05-27 09:40:00,1.21869,1.21798,1.22011,0.0007099999999999884,False,extreme,2021-05-27 10:00:00,1.22011,target,5,2.0,0,0.0,2.0,2.154929577464868,0.6619718309858846
EURUSD,NY,2021-05-27,Thursday,4,1.22084,1.21869,0.0021499999999998742,long,2021-05-27 12:20:00,1.21857,2021-05-27 12:25:00,2021-05-27 12:30:00,1.21871,1.21857,1.21899,0.000140000000000029,False,extreme,2021-05-27 12:35:00,1.21899,target,2,2.0,0,0.0,2.0,2.285714285714512,0.14285714285646312
EURUSD,NY,2021-05-27,Thursday,5,1.22084,1.21869,0.0021499999999998742,long,2021-05-27 20:30:00,1.21849,2021-05-27 20:45:00,2021-05-27 20:50:00,1.21868,1.21849,1.2190599999999998,0.00018999999999991246,False,extreme,2021-05-27 20:50:00,1.21849,stop,1,-1.0,0,0.0,-1.0,0.05263157894773747,1.6315789473693436
EURUSD,NY,2021-05-27,Thursday,6,1.22084,1.21869,0.0021499999999998742,long,2021-05-27 20:50:00,1.21816,2021-05-27 23:40:00,2021-05-27 23:45:00,1.21867,1.21816,1.21969,0.0005100000000000104,False,extreme,2021-05-27 23:55:00,1.21872,end_of_day,3,0.0980392156864794,0,0.0,0.0980392156864794,0.3921568627450468,0.13725490196080992
EURUSD,NY,2021-05-28,Friday,1,1.21903,1.21716,0.0018700000000000383,short,2021-05-28 04:00:00,1.22006,2021-05-28 05:25:00,2021-05-28 05:30:00,1.21899,1.22006,1.2168500000000002,0.0010699999999999044,False,extreme,2021-05-28 07:30:00,1.2168500000000002,target,25,2.0,0,0.0,2.0,2.429906542056232,0.19626168224304882
EURUSD,NY,2021-05-28,Friday,2,1.21903,1.21716,0.0018700000000000383,long,2021-05-28 07:30:00,1.21327,2021-05-28 10:30:00,2021-05-28 10:35:00,1.21813,1.21632,1.2217499999999997,0.0018099999999998673,True,swing,2021-05-28 16:55:00,1.2193,friday_close,77,0.6464088397791167,0,0.0,0.6464088397791167,1.3093922651934569,0.25966850828729554
EURUSD,NY,2021-05-31,Monday,1,1.22022,1.21834,0.0018800000000001038,short,2021-05-31 09:50:00,1.22062,2021-05-31 10:15:00,2021-05-31 10:20:00,1.22017,1.22062,1.2192699999999999,0.00045000000000006146,False,extreme,2021-05-31 10:40:00,1.22062,stop,5,-1.0,0,0.0,-1.0,0.2222222222221674,1.6666666666665022
EURUSD,NY,2021-06-01,Tuesday,1,1.22415,1.22182,0.0023300000000001653,long,2021-06-01 04:30:00,1.22134,2021-06-01 04:35:00,2021-06-01 04:40:00,1.22197,1.22134,1.2232299999999998,0.0006299999999999084,False,extreme,2021-06-01 04:55:00,1.2232299999999998,target,4,2.0,0,0.0,2.0,2.0158730158734746,0.031746031745891884
EURUSD,NY,2021-06-01,Tuesday,2,1.22415,1.22182,0.0023300000000001653,short,2021-06-01 10:05:00,1.22544,2021-06-01 11:30:00,2021-06-01 11:35:00,1.22416,1.22544,1.2215999999999996,0.0012800000000001699,False,extreme,2021-06-01 16:20:00,1.2215999999999996,target,58,2.0,0,0.0,2.0,2.0312499999996803,0.5078124999999634
EURUSD,NY,2021-06-01,Tuesday,3,1.22415,1.22182,0.0023300000000001653,long,2021-06-01 16:20:00,1.22099,2021-06-01 20:05:00,2021-06-01 20:10:00,1.22199,1.22099,1.2239899999999997,0.0009999999999998899,False,extreme,2021-06-01 23:55:00,1.2223,end_of_day,46,0.3100000000000666,0,0.0,0.3100000000000666,0.6700000000002443,0.11999999999991118
EURUSD,NY,2021-06-02,Wednesday,1,1.2223,1.21966,0.0026399999999999757,long,2021-06-02 04:05:00,1.21642,2021-06-02 09:45:00,2021-06-02 09:50:00,1.21992,1.21642,1.2269199999999996,0.0034999999999998366,False,extreme,2021-06-02 23:55:00,1.22066,end_of_day,170,0.21142857142863414,0,0.0,0.21142857142863414,0.5485714285714953,0.07999999999995686
EURUSD,NY,2021-06-04,Friday,1,1.2118,1.21042,0.0013799999999999368,short,2021-06-04 08:20:00,1.21201,2021-06-04 08:25:00,2021-06-04 08:30:00,1.21154,1.21201,1.2106000000000001,0.00046999999999997044,False,extreme,2021-06-04 08:30:00,1.21201,stop,1,-1.0,0,0.0,-1.0,0.0,9.085106382979287
EURUSD,NY,2021-06-07,Monday,1,1.21706,1.21451,0.0025500000000000522,short,2021-06-07 09:20:00,1.21769,2021-06-07 09:35:00,2021-06-07 09:40:00,1.21691,1.21769,1.21535,0.0007800000000000029,False,extreme,2021-06-07 09:45:00,1.21769,stop,2,-1.0,0,0.0,-1.0,0.15384615384602246,1.1153846153848015
EURUSD,NY,2021-06-08,Tuesday,1,1.21854,1.21643,0.0021100000000000563,short,2021-06-08 08:35:00,1.21883,2021-06-08 08:40:00,2021-06-08 08:45:00,1.21808,1.21883,1.21658,0.0007500000000000284,False,extreme,2021-06-08 10:10:00,1.21883,stop,18,-1.0,0,0.0,-1.0,1.333333333333432,1.0266666666665443
EURUSD,NY,2021-06-08,Tuesday,2,1.21854,1.21643,0.0021100000000000563,short,2021-06-08 10:05:00,1.21885,2021-06-08 10:15:00,2021-06-08 10:20:00,1.21846,1.21885,1.2176800000000003,0.00038999999999989043,False,extreme,2021-06-08 10:40:00,1.21885,stop,5,-1.0,0,0.0,-1.0,1.1794871794878363,1.5384615384618012
EURUSD,NY,2021-06-08,Tuesday,3,1.21854,1.21643,0.0021100000000000563,short,2021-06-08 10:40:00,1.2193,2021-06-08 11:00:00,2021-06-08 11:05:00,1.21823,1.2193,1.2160899999999997,0.0010700000000001264,False,extreme,2021-06-08 23:55:00,1.21806,end_of_day,155,0.15887850467288167,0,0.0,0.15887850467288167,1.037383177569919,0.28971962616822045
EURUSD,NY,2021-06-09,Wednesday,1,1.21869,1.21756,0.0011300000000000754,short,2021-06-09 04:05:00,1.21928,2021-06-09 04:30:00,2021-06-09 04:35:00,1.21856,1.21928,1.2171200000000004,0.0007199999999998319,False,extreme,2021-06-09 06:10:00,1.21928,stop,20,-1.0,0,0.0,-1.0,0.23611111111117108,1.0694444444446072
EURUSD,NY,2021-06-09,Wednesday,2,1.21869,1.21756,0.0011300000000000754,short,2021-06-09 05:15:00,1.2218,2021-06-09 10:50:00,2021-06-09 10:55:00,1.21834,1.22166,1.2117,0.0033199999999999896,True,swing,2021-06-09 23:55:00,1.21696,end_of_day,157,0.41566265060239194,0,0.0,0.41566265060239194,0.5120481927710965,0.2198795180723258
EURUSD,NY,2021-06-14,Monday,1,1.21207,1.20943,0.0026399999999999757,short,2021-06-14 06:45:00,1.21248,2021-06-14 07:00:00,2021-06-14 07:05:00,1.21186,1.21248,1.2106199999999998,0.0006200000000000649,False,extreme,2021-06-14 09:00:00,1.21248,stop,24,-1.0,0,0.0,-1.0,1.0645161290319578,1.112903225806463
EURUSD,NY,2021-06-14,Monday,2,1.21207,1.20943,0.0026399999999999757,short,2021-06-14 09:00:00,1.21304,2021-06-14 09:50:00,2021-06-14 09:55:00,1.21194,1.21304,1.2097400000000003,0.0010999999999998789,False,extreme,2021-06-14 10:35:00,1.21304,stop,9,-1.0,0,0.0,-1.0,0.01818181818173744,1.0090909090909697
EURUSD,NY,2021-06-14,Monday,3,1.21207,1.20943,0.0026399999999999757,short,2021-06-14 10:10:00,1.21305,2021-06-14 13:05:00,2021-06-14 13:10:00,1.21204,1.21305,1.21002,0.0010099999999999554,False,extreme,2021-06-14 23:55:00,1.21232,end_of_day,130,-0.27722772277234686,0,0.0,-0.27722772277234686,0.6435643564357111,0.5544554455444739
EURUSD,NY,2021-06-15,Tuesday,1,1.21474,1.21231,0.002429999999999932,long,2021-06-15 05:00:00,1.21207,2021-06-15 05:15:00,2021-06-15 05:20:00,1.21248,1.21207,1.2133,0.00041000000000002146,False,extreme,2021-06-15 06:50:00,1.21207,stop,19,-1.0,0,0.0,-1.0,0.7804878048782469,2.0975609756098486
EURUSD,NY,2021-06-15,Tuesday,2,1.21474,1.21231,0.002429999999999932,long,2021-06-15 06:45:00,1.21014,2021-06-15 09:50:00,2021-06-15 09:55:00,1.21281,1.21014,1.2181499999999998,0.00266999999999995,False,extreme,2021-06-15 23:55:00,1.21227,end_of_day,169,-0.2022471910112341,0,0.0,-0.2022471910112341,0.116104868913872,0.426966292134809
EURUSD,NY,2021-06-16,Wednesday,1,1.21349,1.21186,0.0016300000000000203,long,2021-06-16 06:40:00,1.21152,2021-06-16 06:45:00,2021-06-16 06:50:00,1.21188,1.21152,1.2126000000000003,0.000360000000000138,False,extreme,2021-06-16 07:00:00,1.21152,stop,3,-1.0,0,0.0,-1.0,0.33333333333292214,1.2499999999996916
EURUSD,NY,2021-06-16,Wednesday,2,1.21349,1.21186,0.0016300000000000203,long,2021-06-16 06:50:00,1.21143,2021-06-16 07:20:00,2021-06-16 07:25:00,1.21193,1.21143,1.2129299999999998,0.0004999999999999449,False,extreme,2021-06-16 09:15:00,1.21143,stop,23,-1.0,0,0.0,-1.0,1.6600000000003996,1.4400000000002664
EURUSD,NY,2021-06-16,Wednesday,3,1.21349,1.21186,0.0016300000000000203,long,2021-06-16 09:10:00,1.21101,2021-06-16 09:50:00,2021-06-16 09:55:00,1.21196,1.21101,1.21386,0.0009500000000000064,False,extreme,2021-06-16 14:00:00,1.21101,stop,50,-1.0,0,0.0,-1.0,0.789473684210551,7.199999999999907
EURUSD,NY,2021-06-17,Thursday,1,1.20064,1.19427,0.006369999999999987,long,2021-06-17 04:50:00,1.19362,2021-06-17 04:55:00,2021-06-17 05:00:00,1.19474,1.19362,1.19698,0.0011200000000000099,False,extreme,2021-06-17 06:15:00,1.19362,stop,16,-1.0,0,0.0,-1.0,0.8571428571429138,1.0178571428570615
EURUSD,NY,2021-06-17,Thursday,2,1.20064,1.19427,0.006369999999999987,long,2021-06-17 06:10:00,1.19262,2021-06-17 08:05:00,2021-06-17 08:10:00,1.19427,1.19262,1.1975699999999998,0.0016499999999999293,False,extreme,2021-06-17 10:10:00,1.19262,stop,25,-1.0,0,0.0,-1.0,0.5090909090909017,1.2969696969697713
EURUSD,NY,2021-06-18,Friday,1,1.1922,1.18854,0.0036599999999999966,short,2021-06-18 04:25:00,1.19244,2021-06-18 04:30:00,2021-06-18 04:35:00,1.19201,1.19244,1.1911500000000002,0.00042999999999993044,False,extreme,2021-06-18 04:45:00,1.1911500000000002,target,3,2.0,0,0.0,2.0,2.232558139535412,0.18604651162812313
EURUSD,NY,2021-06-18,Friday,2,1.1922,1.18854,0.0036599999999999966,long,2021-06-18 08:20:00,1.18675,2021-06-18 08:30:00,2021-06-18 08:35:00,1.18891,1.18675,1.1932299999999998,0.0021599999999999397,False,extreme,2021-06-18 09:35:00,1.18675,stop,13,-1.0,0,0.0,-1.0,0.2453703703704427,1.2685185185185375
EURUSD,NY,2021-06-22,Tuesday,1,1.19123,1.18918,0.0020500000000001073,long,2021-06-22 05:35:00,1.1881,2021-06-22 06:30:00,2021-06-22 06:35:00,1.18922,1.1881,1.19146,0.0011200000000000099,False,extreme,2021-06-22 12:15:00,1.19146,target,69,2.0,0,0.0,2.0,2.160714285714346,0.9107142857142964
EURUSD,NY,2021-06-23,Wednesday,1,1.1939,1.19116,0.0027399999999999647,short,2021-06-23 04:00:00,1.19452,2021-06-23 04:05:00,2021-06-23 04:10:00,1.19382,1.19452,1.1924200000000003,0.0006999999999999229,False,extreme,2021-06-23 04:15:00,1.19452,stop,2,-1.0,0,0.0,-1.0,0.11428571428584117,1.0571428571429207
EURUSD,NY,2021-06-23,Wednesday,2,1.1939,1.19116,0.0027399999999999647,short,2021-06-23 04:10:00,1.19456,2021-06-23 04:40:00,2021-06-23 04:45:00,1.19362,1.19456,1.1917399999999996,0.0009400000000001629,False,extreme,2021-06-23 06:20:00,1.19456,stop,20,-1.0,0,0.0,-1.0,0.3829787234040995,1.1914893617019318
EURUSD,NY,2021-06-23,Wednesday,3,1.1939,1.19116,0.0027399999999999647,short,2021-06-23 06:15:00,1.197,2021-06-23 12:35:00,2021-06-23 12:40:00,1.19372,1.197,1.1871599999999995,0.0032800000000001717,False,extreme,2021-06-23 23:55:00,1.19215,end_of_day,136,0.47865853658529484,0,0.0,0.47865853658529484,0.5457317073170319,0.1280487804878247
EURUSD,NY,2021-06-24,Thursday,1,1.1943,1.19178,0.0025199999999998557,short,2021-06-24 05:50:00,1.19451,2021-06-24 06:00:00,2021-06-24 06:05:00,1.19424,1.19451,1.1937,0.00026999999999999247,False,extreme,2021-06-24 06:15:00,1.19451,stop,3,-1.0,0,0.0,-1.0,0.4074074074076206,1.0370370370372808
EURUSD,NY,2021-06-24,Thursday,2,1.1943,1.19178,0.0025199999999998557,short,2021-06-24 06:15:00,1.19492,2021-06-24 07:20:00,2021-06-24 07:25:00,1.19392,1.19492,1.1919200000000003,0.0009999999999998899,False,extreme,2021-06-24 08:30:00,1.19492,stop,14,-1.0,0,0.0,-1.0,0.7700000000002443,1.0199999999999112
EURUSD,NY,2021-06-24,Thursday,3,1.1943,1.19178,0.0025199999999998557,short,2021-06-24 08:30:00,1.19564,2021-06-24 09:25:00,2021-06-24 09:30:00,1.19415,1.19564,1.19117,0.0014899999999999913,False,extreme,2021-06-24 23:55:00,1.19401,end_of_day,174,0.09395973154364416,0,0.0,0.09395973154364416,1.4295302013422668,0.6711409395972454
EURUSD,NY,2021-06-25,Friday,1,1.19508,1.19349,0.0015899999999999803,short,2021-06-25 08:20:00,1.1954,2021-06-25 08:25:00,2021-06-25 08:30:00,1.19499,1.1954,1.19417,0.00041000000000002146,False,extreme,2021-06-25 08:30:00,1.1954,stop,1,-1.0,0,0.0,-1.0,0.09756097560984855,3.804878048780303
EURUSD,NY,2021-06-25,Friday,2,1.19508,1.19349,0.0015899999999999803,short,2021-06-25 08:30:00,1.19753,2021-06-25 10:55:00,2021-06-25 11:00:00,1.195,1.19753,1.1899400000000002,0.002529999999999921,False,extreme,2021-06-25 16:55:00,1.19362,friday_close,72,0.5454545454546252,0,0.0,0.5454545454546252,0.9328063241107563,0.08300395256918973
EURUSD,NY,2021-06-28,Monday,1,1.19446,1.19218,0.0022800000000000598,long,2021-06-28 07:30:00,1.19025,2021-06-28 09:05:00,2021-06-28 09:10:00,1.19225,1.19025,1.19625,0.0020000000000000018,False,extreme,2021-06-28 23:55:00,1.19113,end_of_day,178,-0.5600000000000045,0,0.0,-0.5600000000000045,0.8650000000000039,0.7350000000000405
EURUSD,NY,2021-06-29,Tuesday,1,1.19232,1.19058,0.0017400000000000748,long,2021-06-29 04:15:00,1.19042,2021-06-29 04:20:00,2021-06-29 04:25:00,1.19059,1.19042,1.19093,0.00017000000000000348,False,extreme,2021-06-29 04:25:00,1.19042,stop,1,-1.0,0,0.0,-1.0,0.6470588235297191,1.7058823529418679
EURUSD,NY,2021-06-29,Tuesday,2,1.19232,1.19058,0.0017400000000000748,long,2021-06-29 04:25:00,1.1903,2021-06-29 04:30:00,2021-06-29 04:35:00,1.19062,1.1903,1.1912600000000002,0.000320000000000098,False,extreme,2021-06-29 04:35:00,1.1903,stop,1,-1.0,0,0.0,-1.0,0.12500000000008674,1.3437499999993712
EURUSD,NY,2021-06-29,Tuesday,3,1.19232,1.19058,0.0017400000000000748,long,2021-06-29 04:35:00,1.18996,2021-06-29 05:20:00,2021-06-29 05:25:00,1.19064,1.18996,1.192,0.0006800000000000139,False,extreme,2021-06-29 06:45:00,1.18996,stop,17,-1.0,0,0.0,-1.0,1.0147058823530373,1.367647058823318
EURUSD,NY,2021-06-29,Tuesday,4,1.19232,1.19058,0.0017400000000000748,long,2021-06-29 06:20:00,1.18971,2021-06-29 06:55:00,2021-06-29 07:00:00,1.19062,1.18971,1.19244,0.0009099999999999664,False,extreme,2021-06-29 07:15:00,1.18971,stop,4,-1.0,0,0.0,-1.0,0.021978021977922767,1.087912087912179
EURUSD,NY,2021-06-29,Tuesday,5,1.19232,1.19058,0.0017400000000000748,long,2021-06-29 07:00:00,1.18777,2021-06-29 11:15:00,2021-06-29 11:20:00,1.19082,1.18777,1.19692,0.003049999999999997,False,extreme,2021-06-29 23:55:00,1.19025,end_of_day,152,-0.18688524590162622,0,0.0,-0.18688524590162622,0.11147540983606796,0.4950819672130825
EURUSD,NY,2021-06-30,Wednesday,1,1.19082,1.18931,0.0015099999999999003,long,2021-06-30 04:10:00,1.18861,2021-06-30 04:25:00,2021-06-30 04:30:00,1.18932,1.18861,1.19074,0.0007099999999999884,False,extreme,2021-06-30 04:50:00,1.18861,stop,5,-1.0,0,0.0,-1.0,0.5352112676057087,1.0
EURUSD,NY,2021-06-30,Wednesday,2,1.19082,1.18931,0.0015099999999999003,long,2021-06-30 04:35:00,1.1885,2021-06-30 05:20:00,2021-06-30 05:25:00,1.18946,1.1885,1.19138,0.0009600000000000719,False,extreme,2021-06-30 06:15:00,1.1885,stop,11,-1.0,0,0.0,-1.0,0.37500000000011563,1.1458333333331212
EURUSD,NY,2021-06-30,Wednesday,3,1.19082,1.18931,0.0015099999999999003,long,2021-06-30 05:45:00,1.18825,2021-06-30 07:55:00,2021-06-30 08:00:00,1.18936,1.18825,1.1915799999999999,0.0011099999999999444,False,extreme,2021-06-30 08:05:00,1.18825,stop,2,-1.0,0,0.0,-1.0,0.04504504504514236,1.1171171171170902
EURUSD,NY,2021-07-01,Thursday,1,1.18602,1.18375,0.0022699999999999942,short,2021-07-01 06:50:00,1.18843,2021-07-01 10:35:00,2021-07-01 10:40:00,1.18592,1.18843,1.1809,0.0025100000000000122,False,extreme,2021-07-01 23:55:00,1.18428,end_of_day,160,0.653386454183298,0,0.0,0.653386454183298,0.7450199203187368,0.4342629482070948
EURUSD,NY,2021-07-02,Friday,1,1.18478,1.18223,0.0025500000000000522,long,2021-07-02 06:00:00,1.18206,2021-07-02 06:05:00,2021-07-02 06:10:00,1.18246,1.18206,1.18326,0.00039999999999995595,False,extreme,2021-07-02 06:50:00,1.18326,target,9,2.0,0,0.0,2.0,2.050000000000333,0.25
EURUSD,NY,2021-07-02,Friday,2,1.18478,1.18223,0.0025500000000000522,long,2021-07-02 07:55:00,1.18175,2021-07-02 08:10:00,2021-07-02 08:15:00,1.18226,1.18175,1.18328,0.0005100000000000104,False,extreme,2021-07-02 08:30:00,1.18175,both_touched,4,-1.0,0,0.0,-1.0,5.235294117646854,2.9607843137256693
EURUSD,NY,2021-07-02,Friday,3,1.18478,1.18223,0.0025500000000000522,short,2021-07-02 08:30:00,1.1857,2021-07-02 08:35:00,2021-07-02 08:40:00,1.18451,1.1857,1.18213,0.0011900000000000244,False,extreme,2021-07-02 09:00:00,1.1857,stop,5,-1.0,0,0.0,-1.0,1.1680672268907344,1.1008403361345525
EURUSD,NY,2021-07-02,Friday,4,1.18478,1.18223,0.0025500000000000522,short,2021-07-02 09:00:00,1.18593,2021-07-02 09:25:00,2021-07-02 09:30:00,1.18386,1.18593,1.1797199999999999,0.0020700000000000163,False,extreme,2021-07-02 13:30:00,1.18593,stop,49,-1.0,0,0.0,-1.0,0.6135265700482475,1.077294685990415
EURUSD,NY,2021-07-05,Monday,1,1.18732,1.18514,0.0021799999999998487,short,2021-07-05 05:10:00,1.1875,2021-07-05 05:20:00,2021-07-05 05:25:00,1.18724,1.1875,1.1867200000000002,0.00025999999999992696,False,extreme,2021-07-05 05:25:00,1.1875,stop,1,-1.0,0,0.0,-1.0,0.2307692307699534,1.7692307692309006
EURUSD,NY,2021-07-05,Monday,2,1.18732,1.18514,0.0021799999999998487,short,2021-07-05 05:25:00,1.18804,2021-07-05 06:05:00,2021-07-05 06:10:00,1.18727,1.18804,1.1857300000000002,0.0007699999999999374,False,extreme,2021-07-05 07:05:00,1.18804,stop,12,-1.0,0,0.0,-1.0,0.4805194805194955,1.012987012987099
EURUSD,NY,2021-07-05,Monday,3,1.18732,1.18514,0.0021799999999998487,short,2021-07-05 06:30:00,1.18805,2021-07-05 07:25:00,2021-07-05 07:30:00,1.18727,1.18805,1.18571,0.0007800000000000029,False,extreme,2021-07-05 10:05:00,1.18571,target,32,2.0,0,0.0,2.0,2.051282051282102,0.1282051282051136
EURUSD,NY,2021-07-05,Monday,4,1.18732,1.18514,0.0021799999999998487,short,2021-07-05 23:10:00,1.18739,2021-07-05 23:15:00,2021-07-05 23:20:00,1.18725,1.18739,1.1869699999999999,0.000140000000000029,False,extreme,2021-07-05 23:25:00,1.18739,stop,2,-1.0,0,0.0,-1.0,0.5,1.5714285714290246
EURUSD,NY,2021-07-07,Wednesday,1,1.18345,1.18119,0.0022599999999999287,long,2021-07-07 09:05:00,1.17817,2021-07-07 14:00:00,2021-07-07 14:05:00,1.18154,1.17817,1.1882800000000002,0.003370000000000095,False,extreme,2021-07-07 23:55:00,1.17922,end_of_day,119,-0.6884272997032742,0,0.0,-0.6884272997032742,0.08605341246287634,0.9436201780415047
EURUSD,NY,2021-07-09,Friday,1,1.18429,1.1825,0.0017899999999999583,short,2021-07-09 04:00:00,1.18467,2021-07-09 04:05:00,2021-07-09 04:10:00,1.18424,1.18467,1.18338,0.00042999999999993044,False,extreme,2021-07-09 04:55:00,1.18338,target,10,2.0,0,0.0,2.0,2.488372093023436,0.558139534883853
EURUSD,NY,2021-07-09,Friday,2,1.18429,1.1825,0.0017899999999999583,short,2021-07-09 05:40:00,1.18448,2021-07-09 05:45:00,2021-07-09 05:50:00,1.18422,1.18448,1.1837000000000002,0.00025999999999992696,False,extreme,2021-07-09 05:50:00,1.18448,stop,1,-1.0,0,0.0,-1.0,0.0,3.153846153847205
EURUSD,NY,2021-07-12,Monday,1,1.18792,1.18562,0.0023000000000001908,long,2021-07-12 05:50:00,1.18362,2021-07-12 09:20:00,2021-07-12 09:25:00,1.18636,1.18362,1.1918400000000005,0.0027400000000001867,False,extreme,2021-07-12 23:55:00,1.18698,end_of_day,175,0.22627737226270098,0,0.0,0.22627737226270098,0.42700729927000497,0.456204379562003
EURUSD,NY,2021-07-13,Tuesday,1,1.18707,1.18469,0.0023800000000000487,long,2021-07-13 04:00:00,1.18412,2021-07-13 04:15:00,2021-07-13 04:20:00,1.18469,1.18412,1.18583,0.0005699999999999594,False,extreme,2021-07-13 05:35:00,1.18412,stop,16,-1.0,0,0.0,-1.0,0.8070175438595397,1.2631578947370266
EURUSD,NY,2021-07-13,Tuesday,2,1.18707,1.18469,0.0023800000000000487,long,2021-07-13 05:00:00,1.18358,2021-07-13 06:50:00,2021-07-13 06:55:00,1.18473,1.18358,1.18703,0.0011499999999999844,False,extreme,2021-07-13 07:35:00,1.18358,stop,9,-1.0,0,0.0,-1.0,0.060869565217404734,1.00869565217397
EURUSD,NY,2021-07-13,Tuesday,3,1.18707,1.18469,0.0023800000000000487,long,2021-07-13 06:55:00,1.18334,2021-07-13 08:15:00,2021-07-13 08:20:00,1.18476,1.18334,1.1876,0.0014199999999999768,False,extreme,2021-07-13 08:30:00,1.18334,stop,3,-1.0,0,0.0,-1.0,0.23943661971831867,2.929577464788739
EURUSD,NY,2021-07-14,Wednesday,1,1.17972,1.17811,0.0016100000000001113,long,2021-07-14 05:05:00,1.17762,2021-07-14 05:10:00,2021-07-14 05:15:00,1.17837,1.17762,1.17987,0.0007500000000000284,False,extreme,2021-07-14 06:45:00,1.17987,target,19,2.0,0,0.0,2.0,2.1466666666667336,0.333333333333136
EURUSD,NY,2021-07-15,Thursday,1,1.18466,1.18258,0.002080000000000082,short,2021-07-15 04:35:00,1.18508,2021-07-15 04:45:00,2021-07-15 04:50:00,1.18466,1.18508,1.1838200000000003,0.0004199999999998649,False,extreme,2021-07-15 06:00:00,1.1838200000000003,target,15,2.0,0,0.0,2.0,2.285714285715192,0.9047619047623076
EURUSD,NY,2021-07-16,Friday,1,1.1815,1.17972,0.0017799999999998928,short,2021-07-16 04:50:00,1.18196,2021-07-16 05:00:00,2021-07-16 05:05:00,1.18147,1.18196,1.1804900000000003,0.0004899999999998794,False,extreme,2021-07-16 05:15:00,1.18196,stop,3,-1.0,0,0.0,-1.0,0.22448979591853382,1.1632653061226523
EURUSD,NY,2021-07-16,Friday,2,1.1815,1.17972,0.0017799999999998928,short,2021-07-16 05:05:00,1.18224,2021-07-16 06:10:00,2021-07-16 06:15:00,1.1814,1.18224,1.17972,0.0008399999999999519,False,extreme,2021-07-16 07:45:00,1.17972,target,19,2.0,0,0.0,2.0,2.166666666666711,0.15476190476187016
EURUSD,NY,2021-07-16,Friday,3,1.1815,1.17972,0.0017799999999998928,long,2021-07-16 07:45:00,1.17923,2021-07-16 08:00:00,2021-07-16 08:05:00,1.17984,1.17923,1.18106,0.0006099999999999994,False,extreme,2021-07-16 09:15:00,1.18106,target,15,2.0,0,0.0,2.0,2.327868852458981,0.6721311475410194
EURUSD,NY,2021-07-16,Friday,4,1.1815,1.17972,0.0017799999999998928,short,2021-07-16 13:15:00,1.18168,2021-07-16 13:25:00,2021-07-16 13:30:00,1.18134,1.18168,1.18066,0.00034000000000000696,False,extreme,2021-07-16 13:30:00,1.18168,stop,1,-1.0,0,0.0,-1.0,0.05882352941214886,1.1176470588236447
EURUSD,NY,2021-07-16,Friday,5,1.1815,1.17972,0.0017799999999998928,short,2021-07-16 13:30:00,1.18187,2021-07-16 13:40:00,2021-07-16 13:45:00,1.18143,1.18187,1.18055,0.00043999999999999595,False,extreme,2021-07-16 15:10:00,1.18055,target,18,2.0,0,0.0,2.0,2.0909090909091828,0.29545454545446515
EURUSD,NY,2021-07-19,Monday,1,1.18087,1.17783,0.0030400000000001537,long,2021-07-19 04:15:00,1.17774,2021-07-19 04:20:00,2021-07-19 04:25:00,1.17825,1.17774,1.17927,0.0005100000000000104,False,extreme,2021-07-19 04:35:00,1.17774,stop,3,-1.0,0,0.0,-1.0,0.2549019607842369,2.0980392156864793
EURUSD,NY,2021-07-19,Monday,2,1.18087,1.17783,0.0030400000000001537,long,2021-07-19 04:35:00,1.17654,2021-07-19 05:40:00,2021-07-19 05:45:00,1.17796,1.17654,1.1807999999999998,0.0014199999999999768,False,extreme,2021-07-19 08:15:00,1.17654,stop,31,-1.0,0,0.0,-1.0,0.23943661971831867,1.1056338028168133
EURUSD,NY,2021-07-19,Monday,3,1.18087,1.17783,0.0030400000000001537,long,2021-07-19 07:20:00,1.17639,2021-07-19 08:45:00,2021-07-19 08:50:00,1.17819,1.17639,1.1817900000000001,0.0018000000000000238,False,extreme,2021-07-19 09:30:00,1.1817900000000001,target,9,2.0,0,0.0,2.0,2.0777777777776696,0.05000000000008018
EURUSD,NY,2021-07-19,Monday,4,1.18087,1.17783,0.0030400000000001537,short,2021-07-19 09:25:00,1.18245,2021-07-19 10:50:00,2021-07-19 10:55:00,1.18064,1.18245,1.1770199999999997,0.0018100000000000893,False,extreme,2021-07-19 23:55:00,1.17934,end_of_day,157,0.7182320441987805,0,0.0,0.7182320441987805,0.9060773480661783,0.1988950276243758
EURUSD,NY,2021-07-20,Tuesday,1,1.17934,1.17722,0.002120000000000122,short,2021-07-20 04:25:00,1.1795,2021-07-20 04:30:00,2021-07-20 04:35:00,1.17919,1.1795,1.17857,0.00031000000000003247,False,extreme,2021-07-20 04:55:00,1.17857,target,5,2.0,0,0.0,2.0,2.322580645161221,0.4516129032258527
EURUSD,NY,2021-07-20,Tuesday,2,1.17934,1.17722,0.002120000000000122,short,2021-07-20 05:10:00,1.18025,2021-07-20 06:25:00,2021-07-20 06:30:00,1.17888,1.18025,1.1761399999999997,0.0013700000000000934,False,extreme,2021-07-20 09:15:00,1.1761399999999997,target,34,2.0,0,0.0,2.0,2.153284671532706,0.299270072992696
EURUSD,NY,2021-07-20,Tuesday,3,1.17934,1.17722,0.002120000000000122,long,2021-07-20 09:10:00,1.17557,2021-07-20 09:45:00,2021-07-20 09:50:00,1.17744,1.17557,1.1811800000000001,0.0018700000000000383,False,extreme,2021-07-20 23:55:00,1.17749,end_of_day,170,0.02673796791437564,0,0.0,0.02673796791437564,0.6310160427807138,0.9893048128342735
EURUSD,NY,2021-07-21,Wednesday,1,1.17761,1.1752,0.0024100000000000232,short,2021-07-21 04:45:00,1.17822,2021-07-21 05:00:00,2021-07-21 05:05:00,1.17756,1.17822,1.1762399999999997,0.000660000000000105,False,extreme,2021-07-21 08:40:00,1.1762399999999997,target,44,2.0,0,0.0,2.0,2.060606060605775,0.6969696969697785
EURUSD,NY,2021-07-22,Thursday,1,1.1802,1.17906,0.0011399999999999189,long,2021-07-22 04:05:00,1.17792,2021-07-22 04:40:00,2021-07-22 04:45:00,1.17969,1.17792,1.1832299999999996,0.0017699999999998273,False,extreme,2021-07-22 08:00:00,1.17792,stop,40,-1.0,0,0.0,-1.0,0.9378531073447214,1.2485875706214908
EURUSD,NY,2021-07-22,Thursday,2,1.1802,1.17906,0.0011399999999999189,long,2021-07-22 08:00:00,1.17708,2021-07-22 08:40:00,2021-07-22 08:45:00,1.17925,1.17708,1.18359,0.0021700000000000053,False,extreme,2021-07-22 11:35:00,1.17708,stop,35,-1.0,0,0.0,-1.0,1.746543778801923,1.322580645161254
EURUSD,NY,2021-07-23,Friday,1,1.17792,1.17628,0.0016400000000000858,short,2021-07-23 04:05:00,1.17866,2021-07-23 04:45:00,2021-07-23 04:50:00,1.17785,1.17866,1.17623,0.0008099999999999774,False,extreme,2021-07-23 05:25:00,1.17623,target,8,2.0,0,0.0,2.0,2.012345679012427,0.0
EURUSD,NY,2021-07-23,Friday,2,1.17792,1.17628,0.0016400000000000858,long,2021-07-23 05:25:00,1.17622,2021-07-23 05:30:00,2021-07-23 05:35:00,1.17658,1.17622,1.1772999999999998,0.00035999999999991594,False,extreme,2021-07-23 06:15:00,1.17622,stop,9,-1.0,0,0.0,-1.0,1.1944444444445301,1.0
EURUSD,NY,2021-07-23,Friday,3,1.17792,1.17628,0.0016400000000000858,long,2021-07-23 07:25:00,1.17545,2021-07-23 07:50:00,2021-07-23 07:55:00,1.17648,1.17545,1.1785399999999997,0.0010299999999998644,False,extreme,2021-07-23 16:55:00,1.17722,friday_close,109,0.7184466019418062,0,0.0,0.7184466019418062,1.5631067961168188,0.9514563106797184
EURUSD,NY,2021-07-26,Monday,1,1.18003,1.1771,0.002929999999999877,long,2021-07-26 04:10:00,1.17673,2021-07-26 04:15:00,2021-07-26 04:20:00,1.17746,1.17673,1.1789199999999997,0.0007299999999998974,False,extreme,2021-07-26 05:05:00,1.1789199999999997,target,10,2.0,0,0.0,2.0,2.1369863013701713,0.520547945205617
EURUSD,NY,2021-07-26,Monday,2,1.18003,1.1771,0.002929999999999877,short,2021-07-26 09:35:00,1.18174,2021-07-26 14:55:00,2021-07-26 15:00:00,1.18,1.18174,1.1765199999999998,0.0017400000000000748,False,extreme,2021-07-26 23:55:00,1.18054,end_of_day,108,-0.31034482758618487,0,0.0,-0.31034482758618487,0.045977011494169266,0.7011494252873255
EURUSD,NY,2021-07-27,Tuesday,1,1.18065,1.17752,0.003130000000000077,long,2021-07-27 04:10:00,1.17702,2021-07-27 04:30:00,2021-07-27 04:35:00,1.17753,1.17702,1.17855,0.0005100000000000104,False,extreme,2021-07-27 05:30:00,1.17855,target,12,2.0,0,0.0,2.0,2.0,0.41176470588242975
EURUSD,NY,2021-07-27,Tuesday,2,1.18065,1.17752,0.003130000000000077,short,2021-07-27 08:10:00,1.18264,2021-07-27 09:40:00,2021-07-27 09:45:00,1.18046,1.18264,1.1761000000000004,0.0021799999999998487,False,extreme,2021-07-27 10:55:00,1.18264,stop,15,-1.0,0,0.0,-1.0,0.17889908256887135,1.059633027523025
EURUSD,NY,2021-07-28,Wednesday,1,1.18232,1.18034,0.001980000000000093,long,2021-07-28 04:30:00,1.18022,2021-07-28 04:35:00,2021-07-28 04:40:00,1.1807,1.18022,1.1816600000000002,0.00048000000000003595,False,extreme,2021-07-28 04:50:00,1.1816600000000002,target,3,2.0,0,0.0,2.0,3.2499999999997686,0.0
EURUSD,NY,2021-07-28,Wednesday,2,1.18232,1.18034,0.001980000000000093,short,2021-07-28 04:55:00,1.18301,2021-07-28 05:05:00,2021-07-28 05:10:00,1.18214,1.18301,1.1804000000000001,0.0008699999999999264,False,extreme,2021-07-28 06:40:00,1.1804000000000001,target,19,2.0,0,0.0,2.0,2.0114942528736397,0.39080459770119047
EURUSD,NY,2021-07-28,Wednesday,3,1.18232,1.18034,0.001980000000000093,long,2021-07-28 06:50:00,1.18015,2021-07-28 06:55:00,2021-07-28 07:00:00,1.18043,1.18015,1.1809900000000002,0.000280000000000058,False,extreme,2021-07-28 07:25:00,1.18015,stop,6,-1.0,0,0.0,-1.0,1.4285714285709754,1.7142857142854877
EURUSD,NY,2021-07-28,Wednesday,4,1.18232,1.18034,0.001980000000000093,long,2021-07-28 07:20:00,1.17995,2021-07-28 07:30:00,2021-07-28 07:35:00,1.18097,1.17995,1.1830100000000001,0.0010200000000000209,False,extreme,2021-07-28 08:25:00,1.17995,stop,11,-1.0,0,0.0,-1.0,0.2549019607842369,1.0294117647058567
EURUSD,NY,2021-07-28,Wednesday,5,1.18232,1.18034,0.001980000000000093,long,2021-07-28 08:20:00,1.17835,2021-07-28 10:50:00,2021-07-28 10:55:00,1.18041,1.17835,1.1845299999999999,0.0020599999999999508,False,extreme,2021-07-28 14:00:00,1.17835,stop,38,-1.0,0,0.0,-1.0,0.6796116504854861,1.5388349514562965
EURUSD,NY,2021-07-28,Wednesday,6,1.18232,1.18034,0.001980000000000093,long,2021-07-28 14:00:00,1.17724,2021-07-28 14:15:00,2021-07-28 14:20:00,1.18058,1.17724,1.1872599999999998,0.0033399999999998986,False,extreme,2021-07-28 23:55:00,1.18544,end_of_day,116,1.4550898203593514,0,0.0,1.4550898203593514,1.5628742514970542,0.2544910179640848
EURUSD,NY,2021-07-30,Friday,1,1.18956,1.18752,0.0020400000000000418,short,2021-07-30 04:05:00,1.19086,2021-07-30 06:00:00,2021-07-30 06:05:00,1.1893,1.19086,1.18618,0.0015600000000000058,False,extreme,2021-07-30 10:30:00,1.18618,target,54,2.0,0,0.0,2.0,2.0384615384615055,0.7564102564102272
EURUSD,NY,2021-08-02,Monday,1,1.18875,1.18643,0.0023199999999998777,short,2021-08-02 05:50:00,1.1897,2021-08-02 06:25:00,2021-08-02 06:30:00,1.18869,1.1897,1.1866700000000001,0.0010099999999999554,False,extreme,2021-08-02 13:00:00,1.1866700000000001,target,79,2.0,0,0.0,2.0,2.089108910891237,0.5940594059405548
EURUSD,NY,2021-08-03,Tuesday,1,1.1884,1.18712,0.0012799999999999478,short,2021-08-03 04:35:00,1.18854,2021-08-03 04:40:00,2021-08-03 04:45:00,1.18833,1.18854,1.1879100000000005,0.00020999999999982144,False,extreme,2021-08-03 05:30:00,1.1879100000000005,target,10,2.0,0,0.0,2.0,2.095238095240915,0.7619047619051144
EURUSD,NY,2021-08-03,Tuesday,2,1.1884,1.18712,0.0012799999999999478,short,2021-08-03 05:50:00,1.18868,2021-08-03 06:00:00,2021-08-03 06:05:00,1.18826,1.18868,1.1874200000000004,0.0004199999999998649,False,extreme,2021-08-03 06:15:00,1.18868,stop,3,-1.0,0,0.0,-1.0,0.23809523809528846,1.2857142857146633
EURUSD,NY,2021-08-03,Tuesday,3,1.1884,1.18712,0.0012799999999999478,short,2021-08-03 06:10:00,1.18933,2021-08-03 08:20:00,2021-08-03 08:25:00,1.1883,1.18933,1.1862399999999997,0.0010300000000000864,False,extreme,2021-08-03 09:45:00,1.1862399999999997,target,17,2.0,0,0.0,2.0,2.058252427184196,0.4466019417476586
EURUSD,NY,2021-08-03,Tuesday,4,1.1884,1.18712,0.0012799999999999478,long,2021-08-03 09:35:00,1.18616,2021-08-03 10:10:00,2021-08-03 10:15:00,1.18745,1.18616,1.1900299999999995,0.0012899999999997913,False,extreme,2021-08-03 10:30:00,1.18616,stop,4,-1.0,0,0.0,-1.0,0.0,1.0155038759690964
EURUSD,NY,2021-08-03,Tuesday,5,1.1884,1.18712,0.0012799999999999478,long,2021-08-03 10:20:00,1.18536,2021-08-03 22:50:00,2021-08-03 22:55:00,1.18713,1.18536,1.1906700000000001,0.0017700000000000493,False,extreme,2021-08-03 23:55:00,1.18735,end_of_day,13,0.12429378531066713,0,0.0,0.12429378531066713,0.24293785310729857,0.0
EURUSD,NY,2021-08-04,Wednesday,1,1.188,1.18689,0.0011099999999999444,long,2021-08-04 04:05:00,1.1842,2021-08-04 08:15:00,2021-08-04 08:20:00,1.18699,1.18557,1.18983,0.0014199999999999768,True,swing,2021-08-04 09:30:00,1.18983,target,15,2.0,0,0.0,2.0,2.0915492957746236,0.20422535211260998
EURUSD,NY,2021-08-05,Thursday,1,1.18498,1.18303,0.0019499999999998963,long,2021-08-05 05:50:00,1.18282,2021-08-05 05:55:00,2021-08-05 06:00:00,1.18323,1.18282,1.18405,0.00041000000000002146,False,extreme,2021-08-05 06:10:00,1.18405,target,3,2.0,0,0.0,2.0,2.146341463414502,0.0
EURUSD,NY,2021-08-05,Thursday,2,1.18498,1.18303,0.0019499999999998963,short,2021-08-05 07:20:00,1.18551,2021-08-05 07:50:00,2021-08-05 07:55:00,1.18493,1.18551,1.18377,0.0005800000000000249,False,extreme,2021-08-05 07:55:00,1.18551,stop,1,-1.0,0,0.0,-1.0,0.01724137931045704,1.3103448275859297
EURUSD,NY,2021-08-05,Thursday,3,1.18498,1.18303,0.0019499999999998963,short,2021-08-05 07:55:00,1.18574,2021-08-05 08:10:00,2021-08-05 08:15:00,1.18494,1.18574,1.1833400000000003,0.0007999999999999119,False,extreme,2021-08-05 09:50:00,1.1833400000000003,target,20,2.0,0,0.0,2.0,2.1625000000002497,0.06249999999986122
EURUSD,NY,2021-08-05,Thursday,4,1.18498,1.18303,0.0019499999999998963,short,2021-08-05 10:10:00,1.18513,2021-08-05 10:15:00,2021-08-05 10:20:00,1.18487,1.18513,1.1843500000000002,0.00025999999999992696,False,extreme,2021-08-05 10:30:00,1.1843500000000002,target,3,2.0,0,0.0,2.0,2.4230769230781055,0.5
EURUSD,NY,2021-08-05,Thursday,5,1.18498,1.18303,0.0019499999999998963,long,2021-08-05 20:15:00,1.18295,2021-08-05 20:20:00,2021-08-05 20:25:00,1.18304,1.18295,1.1832200000000004,9.000000000014552e-05,False,extreme,2021-08-05 20:25:00,1.18295,stop,1,-1.0,0,0.0,-1.0,0.11111111110919221,3.111111111106725
EURUSD,NY,2021-08-09,Monday,1,1.17668,1.17548,0.0011999999999998678,long,2021-08-09 04:10:00,1.17501,2021-08-09 04:20:00,2021-08-09 04:25:00,1.1758,1.17501,1.1773799999999996,0.0007899999999998464,False,extreme,2021-08-09 10:15:00,1.17501,stop,71,-1.0,0,0.0,-1.0,1.3924050632915377,1.2278481012659543
EURUSD,NY,2021-08-10,Tuesday,1,1.17429,1.1726,0.0016899999999999693,long,2021-08-10 05:25:00,1.17223,2021-08-10 05:30:00,2021-08-10 05:35:00,1.17267,1.17223,1.17355,0.00043999999999999595,False,extreme,2021-08-10 06:00:00,1.17223,stop,6,-1.0,0,0.0,-1.0,0.29545454545446515,1.2500000000001261
EURUSD,NY,2021-08-10,Tuesday,2,1.17429,1.1726,0.0016899999999999693,long,2021-08-10 05:40:00,1.17162,2021-08-10 06:50:00,2021-08-10 06:55:00,1.1726,1.17162,1.17456,0.0009799999999999809,False,extreme,2021-08-10 08:55:00,1.17162,stop,25,-1.0,0,0.0,-1.0,0.22448979591825638,1.0
EURUSD,NY,2021-08-12,Thursday,1,1.17459,1.17328,0.0013099999999999223,short,2021-08-12 04:45:00,1.17482,2021-08-12 05:00:00,2021-08-12 05:05:00,1.17451,1.17482,1.1738899999999999,0.00031000000000003247,False,extreme,2021-08-12 06:15:00,1.1738899999999999,target,15,2.0,0,0.0,2.0,2.322580645161221,0.5806451612904843
EURUSD,NY,2021-08-12,Thursday,2,1.17459,1.17328,0.0013099999999999223,long,2021-08-12 08:40:00,1.17273,2021-08-12 08:45:00,2021-08-12 08:50:00,1.17343,1.17273,1.1748299999999998,0.0006999999999999229,False,extreme,2021-08-12 09:35:00,1.17273,stop,10,-1.0,0,0.0,-1.0,1.0,1.185714285714254
EURUSD,NY,2021-08-12,Thursday,3,1.17459,1.17328,0.0013099999999999223,long,2021-08-12 09:30:00,1.17238,2021-08-12 10:05:00,2021-08-12 10:10:00,1.17317,1.17238,1.1747500000000002,0.0007900000000000684,False,extreme,2021-08-12 23:55:00,1.17397,end_of_day,166,1.012658227847902,0,0.0,1.012658227847902,1.3797468354429632,0.987341772151817
EURUSD,NY,2021-08-13,Friday,1,1.17412,1.17303,0.0010900000000000354,short,2021-08-13 04:45:00,1.17428,2021-08-13 04:50:00,2021-08-13 04:55:00,1.17404,1.17428,1.17356,0.00024000000000001798,False,extreme,2021-08-13 05:20:00,1.17428,stop,6,-1.0,0,0.0,-1.0,0.0,1.3749999999996532
EURUSD,NY,2021-08-16,Monday,1,1.17942,1.17787,0.0015499999999999403,long,2021-08-16 07:10:00,1.17675,2021-08-16 09:00:00,2021-08-16 09:05:00,1.17807,1.17675,1.18071,0.0013199999999999878,False,extreme,2021-08-16 23:25:00,1.17675,stop,173,-1.0,0,0.0,-1.0,0.7500000000000421,1.0530303030303145
EURUSD,NY,2021-08-17,Tuesday,1,1.17747,1.17604,0.0014300000000000423,short,2021-08-17 04:05:00,1.17844,2021-08-17 05:00:00,2021-08-17 05:05:00,1.17728,1.17844,1.1749600000000004,0.0011599999999998278,False,extreme,2021-08-17 08:30:00,1.1749600000000004,target,42,2.0,0,0.0,2.0,2.0172413793106516,0.36206896551717865
EURUSD,NY,2021-08-18,Wednesday,1,1.17295,1.17129,0.0016599999999999948,long,2021-08-18 06:55:00,1.17082,2021-08-18 07:00:00,2021-08-18 07:05:00,1.17135,1.17082,1.1724099999999997,0.0005299999999999194,False,extreme,2021-08-18 07:20:00,1.17082,stop,4,-1.0,0,0.0,-1.0,0.0,1.3773584905660536
EURUSD,NY,2021-08-18,Wednesday,2,1.17295,1.17129,0.0016599999999999948,long,2021-08-18 07:05:00,1.17062,2021-08-18 07:45:00,2021-08-18 07:50:00,1.17137,1.17062,1.17287,0.0007500000000000284,False,extreme,2021-08-18 11:15:00,1.17062,stop,42,-1.0,0,0.0,-1.0,1.666666666666568,1.3733333333333966
EURUSD,NY,2021-08-18,Wednesday,3,1.17295,1.17129,0.0016599999999999948,short,2021-08-18 14:00:00,1.17426,2021-08-18 14:05:00,2021-08-18 14:10:00,1.17232,1.17426,1.16844,0.0019400000000000528,False,extreme,2021-08-18 20:25:00,1.16844,target,76,2.0,0,0.0,2.0,2.0103092783504684,0.13402061855665973
EURUSD,NY,2021-08-19,Thursday,1,1.16843,1.16689,0.0015400000000000968,short,2021-08-19 04:20:00,1.16973,2021-08-19 05:00:00,2021-08-19 05:05:00,1.16811,1.16973,1.16487,0.0016199999999999548,False,extreme,2021-08-19 05:55:00,1.16973,stop,11,-1.0,0,0.0,-1.0,0.03703703703700658,1.0370370370371436
EURUSD,NY,2021-08-19,Thursday,2,1.16843,1.16689,0.0015400000000000968,short,2021-08-19 05:05:00,1.17043,2021-08-19 10:55:00,2021-08-19 11:00:00,1.16825,1.17043,1.1638899999999999,0.0021800000000000708,False,extreme,2021-08-19 23:55:00,1.16855,end_of_day,156,-0.13761467889906295,0,0.0,-0.13761467889906295,0.454128440366979,0.6834862385320839
EURUSD,NY,2021-08-20,Friday,1,1.16893,1.16777,0.0011600000000000499,long,2021-08-20 04:25:00,1.16707,2021-08-20 06:25:00,2021-08-20 06:30:00,1.16804,1.16707,1.1699799999999998,0.0009699999999999154,False,extreme,2021-08-20 07:40:00,1.16707,stop,15,-1.0,0,0.0,-1.0,0.31958762886604075,1.113402061855736
EURUSD,NY,2021-08-20,Friday,2,1.16893,1.16777,0.0011600000000000499,long,2021-08-20 07:00:00,1.1664,2021-08-20 09:05:00,2021-08-20 09:10:00,1.1678,1.1664,1.1705999999999996,0.0013999999999998458,False,extreme,2021-08-20 16:55:00,1.16999,friday_close,94,1.5642857142859838,0,0.0,1.5642857142859838,1.9000000000002855,0.4714285714285397
EURUSD,NY,2021-08-23,Monday,1,1.17262,1.17062,0.0020000000000000018,short,2021-08-23 04:15:00,1.17278,2021-08-23 04:20:00,2021-08-23 04:25:00,1.17244,1.17278,1.17176,0.00034000000000000696,False,extreme,2021-08-23 04:30:00,1.17278,stop,2,-1.0,0,0.0,-1.0,0.44117647058785114,1.2352941176472894
EURUSD,NY,2021-08-23,Monday,2,1.17262,1.17062,0.0020000000000000018,short,2021-08-23 04:30:00,1.17326,2021-08-23 05:25:00,2021-08-23 05:30:00,1.17242,1.17326,1.1707400000000001,0.0008399999999999519,False,extreme,2021-08-23 08:30:00,1.17326,stop,37,-1.0,0,0.0,-1.0,1.0714285714287792,1.0119047619048405
EURUSD,NY,2021-08-23,Monday,3,1.17262,1.17062,0.0020000000000000018,short,2021-08-23 08:30:00,1.17435,2021-08-23 10:00:00,2021-08-23 10:05:00,1.17256,1.17435,1.1689800000000001,0.0017899999999999583,False,extreme,2021-08-23 13:55:00,1.17435,stop,47,-1.0,0,0.0,-1.0,0.08938547486030263,1.0279329608939143
EURUSD,NY,2021-08-24,Tuesday,1,1.17469,1.17331,0.0013799999999999368,long,2021-08-24 04:25:00,1.173,2021-08-24 04:45:00,2021-08-24 04:50:00,1.17358,1.173,1.1747400000000001,0.0005800000000000249,False,extreme,2021-08-24 04:50:00,1.173,stop,1,-1.0,0,0.0,-1.0,0.0,1.4137931034482891
EURUSD,NY,2021-08-24,Tuesday,2,1.17469,1.17331,0.0013799999999999368,long,2021-08-24 04:50:00,1.17272,2021-08-24 05:20:00,2021-08-24 05:25:00,1.17344,1.17272,1.1748800000000001,0.0007200000000000539,False,extreme,2021-08-24 08:40:00,1.1748800000000001,target,40,2.0,0,0.0,2.0,2.2499999999997686,0.5694444444444315
EURUSD,NY,2021-08-24,Tuesday,3,1.17469,1.17331,0.0013799999999999368,short,2021-08-24 08:40:00,1.1755,2021-08-24 09:30:00,2021-08-24 09:35:00,1.17358,1.1755,1.1697400000000002,0.0019199999999999218,False,extreme,2021-08-24 10:00:00,1.1755,stop,6,-1.0,0,0.0,-1.0,0.03125000000009035,1.1145833333333948
EURUSD,NY,2021-08-24,Tuesday,4,1.17469,1.17331,0.0013799999999999368,short,2021-08-24 09:55:00,1.17572,2021-08-24 10:10:00,2021-08-24 10:15:00,1.17445,1.17572,1.1719099999999998,0.0012700000000001044,False,extreme,2021-08-24 10:35:00,1.17572,stop,5,-1.0,0,0.0,-1.0,0.0,1.3700787401574266
EURUSD,NY,2021-08-24,Tuesday,5,1.17469,1.17331,0.0013799999999999368,short,2021-08-24 10:15:00,1.17651,2021-08-24 11:40:00,2021-08-24 11:45:00,1.17466,1.17651,1.1709600000000002,0.0018499999999999073,False,extreme,2021-08-24 23:55:00,1.17381,end_of_day,147,0.4594594594594919,0,0.0,0.4594594594594919,0.7189189189189839,0.6756756756756951
EURUSD,NY,2021-08-25,Wednesday,1,1.17452,1.17324,0.0012799999999999478,short,2021-08-25 04:10:00,1.17596,2021-08-25 06:40:00,2021-08-25 06:45:00,1.17436,1.17596,1.1711600000000004,0.0015999999999998238,False,extreme,2021-08-25 11:50:00,1.17596,stop,62,-1.0,0,0.0,-1.0,1.0937500000002083,1.0125000000000832
EURUSD,NY,2021-08-26,Thursday,1,1.17747,1.17565,0.0018199999999999328,short,2021-08-26 06:10:00,1.17785,2021-08-26 06:20:00,2021-08-26 06:25:00,1.17728,1.17785,1.1761400000000002,0.0005699999999999594,False,extreme,2021-08-26 07:20:00,1.17785,stop,12,-1.0,0,0.0,-1.0,0.1578947368423718,1.0877192982454158
EURUSD,NY,2021-08-26,Thursday,2,1.17747,1.17565,0.0018199999999999328,short,2021-08-26 07:15:00,1.1779,2021-08-26 07:30:00,2021-08-26 07:35:00,1.17713,1.1779,1.1755900000000001,0.0007699999999999374,False,extreme,2021-08-26 08:40:00,1.1755900000000001,target,14,2.0,0,0.0,2.0,2.0129870129870993,0.7012987012987387
EURUSD,NY,2021-08-26,Thursday,3,1.17747,1.17565,0.0018199999999999328,long,2021-08-26 08:50:00,1.17484,2021-08-26 10:05:00,2021-08-26 10:10:00,1.17578,1.17484,1.17766,0.0009399999999999409,False,extreme,2021-08-26 10:45:00,1.17484,stop,8,-1.0,0,0.0,-1.0,1.0319148936169962,1.2553191489362054
EURUSD,NY,2021-08-26,Thursday,4,1.17747,1.17565,0.0018199999999999328,long,2021-08-26 10:35:00,1.1746,2021-08-26 11:05:00,2021-08-26 11:10:00,1.1761,1.1746,1.1790999999999996,0.0014999999999998348,False,extreme,2021-08-26 20:30:00,1.1746,stop,113,-1.0,0,0.0,-1.0,0.18666666666672588,1.106666666666785
EURUSD,NY,2021-08-26,Thursday,5,1.17747,1.17565,0.0018199999999999328,long,2021-08-26 19:25:00,1.17422,2021-08-26 22:30:00,2021-08-26 22:35:00,1.17572,1.17422,1.1787200000000002,0.0015000000000000568,False,extreme,2021-08-26 23:55:00,1.17597,end_of_day,17,0.166666666666568,0,0.0,0.166666666666568,0.17333333333327808,0.333333333333432
EURUSD,NY,2021-08-27,Friday,1,1.17714,1.17574,0.0014000000000000679,long,2021-08-27 04:00:00,1.17499,2021-08-27 05:55:00,2021-08-27 06:00:00,1.17582,1.17499,1.1774800000000003,0.0008300000000001084,False,extreme,2021-08-27 09:05:00,1.17499,stop,38,-1.0,0,0.0,-1.0,0.963855421686515,1.6867469879516686
EURUSD,NY,2021-08-27,Friday,2,1.17714,1.17574,0.0014000000000000679,long,2021-08-27 08:55:00,1.1735,2021-08-27 09:45:00,2021-08-27 09:50:00,1.17619,1.1735,1.1815700000000002,0.002690000000000081,False,extreme,2021-08-27 16:55:00,1.17965,friday_close,86,1.2862453531598195,0,0.0,1.2862453531598195,1.5055762081783512,0.7174721189590814
EURUSD,NY,2021-08-30,Monday,1,1.18072,1.17936,0.0013600000000000279,long,2021-08-30 07:15:00,1.1791,2021-08-30 07:20:00,2021-08-30 07:25:00,1.17944,1.1791,1.18012,0.00034000000000000696,False,extreme,2021-08-30 07:45:00,1.18012,target,5,2.0,0,0.0,2.0,2.0,0.23529411764728933
EURUSD,NY,2021-08-30,Monday,2,1.18072,1.17936,0.0013600000000000279,long,2021-08-30 08:55:00,1.17828,2021-08-30 09:40:00,2021-08-30 09:45:00,1.17944,1.17828,1.1817600000000001,0.0011600000000000499,False,extreme,2021-08-30 23:45:00,1.1817600000000001,target,169,2.0,0,0.0,2.0,2.025862068965303,0.8620689655173008
EURUSD,NY,2021-08-31,Tuesday,1,1.18316,1.18166,0.0015000000000000568,short,2021-08-31 06:55:00,1.18452,2021-08-31 08:40:00,2021-08-31 08:45:00,1.18315,1.18452,1.1804099999999997,0.0013700000000000934,False,extreme,2021-08-31 10:55:00,1.1804099999999997,target,27,2.0,0,0.0,2.0,2.328467153284532,0.474452554744522
EURUSD,NY,2021-09-01,Wednesday,1,1.18136,1.17937,0.0019899999999999363,short,2021-09-01 04:35:00,1.18167,2021-09-01 05:00:00,2021-09-01 05:05:00,1.18118,1.18167,1.1801999999999997,0.0004900000000001015,False,extreme,2021-09-01 05:30:00,1.18167,stop,6,-1.0,0,0.0,-1.0,0.040816326530418036,1.3265306122447038
EURUSD,NY,2021-09-02,Thursday,1,1.18517,1.18345,0.0017200000000001658,short,2021-09-02 06:05:00,1.18549,2021-09-02 06:20:00,2021-09-02 06:25:00,1.18511,1.18549,1.1843500000000005,0.0003799999999998249,False,extreme,2021-09-02 06:30:00,1.18549,stop,2,-1.0,0,0.0,-1.0,0.0,1.0
EURUSD,NY,2021-09-02,Thursday,2,1.18517,1.18345,0.0017200000000001658,short,2021-09-02 06:25:00,1.18549,2021-09-02 06:45:00,2021-09-02 06:50:00,1.18498,1.18549,1.18396,0.0005100000000000104,False,extreme,2021-09-02 06:55:00,1.18549,stop,2,-1.0,0,0.0,-1.0,0.03921568627433053,1.176470588235576
EURUSD,NY,2021-09-02,Thursday,3,1.18517,1.18345,0.0017200000000001658,short,2021-09-02 06:50:00,1.18558,2021-09-02 07:00:00,2021-09-02 07:05:00,1.18502,1.18558,1.1838999999999997,0.000560000000000116,False,extreme,2021-09-02 08:40:00,1.1838999999999997,target,20,2.0,0,0.0,2.0,2.446428571427835,0.6428571428572561
EURUSD,NY,2021-09-02,Thursday,4,1.18517,1.18345,0.0017200000000001658,short,2021-09-02 09:20:00,1.18626,2021-09-02 10:05:00,2021-09-02 10:10:00,1.18516,1.18626,1.1829599999999998,0.001100000000000101,False,extreme,2021-09-02 10:35:00,1.18626,stop,6,-1.0,0,0.0,-1.0,0.11818181818177415,1.318181818181653
EURUSD,NY,2021-09-03,Friday,1,1.1882,1.18714,0.0010599999999998388,long,2021-09-03 05:15:00,1.18702,2021-09-03 05:20:00,2021-09-03 05:25:00,1.1872,1.18702,1.1875600000000002,0.000180000000000069,False,extreme,2021-09-03 05:30:00,1.18702,stop,2,-1.0,0,0.0,-1.0,1.444444444443485,1.1666666666664611
EURUSD,NY,2021-09-03,Friday,2,1.1882,1.18714,0.0010599999999998388,long,2021-09-03 05:30:00,1.18696,2021-09-03 05:35:00,2021-09-03 05:40:00,1.18715,1.18696,1.1875299999999998,0.00018999999999991246,False,extreme,2021-09-03 05:45:00,1.18696,stop,2,-1.0,0,0.0,-1.0,0.5789473684216062,1.5263157894738688
EURUSD,NY,2021-09-03,Friday,3,1.1882,1.18714,0.0010599999999998388,long,2021-09-03 05:45:00,1.18663,2021-09-03 06:10:00,2021-09-03 06:15:00,1.18716,1.18663,1.1882199999999998,0.0005299999999999194,False,extreme,2021-09-03 08:30:00,1.1882199999999998,target,28,2.0,0,0.0,2.0,7.056603773586123,0.4716981132077764
EURUSD,NY,2021-09-03,Friday,4,1.1882,1.18714,0.0010599999999998388,short,2021-09-03 09:45:00,1.18891,2021-09-03 10:05:00,2021-09-03 10:10:00,1.18775,1.18891,1.1854300000000004,0.0011599999999998278,False,extreme,2021-09-03 10:30:00,1.18891,stop,5,-1.0,0,0.0,-1.0,0.03448275862072926,1.0517241379311897
EURUSD,NY,2021-09-03,Friday,5,1.1882,1.18714,0.0010599999999998388,short,2021-09-03 10:25:00,1.18899,2021-09-03 10:45:00,2021-09-03 10:50:00,1.18779,1.18899,1.1853899999999997,0.0012000000000000899,False,extreme,2021-09-03 11:10:00,1.18899,stop,5,-1.0,0,0.0,-1.0,0.5083333333332948,1.0166666666665896
EURUSD,NY,2021-09-03,Friday,6,1.1882,1.18714,0.0010599999999998388,short,2021-09-03 11:00:00,1.18901,2021-09-03 11:15:00,2021-09-03 11:20:00,1.1882,1.18901,1.18658,0.0008099999999999774,False,extreme,2021-09-03 13:00:00,1.18901,stop,21,-1.0,0,0.0,-1.0,0.6172839506172332,1.1604938271607272
EURUSD,NY,2021-09-03,Friday,7,1.1882,1.18714,0.0010599999999998388,short,2021-09-03 11:50:00,1.18981,2021-09-03 15:55:00,2021-09-03 16:00:00,1.18803,1.18981,1.1844699999999997,0.0017800000000001148,False,extreme,2021-09-03 16:55:00,1.18784,friday_close,12,0.1067415730336518,0,0.0,0.1067415730336518,0.29213483146057323,0.03932584269663482
EURUSD,NY,2021-09-06,Monday,1,1.18752,1.18604,0.0014799999999999258,long,2021-09-06 05:20:00,1.18558,2021-09-06 05:30:00,2021-09-06 05:35:00,1.18606,1.18558,1.1870199999999995,0.0004799999999998139,False,extreme,2021-09-06 09:05:00,1.1870199999999995,target,43,2.0,0,0.0,2.0,2.062500000000896,0.4999999999997687
EURUSD,NY,2021-09-06,Monday,2,1.18752,1.18604,0.0014799999999999258,long,2021-09-06 11:05:00,1.186,2021-09-06 11:10:00,2021-09-06 11:15:00,1.18614,1.186,1.18642,0.000140000000000029,False,extreme,2021-09-06 11:35:00,1.18642,target,5,2.0,0,0.0,2.0,3.357142857141951,0.4285714285709754
EURUSD,NY,2021-09-07,Tuesday,1,1.18825,1.1863,0.0019500000000001183,long,2021-09-07 04:30:00,1.18597,2021-09-07 04:35:00,2021-09-07 04:40:00,1.1868,1.18597,1.1884600000000003,0.0008300000000001084,False,extreme,2021-09-07 07:50:00,1.18597,stop,39,-1.0,0,0.0,-1.0,1.4939759036141516,1.156626506024032
EURUSD,NY,2021-09-07,Tuesday,2,1.18825,1.1863,0.0019500000000001183,long,2021-09-07 07:45:00,1.18582,2021-09-07 08:00:00,2021-09-07 08:05:00,1.1863,1.18582,1.1872599999999995,0.0004799999999998139,False,extreme,2021-09-07 08:10:00,1.18582,stop,2,-1.0,0,0.0,-1.0,0.4166666666672449,1.0416666666669558
EURUSD,NY,2021-09-07,Tuesday,3,1.18825,1.1863,0.0019500000000001183,long,2021-09-07 08:05:00,1.1858,2021-09-07 08:35:00,2021-09-07 08:40:00,1.18632,1.1858,1.1873600000000002,0.000520000000000076,False,extreme,2021-09-07 08:50:00,1.1858,stop,3,-1.0,0,0.0,-1.0,0.17307692307675063,2.480769230768894
EURUSD,NY,2021-09-08,Wednesday,1,1.1845,1.18286,0.0016400000000000858,long,2021-09-08 04:05:00,1.18122,2021-09-08 08:45:00,2021-09-08 08:50:00,1.18294,1.18122,1.1863800000000004,0.0017200000000001658,False,extreme,2021-09-08 09:25:00,1.18122,stop,8,-1.0,0,0.0,-1.0,0.0058139534882805256,1.0639534883719894
EURUSD,NY,2021-09-08,Wednesday,2,1.1845,1.18286,0.0016400000000000858,long,2021-09-08 08:50:00,1.18022,2021-09-08 14:30:00,2021-09-08 14:35:00,1.18292,1.18022,1.1883199999999998,0.0026999999999999247,False,extreme,2021-09-08 23:55:00,1.18183,end_of_day,113,-0.40370370370372805,0,0.0,-0.40370370370372805,0.025925925925932018,0.6222222222222039
EURUSD,NY,2021-09-09,Thursday,1,1.18276,1.18115,0.0016100000000001113,short,2021-09-09 04:10:00,1.18302,2021-09-09 04:15:00,2021-09-09 04:20:00,1.18265,1.18302,1.18191,0.00036999999999998145,False,extreme,2021-09-09 04:25:00,1.18302,stop,2,-1.0,0,0.0,-1.0,0.2702702702702541,1.0540540540544108
EURUSD,NY,2021-09-09,Thursday,2,1.18276,1.18115,0.0016100000000001113,short,2021-09-09 04:20:00,1.18362,2021-09-09 07:20:00,2021-09-09 07:25:00,1.18275,1.18362,1.1810100000000001,0.0008699999999999264,False,extreme,2021-09-09 07:45:00,1.18362,stop,5,-1.0,0,0.0,-1.0,0.40229885057483,1.4597701149427722
EURUSD,NY,2021-09-09,Thursday,3,1.18276,1.18115,0.0016100000000001113,short,2021-09-09 07:25:00,1.18411,2021-09-09 08:35:00,2021-09-09 08:40:00,1.18243,1.18411,1.1790700000000003,0.0016799999999999038,False,extreme,2021-09-09 23:55:00,1.18304,end_of_day,184,-0.36309523809525857,0,0.0,-0.36309523809525857,1.1369047619048736,0.9226190476190649
EURUSD,NY,2021-09-10,Friday,1,1.18441,1.18248,0.0019299999999999873,short,2021-09-10 04:10:00,1.18512,2021-09-10 05:40:00,2021-09-10 05:45:00,1.18427,1.18512,1.18257,0.0008500000000000174,False,extreme,2021-09-10 09:00:00,1.18257,target,40,2.0,0,0.0,2.0,2.5176470588235143,0.0
EURUSD,NY,2021-09-10,Friday,2,1.18441,1.18248,0.0019299999999999873,long,2021-09-10 09:15:00,1.18225,2021-09-10 09:35:00,2021-09-10 09:40:00,1.18279,1.18225,1.18387,0.0005399999999999849,False,extreme,2021-09-10 11:40:00,1.18225,stop,25,-1.0,0,0.0,-1.0,1.8333333333334705,1.0185185185186403
EURUSD,NY,2021-09-13,Monday,1,1.1806,1.1775,0.0031000000000001027,long,2021-09-13 07:05:00,1.17738,2021-09-13 07:10:00,2021-09-13 07:15:00,1.1776,1.17738,1.1780399999999998,0.00021999999999988695,False,extreme,2021-09-13 07:30:00,1.17738,stop,4,-1.0,0,0.0,-1.0,0.27272727272718095,1.0
EURUSD,NY,2021-09-13,Monday,2,1.1806,1.1775,0.0031000000000001027,long,2021-09-13 07:15:00,1.17736,2021-09-13 07:35:00,2021-09-13 07:40:00,1.17771,1.17736,1.1784100000000002,0.0003500000000000725,False,extreme,2021-09-13 07:45:00,1.17736,stop,2,-1.0,0,0.0,-1.0,0.14285714285678033,1.8571428571425852
EURUSD,NY,2021-09-13,Monday,3,1.1806,1.1775,0.0031000000000001027,long,2021-09-13 07:45:00,1.17702,2021-09-13 08:00:00,2021-09-13 08:05:00,1.17755,1.17702,1.1786100000000004,0.0005300000000001415,False,extreme,2021-09-13 08:55:00,1.1786100000000004,target,11,2.0,0,0.0,2.0,2.0943396226408453,0.2641509433962106
EURUSD,NY,2021-09-13,Monday,4,1.1806,1.1775,0.0031000000000001027,short,2021-09-13 10:15:00,1.18072,2021-09-13 10:20:00,2021-09-13 10:25:00,1.18022,1.18072,1.1792200000000002,0.0004999999999999449,False,extreme,2021-09-13 10:50:00,1.18072,stop,6,-1.0,0,0.0,-1.0,1.9600000000001776,1.1400000000000443
EURUSD,NY,2021-09-13,Monday,5,1.1806,1.1775,0.0031000000000001027,short,2021-09-13 10:55:00,1.18109,2021-09-13 11:10:00,2021-09-13 11:15:00,1.18041,1.18109,1.17905,0.0006800000000000139,False,extreme,2021-09-13 11:25:00,1.18109,stop,3,-1.0,0,0.0,-1.0,0.07352941176453301,1.2941176470587852
EURUSD,NY,2021-09-13,Monday,6,1.1806,1.1775,0.0031000000000001027,short,2021-09-13 11:20:00,1.18171,2021-09-13 13:05:00,2021-09-13 13:10:00,1.18054,1.18171,1.1781999999999997,0.0011700000000001154,False,extreme,2021-09-13 22:35:00,1.18171,stop,114,-1.0,0,0.0,-1.0,0.3418803418802705,1.0256410256410013
EURUSD,NY,2021-09-14,Tuesday,1,1.183,1.18066,0.0023400000000000087,long,2021-09-14 06:25:00,1.18056,2021-09-14 06:30:00,2021-09-14 06:35:00,1.18074,1.18056,1.1810999999999996,0.00017999999999984695,False,extreme,2021-09-14 06:40:00,1.18056,stop,2,-1.0,0,0.0,-1.0,1.222222222223867,1.2777777777786001
EURUSD,NY,2021-09-14,Tuesday,2,1.183,1.18066,0.0023400000000000087,long,2021-09-14 06:40:00,1.18001,2021-09-14 07:10:00,2021-09-14 07:15:00,1.18067,1.18001,1.1819900000000003,0.000660000000000105,False,extreme,2021-09-14 08:30:00,1.1819900000000003,target,16,2.0,0,0.0,2.0,5.060606060605102,0.2575757575757219
EURUSD,NY,2021-09-14,Tuesday,3,1.183,1.18066,0.0023400000000000087,short,2021-09-14 08:30:00,1.18458,2021-09-14 09:35:00,2021-09-14 09:40:00,1.18254,1.18458,1.1784599999999998,0.0020400000000000418,False,extreme,2021-09-14 23:55:00,1.18062,end_of_day,172,0.9411764705881777,0,0.0,0.9411764705881777,1.387254901960701,0.18627450980394078
EURUSD,NY,2021-09-15,Wednesday,1,1.18185,1.17992,0.0019299999999999873,short,2021-09-15 04:05:00,1.18194,2021-09-15 04:10:00,2021-09-15 04:15:00,1.18178,1.18194,1.1814600000000002,0.00015999999999993797,False,extreme,2021-09-15 04:30:00,1.1814600000000002,target,4,2.0,0,0.0,2.0,2.187500000001301,0.8750000000005205
EURUSD,NY,2021-09-15,Wednesday,2,1.18185,1.17992,0.0019299999999999873,short,2021-09-15 04:40:00,1.18319,2021-09-15 07:50:00,2021-09-15 07:55:00,1.18178,1.18319,1.1789600000000002,0.0014099999999999113,False,extreme,2021-09-15 23:55:00,1.18122,end_of_day,193,0.3971631205674831,0,0.0,0.3971631205674831,1.0212765957448215,0.9929078014183929
EURUSD,NY,2021-09-17,Friday,1,1.1785,1.1768,0.0017000000000000348,short,2021-09-17 06:25:00,1.17858,2021-09-17 06:30:00,2021-09-17 06:35:00,1.1783,1.17858,1.1777399999999998,0.000280000000000058,False,extreme,2021-09-17 07:05:00,1.1777399999999998,target,7,2.0,0,0.0,2.0,2.607142857141951,0.25
EURUSD,NY,2021-09-17,Friday,2,1.1785,1.1768,0.0017000000000000348,short,2021-09-17 07:55:00,1.1789,2021-09-17 08:00:00,2021-09-17 08:05:00,1.17832,1.1789,1.17716,0.0005800000000000249,False,extreme,2021-09-17 09:05:00,1.17716,target,13,2.0,0,0.0,2.0,2.2241379310344103,0.17241379310342186
EURUSD,NY,2021-09-20,Monday,1,1.17185,1.1706,0.0012499999999999734,long,2021-09-20 05:20:00,1.17002,2021-09-20 05:50:00,2021-09-20 05:55:00,1.17064,1.17002,1.1718799999999996,0.0006199999999998429,False,extreme,2021-09-20 10:05:00,1.1718799999999996,target,51,2.0,0,0.0,2.0,2.7419354838717185,0.46774193548383053
EURUSD,NY,2021-09-20,Monday,2,1.17185,1.1706,0.0012499999999999734,short,2021-09-20 10:05:00,1.17234,2021-09-20 10:15:00,2021-09-20 10:20:00,1.1716,1.17234,1.17012,0.0007399999999999629,False,extreme,2021-09-20 10:35:00,1.17234,stop,4,-1.0,0,0.0,-1.0,0.4189189189189838,1.1486486486487297
EURUSD,NY,2021-09-21,Tuesday,1,1.17376,1.17184,0.0019199999999999218,short,2021-09-21 06:15:00,1.17392,2021-09-21 06:20:00,2021-09-21 06:25:00,1.17332,1.17392,1.1721199999999996,0.000600000000000156,False,extreme,2021-09-21 07:35:00,1.17392,stop,15,-1.0,0,0.0,-1.0,0.18333333333300644,1.3166666666664384
EURUSD,NY,2021-09-21,Tuesday,2,1.17376,1.17184,0.0019199999999999218,short,2021-09-21 07:35:00,1.17488,2021-09-21 08:15:00,2021-09-21 08:20:00,1.17366,1.17488,1.17122,0.0012199999999999989,False,extreme,2021-09-21 23:55:00,1.172,end_of_day,188,1.360655737704915,0,0.0,1.360655737704915,1.7704918032786408,0.5163934426230582
EURUSD,NY,2021-09-22,Wednesday,1,1.17376,1.17169,0.0020700000000000163,short,2021-09-22 10:10:00,1.1745,2021-09-22 10:25:00,2021-09-22 10:30:00,1.17353,1.1745,1.1715899999999997,0.0009700000000001374,False,extreme,2021-09-22 14:00:00,1.1745,both_touched,43,-1.0,0,0.0,-1.0,2.7938144329892847,1.1855670103090943
EURUSD,NY,2021-09-22,Wednesday,2,1.17376,1.17169,0.0020700000000000163,short,2021-09-22 14:00:00,1.17556,2021-09-22 14:35:00,2021-09-22 14:40:00,1.17181,1.17556,1.1643100000000002,0.00374999999999992,False,extreme,2021-09-22 23:55:00,1.17069,end_of_day,112,0.2986666666666757,0,0.0,0.2986666666666757,0.9200000000000071,0.17066666666666336
EURUSD,NY,2021-09-23,Thursday,1,1.17246,1.17052,0.0019400000000000528,short,2021-09-23 04:25:00,1.17292,2021-09-23 04:35:00,2021-09-23 04:40:00,1.17225,1.17292,1.1709100000000001,0.0006699999999999484,False,extreme,2021-09-23 05:10:00,1.17292,stop,7,-1.0,0,0.0,-1.0,0.43283582089574,1.4328358208957401
EURUSD,NY,2021-09-23,Thursday,2,1.17246,1.17052,0.0019400000000000528,short,2021-09-23 05:05:00,1.17326,2021-09-23 05:50:00,2021-09-23 05:55:00,1.17217,1.17326,1.1699899999999999,0.0010900000000000354,False,extreme,2021-09-23 08:40:00,1.17326,stop,34,-1.0,0,0.0,-1.0,0.9633027522935425,1.0
EURUSD,NY,2021-09-23,Thursday,3,1.17246,1.17052,0.0019400000000000528,short,2021-09-23 08:30:00,1.17327,2021-09-23 09:15:00,2021-09-23 09:20:00,1.17221,1.17327,1.1700899999999999,0.001060000000000061,False,extreme,2021-09-23 09:40:00,1.17327,stop,5,-1.0,0,0.0,-1.0,0.05660377358485428,1.2735849056602686
EURUSD,NY,2021-09-24,Friday,1,1.1742,1.17312,0.0010799999999999699,long,2021-09-24 06:40:00,1.17285,2021-09-24 06:45:00,2021-09-24 06:50:00,1.1734,1.17285,1.1745,0.0005500000000000504,False,extreme,2021-09-24 07:10:00,1.17285,stop,5,-1.0,0,0.0,-1.0,0.5636363636363709,1.4181818181816934
EURUSD,NY,2021-09-27,Monday,1,1.1725,1.16941,0.003090000000000037,long,2021-09-27 04:10:00,1.16921,2021-09-27 04:15:00,2021-09-27 04:20:00,1.16942,1.16921,1.1698399999999995,0.00020999999999982144,False,extreme,2021-09-27 04:20:00,1.16921,stop,1,-1.0,0,0.0,-1.0,1.0000000000010574,1.1428571428571428
EURUSD,NY,2021-09-27,Monday,2,1.1725,1.16941,0.003090000000000037,long,2021-09-27 04:25:00,1.16847,2021-09-27 05:10:00,2021-09-27 05:15:00,1.16952,1.16847,1.1716199999999999,0.0010499999999999954,False,extreme,2021-09-27 23:45:00,1.16915,end_of_day,223,-0.35238095238093625,0,0.0,-0.35238095238093625,1.4666666666667654,0.9523809523808516
EURUSD,NY,2021-09-28,Tuesday,1,1.17034,1.16723,0.003109999999999946,long,2021-09-28 11:00:00,1.16683,2021-09-28 11:05:00,2021-09-28 11:10:00,1.16736,1.16683,1.1684199999999998,0.0005299999999999194,False,extreme,2021-09-28 11:30:00,1.1684199999999998,target,5,2.0,0,0.0,2.0,2.150943396227008,0.6792452830188126
EURUSD,NY,2021-09-29,Wednesday,1,1.1688,1.16565,0.003149999999999986,long,2021-09-29 07:05:00,1.16402,2021-09-29 08:20:00,2021-09-29 08:25:00,1.16581,1.16402,1.16939,0.0017899999999999583,False,extreme,2021-09-29 09:25:00,1.16402,stop,13,-1.0,0,0.0,-1.0,0.039106145251405655,1.050279329609021
EURUSD,NY,2021-09-30,Thursday,1,1.16086,1.15915,0.0017100000000001003,long,2021-09-30 06:20:00,1.1568,2021-09-30 09:30:00,2021-09-30 09:35:00,1.15962,1.1568,1.1652600000000002,0.0028200000000000447,False,extreme,2021-09-30 12:10:00,1.1568,stop,32,-1.0,0,0.0,-1.0,0.0709219858155939,1.1134751773049976
EURUSD,NY,2021-10-01,Friday,1,1.15913,1.15745,0.0016799999999999038,long,2021-10-01 06:05:00,1.15728,2021-10-01 06:10:00,2021-10-01 06:15:00,1.15783,1.15728,1.1589299999999996,0.0005499999999998284,False,extreme,2021-10-01 07:05:00,1.1589299999999996,target,11,2.0,0,0.0,2.0,2.01818181818275,0.054545454545425184
EURUSD,NY,2021-10-01,Friday,2,1.15913,1.15745,0.0016799999999999038,short,2021-10-01 07:20:00,1.16073,2021-10-01 10:00:00,2021-10-01 10:05:00,1.15851,1.16073,1.1540699999999997,0.0022200000000001108,False,extreme,2021-10-01 16:55:00,1.15932,friday_close,83,-0.3648648648648365,0,0.0,-0.3648648648648365,0.0,0.83333333333335
EURUSD,NY,2021-10-04,Monday,1,1.16094,1.15893,0.0020100000000000673,short,2021-10-04 04:00:00,1.16159,2021-10-04 04:35:00,2021-10-04 04:40:00,1.16068,1.16159,1.15886,0.0009099999999999664,False,extreme,2021-10-04 05:00:00,1.16159,stop,5,-1.0,0,0.0,-1.0,0.01098901098883938,1.2417582417583706
EURUSD,NY,2021-10-04,Monday,2,1.16094,1.15893,0.0020100000000000673,short,2021-10-04 04:45:00,1.16181,2021-10-04 05:50:00,2021-10-04 05:55:00,1.16091,1.16181,1.1591100000000003,0.0008999999999999009,False,extreme,2021-10-04 06:55:00,1.16181,stop,13,-1.0,0,0.0,-1.0,0.12222222222229624,1.4111111111111359
EURUSD,NY,2021-10-04,Monday,3,1.16094,1.15893,0.0020100000000000673,short,2021-10-04 05:55:00,1.16401,2021-10-04 21:15:00,2021-10-04 21:20:00,1.16088,1.16401,1.1546199999999998,0.003130000000000077,False,extreme,2021-10-04 23:55:00,1.15989,end_of_day,32,0.31629392971239617,0,0.0,0.31629392971239617,0.3386581469647964,0.0
EURUSD,NY,2021-10-05,Tuesday,1,1.1605,1.15901,0.0014899999999999913,long,2021-10-05 09:05:00,1.15862,2021-10-05 09:15:00,2021-10-05 09:20:00,1.15909,1.15862,1.16003,0.00046999999999997044,False,extreme,2021-10-05 10:00:00,1.15862,stop,9,-1.0,0,0.0,-1.0,1.0,1.574468085106403
EURUSD,NY,2021-10-05,Tuesday,2,1.1605,1.15901,0.0014899999999999913,long,2021-10-05 10:00:00,1.15806,2021-10-05 10:40:00,2021-10-05 10:45:00,1.15904,1.15806,1.161,0.0009799999999999809,False,extreme,2021-10-05 11:25:00,1.161,target,9,2.0,0,0.0,2.0,2.3265306122447775,0.0714285714285876
EURUSD,NY,2021-10-05,Tuesday,3,1.1605,1.15901,0.0014899999999999913,short,2021-10-05 11:20:00,1.16132,2021-10-05 12:35:00,2021-10-05 12:40:00,1.16037,1.16132,1.1584699999999999,0.0009500000000000064,False,extreme,2021-10-05 23:55:00,1.15937,end_of_day,136,1.0526315789472453,0,0.0,1.0526315789472453,1.6526315789471986,0.4947368421054624
EURUSD,NY,2021-10-06,Wednesday,1,1.15939,1.15562,0.003769999999999829,long,2021-10-06 04:40:00,1.15292,2021-10-06 15:25:00,2021-10-06 15:30:00,1.15566,1.15292,1.1611399999999998,0.0027399999999999647,False,extreme,2021-10-06 23:55:00,1.15557,end_of_day,101,-0.03284671532843965,0,0.0,-0.03284671532843965,0.16788321167888062,0.19343065693427966
EURUSD,NY,2021-10-07,Thursday,1,1.15707,1.1549,0.0021700000000000053,short,2021-10-07 07:35:00,1.15722,2021-10-07 07:40:00,2021-10-07 07:45:00,1.15679,1.15722,1.1559300000000001,0.00042999999999993044,False,extreme,2021-10-07 08:20:00,1.1559300000000001,target,8,2.0,0,0.0,2.0,2.4418604651166635,0.06976744186041708
EURUSD,NY,2021-10-08,Friday,1,1.15542,1.15415,0.0012699999999998823,short,2021-10-08 04:45:00,1.15564,2021-10-08 04:55:00,2021-10-08 05:00:00,1.15536,1.15564,1.1547999999999998,0.000280000000000058,False,extreme,2021-10-08 05:00:00,1.15564,stop,1,-1.0,0,0.0,-1.0,0.10714285714274385,1.5357142857145123
EURUSD,NY,2021-10-11,Monday,1,1.15868,1.15698,0.0017000000000000348,long,2021-10-11 04:20:00,1.15642,2021-10-11 04:35:00,2021-10-11 04:40:00,1.1571,1.15642,1.15846,0.0006800000000000139,False,extreme,2021-10-11 05:05:00,1.15642,stop,6,-1.0,0,0.0,-1.0,0.573529411764533,1.5882352941175701
EURUSD,NY,2021-10-11,Monday,2,1.15868,1.15698,0.0017000000000000348,long,2021-10-11 05:00:00,1.15523,2021-10-11 07:25:00,2021-10-11 07:30:00,1.15706,1.15523,1.16072,0.0018299999999999983,False,extreme,2021-10-11 15:55:00,1.15523,stop,102,-1.0,0,0.0,-1.0,0.7213114754098301,1.103825136611974
EURUSD,NY,2021-10-12,Tuesday,1,1.15703,1.15555,0.0014799999999999258,long,2021-10-12 06:15:00,1.155,2021-10-12 07:40:00,2021-10-12 07:45:00,1.15566,1.155,1.1569799999999997,0.0006599999999998829,False,extreme,2021-10-12 08:25:00,1.155,stop,9,-1.0,0,0.0,-1.0,0.30303030303065986,1.9090909090909702
EURUSD,NY,2021-10-13,Wednesday,1,1.15562,1.15456,0.001060000000000061,short,2021-10-13 04:15:00,1.15578,2021-10-13 04:25:00,2021-10-13 04:30:00,1.1556,1.15578,1.1552399999999998,0.000180000000000069,False,extreme,2021-10-13 04:30:00,1.15578,stop,1,-1.0,0,0.0,-1.0,0.6111111111111797,1.6666666666658443
EURUSD,NY,2021-10-13,Wednesday,2,1.15562,1.15456,0.001060000000000061,short,2021-10-13 04:30:00,1.15602,2021-10-13 05:00:00,2021-10-13 05:05:00,1.15541,1.15602,1.15419,0.0006099999999999994,False,extreme,2021-10-13 06:05:00,1.15602,stop,13,-1.0,0,0.0,-1.0,1.0655737704918689,1.6721311475410194
EURUSD,NY,2021-10-13,Wednesday,3,1.15562,1.15456,0.001060000000000061,long,2021-10-13 08:30:00,1.15362,2021-10-13 08:45:00,2021-10-13 08:50:00,1.15473,1.15362,1.15695,0.0011099999999999444,False,extreme,2021-10-13 09:30:00,1.15695,target,9,2.0,0,0.0,2.0,2.099099099099153,0.8378378378379676
EURUSD,NY,2021-10-14,Thursday,1,1.16118,1.15876,0.0024200000000000887,short,2021-10-14 04:15:00,1.16244,2021-10-14 05:45:00,2021-10-14 05:50:00,1.16104,1.16244,1.1582400000000004,0.0013999999999998458,False,extreme,2021-10-14 23:55:00,1.1608,end_of_day,218,0.17142857142860315,0,0.0,0.17142857142860315,1.8785714285717299,0.35714285714285715
EURUSD,NY,2021-10-15,Friday,1,1.16153,1.16042,0.0011099999999999444,short,2021-10-15 04:05:00,1.16188,2021-10-15 04:15:00,2021-10-15 04:20:00,1.16147,1.16188,1.16065,0.00041000000000002146,False,extreme,2021-10-15 04:35:00,1.16065,target,4,2.0,0,0.0,2.0,2.7804878048777053,0.048780487804653494
EURUSD,NY,2021-10-15,Friday,2,1.16153,1.16042,0.0011099999999999444,long,2021-10-15 04:35:00,1.16033,2021-10-15 04:40:00,2021-10-15 04:45:00,1.16068,1.16033,1.1613799999999996,0.00034999999999985043,False,extreme,2021-10-15 04:50:00,1.16033,stop,2,-1.0,0,0.0,-1.0,0.11428571428587742,1.4571428571435097
EURUSD,NY,2021-10-15,Friday,3,1.16153,1.16042,0.0011099999999999444,long,2021-10-15 04:50:00,1.15994,2021-10-15 05:15:00,2021-10-15 05:20:00,1.16068,1.15994,1.1621599999999999,0.0007399999999999629,False,extreme,2021-10-15 05:40:00,1.15994,stop,5,-1.0,0,0.0,-1.0,0.054054054054110824,1.0675675675674134
EURUSD,NY,2021-10-15,Friday,4,1.16153,1.16042,0.0011099999999999444,long,2021-10-15 05:30:00,1.15989,2021-10-15 06:05:00,2021-10-15 06:10:00,1.16048,1.15989,1.1616599999999997,0.0005899999999998684,False,extreme,2021-10-15 08:20:00,1.15989,stop,27,-1.0,0,0.0,-1.0,1.2711864406782978,1.4745762711866448
EURUSD,NY,2021-10-15,Friday,5,1.16153,1.16042,0.0011099999999999444,long,2021-10-15 07:40:00,1.15889,2021-10-15 10:45:00,2021-10-15 10:50:00,1.16066,1.15889,1.1642000000000001,0.0017700000000000493,False,extreme,2021-10-15 16:55:00,1.15992,friday_close,74,-0.41807909604516513,0,0.0,-0.41807909604516513,0.2033898305084214,0.8757062146892074
EURUSD,NY,2021-10-18,Monday,1,1.15934,1.15719,0.0021500000000000963,short,2021-10-18 04:05:00,1.15962,2021-10-18 04:10:00,2021-10-18 04:15:00,1.1593,1.15962,1.1586599999999998,0.000320000000000098,False,extreme,2021-10-18 04:25:00,1.1586599999999998,target,3,2.0,0,0.0,2.0,2.312499999999176,0.34375000000006506
EURUSD,NY,2021-10-18,Monday,2,1.15934,1.15719,0.0021500000000000963,short,2021-10-18 07:40:00,1.15953,2021-10-18 07:45:00,2021-10-18 07:50:00,1.15917,1.15953,1.1584500000000002,0.00035999999999991594,False,extreme,2021-10-18 07:55:00,1.15953,stop,2,-1.0,0,0.0,-1.0,0.5833333333335903,1.7222222222228047
EURUSD,NY,2021-10-19,Tuesday,1,1.16577,1.16449,0.0012799999999999478,short,2021-10-19 04:50:00,1.16629,2021-10-19 05:25:00,2021-10-19 05:30:00,1.16558,1.16629,1.16416,0.0007099999999999884,False,extreme,2021-10-19 05:55:00,1.16629,stop,6,-1.0,0,0.0,-1.0,0.3239436619717693,1.9295774647885826
EURUSD,NY,2021-10-19,Tuesday,2,1.16577,1.16449,0.0012799999999999478,short,2021-10-19 05:30:00,1.16695,2021-10-19 07:25:00,2021-10-19 07:30:00,1.16572,1.16695,1.1632600000000004,0.0012299999999998423,False,extreme,2021-10-19 10:40:00,1.1632600000000004,target,39,2.0,0,0.0,2.0,2.0813008130084927,0.10569105691055296
EURUSD,NY,2021-10-19,Tuesday,3,1.16577,1.16449,0.0012799999999999478,long,2021-10-19 10:30:00,1.16277,2021-10-19 21:20:00,2021-10-19 21:25:00,1.16448,1.16277,1.1678999999999997,0.0017099999999998783,False,extreme,2021-10-19 23:55:00,1.1644,end_of_day,31,-0.04678362573091442,0,0.0,-0.04678362573091442,0.16959064327493809,0.5555555555555989
EURUSD,NY,2021-10-20,Wednesday,1,1.16523,1.16169,0.0035400000000000986,short,2021-10-20 12:30:00,1.16581,2021-10-20 13:20:00,2021-10-20 13:25:00,1.16515,1.16581,1.1638299999999997,0.000660000000000105,False,extreme,2021-10-20 13:35:00,1.16581,stop,3,-1.0,0,0.0,-1.0,0.15151515151511075,1.106060606060611
EURUSD,NY,2021-10-20,Wednesday,2,1.16523,1.16169,0.0035400000000000986,short,2021-10-20 13:25:00,1.16588,2021-10-20 15:15:00,2021-10-20 15:20:00,1.16508,1.16588,1.1634799999999996,0.0008000000000001339,False,extreme,2021-10-20 21:35:00,1.16588,stop,76,-1.0,0,0.0,-1.0,0.6749999999998681,1.3249999999998543
EURUSD,NY,2021-10-21,Thursday,1,1.16653,1.16362,0.002909999999999968,long,2021-10-21 04:05:00,1.16344,2021-10-21 04:10:00,2021-10-21 04:15:00,1.16387,1.16344,1.1647299999999998,0.00042999999999993044,False,extreme,2021-10-21 04:20:00,1.16344,stop,2,-1.0,0,0.0,-1.0,0.0,1.046511627907289
EURUSD,NY,2021-10-21,Thursday,2,1.16653,1.16362,0.002909999999999968,long,2021-10-21 04:20:00,1.16342,2021-10-21 04:30:00,2021-10-21 04:35:00,1.1639,1.16342,1.16486,0.00048000000000003595,False,extreme,2021-10-21 08:00:00,1.16342,stop,42,-1.0,0,0.0,-1.0,1.3333333333331792,1.604166666666416
EURUSD,NY,2021-10-21,Thursday,3,1.16653,1.16362,0.002909999999999968,long,2021-10-21 08:00:00,1.16313,2021-10-21 08:05:00,2021-10-21 08:10:00,1.16382,1.16313,1.1652000000000002,0.0006900000000000794,False,extreme,2021-10-21 13:05:00,1.16313,stop,60,-1.0,0,0.0,-1.0,1.956521739130155,1.0
EURUSD,NY,2021-10-21,Thursday,4,1.16653,1.16362,0.002909999999999968,long,2021-10-21 12:55:00,1.16313,2021-10-21 13:20:00,2021-10-21 13:25:00,1.16375,1.16313,1.1649900000000002,0.0006200000000000649,False,extreme,2021-10-21 13:45:00,1.16313,stop,5,-1.0,0,0.0,-1.0,0.37096774193536836,1.0967741935482946
EURUSD,NY,2021-10-22,Friday,1,1.16468,1.16234,0.0023400000000000087,short,2021-10-22 10:10:00,1.16494,2021-10-22 10:15:00,2021-10-22 10:20:00,1.16446,1.16494,1.1635,0.00048000000000003595,False,extreme,2021-10-22 10:25:00,1.16494,stop,2,-1.0,0,0.0,-1.0,0.12499999999988436,1.3958333333331212
EURUSD,NY,2021-10-22,Friday,2,1.16468,1.16234,0.0023400000000000087,short,2021-10-22 10:25:00,1.16513,2021-10-22 10:35:00,2021-10-22 10:40:00,1.16452,1.16513,1.1633,0.0006099999999999994,False,extreme,2021-10-22 11:05:00,1.16513,stop,6,-1.0,0,0.0,-1.0,0.7213114754098301,1.7213114754098302
EURUSD,NY,2021-10-22,Friday,3,1.16468,1.16234,0.0023400000000000087,short,2021-10-22 11:00:00,1.16557,2021-10-22 11:10:00,2021-10-22 11:15:00,1.16438,1.16557,1.162,0.0011900000000000244,False,extreme,2021-10-22 16:55:00,1.16441,friday_close,69,-0.025210084033591495,0,0.0,-0.025210084033591495,1.823529411764673,0.25210084033610153
EURUSD,NY,2021-10-26,Tuesday,1,1.16065,1.15941,0.0012399999999999078,short,2021-10-26 04:15:00,1.16134,2021-10-26 04:35:00,2021-10-26 04:40:00,1.16057,1.16134,1.1590300000000002,0.0007699999999999374,False,extreme,2021-10-26 05:20:00,1.16134,stop,9,-1.0,0,0.0,-1.0,0.4025974025974775,1.0
EURUSD,NY,2021-10-26,Tuesday,2,1.16065,1.15941,0.0012399999999999078,short,2021-10-26 04:55:00,1.16258,2021-10-26 09:30:00,2021-10-26 09:35:00,1.16044,1.16258,1.1561599999999999,0.0021400000000000308,False,extreme,2021-10-26 23:55:00,1.16015,end_of_day,173,0.13551401869154078,0,0.0,0.13551401869154078,0.9065420560746742,0.39252336448605696
EURUSD,NY,2021-10-27,Wednesday,1,1.16132,1.15954,0.0017799999999998928,long,2021-10-27 04:30:00,1.1592,2021-10-27 04:35:00,2021-10-27 04:40:00,1.15962,1.1592,1.1604600000000003,0.00042000000000008697,False,extreme,2021-10-27 05:05:00,1.1592,stop,6,-1.0,0,0.0,-1.0,0.7619047619043088,1.2857142857139836
EURUSD,NY,2021-10-27,Wednesday,2,1.16132,1.15954,0.0017799999999998928,long,2021-10-27 04:50:00,1.15908,2021-10-27 05:15:00,2021-10-27 05:20:00,1.15956,1.15908,1.1605199999999996,0.0004799999999998139,False,extreme,2021-10-27 05:25:00,1.15908,stop,2,-1.0,0,0.0,-1.0,0.04166666666695579,1.5000000000002314
EURUSD,NY,2021-10-27,Wednesday,3,1.16132,1.15954,0.0017799999999998928,long,2021-10-27 05:20:00,1.15849,2021-10-27 07:00:00,2021-10-27 07:05:00,1.15968,1.15849,1.16206,0.0011900000000000244,False,extreme,2021-10-27 08:25:00,1.16206,target,17,2.0,0,0.0,2.0,2.1176470588233647,0.13445378151255016
EURUSD,NY,2021-10-27,Wednesday,4,1.16132,1.15954,0.0017799999999998928,short,2021-10-27 08:05:00,1.1626,2021-10-27 09:30:00,2021-10-27 09:35:00,1.16127,1.1626,1.15861,0.0013300000000000534,False,extreme,2021-10-27 23:55:00,1.16058,end_of_day,173,0.5187969924812419,0,0.0,0.5187969924812419,1.8496240601503986,0.864661654135292
EURUSD,NY,2021-10-28,Thursday,1,1.16139,1.15953,0.0018599999999999728,long,2021-10-28 04:35:00,1.15824,2021-10-28 06:05:00,2021-10-28 06:10:00,1.15967,1.15824,1.16253,0.0014300000000000423,False,extreme,2021-10-28 08:20:00,1.15824,stop,27,-1.0,0,0.0,-1.0,1.4755244755244712,1.0
EURUSD,NY,2021-11-01,Monday,1,1.15644,1.1546,0.0018399999999998418,short,2021-11-01 04:00:00,1.15688,2021-11-01 04:05:00,2021-11-01 04:10:00,1.15624,1.15688,1.15496,0.0006399999999999739,False,extreme,2021-11-01 04:20:00,1.15688,stop,3,-1.0,0,0.0,-1.0,0.39062499999979944,1.2031250000002982
EURUSD,NY,2021-11-02,Tuesday,1,1.16134,1.15988,0.0014600000000000168,long,2021-11-02 04:05:00,1.15954,2021-11-02 04:15:00,2021-11-02 04:20:00,1.15989,1.15954,1.1605900000000002,0.0003500000000000725,False,extreme,2021-11-02 04:30:00,1.1605900000000002,target,3,2.0,0,0.0,2.0,2.057142857141951,0.17142857142902457
EURUSD,NY,2021-11-02,Tuesday,2,1.16134,1.15988,0.0014600000000000168,long,2021-11-02 04:40:00,1.15862,2021-11-02 06:45:00,2021-11-02 06:50:00,1.16002,1.15862,1.1628200000000002,0.0014000000000000679,False,extreme,2021-11-02 10:05:00,1.15862,stop,40,-1.0,0,0.0,-1.0,0.542857142857025,1.2000000000000317
EURUSD,NY,2021-11-03,Wednesday,1,1.15878,1.15787,0.0009099999999999664,short,2021-11-03 04:15:00,1.15893,2021-11-03 04:20:00,2021-11-03 04:25:00,1.15866,1.15893,1.15812,0.00026999999999999247,False,extreme,2021-11-03 05:20:00,1.15893,stop,12,-1.0,0,0.0,-1.0,1.555555555555921,1.6666666666669407
EURUSD,NY,2021-11-03,Wednesday,2,1.15878,1.15787,0.0009099999999999664,short,2021-11-03 05:20:00,1.15979,2021-11-03 06:00:00,2021-11-03 06:05:00,1.15848,1.15979,1.1558599999999997,0.0013100000000001444,False,extreme,2021-11-03 14:00:00,1.15979,stop,96,-1.0,0,0.0,-1.0,1.709923664121964,1.87022900763343
EURUSD,NY,2021-11-03,Wednesday,3,1.15878,1.15787,0.0009099999999999664,short,2021-11-03 14:20:00,1.15929,2021-11-03 14:25:00,2021-11-03 14:30:00,1.15824,1.15929,1.15614,0.0010499999999999954,False,extreme,2021-11-03 14:45:00,1.15929,stop,4,-1.0,0,0.0,-1.0,0.990476190476128,2.600000000000127
EURUSD,NY,2021-11-05,Friday,1,1.1563,1.15466,0.0016400000000000858,long,2021-11-05 05:00:00,1.15134,2021-11-05 11:30:00,2021-11-05 11:35:00,1.15473,1.15172,1.16075,0.003009999999999957,True,swing,2021-11-05 16:55:00,1.15675,friday_close,65,0.67109634551493,0,0.0,0.67109634551493,0.8637873754152733,0.05315614617938214
EURUSD,NY,2021-11-08,Monday,1,1.15739,1.15506,0.0023299999999999432,short,2021-11-08 07:00:00,1.15757,2021-11-08 07:05:00,2021-11-08 07:10:00,1.15726,1.15757,1.15664,0.00031000000000003247,False,extreme,2021-11-08 07:25:00,1.15757,stop,4,-1.0,0,0.0,-1.0,0.48387096774147337,1.322580645161221
EURUSD,NY,2021-11-08,Monday,2,1.15739,1.15506,0.0023299999999999432,short,2021-11-08 07:25:00,1.15831,2021-11-08 08:40:00,2021-11-08 08:45:00,1.1571,1.15831,1.1546800000000002,0.0012099999999999334,False,extreme,2021-11-08 10:10:00,1.15831,stop,18,-1.0,0,0.0,-1.0,0.5537190082644506,1.413223140495845
EURUSD,NY,2021-11-09,Tuesday,1,1.16066,1.15804,0.0026200000000000667,long,2021-11-09 06:55:00,1.15784,2021-11-09 07:00:00,2021-11-09 07:05:00,1.15806,1.15784,1.1585000000000003,0.000220000000000109,False,extreme,2021-11-09 07:10:00,1.15784,stop,2,-1.0,0,0.0,-1.0,0.36363636363553786,2.727272727272085
EURUSD,NY,2021-11-09,Tuesday,2,1.16066,1.15804,0.0026200000000000667,long,2021-11-09 07:10:00,1.15701,2021-11-09 08:40:00,2021-11-09 08:45:00,1.15842,1.15701,1.1612399999999998,0.0014099999999999113,False,extreme,2021-11-09 23:55:00,1.15842,end_of_day,183,0.0,0,0.0,0.0,1.7517730496454806,0.9078014184397364
EURUSD,NY,2021-11-10,Wednesday,1,1.15851,1.15579,0.0027199999999998337,long,2021-11-10 06:15:00,1.15452,2021-11-10 07:55:00,2021-11-10 08:00:00,1.15584,1.15452,1.15848,0.0013199999999999878,False,extreme,2021-11-10 08:30:00,1.15452,stop,7,-1.0,0,0.0,-1.0,0.2651515151515725,1.9090909090909856
EURUSD,NY,2021-11-10,Wednesday,2,1.15851,1.15579,0.0027199999999998337,long,2021-11-10 08:10:00,1.15332,2021-11-10 09:00:00,2021-11-10 09:05:00,1.15684,1.15332,1.1638800000000005,0.0035200000000001896,False,extreme,2021-11-10 10:25:00,1.15332,stop,17,-1.0,0,0.0,-1.0,0.1704545454545175,1.1505681818181508
EURUSD,NY,2021-11-12,Friday,1,1.14561,1.14391,0.0017000000000000348,long,2021-11-12 04:40:00,1.14375,2021-11-12 04:45:00,2021-11-12 04:50:00,1.1443,1.14375,1.1454000000000002,0.0005500000000000504,False,extreme,2021-11-12 07:20:00,1.1454000000000002,target,31,2.0,0,0.0,2.0,2.2181818181816126,0.9636363636365325
EURUSD,NY,2021-11-12,Friday,2,1.14561,1.14391,0.0017000000000000348,long,2021-11-12 09:30:00,1.1433,2021-11-12 09:45:00,2021-11-12 09:50:00,1.14393,1.1433,1.1451899999999997,0.0006299999999999084,False,extreme,2021-11-12 10:00:00,1.1451899999999997,target,3,2.0,0,0.0,2.0,2.095238095238733,0.49206349206326266
EURUSD,NY,2021-11-12,Friday,3,1.14561,1.14391,0.0017000000000000348,short,2021-11-12 10:15:00,1.14622,2021-11-12 10:20:00,2021-11-12 10:25:00,1.14534,1.14622,1.14358,0.0008799999999999919,False,extreme,2021-11-12 16:55:00,1.14438,friday_close,79,1.0909090909091828,0,0.0,1.0909090909091828,1.5681818181817608,0.03409090909088042
EURUSD,NY,2021-11-15,Monday,1,1.14632,1.14368,0.0026399999999999757,long,2021-11-15 09:15:00,1.14349,2021-11-15 09:20:00,2021-11-15 09:25:00,1.14385,1.14349,1.1445700000000003,0.000360000000000138,False,extreme,2021-11-15 09:55:00,1.14349,stop,7,-1.0,0,0.0,-1.0,1.5277777777773323,1.138888888888512
EURUSD,NY,2021-11-16,Tuesday,1,1.13844,1.13682,0.0016199999999999548,long,2021-11-16 04:05:00,1.13655,2021-11-16 04:10:00,2021-11-16 04:15:00,1.13687,1.13655,1.1375100000000002,0.000320000000000098,False,extreme,2021-11-16 04:15:00,1.13655,stop,1,-1.0,0,0.0,-1.0,0.4687499999994579,1.2812499999996747
EURUSD,NY,2021-11-16,Tuesday,2,1.13844,1.13682,0.0016199999999999548,long,2021-11-16 04:15:00,1.13515,2021-11-16 06:15:00,2021-11-16 06:20:00,1.13695,1.13515,1.1405499999999995,0.0017999999999998018,False,extreme,2021-11-16 09:05:00,1.13515,stop,34,-1.0,0,0.0,-1.0,0.2944444444445555,2.0833333333335182
EURUSD,NY,2021-11-17,Wednesday,1,1.1321,1.12916,0.0029400000000001647,short,2021-11-17 06:55:00,1.13323,2021-11-17 07:35:00,2021-11-17 07:40:00,1.13211,1.13323,1.12987,0.0011200000000000099,False,extreme,2021-11-17 08:55:00,1.12987,target,16,2.0,0,0.0,2.0,2.080357142857074,0.3839285714287042
EURUSD,NY,2021-11-17,Wednesday,2,1.1321,1.12916,0.0029400000000001647,short,2021-11-17 12:00:00,1.1326,2021-11-17 12:20:00,2021-11-17 12:25:00,1.13204,1.1326,1.1309199999999997,0.000560000000000116,False,extreme,2021-11-17 12:35:00,1.1326,stop,3,-1.0,0,0.0,-1.0,0.6071428571427439,1.071428571428628
EURUSD,NY,2021-11-17,Wednesday,3,1.1321,1.12916,0.0029400000000001647,short,2021-11-17 12:35:00,1.13266,2021-11-17 12:55:00,2021-11-17 13:00:00,1.13189,1.13266,1.1303500000000002,0.0007699999999999374,False,extreme,2021-11-17 20:20:00,1.13266,stop,89,-1.0,0,0.0,-1.0,1.012987012987099,1.116883116883027
EURUSD,NY,2021-11-18,Thursday,1,1.13398,1.13138,0.0025999999999999357,short,2021-11-18 06:05:00,1.13476,2021-11-18 07:15:00,2021-11-18 07:20:00,1.13392,1.13476,1.1322400000000001,0.0008399999999999519,False,extreme,2021-11-18 07:40:00,1.13476,stop,5,-1.0,0,0.0,-1.0,0.20238095238096812,1.0
EURUSD,NY,2021-11-18,Thursday,2,1.13398,1.13138,0.0025999999999999357,short,2021-11-18 07:25:00,1.13484,2021-11-18 08:20:00,2021-11-18 08:25:00,1.13384,1.13484,1.1318399999999997,0.001000000000000112,False,extreme,2021-11-18 10:20:00,1.13484,stop,24,-1.0,0,0.0,-1.0,1.1499999999998556,2.0599999999997203
EURUSD,NY,2021-11-22,Monday,1,1.12788,1.12602,0.0018599999999999728,short,2021-11-22 04:15:00,1.12905,2021-11-22 06:35:00,2021-11-22 06:40:00,1.12785,1.12905,1.1254499999999998,0.0012000000000000899,False,extreme,2021-11-22 09:05:00,1.1254499999999998,target,30,2.0,0,0.0,2.0,2.374999999999838,0.3833333333332254
EURUSD,NY,2021-11-22,Monday,2,1.12788,1.12602,0.0018599999999999728,long,2021-11-22 09:00:00,1.12361,2021-11-22 09:45:00,2021-11-22 09:50:00,1.12662,1.12361,1.1326399999999999,0.003009999999999957,False,extreme,2021-11-22 14:35:00,1.12361,stop,58,-1.0,0,0.0,-1.0,0.013289036544863977,1.0365448504983574
EURUSD,NY,2021-11-23,Tuesday,1,1.12691,1.12318,0.003730000000000011,short,2021-11-23 04:05:00,1.12752,2021-11-23 04:15:00,2021-11-23 04:20:00,1.12679,1.12752,1.1253299999999997,0.0007300000000001194,False,extreme,2021-11-23 06:10:00,1.1253299999999997,target,23,2.0,0,0.0,2.0,2.0821917808215304,0.17808219178074275
EURUSD,NY,2021-11-25,Thursday,1,1.12264,1.12102,0.0016200000000001769,short,2021-11-25 07:30:00,1.12298,2021-11-25 07:35:00,2021-11-25 07:40:00,1.12258,1.12298,1.1217799999999996,0.000400000000000178,False,extreme,2021-11-25 07:55:00,1.1217799999999996,target,4,2.0,0,0.0,2.0,2.649999999998418,0.3000000000001665
EURUSD,NY,2021-11-25,Thursday,2,1.12264,1.12102,0.0016200000000001769,long,2021-11-25 10:30:00,1.12089,2021-11-25 10:35:00,2021-11-25 10:40:00,1.12119,1.12089,1.1217899999999998,0.00029999999999996696,False,extreme,2021-11-25 10:40:00,1.12089,stop,1,-1.0,0,0.0,-1.0,0.0,1.199999999999852
EURUSD,NY,2021-11-25,Thursday,3,1.12264,1.12102,0.0016200000000001769,long,2021-11-25 10:40:00,1.12075,2021-11-25 10:50:00,2021-11-25 10:55:00,1.12121,1.12075,1.1221300000000003,0.000460000000000127,False,extreme,2021-11-25 12:15:00,1.12075,stop,17,-1.0,0,0.0,-1.0,0.6739130434781454,1.0652173913042744
EURUSD,NY,2021-11-25,Thursday,4,1.12264,1.12102,0.0016200000000001769,long,2021-11-25 12:15:00,1.12063,2021-11-25 12:50:00,2021-11-25 12:55:00,1.12103,1.12063,1.1218299999999999,0.00039999999999995595,False,extreme,2021-11-25 13:20:00,1.12063,stop,6,-1.0,0,0.0,-1.0,0.5500000000003331,1.0250000000001664
EURUSD,NY,2021-11-25,Thursday,5,1.12264,1.12102,0.0016200000000001769,long,2021-11-25 13:15:00,1.12042,2021-11-25 18:10:00,2021-11-25 18:15:00,1.12101,1.12042,1.1221900000000002,0.0005900000000000905,False,extreme,2021-11-25 19:50:00,1.1221900000000002,target,20,2.0,0,0.0,2.0,2.508474576270676,0.5254237288135338
EURUSD,NY,2021-11-26,Friday,1,1.1279,1.12209,0.005809999999999871,short,2021-11-26 05:30:00,1.12837,2021-11-26 05:35:00,2021-11-26 05:40:00,1.12769,1.12837,1.12633,0.0006800000000000139,False,extreme,2021-11-26 05:50:00,1.12837,stop,3,-1.0,0,0.0,-1.0,0.05882352941182233,1.1617647058821032
EURUSD,NY,2021-11-26,Friday,2,1.1279,1.12209,0.005809999999999871,short,2021-11-26 05:45:00,1.12954,2021-11-26 06:55:00,2021-11-26 07:00:00,1.1278,1.12954,1.1243199999999998,0.0017400000000000748,False,extreme,2021-11-26 07:55:00,1.12954,stop,12,-1.0,0,0.0,-1.0,0.22413793103441015,1.005747126436819
EURUSD,NY,2021-11-29,Monday,1,1.12852,1.12602,0.0024999999999999467,short,2021-11-29 04:15:00,1.12902,2021-11-29 04:25:00,2021-11-29 04:30:00,1.1285,1.12902,1.1274600000000004,0.0005199999999998539,False,extreme,2021-11-29 04:45:00,1.12902,stop,4,-1.0,0,0.0,-1.0,1.2307692307695264,1.0576923076927018
EURUSD,NY,2021-11-29,Monday,2,1.12852,1.12602,0.0024999999999999467,short,2021-11-29 04:40:00,1.12938,2021-11-29 05:45:00,2021-11-29 05:50:00,1.12849,1.12938,1.1267099999999999,0.0008900000000000574,False,extreme,2021-11-29 06:45:00,1.12938,stop,12,-1.0,0,0.0,-1.0,0.3707865168538429,1.0112359550560033
EURUSD,NY,2021-11-29,Monday,3,1.12852,1.12602,0.0024999999999999467,short,2021-11-29 06:00:00,1.12949,2021-11-29 07:30:00,2021-11-29 07:35:00,1.12839,1.12949,1.1261899999999998,0.001100000000000101,False,extreme,2021-11-29 08:55:00,1.1261899999999998,target,17,2.0,0,0.0,2.0,2.009090909090766,0.44545454545459684
EURUSD,NY,2021-11-29,Monday,4,1.12852,1.12602,0.0024999999999999467,short,2021-11-29 16:30:00,1.12929,2021-11-29 17:00:00,2021-11-29 17:05:00,1.12835,1.12929,1.12647,0.0009399999999999409,False,extreme,2021-11-29 18:10:00,1.12929,stop,14,-1.0,11,0.11702127659575204,-1.1170212765957521,0.0,1.085106382978814
EURUSD,NY,2021-11-30,Tuesday,1,1.13513,1.12956,0.005570000000000075,short,2021-11-30 04:05:00,1.13728,2021-11-30 06:45:00,2021-11-30 06:50:00,1.13498,1.13728,1.1303800000000002,0.0022999999999999687,False,extreme,2021-11-30 09:30:00,1.13728,stop,33,-1.0,0,0.0,-1.0,0.373913043478302,1.0695652173912784
EURUSD,NY,2021-11-30,Tuesday,2,1.13513,1.12956,0.005570000000000075,short,2021-11-30 07:35:00,1.13829,2021-11-30 10:35:00,2021-11-30 10:40:00,1.13359,1.13829,1.1241900000000002,0.0046999999999999265,False,extreme,2021-11-30 11:00:00,1.1241900000000002,target,5,2.0,0,0.0,2.0,2.1382978723404835,0.021276595744678842
EURUSD,NY,2021-11-30,Tuesday,3,1.13513,1.12956,0.005570000000000075,long,2021-11-30 10:50:00,1.12354,2021-11-30 12:30:00,2021-11-30 12:35:00,1.13072,1.12354,1.1450799999999999,0.007179999999999964,False,extreme,2021-11-30 23:55:00,1.13316,end_of_day,137,0.3398328690807813,0,0.0,0.3398328690807813,0.5306406685236922,0.07938718662952121
EURUSD,NY,2021-12-03,Friday,1,1.13024,1.12817,0.0020700000000000163,short,2021-12-03 05:10:00,1.1304,2021-12-03 05:15:00,2021-12-03 05:20:00,1.13,1.1304,1.1291999999999995,0.000400000000000178,False,extreme,2021-12-03 05:20:00,1.1304,stop,1,-1.0,0,0.0,-1.0,0.24999999999986122,1.0
EURUSD,NY,2021-12-03,Friday,2,1.13024,1.12817,0.0020700000000000163,short,2021-12-03 05:20:00,1.13162,2021-12-03 06:35:00,2021-12-03 06:40:00,1.13024,1.13162,1.1274799999999996,0.0013800000000001589,False,extreme,2021-12-03 08:30:00,1.13162,stop,23,-1.0,0,0.0,-1.0,1.0362318840577216,2.239130434782378
EURUSD,NY,2021-12-03,Friday,3,1.13024,1.12817,0.0020700000000000163,short,2021-12-03 08:30:00,1.13333,2021-12-03 08:45:00,2021-12-03 08:50:00,1.1298,1.13333,1.1227399999999998,0.003530000000000033,False,extreme,2021-12-03 16:55:00,1.131,friday_close,98,-0.33994334277622623,0,0.0,-0.33994334277622623,0.8866855524078826,0.8215297450425205
EURUSD,NY,2021-12-06,Monday,1,1.12933,1.12749,0.0018399999999998418,short,2021-12-06 04:25:00,1.1294,2021-12-06 04:30:00,2021-12-06 04:35:00,1.12902,1.1294,1.1282599999999998,0.00038000000000004697,False,extreme,2021-12-06 04:35:00,1.1294,stop,1,-1.0,0,0.0,-1.0,0.10526315789424477,1.0
EURUSD,NY,2021-12-06,Monday,2,1.12933,1.12749,0.0018399999999998418,short,2021-12-06 04:35:00,1.12945,2021-12-06 04:40:00,2021-12-06 04:45:00,1.12928,1.12945,1.12894,0.00017000000000000348,False,extreme,2021-12-06 04:45:00,1.12945,stop,1,-1.0,0,0.0,-1.0,0.0,2.647058823528413
EURUSD,NY,2021-12-06,Monday,3,1.12933,1.12749,0.0018399999999998418,short,2021-12-06 04:45:00,1.13102,2021-12-06 06:55:00,2021-12-06 07:00:00,1.12926,1.13102,1.12574,0.0017599999999999838,False,extreme,2021-12-06 23:55:00,1.1288,end_of_day,204,0.26136363636358473,0,0.0,0.26136363636358473,1.4772727272727044,0.8750000000000631
EURUSD,NY,2021-12-07,Tuesday,1,1.12986,1.12739,0.0024700000000001943,long,2021-12-07 04:00:00,1.12536,2021-12-07 04:50:00,2021-12-07 04:55:00,1.12749,1.12536,1.1317500000000005,0.0021300000000001873,False,extreme,2021-12-07 07:00:00,1.12536,stop,26,-1.0,0,0.0,-1.0,0.15962441314552914,1.0704225352112016
EURUSD,NY,2021-12-07,Tuesday,2,1.12986,1.12739,0.0024700000000001943,long,2021-12-07 05:00:00,1.12274,2021-12-07 19:00:00,2021-12-07 19:05:00,1.12742,1.12274,1.1367800000000001,0.0046800000000000175,False,extreme,2021-12-07 23:55:00,1.12908,end_of_day,59,0.3547008547008523,0,0.0,0.3547008547008523,0.4166666666666429,0.02564102564105119
EURUSD,NY,2021-12-08,Wednesday,1,1.12957,1.12786,0.0017099999999998783,long,2021-12-08 05:10:00,1.12725,2021-12-08 05:20:00,2021-12-08 05:25:00,1.12834,1.12725,1.1305199999999995,0.0010899999999998133,False,extreme,2021-12-08 06:45:00,1.12725,stop,17,-1.0,0,0.0,-1.0,1.541284403670104,1.385321100917577
EURUSD,NY,2021-12-08,Wednesday,2,1.12957,1.12786,0.0017099999999998783,long,2021-12-08 06:40:00,1.12683,2021-12-08 06:50:00,2021-12-08 06:55:00,1.12802,1.12683,1.1304,0.0011900000000000244,False,extreme,2021-12-08 07:15:00,1.12683,stop,5,-1.0,0,0.0,-1.0,0.20168067226891853,1.126050420168144
EURUSD,NY,2021-12-08,Wednesday,3,1.12957,1.12786,0.0017099999999998783,long,2021-12-08 06:55:00,1.12668,2021-12-08 07:30:00,2021-12-08 07:35:00,1.12819,1.12668,1.1312100000000003,0.0015100000000001224,False,extreme,2021-12-08 08:50:00,1.1312100000000003,target,16,2.0,0,0.0,2.0,2.0463576158938985,0.006622516556334239
EURUSD,NY,2021-12-09,Thursday,1,1.1336,1.13167,0.0019299999999999873,long,2021-12-09 04:20:00,1.13155,2021-12-09 04:30:00,2021-12-09 04:35:00,1.13175,1.13155,1.13215,0.00019999999999997797,False,extreme,2021-12-09 04:45:00,1.13215,target,3,2.0,0,0.0,2.0,2.250000000000555,0.44999999999966694
EURUSD,NY,2021-12-09,Thursday,2,1.1336,1.13167,0.0019299999999999873,long,2021-12-09 05:30:00,1.13107,2021-12-09 06:00:00,2021-12-09 06:05:00,1.13172,1.13107,1.1330200000000001,0.0006500000000000394,False,extreme,2021-12-09 07:00:00,1.13107,stop,12,-1.0,0,0.0,-1.0,0.8461538461538725,1.046153846153804
EURUSD,NY,2021-12-09,Thursday,3,1.1336,1.13167,0.0019299999999999873,long,2021-12-09 07:00:00,1.13068,2021-12-09 08:20:00,2021-12-09 08:25:00,1.13193,1.13068,1.1344300000000005,0.0012500000000001954,False,extreme,2021-12-09 09:45:00,1.13068,stop,17,-1.0,0,0.0,-1.0,0.1199999999998792,1.4319999999999204
EURUSD,NY,2021-12-10,Friday,1,1.13029,1.12848,0.0018100000000000893,long,2021-12-10 04:00:00,1.12833,2021-12-10 04:05:00,2021-12-10 04:10:00,1.12856,1.12833,1.12902,0.00022999999999995246,False,extreme,2021-12-10 04:30:00,1.12833,stop,5,-1.0,0,0.0,-1.0,1.1739130434784708,2.173913043478471
EURUSD,NY,2021-12-10,Friday,2,1.13029,1.12848,0.0018100000000000893,short,2021-12-10 08:30:00,1.13098,2021-12-10 08:35:00,2021-12-10 08:40:00,1.12933,1.13098,1.1260299999999996,0.0016500000000001513,False,extreme,2021-12-10 11:10:00,1.13098,stop,31,-1.0,0,0.0,-1.0,1.3999999999998924,1.2787878787877955
EURUSD,NY,2021-12-13,Monday,1,1.12999,1.12743,0.0025600000000001177,long,2021-12-13 04:05:00,1.12602,2021-12-13 06:25:00,2021-12-13 06:30:00,1.12764,1.12602,1.1308799999999999,0.0016199999999999548,False,extreme,2021-12-13 23:55:00,1.12776,end_of_day,210,0.07407407407415022,0,0.0,0.07407407407415022,1.90123456790127,0.30246913580240314
EURUSD,NY,2021-12-14,Tuesday,1,1.12839,1.12664,0.0017499999999999183,short,2021-12-14 04:10:00,1.13238,2021-12-14 10:35:00,2021-12-14 10:40:00,1.12832,1.13028,1.1244,0.0019599999999999618,True,swing,2021-12-14 23:55:00,1.12641,end_of_day,160,0.9744897959184263,0,0.0,0.9744897959184263,1.5,0.005102040816360055
EURUSD,NY,2021-12-15,Wednesday,1,1.12767,1.12628,0.0013900000000000023,long,2021-12-15 08:05:00,1.12558,2021-12-15 08:30:00,2021-12-15 08:35:00,1.12651,1.12558,1.1283699999999997,0.0009299999999998754,False,extreme,2021-12-15 09:30:00,1.12558,stop,12,-1.0,0,0.0,-1.0,1.0000000000002387,1.1075268817204327
EURUSD,NY,2021-12-15,Wednesday,2,1.12767,1.12628,0.0013900000000000023,long,2021-12-15 09:25:00,1.1248,2021-12-15 11:20:00,2021-12-15 11:25:00,1.12643,1.1248,1.12969,0.0016300000000000203,False,extreme,2021-12-15 14:00:00,1.1248,stop,32,-1.0,0,0.0,-1.0,0.21472392638027366,2.6012269938650117
EURUSD,NY,2021-12-15,Wednesday,3,1.12767,1.12628,0.0013900000000000023,long,2021-12-15 12:55:00,1.12219,2021-12-15 14:50:00,2021-12-15 14:55:00,1.12716,1.12245,1.13658,0.004709999999999992,True,swing,2021-12-15 23:55:00,1.12864,end_of_day,109,0.31422505307858817,0,0.0,0.31422505307858817,0.5859872611465181,0.16985138004244443
EURUSD,NY,2021-12-16,Thursday,1,1.13187,1.12837,0.0034999999999998366,short,2021-12-16 07:45:00,1.13604,2021-12-16 10:20:00,2021-12-16 10:25:00,1.13178,1.13604,1.1232600000000001,0.0042599999999999305,False,extreme,2021-12-16 23:55:00,1.13355,end_of_day,163,-0.41549295774649725,0,0.0,-0.41549295774649725,0.4553990610328837,0.4413145539905898
EURUSD,NY,2021-12-17,Friday,1,1.1349,1.13172,0.0031799999999999606,long,2021-12-17 06:05:00,1.13116,2021-12-17 06:45:00,2021-12-17 06:50:00,1.1318,1.13116,1.1330799999999999,0.0006399999999999739,False,extreme,2021-12-17 07:50:00,1.1330799999999999,target,13,2.0,0,0.0,2.0,2.093750000000271,0.8593749999997669
EURUSD,NY,2021-12-17,Friday,2,1.1349,1.13172,0.0031799999999999606,long,2021-12-17 08:40:00,1.13131,2021-12-17 08:45:00,2021-12-17 08:50:00,1.13186,1.13131,1.1329600000000002,0.0005500000000000504,False,extreme,2021-12-17 08:50:00,1.13131,stop,1,-1.0,0,0.0,-1.0,0.03636363636346754,1.1272727272727419
EURUSD,NY,2021-12-20,Monday,1,1.12706,1.12473,0.0023299999999999432,short,2021-12-20 04:00:00,1.12742,2021-12-20 04:05:00,2021-12-20 04:10:00,1.12669,1.12742,1.1252299999999997,0.0007300000000001194,False,extreme,2021-12-20 04:45:00,1.1252299999999997,target,8,2.0,0,0.0,2.0,2.260273972602273,0.027397260274147604
EURUSD,NY,2021-12-20,Monday,2,1.12706,1.12473,0.0023299999999999432,short,2021-12-20 05:50:00,1.12718,2021-12-20 05:55:00,2021-12-20 06:00:00,1.12666,1.12718,1.1256199999999998,0.000520000000000076,False,extreme,2021-12-20 06:25:00,1.12718,stop,6,-1.0,0,0.0,-1.0,0.36538461538439365,1.1153846153845004
EURUSD,NY,2021-12-20,Monday,3,1.12706,1.12473,0.0023299999999999432,short,2021-12-20 06:25:00,1.12728,2021-12-20 06:30:00,2021-12-20 06:35:00,1.12701,1.12728,1.12647,0.00026999999999999247,False,extreme,2021-12-20 06:40:00,1.12728,stop,2,-1.0,0,0.0,-1.0,0.6296296296296601,1.9259259259254387
EURUSD,NY,2021-12-20,Monday,4,1.12706,1.12473,0.0023299999999999432,short,2021-12-20 06:35:00,1.12769,2021-12-20 06:55:00,2021-12-20 07:00:00,1.12706,1.12769,1.1257999999999997,0.0006300000000001305,False,extreme,2021-12-20 08:25:00,1.12769,stop,18,-1.0,0,0.0,-1.0,0.3809523809523306,1.1587301587301084
EURUSD,NY,2021-12-21,Tuesday,1,1.13026,1.1276,0.0026600000000001067,long,2021-12-21 09:40:00,1.12621,2021-12-21 10:25:00,2021-12-21 10:30:00,1.12774,1.12621,1.1308,0.0015300000000000313,False,extreme,2021-12-21 10:55:00,1.12621,stop,6,-1.0,0,0.0,-1.0,0.4052287581699688,1.0588235294117134
EURUSD,NY,2021-12-21,Tuesday,2,1.13026,1.1276,0.0026600000000001067,long,2021-12-21 10:45:00,1.12609,2021-12-21 14:15:00,2021-12-21 14:20:00,1.12762,1.12609,1.1306800000000001,0.0015300000000000313,False,extreme,2021-12-21 23:55:00,1.12739,end_of_day,116,-0.1503267973857319,0,0.0,-0.1503267973857319,1.1699346405228246,0.3464052287582553
EURUSD,NY,2021-12-22,Wednesday,1,1.12764,1.12645,0.0011900000000000244,short,2021-12-22 04:15:00,1.12802,2021-12-22 04:20:00,2021-12-22 04:25:00,1.12752,1.12802,1.1265200000000002,0.0004999999999999449,False,extreme,2021-12-22 04:40:00,1.12802,stop,4,-1.0,0,0.0,-1.0,0.8400000000002664,1.1799999999998667
EURUSD,NY,2021-12-23,Thursday,1,1.1342,1.1312,0.0030000000000001137,long,2021-12-23 07:15:00,1.12902,2021-12-23 10:05:00,2021-12-23 10:10:00,1.13218,1.12902,1.1385,0.0031600000000000517,False,extreme,2021-12-23 23:55:00,1.13344,end_of_day,165,0.39873417721519566,0,0.0,0.39873417721519566,0.5063291139240569,0.49999999999996486
EURUSD,NY,2021-12-24,Friday,1,1.13413,1.13268,0.0014500000000001734,short,2021-12-24 05:00:00,1.13435,2021-12-24 05:20:00,2021-12-24 05:25:00,1.13402,1.13435,1.1333600000000001,0.00032999999999994145,False,extreme,2021-12-24 06:50:00,1.1333600000000001,target,18,2.0,0,0.0,2.0,2.9090909090916433,0.36363636363611895
EURUSD,NY,2021-12-27,Monday,1,1.13344,1.13104,0.0023999999999999577,long,2021-12-27 04:00:00,1.13029,2021-12-27 04:40:00,2021-12-27 04:45:00,1.13105,1.13029,1.1325700000000003,0.0007600000000000939,False,extreme,2021-12-27 09:35:00,1.1325700000000003,target,59,2.0,0,0.0,2.0,2.2368421052626353,0.9210526315790243
EURUSD,NY,2021-12-28,Tuesday,1,1.13311,1.13158,0.0015300000000000313,short,2021-12-28 05:20:00,1.13328,2021-12-28 05:45:00,2021-12-28 05:50:00,1.13295,1.13328,1.1322899999999996,0.0003300000000001635,False,extreme,2021-12-28 06:20:00,1.13328,stop,7,-1.0,0,0.0,-1.0,0.9696969696961133,1.0909090909089685
EURUSD,NY,2021-12-28,Tuesday,2,1.13311,1.13158,0.0015300000000000313,short,2021-12-28 06:15:00,1.13334,2021-12-28 06:35:00,2021-12-28 06:40:00,1.13304,1.13334,1.1324400000000001,0.00029999999999996696,False,extreme,2021-12-28 08:55:00,1.1324400000000001,target,28,2.0,0,0.0,2.0,3.0333333333335553,0.9333333333336294
EURUSD,NY,2021-12-28,Tuesday,3,1.13311,1.13158,0.0015300000000000313,long,2021-12-28 09:20:00,1.12896,2021-12-28 11:25:00,2021-12-28 11:30:00,1.1319,1.12896,1.1377799999999998,0.0029399999999999427,False,extreme,2021-12-28 23:55:00,1.13042,end_of_day,150,-0.5034013605442023,0,0.0,-0.5034013605442023,0.06462585034018306,0.7312925170067742
EURUSD,NY,2021-12-29,Wednesday,1,1.13073,1.12816,0.002569999999999961,long,2021-12-29 04:00:00,1.12738,2021-12-29 05:05:00,2021-12-29 05:10:00,1.12818,1.12738,1.1297799999999998,0.0007999999999999119,False,extreme,2021-12-29 06:20:00,1.1297799999999998,target,15,2.0,0,0.0,2.0,2.1875000000004166,0.4124999999999722
EURUSD,NY,2021-12-30,Thursday,1,1.13329,1.13002,0.003269999999999884,short,2021-12-30 07:35:00,1.13445,2021-12-30 08:00:00,2021-12-30 08:05:00,1.13301,1.13445,1.1301300000000003,0.0014399999999998858,False,extreme,2021-12-30 09:00:00,1.1301300000000003,target,12,2.0,0,0.0,2.0,2.187500000000164,0.5625000000000289
EURUSD,NY,2021-12-30,Thursday,2,1.13329,1.13002,0.003269999999999884,short,2021-12-30 09:55:00,1.13401,2021-12-30 10:15:00,2021-12-30 10:20:00,1.13316,1.13401,1.13146,0.0008500000000000174,False,extreme,2021-12-30 10:45:00,1.13146,target,6,2.0,0,0.0,2.0,2.752941176470542,0.1411764705883736
EURUSD,NY,2021-12-31,Friday,1,1.13255,1.13033,0.0022199999999998887,short,2021-12-31 04:10:00,1.13364,2021-12-31 05:45:00,2021-12-31 05:50:00,1.13215,1.13364,1.12917,0.0014899999999999913,False,extreme,2021-12-31 08:45:00,1.13364,stop,36,-1.0,0,0.0,-1.0,0.6308724832214405,1.4496644295301693
EURUSD,NY,2022-01-03,Monday,1,1.13501,1.1335,0.0015100000000001224,short,2022-01-03 04:10:00,1.13564,2022-01-03 04:25:00,2022-01-03 04:30:00,1.13388,1.13564,1.13036,0.0017599999999999838,False,extreme,2022-01-03 05:00:00,1.13564,stop,7,-1.0,0,0.0,-1.0,0.1761363636363837,1.1079545454544968
EURUSD,NY,2022-01-03,Monday,2,1.13501,1.1335,0.0015100000000001224,short,2022-01-03 04:50:00,1.13662,2022-01-03 07:35:00,2022-01-03 07:40:00,1.13499,1.13662,1.13173,0.0016300000000000203,False,extreme,2022-01-03 09:45:00,1.13173,target,26,2.0,0,0.0,2.0,2.030674846625695,0.8834355828221411
EURUSD,NY,2022-01-04,Tuesday,1,1.13071,1.12833,0.0023800000000000487,long,2022-01-04 06:25:00,1.1277,2022-01-04 06:45:00,2022-01-04 06:50:00,1.12849,1.1277,1.1300700000000001,0.0007900000000000684,False,extreme,2022-01-04 06:55:00,1.1277,stop,2,-1.0,0,0.0,-1.0,0.05063291139245132,1.1012658227846215
EURUSD,NY,2022-01-04,Tuesday,2,1.13071,1.12833,0.0023800000000000487,long,2022-01-04 06:50:00,1.12723,2022-01-04 08:20:00,2022-01-04 08:25:00,1.12842,1.12723,1.1308,0.0011900000000000244,False,extreme,2022-01-04 10:25:00,1.1308,target,25,2.0,0,0.0,2.0,2.7142857142857144,0.6638655462185313
EURUSD,NY,2022-01-04,Tuesday,3,1.13071,1.12833,0.0023800000000000487,short,2022-01-04 10:25:00,1.13225,2022-01-04 11:05:00,2022-01-04 11:10:00,1.13016,1.13225,1.1259800000000002,0.0020899999999999253,False,extreme,2022-01-04 23:55:00,1.1289,end_of_day,154,0.6028708133971693,0,0.0,0.6028708133971693,1.1770334928230701,0.27272727272726305
EURUSD,NY,2022-01-05,Wednesday,1,1.1311,1.12875,0.0023500000000000743,short,2022-01-05 05:05:00,1.13136,2022-01-05 05:10:00,2022-01-05 05:15:00,1.13096,1.13136,1.13016,0.00039999999999995595,False,extreme,2022-01-05 05:15:00,1.13136,stop,1,-1.0,0,0.0,-1.0,0.25,1.0
EURUSD,NY,2022-01-05,Wednesday,2,1.1311,1.12875,0.0023500000000000743,short,2022-01-05 05:15:00,1.13136,2022-01-05 05:20:00,2022-01-05 05:25:00,1.13092,1.13136,1.13004,0.00043999999999999595,False,extreme,2022-01-05 05:30:00,1.13136,stop,2,-1.0,0,0.0,-1.0,0.0,1.0909090909091828
EURUSD,NY,2022-01-05,Wednesday,3,1.1311,1.12875,0.0023500000000000743,short,2022-01-05 05:25:00,1.1314,2022-01-05 05:35:00,2022-01-05 05:40:00,1.13085,1.1314,1.1297499999999998,0.0005500000000000504,False,extreme,2022-01-05 06:05:00,1.1314,stop,6,-1.0,0,0.0,-1.0,0.6727272727271773,1.0
EURUSD,NY,2022-01-05,Wednesday,4,1.1311,1.12875,0.0023500000000000743,short,2022-01-05 06:05:00,1.13262,2022-01-05 07:35:00,2022-01-05 07:40:00,1.1308,1.13262,1.1271600000000002,0.0018199999999999328,False,extreme,2022-01-05 08:45:00,1.13262,stop,14,-1.0,0,0.0,-1.0,0.26923076923083494,1.14285714285723
EURUSD,NY,2022-01-05,Wednesday,5,1.1311,1.12875,0.0023500000000000743,short,2022-01-05 08:35:00,1.13465,2022-01-05 14:55:00,2022-01-05 15:00:00,1.13104,1.13465,1.1238200000000003,0.003609999999999891,False,extreme,2022-01-05 23:55:00,1.13124,end_of_day,108,-0.05540166204985707,0,0.0,-0.05540166204985707,0.22714681440445086,0.2825484764543079
EURUSD,NY,2022-01-06,Thursday,1,1.13124,1.12847,0.002769999999999939,short,2022-01-06 05:05:00,1.13268,2022-01-06 05:50:00,2022-01-06 05:55:00,1.13096,1.13268,1.12752,0.0017199999999999438,False,extreme,2022-01-06 09:30:00,1.13268,stop,44,-1.0,0,0.0,-1.0,0.424418604651117,1.0290697674419227
EURUSD,NY,2022-01-06,Thursday,2,1.13124,1.12847,0.002769999999999939,short,2022-01-06 09:30:00,1.13319,2022-01-06 10:05:00,2022-01-06 10:10:00,1.13062,1.13319,1.12548,0.002569999999999961,False,extreme,2022-01-06 23:55:00,1.13007,end_of_day,166,0.21400778210119017,0,0.0,0.21400778210119017,0.77821011673153,0.45136186770430636
EURUSD,NY,2022-01-07,Friday,1,1.13153,1.12982,0.0017099999999998783,short,2022-01-07 04:25:00,1.13176,2022-01-07 04:40:00,2022-01-07 04:45:00,1.13151,1.13176,1.1310099999999998,0.0002500000000000835,False,extreme,2022-01-07 05:00:00,1.13176,stop,4,-1.0,0,0.0,-1.0,0.9199999999995027,1.319999999999325
EURUSD,NY,2022-01-07,Friday,2,1.13153,1.12982,0.0017099999999998783,short,2022-01-07 05:00:00,1.13191,2022-01-07 05:20:00,2022-01-07 05:25:00,1.13144,1.13191,1.1305,0.00046999999999997044,False,extreme,2022-01-07 05:50:00,1.1305,target,6,2.0,0,0.0,2.0,2.127659574468457,0.21276595744679846
EURUSD,NY,2022-01-07,Friday,3,1.13153,1.12982,0.0017099999999998783,long,2022-01-07 07:30:00,1.12966,2022-01-07 07:35:00,2022-01-07 07:40:00,1.12996,1.12966,1.13056,0.00029999999999996696,False,extreme,2022-01-07 07:55:00,1.12966,stop,4,-1.0,0,0.0,-1.0,0.800000000000148,1.1000000000006662
EURUSD,NY,2022-01-07,Friday,4,1.13153,1.12982,0.0017099999999998783,long,2022-01-07 07:55:00,1.12963,2022-01-07 08:00:00,2022-01-07 08:05:00,1.12992,1.12963,1.1305000000000003,0.0002900000000001235,False,extreme,2022-01-07 08:10:00,1.12963,stop,2,-1.0,0,0.0,-1.0,0.24137931034477478,1.5172413793096848
EURUSD,NY,2022-01-07,Friday,5,1.13153,1.12982,0.0017099999999998783,long,2022-01-07 08:35:00,1.12922,2022-01-07 08:40:00,2022-01-07 08:45:00,1.12987,1.12922,1.13117,0.0006500000000000394,False,extreme,2022-01-07 08:45:00,1.13117,target,1,2.0,0,0.0,2.0,2.6461538461539407,0.0
EURUSD,NY,2022-01-10,Monday,1,1.13364,1.13207,0.0015700000000000713,short,2022-01-10 04:05:00,1.13447,2022-01-10 04:25:00,2022-01-10 04:30:00,1.13353,1.13447,1.1316499999999996,0.0009400000000001629,False,extreme,2022-01-10 07:40:00,1.1316499999999996,target,39,2.0,0,0.0,2.0,2.265957446808081,0.1063829787233741
EURUSD,NY,2022-01-10,Monday,2,1.13364,1.13207,0.0015700000000000713,long,2022-01-10 07:30:00,1.13119,2022-01-10 08:15:00,2022-01-10 08:20:00,1.13232,1.13119,1.1345800000000001,0.0011300000000000754,False,extreme,2022-01-10 08:30:00,1.13119,stop,3,-1.0,0,0.0,-1.0,0.09734513274340456,1.0
EURUSD,NY,2022-01-10,Monday,3,1.13364,1.13207,0.0015700000000000713,long,2022-01-10 08:20:00,1.12852,2022-01-10 10:40:00,2022-01-10 10:45:00,1.13228,1.12888,1.1390799999999996,0.0033999999999998476,True,swing,2022-01-10 23:55:00,1.13408,end_of_day,159,0.5294117647059131,0,0.0,0.5294117647059131,0.6176470588235544,0.19705882352940543
EURUSD,NY,2022-01-11,Tuesday,1,1.13518,1.13318,0.0020000000000000018,short,2022-01-11 04:10:00,1.1352,2022-01-11 04:15:00,2022-01-11 04:20:00,1.13509,1.1352,1.1348699999999998,0.0001100000000000545,False,extreme,2022-01-11 04:25:00,1.1348699999999998,target,2,2.0,0,0.0,2.0,5.636363636359416,0.2727272727269057
EURUSD,NY,2022-01-11,Tuesday,2,1.13518,1.13318,0.0020000000000000018,long,2022-01-11 04:50:00,1.13288,2022-01-11 04:55:00,2022-01-11 05:00:00,1.13335,1.13288,1.13429,0.00046999999999997044,False,extreme,2022-01-11 05:25:00,1.13288,stop,6,-1.0,0,0.0,-1.0,1.1702127659571553,1.5106382978724109
EURUSD,NY,2022-01-11,Tuesday,3,1.13518,1.13318,0.0020000000000000018,long,2022-01-11 05:25:00,1.13264,2022-01-11 05:35:00,2022-01-11 05:40:00,1.13335,1.13264,1.13477,0.0007099999999999884,False,extreme,2022-01-11 06:00:00,1.13264,stop,5,-1.0,0,0.0,-1.0,0.19718309859159333,1.042253521127038
EURUSD,NY,2022-01-11,Tuesday,4,1.13518,1.13318,0.0020000000000000018,long,2022-01-11 05:45:00,1.13261,2022-01-11 06:25:00,2022-01-11 06:30:00,1.13328,1.13261,1.1346200000000004,0.0006700000000001705,False,extreme,2022-01-11 08:40:00,1.13261,stop,27,-1.0,0,0.0,-1.0,1.6119402985070077,1.1791044776117425
EURUSD,NY,2022-01-11,Tuesday,5,1.13518,1.13318,0.0020000000000000018,long,2022-01-11 08:35:00,1.1313,2022-01-11 10:05:00,2022-01-11 10:10:00,1.13366,1.1313,1.1383799999999997,0.0023599999999999177,False,extreme,2022-01-11 23:55:00,1.13727,end_of_day,166,1.5296610169492537,0,0.0,1.5296610169492537,1.6525423728814197,0.21186440677964508
EURUSD,NY,2022-01-14,Friday,1,1.14829,1.14603,0.0022599999999999287,long,2022-01-14 04:45:00,1.1456,2022-01-14 05:10:00,2022-01-14 05:15:00,1.14603,1.1456,1.1468900000000004,0.0004300000000001525,False,extreme,2022-01-14 05:20:00,1.1456,stop,2,-1.0,0,0.0,-1.0,0.023255813953116097,1.1162790697671297
EURUSD,NY,2022-01-14,Friday,2,1.14829,1.14603,0.0022599999999999287,long,2022-01-14 05:15:00,1.14555,2022-01-14 05:30:00,2022-01-14 05:35:00,1.14603,1.14555,1.1469900000000002,0.00048000000000003595,False,extreme,2022-01-14 05:55:00,1.14555,stop,5,-1.0,0,0.0,-1.0,0.16666666666635827,1.270833333333237
EURUSD,NY,2022-01-17,Monday,1,1.14344,1.1412,0.0022400000000000198,long,2022-01-17 06:40:00,1.14064,2022-01-17 06:50:00,2022-01-17 06:55:00,1.14158,1.14064,1.14346,0.0009399999999999409,False,extreme,2022-01-17 07:20:00,1.14064,stop,6,-1.0,0,0.0,-1.0,0.18085106382980232,1.0106382978724109
EURUSD,NY,2022-01-17,Monday,2,1.14344,1.1412,0.0022400000000000198,long,2022-01-17 07:10:00,1.13919,2022-01-17 09:40:00,2022-01-17 09:45:00,1.14128,1.13919,1.1454600000000004,0.0020900000000001473,False,extreme,2022-01-17 22:45:00,1.13919,stop,157,-1.0,0,0.0,-1.0,0.4114832535884212,1.057416267942531
EURUSD,NY,2022-01-18,Tuesday,1,1.14059,1.13872,0.0018700000000000383,long,2022-01-18 06:30:00,1.1386,2022-01-18 06:35:00,2022-01-18 06:40:00,1.1389,1.1386,1.1395,0.00029999999999996696,False,extreme,2022-01-18 06:55:00,1.1386,stop,4,-1.0,0,0.0,-1.0,0.800000000000148,1.866666666667259
EURUSD,NY,2022-01-18,Tuesday,2,1.14059,1.13872,0.0018700000000000383,long,2022-01-18 06:55:00,1.13814,2022-01-18 07:25:00,2022-01-18 07:30:00,1.1389,1.13814,1.1404200000000002,0.0007600000000000939,False,extreme,2022-01-18 07:55:00,1.13814,stop,6,-1.0,0,0.0,-1.0,0.3815789473682442,1.0
EURUSD,NY,2022-01-19,Wednesday,1,1.13428,1.13271,0.0015699999999998493,short,2022-01-19 04:05:00,1.13482,2022-01-19 04:25:00,2022-01-19 04:30:00,1.13422,1.13482,1.1330200000000001,0.0005999999999999339,False,extreme,2022-01-19 05:35:00,1.13482,stop,14,-1.0,0,0.0,-1.0,0.900000000000074,1.0333333333335555
EURUSD,NY,2022-01-19,Wednesday,2,1.13428,1.13271,0.0015699999999998493,short,2022-01-19 05:20:00,1.13498,2022-01-19 06:30:00,2022-01-19 06:35:00,1.13398,1.13498,1.1319799999999998,0.001000000000000112,False,extreme,2022-01-19 08:20:00,1.13498,stop,22,-1.0,0,0.0,-1.0,0.6599999999998091,1.0199999999999068
EURUSD,NY,2022-01-19,Wednesday,3,1.13428,1.13271,0.0015699999999998493,short,2022-01-19 08:05:00,1.13507,2022-01-19 08:40:00,2022-01-19 08:45:00,1.13427,1.13507,1.1326699999999996,0.0008000000000001339,False,extreme,2022-01-19 09:45:00,1.13507,stop,13,-1.0,0,0.0,-1.0,0.71249999999983,1.4375000000000173
EURUSD,NY,2022-01-19,Wednesday,4,1.13428,1.13271,0.0015699999999998493,short,2022-01-19 09:35:00,1.13542,2022-01-19 09:50:00,2022-01-19 09:55:00,1.1342,1.13542,1.13176,0.0012199999999999989,False,extreme,2022-01-19 11:25:00,1.13542,stop,19,-1.0,0,0.0,-1.0,0.49180327868865287,1.2377049180327064
EURUSD,NY,2022-01-19,Wednesday,5,1.13428,1.13271,0.0015699999999998493,short,2022-01-19 10:55:00,1.13571,2022-01-19 12:45:00,2022-01-19 12:50:00,1.13407,1.13571,1.1307899999999997,0.0016400000000000858,False,extreme,2022-01-19 20:15:00,1.13571,stop,90,-1.0,0,0.0,-1.0,0.2987804878047889,1.292682926829275
EURUSD,NY,2022-01-20,Thursday,1,1.1369,1.13456,0.0023400000000000087,long,2022-01-20 05:20:00,1.13419,2022-01-20 05:40:00,2022-01-20 05:45:00,1.1346,1.13419,1.13542,0.00041000000000002146,False,extreme,2022-01-20 06:05:00,1.13419,stop,5,-1.0,0,0.0,-1.0,0.5609756097559523,1.0975609756098486
EURUSD,NY,2022-01-20,Thursday,2,1.1369,1.13456,0.0023400000000000087,long,2022-01-20 06:05:00,1.13313,2022-01-20 08:30:00,2022-01-20 08:35:00,1.13467,1.13313,1.1377500000000003,0.0015400000000000968,False,extreme,2022-01-20 10:15:00,1.13313,stop,21,-1.0,0,0.0,-1.0,0.7207792207791394,1.1688311688311108
EURUSD,NY,2022-01-20,Thursday,3,1.1369,1.13456,0.0023400000000000087,long,2022-01-20 09:40:00,1.13287,2022-01-20 10:45:00,2022-01-20 10:50:00,1.13495,1.13287,1.1391099999999996,0.0020799999999998597,False,extreme,2022-01-20 12:50:00,1.13287,stop,25,-1.0,0,0.0,-1.0,0.1826923076923426,1.004807692307724
EURUSD,NY,2022-01-21,Friday,1,1.13401,1.13225,0.0017599999999999838,short,2022-01-21 04:25:00,1.13453,2022-01-21 04:55:00,2022-01-21 05:00:00,1.13392,1.13453,1.1327,0.0006099999999999994,False,extreme,2022-01-21 06:30:00,1.1327,target,19,2.0,0,0.0,2.0,2.213114754098301,0.39344262295084953
EURUSD,NY,2022-01-21,Friday,2,1.13401,1.13225,0.0017599999999999838,short,2022-01-21 07:35:00,1.13447,2022-01-21 07:55:00,2022-01-21 08:00:00,1.13378,1.13447,1.1323999999999999,0.0006900000000000794,False,extreme,2022-01-21 08:05:00,1.13447,stop,2,-1.0,0,0.0,-1.0,0.05797101449280492,1.3043478260866628
EURUSD,NY,2022-01-21,Friday,3,1.13401,1.13225,0.0017599999999999838,short,2022-01-21 08:00:00,1.13598,2022-01-21 10:35:00,2022-01-21 10:40:00,1.13398,1.13598,1.12998,0.0020000000000000018,False,extreme,2022-01-21 16:55:00,1.13427,friday_close,76,-0.14499999999995059,0,0.0,-0.14499999999995059,0.14000000000002888,0.6800000000000134
EURUSD,NY,2022-01-24,Monday,1,1.13323,1.13107,0.0021599999999999397,short,2022-01-24 04:25:00,1.13366,2022-01-24 04:35:00,2022-01-24 04:40:00,1.13301,1.13366,1.1317100000000004,0.0006499999999998174,False,extreme,2022-01-24 05:45:00,1.1317100000000004,target,14,2.0,0,0.0,2.0,2.446153846154503,0.015384615384378887
EURUSD,NY,2022-01-24,Monday,2,1.13323,1.13107,0.0021599999999999397,long,2022-01-24 06:45:00,1.12906,2022-01-24 10:30:00,2022-01-24 10:35:00,1.1316,1.12906,1.13668,0.0025399999999999867,False,extreme,2022-01-24 23:55:00,1.1312,end_of_day,161,-0.1574803149606134,0,0.0,-0.1574803149606134,0.7519685039370426,0.4527559055118072
EURUSD,NY,2022-01-25,Tuesday,1,1.13159,1.12921,0.0023800000000000487,long,2022-01-25 04:40:00,1.12633,2022-01-25 13:15:00,2022-01-25 13:20:00,1.1294,1.12633,1.1355399999999998,0.003069999999999906,False,extreme,2022-01-25 23:55:00,1.13017,end_of_day,128,0.2508143322475443,0,0.0,0.2508143322475443,0.5472312703583639,0.06514657980455507
EURUSD,NY,2022-01-26,Wednesday,1,1.13054,1.12844,0.0020999999999999908,long,2022-01-26 04:30:00,1.12834,2022-01-26 04:35:00,2022-01-26 04:40:00,1.1286,1.12834,1.1291200000000003,0.000260000000000149,False,extreme,2022-01-26 05:05:00,1.12834,stop,6,-1.0,0,0.0,-1.0,0.999999999999146,1.0384615384609144
EURUSD,NY,2022-01-26,Wednesday,2,1.13054,1.12844,0.0020999999999999908,long,2022-01-26 05:15:00,1.12797,2022-01-26 05:20:00,2022-01-26 05:25:00,1.12849,1.12797,1.1295300000000001,0.000520000000000076,False,extreme,2022-01-26 05:35:00,1.12797,stop,3,-1.0,0,0.0,-1.0,0.13461538461539282,1.2499999999998932
EURUSD,NY,2022-01-26,Wednesday,3,1.13054,1.12844,0.0020999999999999908,long,2022-01-26 05:25:00,1.12752,2022-01-26 07:45:00,2022-01-26 07:50:00,1.1286,1.12752,1.13076,0.0010799999999999699,False,extreme,2022-01-26 08:25:00,1.12752,stop,8,-1.0,0,0.0,-1.0,0.00925925925911458,1.0092592592593201
EURUSD,NY,2022-01-26,Wednesday,4,1.13054,1.12844,0.0020999999999999908,long,2022-01-26 07:50:00,1.12718,2022-01-26 09:05:00,2022-01-26 09:10:00,1.12881,1.12718,1.1320700000000001,0.0016300000000000203,False,extreme,2022-01-26 14:35:00,1.12718,stop,66,-1.0,0,0.0,-1.0,0.7546012269937589,1.2638036809816853
EURUSD,NY,2022-01-28,Friday,1,1.11551,1.11215,0.0033600000000000296,short,2022-01-28 08:35:00,1.11636,2022-01-28 08:45:00,2022-01-28 08:50:00,1.1151,1.11636,1.11258,0.0012600000000000389,False,extreme,2022-01-28 08:55:00,1.11636,stop,2,-1.0,0,0.0,-1.0,0.11111111111113069,1.4206349206348436
EURUSD,NY,2022-01-28,Friday,2,1.11551,1.11215,0.0033600000000000296,short,2022-01-28 08:50:00,1.11738,2022-01-28 09:10:00,2022-01-28 09:15:00,1.11509,1.11738,1.1105099999999997,0.0022900000000001253,False,extreme,2022-01-28 16:55:00,1.11487,friday_close,93,0.09606986899557857,0,0.0,0.09606986899557857,0.5502183406112436,0.8165938864628541
EURUSD,NY,2022-01-31,Monday,1,1.11825,1.11608,0.0021700000000000053,long,2022-01-31 06:25:00,1.11531,2022-01-31 06:50:00,2022-01-31 06:55:00,1.1162,1.11531,1.1179800000000002,0.0008900000000000574,False,extreme,2022-01-31 07:15:00,1.11531,stop,5,-1.0,0,0.0,-1.0,0.11235955056177813,1.3932584269663482
EURUSD,NY,2022-01-31,Monday,2,1.11825,1.11608,0.0021700000000000053,long,2022-01-31 06:55:00,1.11464,2022-01-31 08:25:00,2022-01-31 08:30:00,1.1162,1.11464,1.11932,0.0015600000000000058,False,extreme,2022-01-31 08:50:00,1.11932,target,5,2.0,0,0.0,2.0,2.044871794871804,0.1282051282051136
EURUSD,NY,2022-02-01,Tuesday,1,1.12696,1.12343,0.003530000000000033,short,2022-02-01 06:25:00,1.12788,2022-02-01 07:25:00,2022-02-01 07:30:00,1.12687,1.12788,1.1248500000000001,0.0010099999999999554,False,extreme,2022-02-01 10:40:00,1.1248500000000001,target,39,2.0,0,0.0,2.0,2.1881188118813295,0.5841584158414797
EURUSD,NY,2022-02-01,Tuesday,2,1.12696,1.12343,0.003530000000000033,short,2022-02-01 16:15:00,1.12738,2022-02-01 17:00:00,2022-02-01 17:05:00,1.12689,1.12738,1.1259099999999997,0.0004900000000001015,False,extreme,2022-02-01 18:50:00,1.12738,stop,22,-1.0,28,0.5714285714284532,-1.571428571428453,0.020408163264982442,1.0
EURUSD,NY,2022-02-01,Tuesday,3,1.12696,1.12343,0.003530000000000033,short,2022-02-01 18:25:00,1.12749,2022-02-01 19:25:00,2022-02-01 19:30:00,1.12692,1.12749,1.1257799999999996,0.0005700000000001815,False,extreme,2022-02-01 20:30:00,1.12749,stop,13,-1.0,0,0.0,-1.0,0.1754385964911529,1.0
EURUSD,NY,2022-02-02,Wednesday,1,1.12942,1.12667,0.00275000000000003,short,2022-02-02 05:00:00,1.1305,2022-02-02 05:05:00,2022-02-02 05:10:00,1.12902,1.1305,1.1260599999999996,0.0014800000000001479,False,extreme,2022-02-02 05:30:00,1.1305,stop,5,-1.0,0,0.0,-1.0,0.02027027027025101,1.2635135135134132
EURUSD,NY,2022-02-02,Wednesday,2,1.12942,1.12667,0.00275000000000003,short,2022-02-02 05:10:00,1.13301,2022-02-02 11:10:00,2022-02-02 11:15:00,1.12944,1.13301,1.1222999999999999,0.003570000000000073,False,extreme,2022-02-02 23:55:00,1.12967,end_of_day,153,-0.06442577030810862,0,0.0,-0.06442577030810862,0.039215686274517124,0.5602240896358434
EURUSD,NY,2022-02-03,Thursday,1,1.13026,1.12881,0.0014499999999999513,long,2022-02-03 04:30:00,1.12852,2022-02-03 04:45:00,2022-02-03 04:50:00,1.12892,1.12852,1.1297199999999998,0.00039999999999995595,False,extreme,2022-02-03 04:55:00,1.12852,stop,2,-1.0,0,0.0,-1.0,0.25,1.3249999999999444
EURUSD,NY,2022-02-03,Thursday,2,1.13026,1.12881,0.0014499999999999513,long,2022-02-03 04:50:00,1.12753,2022-02-03 07:05:00,2022-02-03 07:10:00,1.12912,1.12753,1.1322999999999999,0.0015899999999999803,False,extreme,2022-02-03 07:45:00,1.12753,stop,8,-1.0,0,0.0,-1.0,0.4591194968554267,1.4968553459118592
EURUSD,NY,2022-02-03,Thursday,3,1.13026,1.12881,0.0014499999999999513,long,2022-02-03 07:45:00,1.12674,2022-02-03 07:55:00,2022-02-03 08:00:00,1.12915,1.12674,1.1339700000000001,0.0024100000000000232,False,extreme,2022-02-03 08:40:00,1.1339700000000001,target,9,2.0,0,0.0,2.0,2.0705394190870456,0.5020746887967401
EURUSD,NY,2022-02-04,Friday,1,1.14688,1.14398,0.0028999999999999027,short,2022-02-04 05:05:00,1.14754,2022-02-04 05:15:00,2022-02-04 05:20:00,1.14672,1.14754,1.1450799999999999,0.0008200000000000429,False,extreme,2022-02-04 06:40:00,1.14754,stop,17,-1.0,0,0.0,-1.0,1.2560975609753786,1.1829268292683983
EURUSD,NY,2022-02-04,Friday,2,1.14688,1.14398,0.0028999999999999027,short,2022-02-04 06:30:00,1.14839,2022-02-04 07:55:00,2022-02-04 08:00:00,1.14654,1.14839,1.1428399999999996,0.0018500000000001293,False,extreme,2022-02-04 08:40:00,1.1428399999999996,target,9,2.0,0,0.0,2.0,2.2810810810808624,0.15135135135137212
EURUSD,NY,2022-02-04,Friday,3,1.14688,1.14398,0.0028999999999999027,long,2022-02-04 08:30:00,1.14218,2022-02-04 09:00:00,2022-02-04 09:05:00,1.14424,1.14218,1.1483599999999998,0.0020599999999999508,False,extreme,2022-02-04 09:50:00,1.14218,stop,10,-1.0,0,0.0,-1.0,0.7572815533980792,1.048543689320384
EURUSD,NY,2022-02-04,Friday,4,1.14688,1.14398,0.0028999999999999027,long,2022-02-04 09:45:00,1.14117,2022-02-04 10:30:00,2022-02-04 10:35:00,1.14403,1.14117,1.1497500000000003,0.0028600000000000847,False,extreme,2022-02-04 16:55:00,1.14496,friday_close,77,0.325174825174772,0,0.0,0.325174825174772,0.8321678321677469,0.4545454545454687
EURUSD,NY,2022-02-07,Monday,1,1.14493,1.14257,0.0023599999999999177,long,2022-02-07 04:10:00,1.14151,2022-02-07 05:20:00,2022-02-07 05:25:00,1.1429,1.14151,1.14568,0.0013900000000000023,False,extreme,2022-02-07 07:45:00,1.14568,target,29,2.0,0,0.0,2.0,2.050359712230226,0.913669064748275
EURUSD,NY,2022-02-07,Monday,2,1.14493,1.14257,0.0023599999999999177,short,2022-02-07 07:45:00,1.14588,2022-02-07 08:05:00,2022-02-07 08:10:00,1.14482,1.14588,1.1426999999999998,0.001060000000000061,False,extreme,2022-02-07 09:10:00,1.1426999999999998,target,13,2.0,0,0.0,2.0,2.1226415094337114,0.16981132075477232
EURUSD,NY,2022-02-07,Monday,3,1.14493,1.14257,0.0023599999999999177,long,2022-02-07 09:15:00,1.14205,2022-02-07 09:30:00,2022-02-07 09:35:00,1.14288,1.14205,1.1445399999999997,0.0008299999999998864,False,extreme,2022-02-07 10:15:00,1.1445399999999997,target,9,2.0,0,0.0,2.0,2.337349397590745,0.2891566265058178
EURUSD,NY,2022-02-07,Monday,4,1.14493,1.14257,0.0023599999999999177,long,2022-02-07 12:25:00,1.14172,2022-02-07 13:55:00,2022-02-07 14:00:00,1.14265,1.14172,1.1445099999999997,0.0009299999999998754,False,extreme,2022-02-07 20:05:00,1.1445099999999997,target,74,2.0,0,0.0,2.0,2.1075268817206716,0.11827956989254756
EURUSD,NY,2022-02-08,Tuesday,1,1.14251,1.13962,0.002889999999999837,short,2022-02-08 05:55:00,1.14309,2022-02-08 06:00:00,2022-02-08 06:05:00,1.14251,1.14309,1.1413499999999999,0.0005800000000000249,False,extreme,2022-02-08 06:45:00,1.14309,stop,9,-1.0,0,0.0,-1.0,0.46551724137927736,1.4482758620692031
EURUSD,NY,2022-02-08,Tuesday,2,1.14251,1.13962,0.002889999999999837,short,2022-02-08 06:05:00,1.14335,2022-02-08 07:00:00,2022-02-08 07:05:00,1.14238,1.14335,1.1404399999999997,0.0009700000000001374,False,extreme,2022-02-08 08:20:00,1.1404399999999997,target,16,2.0,0,0.0,2.0,2.402061855669704,0.3505154639174833
EURUSD,NY,2022-02-09,Wednesday,1,1.14278,1.14026,0.0025199999999998557,short,2022-02-09 05:10:00,1.14459,2022-02-09 09:20:00,2022-02-09 09:25:00,1.14277,1.14459,1.1391300000000002,0.0018199999999999328,False,extreme,2022-02-09 12:35:00,1.14459,stop,39,-1.0,0,0.0,-1.0,0.11538461538464354,1.109890109890102
EURUSD,NY,2022-02-09,Wednesday,2,1.14278,1.14026,0.0025199999999998557,short,2022-02-09 09:35:00,1.14479,2022-02-09 15:10:00,2022-02-09 15:15:00,1.14266,1.14479,1.1384,0.0021299999999999653,False,extreme,2022-02-09 23:55:00,1.14252,end_of_day,105,0.06572769953053112,0,0.0,0.06572769953053112,0.6338028169014011,0.23474178403753665
EURUSD,NY,2022-02-10,Thursday,1,1.14336,1.14195,0.0014099999999999113,short,2022-02-10 04:00:00,1.14463,2022-02-10 06:45:00,2022-02-10 06:50:00,1.14334,1.14463,1.14076,0.0012900000000000134,False,extreme,2022-02-10 08:30:00,1.14076,target,21,2.0,0,0.0,2.0,3.4263565891473213,0.6356589147287088
EURUSD,NY,2022-02-10,Thursday,2,1.14336,1.14195,0.0014099999999999113,short,2022-02-10 10:05:00,1.14949,2022-02-10 15:55:00,2022-02-10 16:00:00,1.14314,1.1455,1.1384200000000002,0.0023599999999999177,True,swing,2022-02-10 23:15:00,1.1384200000000002,target,88,2.0,0,0.0,2.0,2.072033898305183,0.08474576271185803
EURUSD,NY,2022-02-11,Friday,1,1.1398,1.137,0.0027999999999999137,short,2022-02-11 05:55:00,1.13996,2022-02-11 06:00:00,2022-02-11 06:05:00,1.1397,1.13996,1.1391799999999996,0.000260000000000149,False,extreme,2022-02-11 06:30:00,1.1391799999999996,target,6,2.0,0,0.0,2.0,2.5769230769214015,0.11538461538445115
EURUSD,NY,2022-02-11,Friday,2,1.1398,1.137,0.0027999999999999137,short,2022-02-11 07:05:00,1.1418,2022-02-11 08:40:00,2022-02-11 08:45:00,1.13958,1.1418,1.1351400000000003,0.0022199999999998887,False,extreme,2022-02-11 13:40:00,1.1351400000000003,target,60,2.0,0,0.0,2.0,2.3828828828830098,0.5540540540541108
EURUSD,NY,2022-02-14,Monday,1,1.13524,1.1304,0.0048399999999999554,long,2022-02-14 05:15:00,1.13016,2022-02-14 05:20:00,2022-02-14 05:25:00,1.13081,1.13016,1.1321100000000002,0.0006500000000000394,False,extreme,2022-02-14 06:10:00,1.13016,stop,10,-1.0,0,0.0,-1.0,1.553846153845991,1.0615384615385193
EURUSD,NY,2022-02-14,Monday,2,1.13524,1.1304,0.0048399999999999554,long,2022-02-14 06:05:00,1.13009,2022-02-14 06:20:00,2022-02-14 06:25:00,1.13044,1.13009,1.1311399999999996,0.00034999999999985043,False,extreme,2022-02-14 06:55:00,1.1311399999999996,target,7,2.0,0,0.0,2.0,2.114285714287146,0.971428571428372
EURUSD,NY,2022-02-14,Monday,3,1.13524,1.1304,0.0048399999999999554,long,2022-02-14 07:05:00,1.13031,2022-02-14 07:10:00,2022-02-14 07:15:00,1.13078,1.13031,1.1317199999999998,0.00046999999999997044,False,extreme,2022-02-14 07:20:00,1.13031,stop,2,-1.0,0,0.0,-1.0,0.2127659574472709,1.1914893617019768
EURUSD,NY,2022-02-14,Monday,4,1.13524,1.1304,0.0048399999999999554,long,2022-02-14 10:15:00,1.13009,2022-02-14 10:20:00,2022-02-14 10:25:00,1.13056,1.13009,1.1315,0.00046999999999997044,False,extreme,2022-02-14 10:30:00,1.13009,stop,2,-1.0,0,0.0,-1.0,0.021276595744821575,1.0
EURUSD,NY,2022-02-14,Monday,5,1.13524,1.1304,0.0048399999999999554,long,2022-02-14 10:30:00,1.12917,2022-02-14 10:55:00,2022-02-14 11:00:00,1.13059,1.12917,1.13343,0.0014199999999999768,False,extreme,2022-02-14 14:15:00,1.12917,stop,40,-1.0,0,0.0,-1.0,0.6056338028169697,1.0140845070421896
EURUSD,NY,2022-02-14,Monday,6,1.13524,1.1304,0.0048399999999999554,long,2022-02-14 13:50:00,1.12801,2022-02-14 15:35:00,2022-02-14 15:40:00,1.13044,1.12801,1.1352999999999998,0.002429999999999932,False,extreme,2022-02-14 23:55:00,1.13192,end_of_day,100,0.6090534979424647,0,0.0,0.6090534979424647,0.7448559670782469,0.43621399176949316
EURUSD,NY,2022-02-15,Tuesday,1,1.13492,1.13095,0.003970000000000029,short,2022-02-15 05:00:00,1.13538,2022-02-15 05:20:00,2022-02-15 05:25:00,1.13413,1.13538,1.1316300000000001,0.0012499999999999734,False,extreme,2022-02-15 08:30:00,1.13538,stop,38,-1.0,0,0.0,-1.0,0.376000000000162,1.2720000000000113
EURUSD,NY,2022-02-15,Tuesday,2,1.13492,1.13095,0.003970000000000029,short,2022-02-15 08:30:00,1.136,2022-02-15 09:25:00,2022-02-15 09:30:00,1.13483,1.136,1.1324900000000002,0.0011699999999998933,False,extreme,2022-02-15 09:55:00,1.1324900000000002,target,6,2.0,0,0.0,2.0,2.384615384615662,0.6923076923077361
EURUSD,NY,2022-02-15,Tuesday,3,1.13492,1.13095,0.003970000000000029,short,2022-02-15 10:40:00,1.13684,2022-02-15 12:25:00,2022-02-15 12:30:00,1.13476,1.13684,1.1305999999999998,0.002080000000000082,False,extreme,2022-02-15 23:55:00,1.1348,end_of_day,138,-0.019230769230787707,0,0.0,-0.019230769230787707,0.12499999999995996,0.8076923076922297
EURUSD,NY,2022-02-16,Wednesday,1,1.13955,1.1348,0.004750000000000032,long,2022-02-16 22:55:00,1.13233,2022-02-16 23:10:00,2022-02-16 23:15:00,1.13544,1.13233,1.14166,0.003109999999999946,False,extreme,2022-02-16 23:55:00,1.13423,end_of_day,9,-0.3890675241157409,0,0.0,-0.3890675241157409,0.04501607717042811,0.46302250803862793
EURUSD,NY,2022-02-18,Friday,1,1.13768,1.13613,0.0015499999999999403,long,2022-02-18 05:55:00,1.13469,2022-02-18 06:55:00,2022-02-18 07:00:00,1.13625,1.13469,1.13937,0.0015600000000000058,False,extreme,2022-02-18 09:00:00,1.13469,stop,25,-1.0,0,0.0,-1.0,0.3717948717948864,1.089743589743608
EURUSD,NY,2022-02-22,Tuesday,1,1.1328,1.12926,0.0035400000000000986,short,2022-02-22 04:05:00,1.13367,2022-02-22 04:40:00,2022-02-22 04:45:00,1.13276,1.13367,1.13094,0.0009099999999999664,False,extreme,2022-02-22 05:15:00,1.13367,stop,7,-1.0,0,0.0,-1.0,1.428571428571568,1.142857142857108
EURUSD,NY,2022-02-22,Tuesday,2,1.1328,1.12926,0.0035400000000000986,short,2022-02-22 05:05:00,1.13668,2022-02-22 12:20:00,2022-02-22 12:25:00,1.13257,1.13668,1.1243500000000004,0.004109999999999836,False,extreme,2022-02-22 23:55:00,1.13256,end_of_day,139,0.002433090024346937,0,0.0,0.002433090024346937,0.13625304136256405,0.3771289537712901
EURUSD,NY,2022-02-23,Wednesday,1,1.13474,1.1316,0.0031400000000001427,short,2022-02-23 04:00:00,1.13492,2022-02-23 04:15:00,2022-02-23 04:20:00,1.13464,1.13492,1.1340800000000004,0.00027999999999983594,False,extreme,2022-02-23 04:35:00,1.1340800000000004,target,4,2.0,0,0.0,2.0,2.5000000000019824,0.35714285714302707
EURUSD,NY,2022-02-23,Wednesday,2,1.13474,1.1316,0.0031400000000001427,short,2022-02-23 04:50:00,1.1359,2022-02-23 06:10:00,2022-02-23 06:15:00,1.13461,1.1359,1.1320299999999999,0.0012900000000000134,False,extreme,2022-02-23 11:05:00,1.1320299999999999,target,59,2.0,0,0.0,2.0,2.449612403100618,0.4883720930233519
EURUSD,NY,2022-02-23,Wednesday,3,1.13474,1.1316,0.0031400000000001427,long,2022-02-23 11:10:00,1.1306,2022-02-23 11:25:00,2022-02-23 11:30:00,1.13198,1.1306,1.1347399999999999,0.0013799999999999368,False,extreme,2022-02-23 13:20:00,1.1306,stop,23,-1.0,0,0.0,-1.0,0.0,1.0942028985507024
EURUSD,NY,2022-02-24,Thursday,1,1.12623,1.12208,0.004150000000000098,long,2022-02-24 04:50:00,1.11065,2022-02-24 23:25:00,2022-02-24 23:30:00,1.12267,1.12137,1.1252700000000002,0.0013000000000000789,True,swing,2022-02-24 23:55:00,1.12214,end_of_day,6,-0.4076923076923918,0,0.0,-0.4076923076923918,0.15384615384612757,0.7538461538460934
EURUSD,NY,2022-02-25,Friday,1,1.12258,1.11702,0.005560000000000009,long,2022-02-25 05:30:00,1.1166,2022-02-25 05:35:00,2022-02-25 05:40:00,1.11733,1.1166,1.1187899999999997,0.0007299999999998974,False,extreme,2022-02-25 07:00:00,1.1187899999999997,target,17,2.0,0,0.0,2.0,2.205479452055257,0.6986301369864139
EURUSD,NY,2022-02-25,Friday,2,1.12258,1.11702,0.005560000000000009,short,2022-02-25 07:50:00,1.1237,2022-02-25 07:55:00,2022-02-25 08:00:00,1.12213,1.1237,1.1189900000000004,0.0015699999999998493,False,extreme,2022-02-25 08:55:00,1.1237,stop,12,-1.0,0,0.0,-1.0,0.5923566878982081,1.2611464968153254
EURUSD,NY,2022-02-25,Friday,3,1.12258,1.11702,0.005560000000000009,short,2022-02-25 08:50:00,1.12411,2022-02-25 09:10:00,2022-02-25 09:15:00,1.12216,1.12411,1.1182600000000003,0.0019499999999998963,False,extreme,2022-02-25 09:45:00,1.12411,stop,7,-1.0,0,0.0,-1.0,0.14871794871801997,1.292307692307687
EURUSD,NY,2022-02-28,Monday,1,1.12,1.11448,0.005520000000000191,short,2022-02-28 05:50:00,1.1232,2022-02-28 06:45:00,2022-02-28 06:50:00,1.11981,1.1232,1.11303,0.003390000000000004,False,extreme,2022-02-28 10:05:00,1.1232,stop,40,-1.0,0,0.0,-1.0,0.5516224188790667,1.1386430678465989
EURUSD,NY,2022-02-28,Monday,2,1.12,1.11448,0.005520000000000191,short,2022-02-28 08:35:00,1.12466,2022-02-28 12:40:00,2022-02-28 12:45:00,1.11993,1.12466,1.1104700000000003,0.004729999999999901,False,extreme,2022-02-28 23:55:00,1.11965,end_of_day,135,0.05919661733616572,0,0.0,0.05919661733616572,0.1797040169133267,0.5179704016913091
EURUSD,NY,2022-03-02,Wednesday,1,1.11231,1.10796,0.004349999999999854,long,2022-03-02 04:00:00,1.1059,2022-03-02 04:45:00,2022-03-02 04:50:00,1.1082,1.1059,1.1128,0.0022999999999999687,False,extreme,2022-03-02 10:45:00,1.1059,stop,72,-1.0,0,0.0,-1.0,1.634782608695668,1.0652173913043899
EURUSD,NY,2022-03-02,Wednesday,2,1.11231,1.10796,0.004349999999999854,long,2022-03-02 10:30:00,1.10575,2022-03-02 11:05:00,2022-03-02 11:10:00,1.10865,1.10575,1.1144499999999997,0.0028999999999999027,False,extreme,2022-03-02 23:55:00,1.1098,end_of_day,154,0.39655172413793893,0,0.0,0.39655172413793893,1.9620689655173744,0.2586206896551143
EURUSD,NY,2022-03-03,Thursday,1,1.11065,1.10825,0.0023999999999999577,long,2022-03-03 04:20:00,1.10719,2022-03-03 04:50:00,2022-03-03 04:55:00,1.10835,1.10719,1.11067,0.0011600000000000499,False,extreme,2022-03-03 08:45:00,1.10719,stop,47,-1.0,0,0.0,-1.0,1.172413793103422,1.4310344827585546
EURUSD,NY,2022-03-03,Thursday,2,1.11065,1.10825,0.0023999999999999577,long,2022-03-03 07:55:00,1.10649,2022-03-03 08:55:00,2022-03-03 09:00:00,1.10854,1.10649,1.1126400000000003,0.0020500000000001073,False,extreme,2022-03-03 10:20:00,1.10649,stop,17,-1.0,0,0.0,-1.0,0.47317073170725105,1.1170731707317099
EURUSD,NY,2022-03-04,Friday,1,1.10393,1.10086,0.003070000000000128,long,2022-03-04 05:05:00,1.10011,2022-03-04 05:10:00,2022-03-04 05:15:00,1.10093,1.10011,1.10257,0.0008200000000000429,False,extreme,2022-03-04 05:50:00,1.10011,stop,8,-1.0,0,0.0,-1.0,1.292682926829275,1.0
EURUSD,NY,2022-03-07,Monday,1,1.08979,1.0854,0.004390000000000116,long,2022-03-07 05:05:00,1.08061,2022-03-07 06:55:00,2022-03-07 07:00:00,1.08593,1.08061,1.09657,0.005319999999999991,False,extreme,2022-03-07 23:55:00,1.08701,end_of_day,204,0.20300751879698714,0,0.0,0.20300751879698714,1.372180451127796,0.2575187969924992
EURUSD,NY,2022-03-08,Tuesday,1,1.09219,1.08513,0.007060000000000066,short,2022-03-08 12:25:00,1.09583,2022-03-08 13:30:00,2022-03-08 13:35:00,1.0909,1.09583,1.0810399999999998,0.004930000000000101,False,extreme,2022-03-08 23:55:00,1.0917,end_of_day,125,-0.16227180527381246,0,0.0,-0.16227180527381246,0.3833671399594135,0.24340770791076374
EURUSD,NY,2022-03-09,Wednesday,1,1.09561,1.09093,0.0046800000000000175,short,2022-03-09 04:25:00,1.09926,2022-03-09 06:25:00,2022-03-09 06:30:00,1.09447,1.09926,1.0848900000000004,0.00478999999999985,False,extreme,2022-03-09 08:10:00,1.09926,stop,21,-1.0,0,0.0,-1.0,0.0,1.0417536534447194
EURUSD,NY,2022-03-10,Thursday,1,1.1072,1.10262,0.0045800000000000285,short,2022-03-10 07:45:00,1.11214,2022-03-10 08:40:00,2022-03-10 08:45:00,1.10629,1.11214,1.0945900000000002,0.005849999999999911,False,extreme,2022-03-10 23:55:00,1.10013,end_of_day,183,1.0529914529914592,0,0.0,1.0529914529914592,1.4803418803418842,0.15726495726496512
EURUSD,NY,2022-03-11,Friday,1,1.10088,1.09657,0.004310000000000036,long,2022-03-11 04:30:00,1.09602,2022-03-11 04:40:00,2022-03-11 04:45:00,1.09674,1.09602,1.0981800000000002,0.0007200000000000539,False,extreme,2022-03-11 05:25:00,1.0981800000000002,target,9,2.0,0,0.0,2.0,2.1666666666665124,0.6666666666666666
EURUSD,NY,2022-03-11,Friday,2,1.10088,1.09657,0.004310000000000036,short,2022-03-11 06:20:00,1.10436,2022-03-11 07:45:00,2022-03-11 07:50:00,1.10035,1.10436,1.0923299999999998,0.004010000000000069,False,extreme,2022-03-11 12:20:00,1.0923299999999998,target,55,2.0,0,0.0,2.0,2.0199501246882434,0.18703241895262232
EURUSD,NY,2022-03-14,Monday,1,1.09407,1.09013,0.003940000000000055,short,2022-03-14 04:10:00,1.09896,2022-03-14 09:45:00,2022-03-14 09:50:00,1.09408,1.09896,1.08432,0.0048799999999999955,False,extreme,2022-03-14 12:25:00,1.09896,stop,32,-1.0,0,0.0,-1.0,0.11885245901639867,1.0368852459016535
EURUSD,NY,2022-03-14,Monday,2,1.09407,1.09013,0.003940000000000055,short,2022-03-14 09:50:00,1.0994,2022-03-14 16:45:00,2022-03-14 16:50:00,1.09403,1.0994,1.0832900000000003,0.005369999999999875,False,extreme,2022-03-14 23:55:00,1.09776,end_of_day,86,-0.6945996275605396,0,0.0,-0.6945996275605396,0.17877094972068794,0.7467411545623726
EURUSD,NY,2022-03-15,Tuesday,1,1.10197,1.09672,0.005249999999999977,long,2022-03-15 12:00:00,1.09261,2022-03-15 19:35:00,2022-03-15 19:40:00,1.09667,1.09261,1.10479,0.0040599999999999525,False,extreme,2022-03-15 23:55:00,1.09671,end_of_day,52,0.00985221674877844,0,0.0,0.00985221674877844,0.2610837438423826,0.2832512315270931
EURUSD,NY,2022-03-16,Wednesday,1,1.09823,1.09559,0.0026399999999999757,short,2022-03-16 04:15:00,1.10052,2022-03-16 05:45:00,2022-03-16 05:50:00,1.09815,1.10052,1.09341,0.0023699999999999832,False,extreme,2022-03-16 06:10:00,1.10052,stop,5,-1.0,0,0.0,-1.0,0.037974683544271776,1.4008438818565456
EURUSD,NY,2022-03-16,Wednesday,2,1.09823,1.09559,0.0026399999999999757,short,2022-03-16 05:50:00,1.10401,2022-03-16 13:55:00,2022-03-16 14:00:00,1.09823,1.09973,1.09523,0.0015000000000000568,True,swing,2022-03-16 14:00:00,1.09973,stop,1,-1.0,0,0.0,-1.0,1.660000000000006,1.1799999999999882
EURUSD,NY,2022-03-17,Thursday,1,1.10459,1.10222,0.0023699999999999832,short,2022-03-17 04:00:00,1.10671,2022-03-17 05:10:00,2022-03-17 05:15:00,1.1045,1.10671,1.10008,0.0022100000000000453,False,extreme,2022-03-17 09:40:00,1.10671,stop,54,-1.0,0,0.0,-1.0,0.9909502262443852,1.0
EURUSD,NY,2022-03-21,Monday,1,1.1056,1.10348,0.0021199999999998997,short,2022-03-21 04:05:00,1.10627,2022-03-21 04:20:00,2022-03-21 04:25:00,1.10547,1.10627,1.1038699999999997,0.0008000000000001339,False,extreme,2022-03-21 05:05:00,1.10627,stop,9,-1.0,0,0.0,-1.0,1.024999999999882,1.5124999999999411
EURUSD,NY,2022-03-21,Monday,2,1.1056,1.10348,0.0021199999999998997,short,2022-03-21 04:55:00,1.10701,2022-03-21 06:10:00,2022-03-21 06:15:00,1.10559,1.10701,1.1027500000000001,0.0014199999999999768,False,extreme,2022-03-21 07:10:00,1.1027500000000001,target,12,2.0,0,0.0,2.0,2.0422535211268817,0.007042253521016641
EURUSD,NY,2022-03-21,Monday,3,1.1056,1.10348,0.0021199999999998997,long,2022-03-21 07:10:00,1.10257,2022-03-21 07:40:00,2022-03-21 07:45:00,1.10358,1.10257,1.1056,0.0010099999999999554,False,extreme,2022-03-21 13:15:00,1.10257,stop,67,-1.0,0,0.0,-1.0,1.643564356435711,1.5544554455446937
EURUSD,NY,2022-03-22,Tuesday,1,1.10028,1.0961,0.0041799999999998505,short,2022-03-22 04:35:00,1.10144,2022-03-22 05:35:00,2022-03-22 05:40:00,1.10024,1.10144,1.0978400000000004,0.0011999999999998678,False,extreme,2022-03-22 08:15:00,1.10144,stop,32,-1.0,0,0.0,-1.0,1.2666666666669628,1.8333333333335184
EURUSD,NY,2022-03-23,Wednesday,1,1.10399,1.10146,0.002529999999999921,long,2022-03-23 04:25:00,1.10104,2022-03-23 04:30:00,2022-03-23 04:35:00,1.10183,1.10104,1.1034100000000002,0.0007900000000000684,False,extreme,2022-03-23 05:05:00,1.10104,stop,7,-1.0,0,0.0,-1.0,0.4683544303796828,1.0379746835442683
EURUSD,NY,2022-03-23,Wednesday,2,1.10399,1.10146,0.002529999999999921,long,2022-03-23 05:00:00,1.10101,2022-03-23 05:10:00,2022-03-23 05:15:00,1.10168,1.10101,1.10302,0.0006699999999999484,False,extreme,2022-03-23 05:30:00,1.10101,stop,4,-1.0,0,0.0,-1.0,0.029850746268523163,1.1194029850747556
EURUSD,NY,2022-03-24,Thursday,1,1.0989,1.09754,0.0013600000000000279,long,2022-03-24 04:05:00,1.09722,2022-03-24 04:10:00,2022-03-24 04:15:00,1.09757,1.09722,1.0982699999999996,0.00034999999999985043,False,extreme,2022-03-24 04:15:00,1.0982699999999996,target,1,2.0,0,0.0,2.0,4.600000000002284,0.0
EURUSD,NY,2022-03-24,Thursday,2,1.0989,1.09754,0.0013600000000000279,short,2022-03-24 04:15:00,1.09918,2022-03-24 04:20:00,2022-03-24 04:25:00,1.09816,1.09918,1.09612,0.0010200000000000209,False,extreme,2022-03-24 04:30:00,1.09918,stop,2,-1.0,0,0.0,-1.0,0.5980392156862617,1.63725490196081
EURUSD,NY,2022-03-24,Thursday,3,1.0989,1.09754,0.0013600000000000279,short,2022-03-24 04:30:00,1.10009,2022-03-24 04:50:00,2022-03-24 04:55:00,1.09772,1.10009,1.09298,0.0023699999999999832,False,extreme,2022-03-24 07:45:00,1.10009,stop,35,-1.0,0,0.0,-1.0,0.20675105485236495,1.0168776371308186
EURUSD,NY,2022-03-24,Thursday,4,1.0989,1.09754,0.0013600000000000279,short,2022-03-24 07:25:00,1.10013,2022-03-24 07:55:00,2022-03-24 08:00:00,1.09879,1.10013,1.0961099999999997,0.0013400000000001189,False,extreme,2022-03-24 11:00:00,1.10013,stop,37,-1.0,0,0.0,-1.0,1.6343283582087462,1.6716417910446426
EURUSD,NY,2022-03-24,Thursday,5,1.0989,1.09754,0.0013600000000000279,short,2022-03-24 10:40:00,1.10135,2022-03-24 12:50:00,2022-03-24 12:55:00,1.09875,1.10135,1.0935499999999996,0.0026000000000001577,False,extreme,2022-03-24 21:10:00,1.10135,stop,100,-1.0,0,0.0,-1.0,0.19615384615375286,1.1961538461538384
EURUSD,NY,2022-03-25,Friday,1,1.10378,1.10191,0.0018700000000000383,long,2022-03-25 04:05:00,1.10009,2022-03-25 07:25:00,2022-03-25 07:30:00,1.10202,1.10009,1.10588,0.0019299999999999873,False,extreme,2022-03-25 09:00:00,1.10009,stop,19,-1.0,0,0.0,-1.0,0.1139896373057567,1.1036269430051706
EURUSD,NY,2022-03-25,Friday,2,1.10378,1.10191,0.0018700000000000383,long,2022-03-25 07:35:00,1.09924,2022-03-25 10:35:00,2022-03-25 10:40:00,1.10216,1.09924,1.108,0.0029200000000000337,False,extreme,2022-03-25 11:50:00,1.09924,stop,15,-1.0,0,0.0,-1.0,0.0068493150684619,1.0650684931506542
EURUSD,NY,2022-03-28,Monday,1,1.09656,1.09449,0.0020700000000000163,short,2022-03-28 04:35:00,1.09994,2022-03-28 07:40:00,2022-03-28 07:45:00,1.09623,1.09994,1.0888100000000003,0.00370999999999988,False,extreme,2022-03-28 12:50:00,1.09994,stop,62,-1.0,0,0.0,-1.0,0.4204851752021715,1.0
EURUSD,NY,2022-03-29,Tuesday,1,1.10182,1.09793,0.003889999999999949,long,2022-03-29 05:00:00,1.09751,2022-03-29 05:05:00,2022-03-29 05:10:00,1.10098,1.09751,1.1079200000000002,0.003470000000000084,False,extreme,2022-03-29 07:45:00,1.1079200000000002,target,32,2.0,0,0.0,2.0,2.671469740633909,0.14121037463979527
EURUSD,NY,2022-03-30,Wednesday,1,1.11349,1.11057,0.0029200000000000337,short,2022-03-30 04:35:00,1.11458,2022-03-30 04:40:00,2022-03-30 04:45:00,1.11333,1.11458,1.11083,0.0012499999999999734,False,extreme,2022-03-30 04:50:00,1.11458,stop,2,-1.0,0,0.0,-1.0,0.0,1.5280000000000953
EURUSD,NY,2022-03-30,Wednesday,2,1.11349,1.11057,0.0029200000000000337,short,2022-03-30 04:45:00,1.11617,2022-03-30 06:00:00,2022-03-30 06:05:00,1.11305,1.11617,1.10681,0.0031200000000000117,False,extreme,2022-03-30 09:55:00,1.11617,stop,47,-1.0,0,0.0,-1.0,0.5993589743589844,1.1314102564101916
EURUSD,NY,2022-04-01,Friday,1,1.10757,1.10429,0.0032799999999999496,long,2022-04-01 09:20:00,1.10402,2022-04-01 09:25:00,2022-04-01 09:30:00,1.10438,1.10402,1.1050999999999997,0.00035999999999991594,False,extreme,2022-04-01 09:30:00,1.10402,stop,1,-1.0,0,0.0,-1.0,0.1388888888892144,1.4166666666670265
EURUSD,NY,2022-04-01,Friday,2,1.10757,1.10429,0.0032799999999999496,long,2022-04-01 09:35:00,1.10406,2022-04-01 09:45:00,2022-04-01 09:50:00,1.10447,1.10406,1.10529,0.00041000000000002146,False,extreme,2022-04-01 09:50:00,1.10406,stop,1,-1.0,0,0.0,-1.0,0.09756097560984855,1.0487804878051952
EURUSD,NY,2022-04-01,Friday,3,1.10757,1.10429,0.0032799999999999496,long,2022-04-01 10:15:00,1.10281,2022-04-01 11:55:00,2022-04-01 12:00:00,1.10445,1.10281,1.1077299999999997,0.0016399999999998638,False,extreme,2022-04-01 16:55:00,1.10488,friday_close,60,0.26219512195133426,0,0.0,0.26219512195133426,0.4939024390244175,0.7073170731706855
EURUSD,NY,2022-04-04,Monday,1,1.1054,1.10274,0.0026599999999998847,long,2022-04-04 04:05:00,1.10196,2022-04-04 04:15:00,2022-04-04 04:20:00,1.1032,1.10196,1.1056799999999998,0.0012399999999999078,False,extreme,2022-04-04 05:30:00,1.10196,stop,15,-1.0,0,0.0,-1.0,0.5322580645162532,1.0322580645161636
EURUSD,NY,2022-04-05,Tuesday,1,1.09887,1.09623,0.0026399999999999757,long,2022-04-05 06:40:00,1.09567,2022-04-05 06:45:00,2022-04-05 06:50:00,1.09628,1.09567,1.0975,0.0006099999999999994,False,extreme,2022-04-05 07:10:00,1.0975,target,5,2.0,0,0.0,2.0,2.1311475409837377,0.3770491803277913
EURUSD,NY,2022-04-05,Tuesday,2,1.09887,1.09623,0.0026399999999999757,long,2022-04-05 08:25:00,1.09562,2022-04-05 08:40:00,2022-04-05 08:45:00,1.09652,1.09562,1.0983199999999997,0.0008999999999999009,False,extreme,2022-04-05 10:10:00,1.09562,stop,18,-1.0,0,0.0,-1.0,1.16666666666679,1.5666666666667406
EURUSD,NY,2022-04-06,Wednesday,1,1.09021,1.08746,0.002749999999999808,short,2022-04-06 04:20:00,1.09269,2022-04-06 06:25:00,2022-04-06 06:30:00,1.08994,1.09269,1.0844399999999998,0.00275000000000003,False,extreme,2022-04-06 08:00:00,1.09269,stop,19,-1.0,0,0.0,-1.0,0.0,1.0254545454545505
EURUSD,NY,2022-04-06,Wednesday,2,1.09021,1.08746,0.002749999999999808,short,2022-04-06 06:30:00,1.0938,2022-04-06 13:55:00,2022-04-06 14:00:00,1.09005,1.0938,1.0825499999999997,0.003750000000000142,False,extreme,2022-04-06 23:55:00,1.09072,end_of_day,120,-0.17866666666664613,0,0.0,-0.17866666666664613,0.5759999999999621,0.7599999999999764
EURUSD,NY,2022-04-07,Thursday,1,1.09341,1.08949,0.0039199999999999235,long,2022-04-07 04:10:00,1.0865,2022-04-07 05:50:00,2022-04-07 05:55:00,1.08953,1.0865,1.0955900000000003,0.003030000000000088,False,extreme,2022-04-07 19:50:00,1.0865,stop,168,-1.0,0,0.0,-1.0,1.4257425742573444,1.0726072607261066
EURUSD,NY,2022-04-08,Friday,1,1.08693,1.08482,0.0021100000000000563,short,2022-04-08 04:00:00,1.08792,2022-04-08 04:25:00,2022-04-08 04:30:00,1.08666,1.08792,1.0841399999999999,0.0012600000000000389,False,extreme,2022-04-08 05:25:00,1.08792,stop,12,-1.0,0,0.0,-1.0,0.48412698412696875,1.0238095238095029
EURUSD,NY,2022-04-08,Friday,2,1.08693,1.08482,0.0021100000000000563,short,2022-04-08 05:00:00,1.08795,2022-04-08 05:55:00,2022-04-08 06:00:00,1.08692,1.08795,1.0848600000000004,0.0010299999999998644,False,extreme,2022-04-08 06:20:00,1.08795,stop,5,-1.0,0,0.0,-1.0,0.5728155339807458,1.3689320388350457
EURUSD,NY,2022-04-08,Friday,3,1.08693,1.08482,0.0021100000000000563,short,2022-04-08 06:15:00,1.08918,2022-04-08 07:20:00,2022-04-08 07:25:00,1.08675,1.08918,1.0818900000000002,0.002429999999999932,False,extreme,2022-04-08 16:55:00,1.08765,friday_close,115,-0.37037037037033993,0,0.0,-0.37037037037033993,1.2757201646091314,0.73251028806582
EURUSD,NY,2022-04-11,Monday,1,1.09136,1.08741,0.00395000000000012,short,2022-04-11 04:10:00,1.09194,2022-04-11 04:20:00,2022-04-11 04:25:00,1.09089,1.09194,1.08879,0.0010499999999999954,False,extreme,2022-04-11 05:30:00,1.09194,stop,14,-1.0,0,0.0,-1.0,0.4952380952379583,1.3428571428572758
EURUSD,NY,2022-04-11,Monday,2,1.09136,1.08741,0.00395000000000012,short,2022-04-11 05:20:00,1.09333,2022-04-11 06:35:00,2022-04-11 06:40:00,1.0908,1.09333,1.0857400000000001,0.002529999999999921,False,extreme,2022-04-11 23:55:00,1.08747,end_of_day,208,1.3162055335969007,0,0.0,1.3162055335969007,1.6403162055336866,0.2213438735178393
EURUSD,NY,2022-04-12,Tuesday,1,1.08832,1.08533,0.002990000000000048,long,2022-04-12 08:25:00,1.08509,2022-04-12 08:30:00,2022-04-12 08:35:00,1.08695,1.08509,1.09067,0.0018599999999999728,False,extreme,2022-04-12 12:30:00,1.08509,stop,48,-1.0,0,0.0,-1.0,1.8387096774193703,1.4247311827957418
EURUSD,NY,2022-04-13,Wednesday,1,1.08447,1.08151,0.0029600000000000737,long,2022-04-13 09:20:00,1.08089,2022-04-13 09:30:00,2022-04-13 09:35:00,1.08164,1.08089,1.08314,0.0007500000000000284,False,extreme,2022-04-13 10:10:00,1.08314,target,8,2.0,0,0.0,2.0,2.186666666666698,0.2666666666666272
EURUSD,NY,2022-04-14,Thursday,1,1.09232,1.09036,0.0019599999999999618,long,2022-04-14 05:00:00,1.09018,2022-04-14 05:05:00,2022-04-14 05:10:00,1.09052,1.09018,1.0912,0.00034000000000000696,False,extreme,2022-04-14 05:10:00,1.0912,target,1,2.0,0,0.0,2.0,2.294117647058785,0.0
EURUSD,NY,2022-04-14,Thursday,2,1.09232,1.09036,0.0019599999999999618,long,2022-04-14 06:30:00,1.09015,2022-04-14 06:35:00,2022-04-14 06:40:00,1.09067,1.09015,1.0917100000000002,0.000520000000000076,False,extreme,2022-04-14 07:45:00,1.09015,stop,14,-1.0,0,0.0,-1.0,1.9615384615382152,6.923076923076003
EURUSD,NY,2022-04-15,Friday,1,1.08119,1.08016,0.0010300000000000864,short,2022-04-15 04:05:00,1.08235,2022-04-15 06:05:00,2022-04-15 06:10:00,1.08118,1.08235,1.0788400000000002,0.0011699999999998933,False,extreme,2022-04-15 16:55:00,1.0809,friday_close,130,0.23931623931631069,2,0.017094017094018654,0.22222222222229204,0.6068376068376523,0.6410256410257238
EURUSD,NY,2022-04-18,Monday,1,1.08037,1.0787,0.0016700000000000603,long,2022-04-18 04:10:00,1.07833,2022-04-18 04:30:00,2022-04-18 04:35:00,1.07882,1.07833,1.0797999999999996,0.0004899999999998794,False,extreme,2022-04-18 05:05:00,1.0797999999999996,target,7,2.0,0,0.0,2.0,2.0816326530617792,0.0
EURUSD,NY,2022-04-18,Monday,2,1.08037,1.0787,0.0016700000000000603,short,2022-04-18 07:10:00,1.08137,2022-04-18 08:10:00,2022-04-18 08:15:00,1.0802,1.08137,1.0778600000000003,0.0011699999999998933,False,extreme,2022-04-18 08:30:00,1.08137,stop,4,-1.0,0,0.0,-1.0,0.23931623931631069,1.0769230769232083
EURUSD,NY,2022-04-18,Monday,3,1.08037,1.0787,0.0016700000000000603,short,2022-04-18 08:20:00,1.08146,2022-04-18 08:50:00,2022-04-18 08:55:00,1.08026,1.08146,1.0778599999999998,0.0012000000000000899,False,extreme,2022-04-18 12:10:00,1.0778599999999998,target,40,2.0,0,0.0,2.0,2.591666666666428,0.6916666666667052
EURUSD,NY,2022-04-19,Tuesday,1,1.08028,1.07666,0.0036199999999999566,short,2022-04-19 04:10:00,1.08146,2022-04-19 04:40:00,2022-04-19 04:45:00,1.08019,1.08146,1.0776499999999998,0.0012700000000001044,False,extreme,2022-04-19 23:25:00,1.08146,stop,225,-1.0,0,0.0,-1.0,1.5669291338580889,1.3700787401574266
EURUSD,NY,2022-04-20,Wednesday,1,1.08222,1.08072,0.0015000000000000568,short,2022-04-20 04:30:00,1.0867,2022-04-20 08:30:00,2022-04-20 08:35:00,1.08218,1.0832,1.0801399999999999,0.0010200000000000209,True,swing,2022-04-20 09:00:00,1.0832,stop,6,-1.0,0,0.0,-1.0,0.10784313725473549,1.4215686274511212
EURUSD,NY,2022-04-22,Friday,1,1.08516,1.08031,0.004849999999999799,long,2022-04-22 04:10:00,1.07904,2022-04-22 05:15:00,2022-04-22 05:20:00,1.08059,1.07904,1.0836899999999998,0.0015499999999999403,False,extreme,2022-04-22 09:05:00,1.0836899999999998,target,46,2.0,0,0.0,2.0,2.522580645161439,0.5483870967742259
EURUSD,NY,2022-04-25,Monday,1,1.07854,1.07069,0.007850000000000135,long,2022-04-25 10:50:00,1.06968,2022-04-25 10:55:00,2022-04-25 11:00:00,1.07073,1.06968,1.07283,0.0010499999999999954,False,extreme,2022-04-25 12:00:00,1.06968,stop,13,-1.0,0,0.0,-1.0,0.857142857142978,1.0
EURUSD,NY,2022-04-25,Monday,2,1.07854,1.07069,0.007850000000000135,long,2022-04-25 11:50:00,1.06968,2022-04-25 12:05:00,2022-04-25 12:10:00,1.07104,1.06968,1.07376,0.0013600000000000279,False,extreme,2022-04-25 23:30:00,1.07376,target,137,2.0,0,0.0,2.0,2.080882352941215,0.4117647058822665
EURUSD,NY,2022-04-26,Tuesday,1,1.07346,1.06756,0.005900000000000016,long,2022-04-26 07:55:00,1.06695,2022-04-26 08:00:00,2022-04-26 08:05:00,1.06759,1.06695,1.06887,0.0006399999999999739,False,extreme,2022-04-26 09:15:00,1.06695,stop,15,-1.0,0,0.0,-1.0,1.2499999999999132,1.859375000000114
EURUSD,NY,2022-04-26,Tuesday,2,1.07346,1.06756,0.005900000000000016,long,2022-04-26 09:10:00,1.0664,2022-04-26 09:25:00,2022-04-26 09:30:00,1.06816,1.0664,1.07168,0.0017599999999999838,False,extreme,2022-04-26 10:10:00,1.0664,stop,9,-1.0,0,0.0,-1.0,0.22159090909097504,1.068181818181887
EURUSD,NY,2022-04-26,Tuesday,3,1.07346,1.06756,0.005900000000000016,long,2022-04-26 09:50:00,1.06628,2022-04-26 10:25:00,2022-04-26 10:30:00,1.06764,1.06628,1.07036,0.0013600000000000279,False,extreme,2022-04-26 10:35:00,1.06628,stop,2,-1.0,0,0.0,-1.0,0.022058823529392556,1.3529411764704442
EURUSD,NY,2022-04-27,Wednesday,1,1.06548,1.05882,0.006659999999999888,long,2022-04-27 07:35:00,1.05854,2022-04-27 07:40:00,2022-04-27 07:45:00,1.0589,1.05854,1.0596199999999998,0.00035999999999991594,False,extreme,2022-04-27 07:50:00,1.05854,stop,2,-1.0,0,0.0,-1.0,0.7777777777781204,2.2777777777784287
EURUSD,NY,2022-04-28,Thursday,1,1.05648,1.0482,0.008280000000000065,long,2022-04-28 08:15:00,1.04714,2022-04-28 08:20:00,2022-04-28 08:25:00,1.04909,1.04714,1.0529900000000003,0.0019500000000001183,False,extreme,2022-04-28 11:05:00,1.0529900000000003,target,33,2.0,0,0.0,2.0,2.06666666666653,0.4717948717948595
EURUSD,NY,2022-04-29,Friday,1,1.05787,1.05088,0.006990000000000052,short,2022-04-29 04:40:00,1.05929,2022-04-29 04:50:00,2022-04-29 04:55:00,1.05708,1.05929,1.05266,0.0022100000000000453,False,extreme,2022-04-29 08:30:00,1.05266,target,44,2.0,0,0.0,2.0,2.6968325791854495,0.4253393665158016
EURUSD,NY,2022-05-02,Monday,1,1.05684,1.05102,0.005819999999999936,long,2022-05-02 09:15:00,1.05033,2022-05-02 09:35:00,2022-05-02 09:40:00,1.05137,1.05033,1.0534499999999998,0.0010399999999999299,False,extreme,2022-05-02 10:25:00,1.0534499999999998,target,10,2.0,0,0.0,2.0,2.0865384615386073,0.1057692307690768
EURUSD,NY,2022-05-02,Monday,2,1.05684,1.05102,0.005819999999999936,long,2022-05-02 11:05:00,1.05041,2022-05-02 11:30:00,2022-05-02 11:35:00,1.05118,1.05041,1.0527199999999999,0.0007699999999999374,False,extreme,2022-05-02 12:55:00,1.05041,stop,17,-1.0,0,0.0,-1.0,1.8961038961040722,1.2077922077924326
EURUSD,NY,2022-05-02,Monday,3,1.05684,1.05102,0.005819999999999936,long,2022-05-02 12:55:00,1.04903,2022-05-02 15:30:00,2022-05-02 15:35:00,1.05106,1.04903,1.0551200000000005,0.0020300000000001983,False,extreme,2022-05-02 23:55:00,1.05185,end_of_day,101,0.38916256157624096,0,0.0,0.38916256157624096,0.788177339901314,0.4581280788177372
EURUSD,NY,2022-05-03,Tuesday,1,1.0528,1.04944,0.0033600000000000296,short,2022-05-03 07:50:00,1.05777,2022-05-03 12:05:00,2022-05-03 12:10:00,1.05171,1.05777,1.0395899999999996,0.006060000000000176,False,extreme,2022-05-03 23:55:00,1.05162,end_of_day,142,0.014851485148501792,0,0.0,0.014851485148501792,0.08745874587457161,0.38778877887788876
EURUSD,NY,2022-05-04,Wednesday,1,1.05285,1.05062,0.0022299999999999542,short,2022-05-04 04:40:00,1.05346,2022-05-04 04:55:00,2022-05-04 05:00:00,1.05222,1.05346,1.0497399999999997,0.0012400000000001299,False,extreme,2022-05-04 07:25:00,1.05346,stop,30,-1.0,0,0.0,-1.0,0.5967741935482946,1.145161290322442
EURUSD,NY,2022-05-04,Wednesday,2,1.05285,1.05062,0.0022299999999999542,short,2022-05-04 07:15:00,1.05364,2022-05-04 07:45:00,2022-05-04 07:50:00,1.05267,1.05364,1.0507300000000002,0.0009699999999999154,False,extreme,2022-05-04 08:20:00,1.05364,stop,7,-1.0,0,0.0,-1.0,0.12371134020609117,1.0103092783505838
EURUSD,NY,2022-05-04,Wednesday,3,1.05285,1.05062,0.0022299999999999542,short,2022-05-04 07:55:00,1.05556,2022-05-04 10:05:00,2022-05-04 10:10:00,1.05279,1.05556,1.0472499999999996,0.0027700000000001612,False,extreme,2022-05-04 11:15:00,1.05556,stop,14,-1.0,0,0.0,-1.0,0.07942238267143471,1.133574007220202
EURUSD,NY,2022-05-06,Friday,1,1.05439,1.04828,0.006109999999999838,short,2022-05-06 04:05:00,1.05549,2022-05-06 04:10:00,2022-05-06 04:15:00,1.05365,1.05549,1.0499699999999998,0.0018400000000000638,False,extreme,2022-05-06 04:30:00,1.05549,stop,4,-1.0,0,0.0,-1.0,0.2391304347825982,2.0
EURUSD,NY,2022-05-06,Friday,2,1.05439,1.04828,0.006109999999999838,short,2022-05-06 04:20:00,1.0599,2022-05-06 15:15:00,2022-05-06 15:20:00,1.05417,1.0599,1.04271,0.005730000000000013,False,extreme,2022-05-06 16:55:00,1.05446,friday_close,20,-0.05061082024431079,0,0.0,-0.05061082024431079,0.09424083769633224,0.2582897033158678
EURUSD,NY,2022-05-09,Monday,1,1.05294,1.04952,0.0034199999999999786,short,2022-05-09 06:00:00,1.05732,2022-05-09 10:05:00,2022-05-09 10:10:00,1.0529,1.05732,1.0440599999999998,0.0044200000000000905,False,extreme,2022-05-09 12:10:00,1.05732,stop,25,-1.0,0,0.0,-1.0,0.26696832579184043,1.1493212669682962
EURUSD,NY,2022-05-10,Tuesday,1,1.05855,1.05511,0.0034400000000001096,long,2022-05-10 05:50:00,1.05355,2022-05-10 06:55:00,2022-05-10 07:00:00,1.05534,1.05355,1.0589199999999999,0.0017899999999999583,False,extreme,2022-05-10 10:00:00,1.05355,stop,37,-1.0,0,0.0,-1.0,1.2067039106146435,1.0111731843574914
EURUSD,NY,2022-05-11,Wednesday,1,1.05608,1.05339,0.002689999999999859,short,2022-05-11 04:20:00,1.05628,2022-05-11 04:25:00,2022-05-11 04:30:00,1.05577,1.05628,1.05475,0.0005100000000000104,False,extreme,2022-05-11 04:40:00,1.05628,stop,3,-1.0,0,0.0,-1.0,1.156862745098193,1.3137254901959503
EURUSD,NY,2022-05-11,Wednesday,2,1.05608,1.05339,0.002689999999999859,short,2022-05-11 04:40:00,1.05758,2022-05-11 05:20:00,2022-05-11 05:25:00,1.05606,1.05758,1.05302,0.0015199999999999658,False,extreme,2022-05-11 08:30:00,1.05302,target,38,2.0,0,0.0,2.0,3.5131578947368554,0.4605263157894333
EURUSD,NY,2022-05-11,Wednesday,3,1.05608,1.05339,0.002689999999999859,long,2022-05-11 08:30:00,1.0502,2022-05-11 09:05:00,2022-05-11 09:10:00,1.05398,1.0502,1.0615399999999997,0.0037799999999998946,False,extreme,2022-05-11 23:55:00,1.05222,end_of_day,178,-0.4656084656084743,0,0.0,-0.4656084656084743,0.9894179894180373,0.8518518518518757
EURUSD,NY,2022-05-13,Friday,1,1.04198,1.03837,0.003609999999999891,long,2022-05-13 05:40:00,1.03792,2022-05-13 05:45:00,2022-05-13 05:50:00,1.03853,1.03792,1.03975,0.0006099999999999994,False,extreme,2022-05-13 05:50:00,1.03792,stop,1,-1.0,0,0.0,-1.0,0.08196721311492715,1.852459016393204
EURUSD,NY,2022-05-13,Friday,2,1.04198,1.03837,0.003609999999999891,long,2022-05-13 05:50:00,1.03709,2022-05-13 06:25:00,2022-05-13 06:30:00,1.03855,1.03709,1.0414700000000001,0.0014600000000000168,False,extreme,2022-05-13 09:05:00,1.03709,stop,32,-1.0,0,0.0,-1.0,0.8835616438356154,1.2945205479453066
EURUSD,NY,2022-05-13,Friday,3,1.04198,1.03837,0.003609999999999891,long,2022-05-13 08:15:00,1.03495,2022-05-13 10:20:00,2022-05-13 10:25:00,1.03858,1.03495,1.04584,0.003630000000000022,False,extreme,2022-05-13 16:55:00,1.04074,friday_close,79,0.5950413223140294,0,0.0,0.5950413223140294,0.831955922865015,0.21487603305785075
EURUSD,NY,2022-05-17,Tuesday,1,1.04747,1.04358,0.003889999999999949,short,2022-05-17 04:10:00,1.04921,2022-05-17 05:45:00,2022-05-17 05:50:00,1.04748,1.04921,1.04402,0.0017300000000000093,False,extreme,2022-05-17 06:15:00,1.04921,stop,6,-1.0,0,0.0,-1.0,0.3410404624276678,2.2023121387283644
EURUSD,NY,2022-05-18,Wednesday,1,1.05406,1.05138,0.0026800000000000157,long,2022-05-18 04:20:00,1.04943,2022-05-18 05:15:00,2022-05-18 05:20:00,1.05139,1.04943,1.05531,0.0019599999999999618,False,extreme,2022-05-18 11:20:00,1.04943,stop,73,-1.0,0,0.0,-1.0,1.4183673469388056,1.0714285714285876
EURUSD,NY,2022-05-20,Friday,1,1.05935,1.05623,0.0031200000000000117,long,2022-05-20 04:15:00,1.05548,2022-05-20 04:20:00,2022-05-20 04:25:00,1.05634,1.05548,1.0580600000000002,0.0008600000000000829,False,extreme,2022-05-20 04:55:00,1.0580600000000002,target,7,2.0,0,0.0,2.0,2.069767441860141,0.16279069767443663
EURUSD,NY,2022-05-20,Friday,2,1.05935,1.05623,0.0031200000000000117,short,2022-05-20 06:15:00,1.05989,2022-05-20 06:30:00,2022-05-20 06:35:00,1.05893,1.05989,1.0570099999999998,0.0009600000000000719,False,extreme,2022-05-20 07:50:00,1.0570099999999998,target,16,2.0,0,0.0,2.0,2.0104166666665026,0.15625000000008674
EURUSD,NY,2022-05-20,Friday,3,1.05935,1.05623,0.0031200000000000117,long,2022-05-20 09:25:00,1.05558,2022-05-20 09:40:00,2022-05-20 09:45:00,1.05658,1.05558,1.0585800000000003,0.001000000000000112,False,extreme,2022-05-20 10:00:00,1.05558,stop,4,-1.0,0,0.0,-1.0,0.04999999999987788,1.079999999999849
EURUSD,NY,2022-05-20,Friday,4,1.05935,1.05623,0.0031200000000000117,long,2022-05-20 10:00:00,1.05404,2022-05-20 10:30:00,2022-05-20 10:35:00,1.05648,1.05404,1.06136,0.0024399999999999977,False,extreme,2022-05-20 12:10:00,1.05404,stop,20,-1.0,0,0.0,-1.0,0.03278688524584346,1.0327868852459345
EURUSD,NY,2022-05-20,Friday,5,1.05935,1.05623,0.0031200000000000117,long,2022-05-20 11:50:00,1.05329,2022-05-20 16:35:00,2022-05-20 16:40:00,1.05628,1.05329,1.0622600000000002,0.002990000000000048,False,extreme,2022-05-20 16:55:00,1.05621,friday_close,4,-0.023411371237462664,0,0.0,-0.023411371237462664,0.04682274247485107,0.15719063545156686
EURUSD,NY,2022-05-24,Tuesday,1,1.07362,1.06623,0.007390000000000008,short,2022-05-24 10:00:00,1.0747,2022-05-24 10:05:00,2022-05-24 10:10:00,1.07303,1.0747,1.0696899999999998,0.0016700000000000603,False,extreme,2022-05-24 12:10:00,1.0747,stop,25,-1.0,0,0.0,-1.0,0.5808383233532217,1.0958083832334924
EURUSD,NY,2022-05-24,Tuesday,2,1.07362,1.06623,0.007390000000000008,short,2022-05-24 11:45:00,1.07486,2022-05-24 12:30:00,2022-05-24 12:35:00,1.07347,1.07486,1.07069,0.0013900000000000023,False,extreme,2022-05-24 22:30:00,1.07069,target,120,2.0,0,0.0,2.0,2.086330935251725,0.3165467625899246
EURUSD,NY,2022-05-25,Wednesday,1,1.07142,1.06816,0.0032600000000000406,long,2022-05-25 04:00:00,1.06423,2022-05-25 10:25:00,2022-05-25 10:30:00,1.06839,1.06423,1.0767099999999998,0.0041599999999999415,False,extreme,2022-05-25 23:55:00,1.07016,end_of_day,161,0.4254807692307871,0,0.0,0.4254807692307871,0.5408653846154127,0.7668269230769401
EURUSD,NY,2022-05-26,Thursday,1,1.07026,1.06625,0.004010000000000069,short,2022-05-26 05:55:00,1.07231,2022-05-26 08:05:00,2022-05-26 08:10:00,1.07023,1.07231,1.0660699999999999,0.002080000000000082,False,extreme,2022-05-26 11:10:00,1.07231,stop,37,-1.0,0,0.0,-1.0,0.6346153846153538,1.0336538461538518
EURUSD,NY,2022-05-27,Friday,1,1.07584,1.07335,0.002489999999999881,long,2022-05-27 04:00:00,1.07261,2022-05-27 04:05:00,2022-05-27 04:10:00,1.07376,1.07261,1.07606,0.0011499999999999844,False,extreme,2022-05-27 04:50:00,1.07261,stop,9,-1.0,0,0.0,-1.0,0.5130434782607621,1.0347826086956875
EURUSD,NY,2022-05-27,Friday,2,1.07584,1.07335,0.002489999999999881,long,2022-05-27 04:45:00,1.0697,2022-05-27 09:45:00,2022-05-27 09:50:00,1.07368,1.0697,1.0816399999999997,0.0039799999999998725,False,extreme,2022-05-27 16:55:00,1.07312,friday_close,86,-0.14070351758791755,0,0.0,-0.14070351758791755,0.34422110552767266,0.8944723618090757
EURUSD,NY,2022-05-30,Monday,1,1.077,1.07404,0.0029599999999998516,short,2022-05-30 06:40:00,1.07806,2022-05-30 07:30:00,2022-05-30 07:35:00,1.07693,1.07806,1.0746699999999998,0.0011300000000000754,False,extreme,2022-05-30 10:55:00,1.07806,stop,41,-1.0,0,0.0,-1.0,1.8495575221237042,1.1592920353982805
EURUSD,NY,2022-05-30,Monday,2,1.077,1.07404,0.0029599999999998516,short,2022-05-30 10:50:00,1.0787,2022-05-30 20:15:00,2022-05-30 20:20:00,1.07677,1.0787,1.07291,0.0019299999999999873,False,extreme,2022-05-30 23:55:00,1.07512,end_of_day,44,0.8549222797927151,0,0.0,0.8549222797927151,1.7253886010363093,0.015544041450764087
EURUSD,NY,2022-05-31,Tuesday,1,1.07554,1.07278,0.0027599999999998737,long,2022-05-31 04:55:00,1.07214,2022-05-31 05:00:00,2022-05-31 05:05:00,1.07305,1.07214,1.07487,0.0009099999999999664,False,extreme,2022-05-31 06:00:00,1.07214,stop,12,-1.0,0,0.0,-1.0,0.9010989010989815,1.3076923076923828
EURUSD,NY,2022-05-31,Tuesday,2,1.07554,1.07278,0.0027599999999998737,long,2022-05-31 05:55:00,1.07186,2022-05-31 06:10:00,2022-05-31 06:15:00,1.07288,1.07186,1.07492,0.0010200000000000209,False,extreme,2022-05-31 06:50:00,1.07186,stop,8,-1.0,0,0.0,-1.0,0.568627450980405,2.6764705882353583
EURUSD,NY,2022-05-31,Tuesday,3,1.07554,1.07278,0.0027599999999998737,long,2022-05-31 06:50:00,1.06791,2022-05-31 11:20:00,2022-05-31 11:25:00,1.0729,1.06791,1.08288,0.00499000000000005,False,extreme,2022-05-31 23:55:00,1.07185,end_of_day,151,-0.2104208416833637,0,0.0,-0.2104208416833637,0.3547094188376817,0.42284569138277256
EURUSD,NY,2022-06-01,Wednesday,1,1.07374,1.07053,0.003209999999999935,long,2022-06-01 09:45:00,1.07027,2022-06-01 09:50:00,2022-06-01 09:55:00,1.071,1.07027,1.0724599999999997,0.0007299999999998974,False,extreme,2022-06-01 10:00:00,1.07027,stop,2,-1.0,0,0.0,-1.0,0.21917808219172666,3.68493150684964
EURUSD,NY,2022-06-02,Thursday,1,1.06922,1.06497,0.004250000000000087,short,2022-06-02 04:30:00,1.06949,2022-06-02 04:35:00,2022-06-02 04:40:00,1.06915,1.06949,1.06847,0.00034000000000000696,False,extreme,2022-06-02 04:55:00,1.06847,target,4,2.0,0,0.0,2.0,2.147058823529719,0.7058823529412149
EURUSD,NY,2022-06-02,Thursday,2,1.06922,1.06497,0.004250000000000087,short,2022-06-02 06:40:00,1.06969,2022-06-02 07:10:00,2022-06-02 07:15:00,1.06917,1.06969,1.0681299999999998,0.000520000000000076,False,extreme,2022-06-02 08:15:00,1.06969,stop,13,-1.0,0,0.0,-1.0,1.4038461538457514,1.384615384615286
EURUSD,NY,2022-06-02,Thursday,3,1.06922,1.06497,0.004250000000000087,short,2022-06-02 08:15:00,1.06989,2022-06-02 08:30:00,2022-06-02 08:35:00,1.06864,1.06989,1.06614,0.0012499999999999734,False,extreme,2022-06-02 08:40:00,1.06989,stop,2,-1.0,0,0.0,-1.0,0.0,1.231999999999926
EURUSD,NY,2022-06-03,Friday,1,1.07607,1.0745,0.0015700000000000713,short,2022-06-03 04:30:00,1.07626,2022-06-03 04:35:00,2022-06-03 04:40:00,1.07591,1.07626,1.0752099999999998,0.0003500000000000725,False,extreme,2022-06-03 04:50:00,1.0752099999999998,target,3,2.0,0,0.0,2.0,2.7142857142851704,0.31428571428580493
EURUSD,NY,2022-06-03,Friday,2,1.07607,1.0745,0.0015700000000000713,long,2022-06-03 05:45:00,1.07435,2022-06-03 05:50:00,2022-06-03 05:55:00,1.07464,1.07435,1.0752200000000003,0.0002900000000001235,False,extreme,2022-06-03 06:05:00,1.07435,stop,3,-1.0,0,0.0,-1.0,0.6896551724134234,1.1379310344820721
EURUSD,NY,2022-06-03,Friday,3,1.07607,1.0745,0.0015700000000000713,long,2022-06-03 06:05:00,1.07337,2022-06-03 07:25:00,2022-06-03 07:30:00,1.07449,1.07337,1.07673,0.0011200000000000099,False,extreme,2022-06-03 07:50:00,1.07337,stop,5,-1.0,0,0.0,-1.0,0.12500000000002479,1.0446428571427526
EURUSD,NY,2022-06-03,Friday,4,1.07607,1.0745,0.0015700000000000713,long,2022-06-03 07:35:00,1.07043,2022-06-03 09:50:00,2022-06-03 09:55:00,1.07464,1.07236,1.0792000000000002,0.0022800000000000598,True,swing,2022-06-03 10:30:00,1.07236,stop,8,-1.0,0,0.0,-1.0,0.24999999999997566,1.0219298245613517
EURUSD,NY,2022-06-06,Monday,1,1.07425,1.07182,0.002429999999999932,short,2022-06-06 04:00:00,1.07458,2022-06-06 04:05:00,2022-06-06 04:10:00,1.07407,1.07458,1.07305,0.0005100000000000104,False,extreme,2022-06-06 04:10:00,1.07458,stop,1,-1.0,0,0.0,-1.0,0.23529411764728933,2.078431372548661
EURUSD,NY,2022-06-06,Monday,2,1.07425,1.07182,0.002429999999999932,short,2022-06-06 04:10:00,1.0752,2022-06-06 04:30:00,2022-06-06 04:35:00,1.0742,1.0752,1.0722000000000003,0.0009999999999998899,False,extreme,2022-06-06 08:15:00,1.0722000000000003,target,45,2.0,0,0.0,2.0,2.2600000000003995,0.9400000000000444
EURUSD,NY,2022-06-06,Monday,3,1.07425,1.07182,0.002429999999999932,long,2022-06-06 08:20:00,1.07157,2022-06-06 08:30:00,2022-06-06 08:35:00,1.07189,1.07157,1.0725300000000002,0.000320000000000098,False,extreme,2022-06-06 09:15:00,1.07157,stop,9,-1.0,0,0.0,-1.0,1.3749999999995663,1.6874999999994362
EURUSD,NY,2022-06-06,Monday,4,1.07425,1.07182,0.002429999999999932,long,2022-06-06 09:10:00,1.0692,2022-06-06 10:50:00,2022-06-06 10:55:00,1.07186,1.0692,1.0771800000000002,0.0026600000000001067,False,extreme,2022-06-06 11:25:00,1.0692,stop,7,-1.0,0,0.0,-1.0,0.15789473684204816,1.300751879699203
EURUSD,NY,2022-06-07,Tuesday,1,1.06998,1.06653,0.003449999999999953,short,2022-06-07 04:10:00,1.07049,2022-06-07 04:15:00,2022-06-07 04:20:00,1.06966,1.07049,1.0680000000000003,0.0008299999999998864,False,extreme,2022-06-07 04:55:00,1.0680000000000003,target,8,2.0,0,0.0,2.0,2.168674698795506,0.13253012048201152
EURUSD,NY,2022-06-07,Tuesday,2,1.06998,1.06653,0.003449999999999953,long,2022-06-07 07:50:00,1.06576,2022-06-07 08:20:00,2022-06-07 08:25:00,1.06669,1.06576,1.0685499999999997,0.0009299999999998754,False,extreme,2022-06-07 08:55:00,1.06576,stop,7,-1.0,0,0.0,-1.0,0.6559139784947109,1.3763440860216338
EURUSD,NY,2022-06-07,Tuesday,3,1.06998,1.06653,0.003449999999999953,long,2022-06-07 08:45:00,1.06521,2022-06-07 09:25:00,2022-06-07 09:30:00,1.06658,1.06521,1.0693200000000003,0.0013700000000000934,False,extreme,2022-06-07 09:45:00,1.0693200000000003,target,4,2.0,0,0.0,2.0,2.21897810218958,0.014598540146080044
EURUSD,NY,2022-06-07,Tuesday,4,1.06998,1.06653,0.003449999999999953,short,2022-06-07 10:30:00,1.07021,2022-06-07 10:35:00,2022-06-07 10:40:00,1.0698,1.07021,1.06898,0.00041000000000002146,False,extreme,2022-06-07 10:40:00,1.07021,stop,1,-1.0,0,0.0,-1.0,0.024390243902597534,2.170731707316558
EURUSD,NY,2022-06-07,Tuesday,5,1.06998,1.06653,0.003449999999999953,short,2022-06-07 10:40:00,1.07099,2022-06-07 11:05:00,2022-06-07 11:10:00,1.06998,1.07099,1.0679599999999996,0.0010100000000001774,False,extreme,2022-06-07 14:30:00,1.07099,stop,41,-1.0,0,0.0,-1.0,0.9306930693067087,1.25742574257414
EURUSD,NY,2022-06-07,Tuesday,6,1.06998,1.06653,0.003449999999999953,short,2022-06-07 14:05:00,1.07144,2022-06-07 19:35:00,2022-06-07 19:40:00,1.06993,1.07144,1.0669100000000002,0.0015099999999999003,False,extreme,2022-06-07 23:55:00,1.06839,end_of_day,52,1.0198675496690057,0,0.0,1.0198675496690057,1.19867549668888,0.13245033112582197
EURUSD,NY,2022-06-08,Wednesday,1,1.06952,1.06777,0.0017499999999999183,long,2022-06-08 04:40:00,1.06758,2022-06-08 04:45:00,2022-06-08 04:50:00,1.06809,1.06758,1.06911,0.0005100000000000104,False,extreme,2022-06-08 05:00:00,1.06758,stop,3,-1.0,0,0.0,-1.0,0.41176470588242975,1.607843137254953
EURUSD,NY,2022-06-08,Wednesday,2,1.06952,1.06777,0.0017499999999999183,long,2022-06-08 05:00:00,1.06715,2022-06-08 05:15:00,2022-06-08 05:20:00,1.06839,1.06715,1.0708699999999998,0.0012399999999999078,False,extreme,2022-06-08 05:40:00,1.0708699999999998,target,5,2.0,0,0.0,2.0,2.0322580645163426,0.008064516128906622
EURUSD,NY,2022-06-09,Thursday,1,1.07327,1.0702,0.003069999999999906,long,2022-06-09 04:00:00,1.06941,2022-06-09 04:30:00,2022-06-09 04:35:00,1.07033,1.06941,1.07217,0.0009200000000000319,False,extreme,2022-06-09 06:20:00,1.07217,target,22,2.0,0,0.0,2.0,2.304347826086768,0.0
EURUSD,NY,2022-06-09,Thursday,2,1.07327,1.0702,0.003069999999999906,short,2022-06-09 07:40:00,1.07493,2022-06-09 07:45:00,2022-06-09 07:50:00,1.0711,1.07493,1.06344,0.00383,False,extreme,2022-06-09 08:10:00,1.07493,stop,5,-1.0,0,0.0,-1.0,0.01305483028717584,1.020887728459551
EURUSD,NY,2022-06-09,Thursday,3,1.07327,1.0702,0.003069999999999906,short,2022-06-09 08:00:00,1.0774,2022-06-09 09:00:00,2022-06-09 09:05:00,1.07309,1.0774,1.0644700000000005,0.004309999999999814,False,extreme,2022-06-09 13:15:00,1.0644700000000005,target,51,2.0,0,0.0,2.0,2.4338747099769287,0.0
EURUSD,NY,2022-06-13,Monday,1,1.04957,1.04612,0.003449999999999953,long,2022-06-13 04:00:00,1.04562,2022-06-13 04:05:00,2022-06-13 04:10:00,1.0465,1.04562,1.04826,0.0008799999999999919,False,extreme,2022-06-13 04:25:00,1.04826,target,4,2.0,0,0.0,2.0,2.125000000000063,0.23863636363641524
EURUSD,NY,2022-06-13,Monday,2,1.04957,1.04612,0.003449999999999953,long,2022-06-13 06:00:00,1.04582,2022-06-13 06:05:00,2022-06-13 06:10:00,1.04654,1.04582,1.0479800000000001,0.0007200000000000539,False,extreme,2022-06-13 07:20:00,1.04582,stop,15,-1.0,0,0.0,-1.0,0.8888888888887861,1.3888888888889404
EURUSD,NY,2022-06-13,Monday,3,1.04957,1.04612,0.003449999999999953,long,2022-06-13 07:15:00,1.04518,2022-06-13 07:30:00,2022-06-13 07:35:00,1.04624,1.04518,1.0483600000000002,0.001060000000000061,False,extreme,2022-06-13 07:45:00,1.04518,stop,3,-1.0,0,0.0,-1.0,0.13207547169813297,1.0849056603772813
EURUSD,NY,2022-06-13,Monday,4,1.04957,1.04612,0.003449999999999953,long,2022-06-13 07:40:00,1.04451,2022-06-13 08:20:00,2022-06-13 08:25:00,1.04689,1.04451,1.0516500000000002,0.0023800000000000487,False,extreme,2022-06-13 09:40:00,1.04451,stop,16,-1.0,0,0.0,-1.0,0.22268907563021367,1.2184873949580106
EURUSD,NY,2022-06-14,Tuesday,1,1.0475,1.04179,0.005710000000000104,short,2022-06-14 04:40:00,1.04848,2022-06-14 04:50:00,2022-06-14 04:55:00,1.04711,1.04848,1.0443699999999998,0.0013700000000000934,False,extreme,2022-06-14 05:40:00,1.0443699999999998,target,10,2.0,0,0.0,2.0,2.10218978102175,0.197080291970784
EURUSD,NY,2022-06-14,Tuesday,2,1.0475,1.04179,0.005710000000000104,long,2022-06-14 10:35:00,1.04082,2022-06-14 11:00:00,2022-06-14 11:05:00,1.04194,1.04082,1.04418,0.0011200000000000099,False,extreme,2022-06-14 11:10:00,1.04082,stop,2,-1.0,0,0.0,-1.0,0.03571428571412286,1.1250000000000249
EURUSD,NY,2022-06-14,Tuesday,3,1.0475,1.04179,0.005710000000000104,long,2022-06-14 11:05:00,1.04068,2022-06-14 11:20:00,2022-06-14 11:25:00,1.04192,1.04068,1.0443999999999998,0.0012399999999999078,False,extreme,2022-06-14 15:10:00,1.04068,stop,46,-1.0,0,0.0,-1.0,1.951612903226023,1.0806451612903196
EURUSD,NY,2022-06-14,Tuesday,4,1.0475,1.04179,0.005710000000000104,long,2022-06-14 14:40:00,1.03999,2022-06-14 17:30:00,2022-06-14 17:35:00,1.0419,1.03999,1.0457200000000002,0.0019100000000000783,False,extreme,2022-06-14 23:55:00,1.0443,end_of_day,77,1.2565445026177273,0,0.0,1.2565445026177273,1.7015706806281894,0.3350785340313862
EURUSD,NY,2022-06-15,Wednesday,1,1.04946,1.04243,0.007030000000000092,short,2022-06-15 04:40:00,1.05078,2022-06-15 04:55:00,2022-06-15 05:00:00,1.04939,1.05078,1.04661,0.0013900000000000023,False,extreme,2022-06-15 07:50:00,1.04661,target,35,2.0,0,0.0,2.0,2.2374100719424037,0.28057553956826603
EURUSD,NY,2022-06-15,Wednesday,2,1.04946,1.04243,0.007030000000000092,long,2022-06-15 08:50:00,1.04033,2022-06-15 09:55:00,2022-06-15 10:00:00,1.04264,1.04033,1.04726,0.0023100000000000342,False,extreme,2022-06-15 11:10:00,1.04033,stop,15,-1.0,0,0.0,-1.0,0.24675324675322552,1.398268398268406
EURUSD,NY,2022-06-15,Wednesday,3,1.04946,1.04243,0.007030000000000092,long,2022-06-15 10:15:00,1.0359,2022-06-15 14:40:00,2022-06-15 14:45:00,1.04505,1.0359,1.06335,0.009149999999999991,False,extreme,2022-06-15 23:55:00,1.04431,end_of_day,111,-0.08087431693988673,0,0.0,-0.08087431693988673,0.21092896174863268,0.44043715846994336
EURUSD,NY,2022-06-16,Thursday,1,1.04441,1.03809,0.006320000000000103,short,2022-06-16 09:00:00,1.04736,2022-06-16 10:05:00,2022-06-16 10:10:00,1.04439,1.04736,1.0384499999999997,0.002970000000000139,False,extreme,2022-06-16 10:25:00,1.04736,stop,4,-1.0,0,0.0,-1.0,0.2895622895622291,1.2020202020201702
EURUSD,NY,2022-06-17,Friday,1,1.05307,1.04941,0.0036599999999999966,short,2022-06-17 05:10:00,1.05361,2022-06-17 05:15:00,2022-06-17 05:20:00,1.05308,1.05361,1.0520200000000002,0.0005299999999999194,False,extreme,2022-06-17 05:25:00,1.0520200000000002,target,2,2.0,0,0.0,2.0,2.641509433962794,0.3962264150944819
EURUSD,NY,2022-06-17,Friday,2,1.05307,1.04941,0.0036599999999999966,long,2022-06-17 07:55:00,1.04758,2022-06-17 08:30:00,2022-06-17 08:35:00,1.04943,1.04758,1.0531300000000003,0.0018500000000001293,False,extreme,2022-06-17 09:35:00,1.04758,stop,13,-1.0,0,0.0,-1.0,0.7459459459458596,1.1081081081080886
EURUSD,NY,2022-06-17,Friday,3,1.05307,1.04941,0.0036599999999999966,long,2022-06-17 09:05:00,1.04444,2022-06-17 13:40:00,2022-06-17 13:45:00,1.04986,1.04444,1.0607,0.00541999999999998,False,extreme,2022-06-17 16:55:00,1.04953,friday_close,35,-0.06088560885607798,0,0.0,-0.06088560885607798,0.0774907749077654,0.19557195571956915
EURUSD,NY,2022-06-20,Monday,1,1.0543,1.05102,0.0032799999999999496,short,2022-06-20 05:20:00,1.05438,2022-06-20 05:25:00,2022-06-20 05:30:00,1.05424,1.05438,1.05396,0.000140000000000029,False,extreme,2022-06-20 05:30:00,1.05396,target,1,2.0,0,0.0,2.0,6.285714285712927,0.0
EURUSD,NY,2022-06-20,Monday,2,1.0543,1.05102,0.0032799999999999496,long,2022-06-20 13:50:00,1.04982,2022-06-20 15:55:00,2022-06-20 16:00:00,1.05118,1.04982,1.0539,0.0013600000000000279,False,extreme,2022-06-20 21:20:00,1.0539,target,65,2.0,0,0.0,2.0,2.2573529411763555,0.34558823529408883
EURUSD,NY,2022-06-21,Tuesday,1,1.05649,1.05133,0.005159999999999831,short,2022-06-21 04:15:00,1.05688,2022-06-21 04:25:00,2022-06-21 04:30:00,1.05632,1.05688,1.0551999999999997,0.000560000000000116,False,extreme,2022-06-21 04:35:00,1.05688,stop,2,-1.0,0,0.0,-1.0,0.07142857142823156,1.3928571428568597
EURUSD,NY,2022-06-21,Tuesday,2,1.05649,1.05133,0.005159999999999831,short,2022-06-21 04:30:00,1.05827,2022-06-21 06:00:00,2022-06-21 06:05:00,1.05607,1.05827,1.05167,0.0021999999999999797,False,extreme,2022-06-21 20:40:00,1.05167,target,176,2.0,0,0.0,2.0,2.050000000000025,0.2954545454545661
EURUSD,NY,2022-06-21,Tuesday,3,1.05649,1.05133,0.005159999999999831,long,2022-06-21 20:55:00,1.05084,2022-06-21 21:25:00,2022-06-21 21:30:00,1.05145,1.05084,1.05267,0.0006099999999999994,False,extreme,2022-06-21 21:30:00,1.05084,stop,1,-1.0,0,0.0,-1.0,0.06557377049186892,1.852459016393568
EURUSD,NY,2022-06-21,Tuesday,4,1.05649,1.05133,0.005159999999999831,long,2022-06-21 21:30:00,1.05022,2022-06-21 22:25:00,2022-06-21 22:30:00,1.0515,1.05022,1.0540600000000004,0.0012800000000001699,False,extreme,2022-06-21 23:55:00,1.05108,end_of_day,18,-0.32812500000002437,0,0.0,-0.32812500000002437,0.031249999999853634,0.6406249999999485
EURUSD,NY,2022-06-22,Wednesday,1,1.0514,1.0469,0.0044999999999999485,short,2022-06-22 05:10:00,1.05174,2022-06-22 05:20:00,2022-06-22 05:25:00,1.05115,1.05174,1.0499700000000003,0.0005899999999998684,False,extreme,2022-06-22 05:50:00,1.05174,stop,6,-1.0,0,0.0,-1.0,1.1016949152545499,1.0847457627120622
EURUSD,NY,2022-06-22,Wednesday,2,1.0514,1.0469,0.0044999999999999485,short,2022-06-22 05:50:00,1.05291,2022-06-22 07:50:00,2022-06-22 07:55:00,1.05135,1.05291,1.04823,0.0015600000000000058,False,extreme,2022-06-22 08:50:00,1.05291,stop,12,-1.0,0,0.0,-1.0,0.2115384615384232,1.4166666666666905
EURUSD,NY,2022-06-23,Thursday,1,1.05794,1.04986,0.008080000000000087,long,2022-06-23 04:40:00,1.04828,2022-06-23 05:05:00,2022-06-23 05:10:00,1.05025,1.04828,1.0541899999999995,0.0019699999999998052,False,extreme,2022-06-23 09:55:00,1.0541899999999995,target,58,2.0,0,0.0,2.0,2.116751269035746,0.6142131979695701
EURUSD,NY,2022-06-23,Thursday,2,1.05794,1.04986,0.008080000000000087,long,2022-06-23 12:00:00,1.04944,2022-06-23 12:05:00,2022-06-23 12:10:00,1.05114,1.04944,1.05454,0.0017000000000000348,False,extreme,2022-06-23 23:55:00,1.05329,end_of_day,142,1.264705882352972,0,0.0,1.264705882352972,1.523529411764729,0.6
EURUSD,NY,2022-06-24,Friday,1,1.05468,1.05224,0.0024399999999999977,long,2022-06-24 04:10:00,1.05192,2022-06-24 04:15:00,2022-06-24 04:20:00,1.0529,1.05192,1.05486,0.0009799999999999809,False,extreme,2022-06-24 05:25:00,1.05486,target,14,2.0,0,0.0,2.0,2.5306122448980473,0.6836734693877158
EURUSD,NY,2022-06-24,Friday,2,1.05468,1.05224,0.0024399999999999977,short,2022-06-24 05:25:00,1.05541,2022-06-24 05:35:00,2022-06-24 05:40:00,1.05431,1.05541,1.0521100000000003,0.0010999999999998789,False,extreme,2022-06-24 06:00:00,1.05541,stop,5,-1.0,0,0.0,-1.0,0.09090909090909091,1.0181818181819393
EURUSD,NY,2022-06-24,Friday,3,1.05468,1.05224,0.0024399999999999977,short,2022-06-24 05:50:00,1.05549,2022-06-24 06:10:00,2022-06-24 06:15:00,1.05464,1.05549,1.05294,0.0008500000000000174,False,extreme,2022-06-24 07:15:00,1.05294,target,13,2.0,0,0.0,2.0,2.4235294117645982,0.7176470588235141
EURUSD,NY,2022-06-24,Friday,4,1.05468,1.05224,0.0024399999999999977,long,2022-06-24 07:50:00,1.05143,2022-06-24 08:00:00,2022-06-24 08:05:00,1.05231,1.05143,1.05407,0.0008799999999999919,False,extreme,2022-06-24 09:30:00,1.05407,target,18,2.0,0,0.0,2.0,2.420454545454528,0.8068181818181761
EURUSD,NY,2022-06-24,Friday,5,1.05468,1.05224,0.0024399999999999977,short,2022-06-24 10:00:00,1.05713,2022-06-24 10:40:00,2022-06-24 10:45:00,1.05467,1.05713,1.0497500000000002,0.0024599999999999067,False,extreme,2022-06-24 16:55:00,1.05554,friday_close,75,-0.35365853658534935,0,0.0,-0.35365853658534935,0.49593495934961185,0.5325203252032407
EURUSD,NY,2022-06-27,Monday,1,1.05905,1.05543,0.0036199999999999566,short,2022-06-27 10:45:00,1.06149,2022-06-27 13:05:00,2022-06-27 13:10:00,1.05854,1.06149,1.05264,0.002950000000000008,False,extreme,2022-06-27 23:55:00,1.05812,end_of_day,130,0.1423728813559613,0,0.0,0.1423728813559613,0.5050847457627076,0.2983050847457591
EURUSD,NY,2022-06-29,Wednesday,1,1.05324,1.04859,0.004650000000000043,long,2022-06-29 09:40:00,1.04741,2022-06-29 10:00:00,2022-06-29 10:05:00,1.04878,1.04741,1.0515200000000002,0.0013700000000000934,False,extreme,2022-06-29 10:30:00,1.04741,stop,6,-1.0,0,0.0,-1.0,0.321167883211654,1.503649635036358
EURUSD,NY,2022-06-30,Thursday,1,1.04688,1.04299,0.003889999999999949,long,2022-06-30 05:20:00,1.04255,2022-06-30 05:40:00,2022-06-30 05:45:00,1.04328,1.04255,1.0447399999999998,0.0007299999999998974,False,extreme,2022-06-30 06:00:00,1.04255,stop,4,-1.0,0,0.0,-1.0,0.05479452054800771,1.863013698630437
EURUSD,NY,2022-06-30,Thursday,2,1.04688,1.04299,0.003889999999999949,long,2022-06-30 05:55:00,1.03827,2022-06-30 10:50:00,2022-06-30 10:55:00,1.04497,1.03827,1.0583699999999998,0.006699999999999928,False,extreme,2022-06-30 23:55:00,1.04547,end_of_day,157,0.07462686567163437,0,0.0,0.07462686567163437,0.5791044776119623,0.10447761194028812
EURUSD,NY,2022-07-01,Friday,1,1.04705,1.04328,0.003770000000000051,short,2022-07-01 06:30:00,1.04742,2022-07-01 06:35:00,2022-07-01 06:40:00,1.04606,1.04742,1.04334,0.0013600000000000279,False,extreme,2022-07-01 07:55:00,1.04334,target,16,2.0,0,0.0,2.0,2.1176470588234815,0.1323529411765186
EURUSD,NY,2022-07-04,Monday,1,1.04388,1.0422,0.0016799999999999038,long,2022-07-04 04:00:00,1.04208,2022-07-04 04:05:00,2022-07-04 04:10:00,1.04248,1.04208,1.0432800000000004,0.000400000000000178,False,extreme,2022-07-04 04:45:00,1.0432800000000004,target,8,2.0,0,0.0,2.0,2.3999999999985566,0.6749999999996809
EURUSD,NY,2022-07-04,Monday,2,1.04388,1.0422,0.0016799999999999038,short,2022-07-04 05:00:00,1.04412,2022-07-04 05:10:00,2022-07-04 05:15:00,1.04375,1.04412,1.04301,0.00036999999999998145,False,extreme,2022-07-04 05:30:00,1.04412,stop,4,-1.0,0,0.0,-1.0,0.6216216216215243,5.324324324324665
EURUSD,NY,2022-07-04,Monday,3,1.04388,1.0422,0.0016799999999999038,short,2022-07-04 05:25:00,1.04628,2022-07-04 10:10:00,2022-07-04 10:15:00,1.04352,1.04628,1.0379999999999998,0.0027600000000000957,False,extreme,2022-07-04 23:55:00,1.04348,end_of_day,164,0.014492753623202397,0,0.0,0.014492753623202397,0.6521739130434643,0.11231884057971801
EURUSD,NY,2022-07-07,Thursday,1,1.0221,1.0182,0.0039000000000000146,long,2022-07-07 05:00:00,1.01747,2022-07-07 05:05:00,2022-07-07 05:10:00,1.01873,1.01747,1.0212499999999995,0.0012599999999998168,False,extreme,2022-07-07 06:10:00,1.0212499999999995,target,13,2.0,0,0.0,2.0,2.3730158730162563,0.42063492063491786
EURUSD,NY,2022-07-07,Thursday,2,1.0221,1.0182,0.0039000000000000146,long,2022-07-07 08:10:00,1.01778,2022-07-07 08:20:00,2022-07-07 08:25:00,1.019,1.01778,1.02144,0.0012199999999999989,False,extreme,2022-07-07 08:55:00,1.01778,stop,7,-1.0,0,0.0,-1.0,0.22950819672135922,1.6721311475408374
EURUSD,NY,2022-07-07,Thursday,3,1.0221,1.0182,0.0039000000000000146,long,2022-07-07 08:55:00,1.01651,2022-07-07 09:35:00,2022-07-07 09:40:00,1.01848,1.01651,1.02242,0.0019700000000000273,False,extreme,2022-07-07 11:20:00,1.01651,stop,21,-1.0,0,0.0,-1.0,0.4467005076142029,1.2385786802030274
EURUSD,NY,2022-07-07,Thursday,4,1.0221,1.0182,0.0039000000000000146,long,2022-07-07 10:10:00,1.01442,2022-07-07 20:50:00,2022-07-07 20:55:00,1.01834,1.01442,1.0261799999999999,0.0039199999999999235,False,extreme,2022-07-07 23:55:00,1.01585,end_of_day,37,-0.6352040816326918,0,0.0,-0.6352040816326918,0.20663265306122275,0.75510204081636
EURUSD,NY,2022-07-08,Friday,1,1.01701,1.00719,0.00981999999999994,short,2022-07-08 09:35:00,1.01778,2022-07-08 09:40:00,2022-07-08 09:45:00,1.01651,1.01778,1.0139700000000003,0.0012699999999998823,False,extreme,2022-07-08 09:50:00,1.0139700000000003,target,2,2.0,0,0.0,2.0,2.2283464566932065,0.0629921259843208
EURUSD,NY,2022-07-08,Friday,2,1.01701,1.00719,0.00981999999999994,short,2022-07-08 10:30:00,1.01789,2022-07-08 10:45:00,2022-07-08 10:50:00,1.01673,1.01789,1.0144099999999998,0.0011600000000000499,False,extreme,2022-07-08 10:55:00,1.01789,stop,2,-1.0,0,0.0,-1.0,0.0,1.2327586206896386
EURUSD,NY,2022-07-08,Friday,3,1.01701,1.00719,0.00981999999999994,short,2022-07-08 10:50:00,1.01903,2022-07-08 12:10:00,2022-07-08 12:15:00,1.01694,1.01903,1.0127599999999997,0.0020900000000001473,False,extreme,2022-07-08 16:55:00,1.01854,friday_close,57,-0.7655502392344178,0,0.0,-0.7655502392344178,0.5215311004784491,0.8086124401913158
EURUSD,NY,2022-07-11,Monday,1,1.01546,1.01056,0.0049000000000001265,long,2022-07-11 05:55:00,1.00958,2022-07-11 06:15:00,2022-07-11 06:20:00,1.01063,1.00958,1.01273,0.0010499999999999954,False,extreme,2022-07-11 07:25:00,1.00958,stop,14,-1.0,0,0.0,-1.0,1.1142857142858291,1.0190476190475324
EURUSD,NY,2022-07-12,Tuesday,1,1.00392,1.00029,0.003630000000000022,long,2022-07-12 04:15:00,1.00019,2022-07-12 04:20:00,2022-07-12 04:25:00,1.00072,1.00019,1.0017800000000003,0.0005300000000001415,False,extreme,2022-07-12 05:00:00,1.00019,stop,8,-1.0,0,0.0,-1.0,1.999999999999162,1.0188679245280015
EURUSD,NY,2022-07-12,Tuesday,2,1.00392,1.00029,0.003630000000000022,long,2022-07-12 05:10:00,1.00009,2022-07-12 05:15:00,2022-07-12 05:20:00,1.00037,1.00009,1.00093,0.000280000000000058,False,extreme,2022-07-12 05:35:00,1.00009,stop,4,-1.0,0,0.0,-1.0,1.6785714285709754,1.0
EURUSD,NY,2022-07-12,Tuesday,3,1.00392,1.00029,0.003630000000000022,long,2022-07-12 05:35:00,1.0,2022-07-12 05:45:00,2022-07-12 05:50:00,1.00055,1.0,1.0016500000000002,0.0005500000000000504,False,extreme,2022-07-12 06:00:00,1.0016500000000002,target,3,2.0,0,0.0,2.0,3.163636363635806,0.7818181818183874
EURUSD,NY,2022-07-12,Tuesday,4,1.00392,1.00029,0.003630000000000022,short,2022-07-12 07:15:00,1.00694,2022-07-12 07:50:00,2022-07-12 07:55:00,1.00383,1.00694,0.9976100000000001,0.003109999999999946,False,extreme,2022-07-12 11:25:00,1.00694,stop,43,-1.0,0,0.0,-1.0,0.1736334405144676,1.1414790996784578
EURUSD,NY,2022-07-12,Tuesday,5,1.00392,1.00029,0.003630000000000022,short,2022-07-12 09:55:00,1.00738,2022-07-12 15:35:00,2022-07-12 15:40:00,1.00382,1.00738,0.9966999999999999,0.0035600000000000076,False,extreme,2022-07-12 23:55:00,1.00366,end_of_day,100,0.04494382022470158,0,0.0,0.04494382022470158,0.43258426966288527,0.2500000000000156
EURUSD,NY,2022-07-13,Wednesday,1,1.00527,1.00063,0.0046400000000001995,long,2022-07-13 08:30:00,0.9998,2022-07-13 08:45:00,2022-07-13 08:50:00,1.00249,0.9998,1.0078700000000003,0.002690000000000081,False,extreme,2022-07-13 10:40:00,1.0078700000000003,target,23,2.0,0,0.0,2.0,2.085501858735957,0.602230483271423
EURUSD,NY,2022-07-13,Wednesday,2,1.00527,1.00063,0.0046400000000001995,short,2022-07-13 10:35:00,1.01217,2022-07-13 18:40:00,2022-07-13 18:45:00,1.0052,1.01217,0.9912600000000003,0.006969999999999921,False,extreme,2022-07-13 23:55:00,1.00329,end_of_day,63,0.27403156384506455,0,0.0,0.27403156384506455,0.5480631276901291,0.058823529411736596
EURUSD,NY,2022-07-14,Thursday,1,1.00464,1.00053,0.004110000000000058,short,2022-07-14 05:55:00,1.00504,2022-07-14 06:05:00,2022-07-14 06:10:00,1.00458,1.00504,1.0036600000000002,0.00045999999999990493,False,extreme,2022-07-14 06:15:00,1.0036600000000002,target,2,2.0,0,0.0,2.0,3.0000000000004827,0.10869565217368218
EURUSD,NY,2022-07-14,Thursday,2,1.00464,1.00053,0.004110000000000058,long,2022-07-14 08:10:00,1.00039,2022-07-14 08:15:00,2022-07-14 08:20:00,1.0006,1.00039,1.00102,0.00021000000000004349,False,extreme,2022-07-14 08:20:00,1.00039,stop,1,-1.0,0,0.0,-1.0,1.0952380952386995,1.0476190476182923
EURUSD,NY,2022-07-14,Thursday,3,1.00464,1.00053,0.004110000000000058,long,2022-07-14 08:20:00,1.00036,2022-07-14 08:25:00,2022-07-14 08:30:00,1.00061,1.00036,1.0011100000000002,0.0002500000000000835,False,extreme,2022-07-14 08:30:00,1.0011100000000002,target,1,2.0,0,0.0,2.0,4.279999999998188,0.8800000000001421
EURUSD,NY,2022-07-14,Thursday,4,1.00464,1.00053,0.004110000000000058,long,2022-07-14 08:40:00,1.00032,2022-07-14 08:50:00,2022-07-14 08:55:00,1.00056,1.00032,1.0010399999999995,0.00023999999999979593,False,extreme,2022-07-14 08:55:00,1.00032,stop,1,-1.0,0,0.0,-1.0,0.0,1.5000000000009253
EURUSD,NY,2022-07-14,Thursday,5,1.00464,1.00053,0.004110000000000058,long,2022-07-14 08:55:00,0.99999,2022-07-14 09:15:00,2022-07-14 09:20:00,1.00053,0.99999,1.0016099999999997,0.0005399999999998739,False,extreme,2022-07-14 09:20:00,0.99999,stop,1,-1.0,0,0.0,-1.0,0.01851851851864416,6.3148148148161285
EURUSD,NY,2022-07-14,Thursday,6,1.00464,1.00053,0.004110000000000058,long,2022-07-14 09:20:00,0.99522,2022-07-14 11:00:00,2022-07-14 11:05:00,1.00234,0.99522,1.01658,0.007120000000000015,False,extreme,2022-07-14 23:55:00,1.00255,end_of_day,155,0.029494382022477953,0,0.0,0.029494382022477953,0.33848314606741825,0.5561797752808926
EURUSD,NY,2022-07-18,Monday,1,1.01492,1.00814,0.006780000000000008,short,2022-07-18 05:45:00,1.01755,2022-07-18 07:25:00,2022-07-18 07:30:00,1.0147,1.01755,1.009,0.002850000000000019,False,extreme,2022-07-18 10:15:00,1.01755,stop,34,-1.0,0,0.0,-1.0,0.9614035087719109,1.1333333333333488
EURUSD,NY,2022-07-18,Monday,2,1.01492,1.00814,0.006780000000000008,short,2022-07-18 09:40:00,1.02013,2022-07-18 15:30:00,2022-07-18 15:35:00,1.01455,1.02013,1.0033900000000002,0.005579999999999918,False,extreme,2022-07-18 23:55:00,1.01269,end_of_day,101,0.3333333333333333,0,0.0,0.3333333333333333,0.46236559139786104,0.06451612903224395
EURUSD,NY,2022-07-19,Tuesday,1,1.0244,1.01244,0.01195999999999997,short,2022-07-19 04:00:00,1.02533,2022-07-19 04:10:00,2022-07-19 04:15:00,1.02342,1.02533,1.0195999999999998,0.0019100000000000783,False,extreme,2022-07-19 05:40:00,1.02533,stop,18,-1.0,0,0.0,-1.0,0.7329842931937227,1.2513089005235687
EURUSD,NY,2022-07-19,Tuesday,2,1.0244,1.01244,0.01195999999999997,short,2022-07-19 05:40:00,1.02588,2022-07-19 05:50:00,2022-07-19 05:55:00,1.02433,1.02588,1.02123,0.0015499999999999403,False,extreme,2022-07-19 06:05:00,1.02588,stop,3,-1.0,0,0.0,-1.0,0.16129032258056197,1.6838709677420012
EURUSD,NY,2022-07-19,Tuesday,3,1.0244,1.01244,0.01195999999999997,short,2022-07-19 06:00:00,1.02694,2022-07-19 08:15:00,2022-07-19 08:20:00,1.02373,1.02694,1.0173100000000002,0.003209999999999935,False,extreme,2022-07-19 23:55:00,1.02431,end_of_day,188,-0.18068535825546314,0,0.0,-0.18068535825546314,0.4984423676012705,0.8317757009345808
EURUSD,NY,2022-07-20,Wednesday,1,1.02732,1.02214,0.005179999999999962,long,2022-07-20 06:30:00,1.01735,2022-07-20 09:05:00,2022-07-20 09:10:00,1.02218,1.01735,1.0318400000000003,0.004830000000000112,False,extreme,2022-07-20 13:05:00,1.01735,stop,48,-1.0,0,0.0,-1.0,0.33126293995854794,1.0393374741200638
EURUSD,NY,2022-07-21,Thursday,1,1.02305,1.01904,0.004010000000000069,long,2022-07-21 04:00:00,1.01733,2022-07-21 04:30:00,2022-07-21 04:35:00,1.01933,1.01733,1.02333,0.0020000000000000018,False,extreme,2022-07-21 04:40:00,1.01733,stop,2,-1.0,0,0.0,-1.0,0.06499999999998168,1.120000000000009
EURUSD,NY,2022-07-21,Thursday,2,1.02305,1.01904,0.004010000000000069,long,2022-07-21 04:35:00,1.01709,2022-07-21 04:55:00,2022-07-21 05:00:00,1.01912,1.01709,1.02318,0.0020299999999999763,False,extreme,2022-07-21 05:15:00,1.01709,stop,4,-1.0,0,0.0,-1.0,0.004926108374416566,1.0443349753695303
EURUSD,NY,2022-07-21,Thursday,3,1.02305,1.01904,0.004010000000000069,long,2022-07-21 05:00:00,1.0166,2022-07-21 06:10:00,2022-07-21 06:15:00,1.01908,1.0166,1.02404,0.0024800000000000377,False,extreme,2022-07-21 08:15:00,1.02404,target,25,2.0,0,0.0,2.0,2.3790322580644867,0.4637096774193415
EURUSD,NY,2022-07-21,Thursday,4,1.02305,1.01904,0.004010000000000069,short,2022-07-21 08:15:00,1.0278,2022-07-21 09:10:00,2022-07-21 09:15:00,1.02002,1.0278,1.0044599999999997,0.00778000000000012,False,extreme,2022-07-21 23:55:00,1.01909,end_of_day,177,0.11953727506424949,0,0.0,0.11953727506424949,0.6002570694087249,0.42930591259640993
EURUSD,NY,2022-07-22,Friday,1,1.02136,1.01298,0.008380000000000054,short,2022-07-22 09:45:00,1.02555,2022-07-22 14:05:00,2022-07-22 14:10:00,1.02128,1.02555,1.01274,0.004269999999999996,False,extreme,2022-07-22 16:55:00,1.02143,friday_close,34,-0.035128805620631066,0,0.0,-0.035128805620631066,0.5292740046838246,0.07728337236532594
EURUSD,NY,2022-07-25,Monday,1,1.02218,1.01862,0.0035600000000000076,short,2022-07-25 04:55:00,1.02541,2022-07-25 06:30:00,2022-07-25 06:35:00,1.02194,1.02541,1.0150000000000003,0.003469999999999862,False,extreme,2022-07-25 07:20:00,1.02541,stop,10,-1.0,0,0.0,-1.0,0.03746397694523592,1.106628242074927
EURUSD,NY,2022-07-25,Monday,2,1.02218,1.01862,0.0035600000000000076,short,2022-07-25 06:45:00,1.02578,2022-07-25 10:30:00,2022-07-25 10:35:00,1.02124,1.02578,1.01216,0.0045399999999999885,False,extreme,2022-07-25 23:55:00,1.02301,end_of_day,161,-0.3898678414097035,0,0.0,-0.3898678414097035,0.20264317180617494,0.8281938325991178
EURUSD,NY,2022-07-26,Tuesday,1,1.02362,1.02083,0.00279000000000007,long,2022-07-26 04:05:00,1.02022,2022-07-26 04:15:00,2022-07-26 04:20:00,1.02112,1.02022,1.0229200000000003,0.0009000000000001229,False,extreme,2022-07-26 04:50:00,1.02022,stop,7,-1.0,0,0.0,-1.0,1.022222222222118,1.0
EURUSD,NY,2022-07-27,Wednesday,1,1.0159,1.01277,0.003130000000000077,short,2022-07-27 07:00:00,1.01718,2022-07-27 07:50:00,2022-07-27 07:55:00,1.01574,1.01718,1.0128600000000003,0.0014399999999998858,False,extreme,2022-07-27 09:50:00,1.0128600000000003,target,24,2.0,0,0.0,2.0,2.0833333333335773,0.05555555555546132
EURUSD,NY,2022-07-27,Wednesday,2,1.0159,1.01277,0.003130000000000077,long,2022-07-27 10:05:00,1.01092,2022-07-27 11:10:00,2022-07-27 11:15:00,1.01315,1.01092,1.01761,0.0022299999999999542,False,extreme,2022-07-27 11:50:00,1.01092,stop,8,-1.0,0,0.0,-1.0,0.28251121076229657,1.1255605381166205
EURUSD,NY,2022-07-27,Wednesday,3,1.0159,1.01277,0.003130000000000077,long,2022-07-27 11:40:00,1.00967,2022-07-27 13:35:00,2022-07-27 13:40:00,1.013,1.00967,1.0196599999999996,0.003329999999999833,False,extreme,2022-07-27 14:50:00,1.0196599999999996,target,15,2.0,0,0.0,2.0,2.4594594594596253,0.6876876876876931
EURUSD,NY,2022-07-28,Thursday,1,1.02343,1.01852,0.00490999999999997,long,2022-07-28 05:45:00,1.01141,2022-07-28 15:05:00,2022-07-28 15:10:00,1.01863,1.01141,1.03307,0.007220000000000004,False,extreme,2022-07-28 23:55:00,1.02132,end_of_day,106,0.3725761772853296,0,0.0,0.3725761772853296,0.5332409972299348,0.048476454293608064
EURUSD,NY,2022-07-29,Friday,1,1.02541,1.02078,0.004629999999999912,long,2022-07-29 04:30:00,1.02033,2022-07-29 04:40:00,2022-07-29 04:45:00,1.02142,1.02033,1.0236,0.0010900000000000354,False,extreme,2022-07-29 05:15:00,1.02033,stop,7,-1.0,0,0.0,-1.0,1.4587155963302099,1.0733944954127113
EURUSD,NY,2022-07-29,Friday,2,1.02541,1.02078,0.004629999999999912,long,2022-07-29 05:15:00,1.01854,2022-07-29 06:10:00,2022-07-29 06:15:00,1.02166,1.01854,1.0279,0.0031200000000000117,False,extreme,2022-07-29 08:30:00,1.01854,stop,28,-1.0,0,0.0,-1.0,0.9294871794871448,1.3557692307692115
EURUSD,NY,2022-07-29,Friday,3,1.02541,1.02078,0.004629999999999912,long,2022-07-29 08:10:00,1.01461,2022-07-29 11:15:00,2022-07-29 11:20:00,1.02087,1.01461,1.0333899999999998,0.006259999999999932,False,extreme,2022-07-29 16:55:00,1.02265,friday_close,68,0.2843450479233441,0,0.0,0.2843450479233441,0.29233226837060994,0.49680511182108306
EURUSD,NY,2022-08-01,Monday,1,1.0241,1.02134,0.0027600000000000957,short,2022-08-01 04:10:00,1.02464,2022-08-01 04:15:00,2022-08-01 04:20:00,1.02385,1.02464,1.0222699999999998,0.0007900000000000684,False,extreme,2022-08-01 04:30:00,1.02464,stop,3,-1.0,0,0.0,-1.0,0.5949367088606705,1.5822784810124875
EURUSD,NY,2022-08-01,Monday,2,1.0241,1.02134,0.0027600000000000957,short,2022-08-01 04:30:00,1.02702,2022-08-01 07:20:00,2022-08-01 07:25:00,1.02353,1.02702,1.01655,0.003489999999999993,False,extreme,2022-08-01 10:45:00,1.02702,stop,41,-1.0,0,0.0,-1.0,0.28939828080228003,1.1289398280802472
EURUSD,NY,2022-08-02,Tuesday,1,1.02797,1.02153,0.006440000000000001,long,2022-08-02 08:15:00,1.02125,2022-08-02 08:20:00,2022-08-02 08:25:00,1.02184,1.02125,1.0230200000000003,0.0005900000000000905,False,extreme,2022-08-02 08:25:00,1.02125,stop,1,-1.0,0,0.0,-1.0,0.016949152542104974,1.4067796610169172
EURUSD,NY,2022-08-02,Tuesday,2,1.02797,1.02153,0.006440000000000001,long,2022-08-02 08:30:00,1.02073,2022-08-02 08:50:00,2022-08-02 08:55:00,1.02156,1.02073,1.0232200000000002,0.0008300000000001084,False,extreme,2022-08-02 08:55:00,1.02073,stop,1,-1.0,0,0.0,-1.0,0.03614457831321756,1.0481927710841117
EURUSD,NY,2022-08-02,Tuesday,3,1.02797,1.02153,0.006440000000000001,long,2022-08-02 08:55:00,1.02069,2022-08-02 09:00:00,2022-08-02 09:05:00,1.02164,1.02069,1.0235400000000001,0.0009500000000000064,False,extreme,2022-08-02 09:30:00,1.0235400000000001,target,6,2.0,0,0.0,2.0,2.0736842105260966,0.20000000000014023
EURUSD,NY,2022-08-03,Wednesday,1,1.01932,1.01542,0.0039000000000000146,short,2022-08-03 05:10:00,1.01979,2022-08-03 05:15:00,2022-08-03 05:20:00,1.01924,1.01979,1.0181399999999998,0.0005500000000000504,False,extreme,2022-08-03 05:35:00,1.0181399999999998,target,4,2.0,0,0.0,2.0,2.018181818181532,0.5454545454544354
EURUSD,NY,2022-08-03,Wednesday,2,1.01932,1.01542,0.0039000000000000146,short,2022-08-03 06:10:00,1.02002,2022-08-03 06:15:00,2022-08-03 06:20:00,1.01885,1.02002,1.0165100000000002,0.0011699999999998933,False,extreme,2022-08-03 07:25:00,1.02002,stop,14,-1.0,0,0.0,-1.0,0.8205128205129568,1.8119658119658915
EURUSD,NY,2022-08-03,Wednesday,3,1.01932,1.01542,0.0039000000000000146,short,2022-08-03 07:20:00,1.02098,2022-08-03 07:35:00,2022-08-03 07:40:00,1.01911,1.02098,1.0153699999999999,0.0018700000000000383,False,extreme,2022-08-03 10:00:00,1.0153699999999999,target,29,2.0,0,0.0,2.0,2.7486631016041803,0.3101604278074936
EURUSD,NY,2022-08-03,Wednesday,4,1.01932,1.01542,0.0039000000000000146,long,2022-08-03 10:00:00,1.01229,2022-08-03 12:20:00,2022-08-03 12:25:00,1.0161,1.01229,1.0237200000000002,0.003810000000000091,False,extreme,2022-08-03 23:55:00,1.01628,end_of_day,139,0.047244094488205955,0,0.0,0.047244094488205955,0.3989501312335773,0.39107611548555266
EURUSD,NY,2022-08-04,Thursday,1,1.01863,1.01568,0.002950000000000008,short,2022-08-04 04:50:00,1.0198,2022-08-04 06:35:00,2022-08-04 06:40:00,1.01862,1.0198,1.0162600000000002,0.0011799999999999589,False,extreme,2022-08-04 07:45:00,1.0162600000000002,target,14,2.0,0,0.0,2.0,2.15254237288142,0.8559322033898226
EURUSD,NY,2022-08-04,Thursday,2,1.01863,1.01568,0.002950000000000008,short,2022-08-04 08:35:00,1.01954,2022-08-04 09:00:00,2022-08-04 09:05:00,1.01847,1.01954,1.0163300000000002,0.0010699999999999044,False,extreme,2022-08-04 09:45:00,1.01954,stop,9,-1.0,0,0.0,-1.0,1.056074766355305,1.0934579439254393
EURUSD,NY,2022-08-05,Friday,1,1.02392,1.02226,0.0016599999999999948,long,2022-08-05 04:15:00,1.02185,2022-08-05 04:20:00,2022-08-05 04:25:00,1.02256,1.02185,1.02398,0.0007099999999999884,False,extreme,2022-08-05 08:30:00,1.02185,stop,50,-1.0,0,0.0,-1.0,1.8309859154930987,8.225352112675973
EURUSD,NY,2022-08-08,Monday,1,1.02151,1.01713,0.0043799999999998285,short,2022-08-08 10:50:00,1.02197,2022-08-08 11:05:00,2022-08-08 11:10:00,1.0211,1.02197,1.0193599999999996,0.0008700000000001484,False,extreme,2022-08-08 11:20:00,1.02197,stop,3,-1.0,0,0.0,-1.0,0.27586206896523563,1.2643678160918543
EURUSD,NY,2022-08-08,Monday,2,1.02151,1.01713,0.0043799999999998285,short,2022-08-08 11:20:00,1.0222,2022-08-08 11:35:00,2022-08-08 11:40:00,1.02116,1.0222,1.0190800000000002,0.0010399999999999299,False,extreme,2022-08-08 14:15:00,1.0190800000000002,target,32,2.0,0,0.0,2.0,2.0673076923079243,0.24038461538449837
EURUSD,NY,2022-08-09,Tuesday,1,1.0215,1.01918,0.0023200000000000998,short,2022-08-09 04:00:00,1.02475,2022-08-09 12:30:00,2022-08-09 12:35:00,1.02148,1.02475,1.0149399999999997,0.003270000000000106,False,extreme,2022-08-09 23:55:00,1.02139,end_of_day,137,0.02752293577979222,0,0.0,0.02752293577979222,0.36697247706416786,0.16819571865444422
EURUSD,NY,2022-08-10,Wednesday,1,1.02186,1.02053,0.0013300000000000534,long,2022-08-10 04:10:00,1.02027,2022-08-10 04:20:00,2022-08-10 04:25:00,1.02073,1.02027,1.0216499999999997,0.00045999999999990493,False,extreme,2022-08-10 04:30:00,1.0216499999999997,target,2,2.0,0,0.0,2.0,2.3913043478268006,0.21739130434784706
EURUSD,NY,2022-08-11,Thursday,1,1.03324,1.02755,0.005689999999999973,short,2022-08-11 04:55:00,1.03416,2022-08-11 05:15:00,2022-08-11 05:20:00,1.03279,1.03416,1.0300500000000004,0.0013699999999998713,False,extreme,2022-08-11 06:15:00,1.03416,stop,12,-1.0,0,0.0,-1.0,0.2262773722628187,1.1094890510949698
EURUSD,NY,2022-08-11,Thursday,2,1.03324,1.02755,0.005689999999999973,short,2022-08-11 05:45:00,1.03431,2022-08-11 06:45:00,2022-08-11 06:50:00,1.03317,1.03431,1.0308899999999996,0.001140000000000141,False,extreme,2022-08-11 08:20:00,1.03431,stop,19,-1.0,0,0.0,-1.0,0.8333333333332359,1.2631578947367805
EURUSD,NY,2022-08-11,Thursday,3,1.03324,1.02755,0.005689999999999973,short,2022-08-11 08:10:00,1.03644,2022-08-11 11:05:00,2022-08-11 11:10:00,1.03311,1.03644,1.0264499999999999,0.003330000000000055,False,extreme,2022-08-11 23:55:00,1.03173,end_of_day,154,0.4144144144143886,0,0.0,0.4144144144143886,0.7837837837837711,0.32732732732733255
EURUSD,NY,2022-08-12,Friday,1,1.03244,1.02911,0.003330000000000055,long,2022-08-12 04:20:00,1.02892,2022-08-12 04:25:00,2022-08-12 04:30:00,1.02916,1.02892,1.02964,0.00024000000000001798,False,extreme,2022-08-12 04:30:00,1.02964,target,1,2.0,0,0.0,2.0,2.1249999999998845,0.04166666666693651
EURUSD,NY,2022-08-12,Friday,2,1.03244,1.02911,0.003330000000000055,long,2022-08-12 06:10:00,1.02873,2022-08-12 06:15:00,2022-08-12 06:20:00,1.02912,1.02873,1.0299000000000003,0.0003900000000001125,False,extreme,2022-08-12 06:40:00,1.02873,stop,5,-1.0,0,0.0,-1.0,1.230769230768968,1.0
EURUSD,NY,2022-08-12,Friday,3,1.03244,1.02911,0.003330000000000055,long,2022-08-12 06:40:00,1.02868,2022-08-12 06:50:00,2022-08-12 06:55:00,1.02913,1.02868,1.0300300000000002,0.00045000000000006146,False,extreme,2022-08-12 06:55:00,1.02868,stop,1,-1.0,0,0.0,-1.0,0.11111111111083698,1.355555555555369
EURUSD,NY,2022-08-12,Friday,4,1.03244,1.02911,0.003330000000000055,long,2022-08-12 07:00:00,1.02868,2022-08-12 07:05:00,2022-08-12 07:10:00,1.02926,1.02868,1.0304200000000001,0.0005800000000000249,False,extreme,2022-08-12 07:20:00,1.02868,stop,3,-1.0,0,0.0,-1.0,0.8793103448275664,2.017241379310457
EURUSD,NY,2022-08-15,Monday,1,1.02558,1.023,0.0025800000000000267,long,2022-08-15 04:20:00,1.02278,2022-08-15 04:25:00,2022-08-15 04:30:00,1.02318,1.02278,1.02398,0.00039999999999995595,False,extreme,2022-08-15 04:35:00,1.02278,stop,2,-1.0,0,0.0,-1.0,0.12500000000027756,1.0749999999999444
EURUSD,NY,2022-08-16,Tuesday,1,1.01689,1.0134,0.003489999999999993,long,2022-08-16 05:00:00,1.01249,2022-08-16 05:15:00,2022-08-16 05:20:00,1.01378,1.01249,1.01636,0.0012900000000000134,False,extreme,2022-08-16 07:15:00,1.01249,stop,24,-1.0,0,0.0,-1.0,0.35658914728691643,1.0
EURUSD,NY,2022-08-16,Tuesday,2,1.01689,1.0134,0.003489999999999993,long,2022-08-16 07:05:00,1.01225,2022-08-16 08:20:00,2022-08-16 08:25:00,1.01345,1.01225,1.0158499999999997,0.0011999999999998678,False,extreme,2022-08-16 09:25:00,1.0158499999999997,target,13,2.0,0,0.0,2.0,2.2833333333335553,0.3249999999999445
EURUSD,NY,2022-08-16,Tuesday,3,1.01689,1.0134,0.003489999999999993,short,2022-08-16 09:55:00,1.01781,2022-08-16 10:00:00,2022-08-16 10:05:00,1.01656,1.01781,1.0140599999999995,0.0012500000000001954,False,extreme,2022-08-16 10:25:00,1.01781,stop,5,-1.0,0,0.0,-1.0,0.039999999999900525,1.7359999999997329
EURUSD,NY,2022-08-16,Tuesday,4,1.01689,1.0134,0.003489999999999993,short,2022-08-16 10:05:00,1.01947,2022-08-16 12:05:00,2022-08-16 12:10:00,1.01656,1.01947,1.0107399999999995,0.00291000000000019,False,extreme,2022-08-16 23:55:00,1.01735,end_of_day,142,-0.2714776632302463,0,0.0,-0.2714776632302463,0.13402061855665462,0.5189003436426198
EURUSD,NY,2022-08-17,Wednesday,1,1.01864,1.01494,0.0037000000000000366,long,2022-08-17 08:30:00,1.01455,2022-08-17 08:35:00,2022-08-17 08:40:00,1.01532,1.01455,1.0168599999999999,0.0007699999999999374,False,extreme,2022-08-17 09:25:00,1.0168599999999999,target,10,2.0,0,0.0,2.0,2.1428571428572254,0.0
EURUSD,NY,2022-08-17,Wednesday,2,1.01864,1.01494,0.0037000000000000366,short,2022-08-17 10:05:00,1.01985,2022-08-17 10:10:00,2022-08-17 10:15:00,1.01849,1.01985,1.0157699999999998,0.0013600000000000279,False,extreme,2022-08-17 14:30:00,1.01985,stop,52,-1.0,0,0.0,-1.0,1.7867647058822664,1.2352941176471262
EURUSD,NY,2022-08-17,Wednesday,3,1.01864,1.01494,0.0037000000000000366,short,2022-08-17 14:25:00,1.02028,2022-08-17 14:55:00,2022-08-17 15:00:00,1.01846,1.02028,1.0148199999999996,0.0018200000000001548,False,extreme,2022-08-17 23:55:00,1.01705,end_of_day,108,0.7747252747251601,0,0.0,0.7747252747251601,0.9505494505493748,0.46703296703293684
EURUSD,NY,2022-08-18,Thursday,1,1.01784,1.0146,0.0032400000000001317,short,2022-08-18 06:05:00,1.01813,2022-08-18 06:10:00,2022-08-18 06:15:00,1.01766,1.01813,1.01672,0.00046999999999997044,False,extreme,2022-08-18 06:25:00,1.01672,target,3,2.0,0,0.0,2.0,2.0212765957448218,0.08510638297881387
EURUSD,NY,2022-08-18,Thursday,2,1.01784,1.0146,0.0032400000000001317,short,2022-08-18 07:30:00,1.01883,2022-08-18 07:45:00,2022-08-18 07:50:00,1.01785,1.01883,1.01589,0.0009799999999999809,False,extreme,2022-08-18 09:05:00,1.01589,target,16,2.0,0,0.0,2.0,2.102040816326521,0.8163265306123975
EURUSD,NY,2022-08-22,Monday,1,1.0043,0.99997,0.004329999999999945,long,2022-08-22 04:05:00,0.99948,2022-08-22 04:10:00,2022-08-22 04:15:00,1.00033,0.99948,1.0020299999999998,0.0008499999999999064,False,extreme,2022-08-22 04:25:00,0.99948,stop,3,-1.0,0,0.0,-1.0,0.11764705882352941,1.635294117647111
EURUSD,NY,2022-08-22,Monday,2,1.0043,0.99997,0.004329999999999945,long,2022-08-22 07:30:00,0.99962,2022-08-22 07:40:00,2022-08-22 07:45:00,1.00033,0.99962,1.00175,0.0007099999999999884,False,extreme,2022-08-22 07:50:00,0.99962,stop,2,-1.0,0,0.0,-1.0,0.140845070422522,1.0985915492956404
EURUSD,NY,2022-08-22,Monday,3,1.0043,0.99997,0.004329999999999945,long,2022-08-22 07:45:00,0.99955,2022-08-22 07:55:00,2022-08-22 08:00:00,1.00009,0.99955,1.0011699999999997,0.0005399999999998739,False,extreme,2022-08-22 09:40:00,0.99955,stop,21,-1.0,0,0.0,-1.0,1.5000000000003084,1.796296296296559
EURUSD,NY,2022-08-23,Tuesday,1,0.99498,0.99004,0.0049399999999999444,short,2022-08-23 09:35:00,1.00182,2022-08-23 21:00:00,2022-08-23 21:05:00,0.9949,1.00182,0.9810600000000002,0.006919999999999926,False,extreme,2022-08-23 23:55:00,0.99476,end_of_day,35,0.020231213872836776,0,0.0,0.020231213872836776,0.0881502890173419,0.09537572254335273
EURUSD,NY,2022-08-24,Wednesday,1,0.99621,0.99348,0.00273000000000001,long,2022-08-24 06:30:00,0.99165,2022-08-24 07:10:00,2022-08-24 07:15:00,0.9935,0.99165,0.9972000000000001,0.0018500000000000183,False,extreme,2022-08-24 08:40:00,0.99165,stop,18,-1.0,0,0.0,-1.0,0.28108108108105934,1.0162162162162622
EURUSD,NY,2022-08-24,Wednesday,2,0.99621,0.99348,0.00273000000000001,long,2022-08-24 08:35:00,0.99102,2022-08-24 10:20:00,2022-08-24 10:25:00,0.99352,0.99102,0.9985199999999999,0.0024999999999999467,False,extreme,2022-08-24 10:50:00,0.9985199999999999,target,6,2.0,0,0.0,2.0,2.068000000000047,0.30399999999999966
EURUSD,NY,2022-08-24,Wednesday,3,0.99621,0.99348,0.00273000000000001,short,2022-08-24 10:50:00,0.9999,2022-08-24 12:20:00,2022-08-24 12:25:00,0.99567,0.9999,0.9872100000000001,0.004229999999999956,False,extreme,2022-08-24 23:55:00,0.99864,end_of_day,139,-0.7021276595744558,0,0.0,-0.7021276595744558,0.27659574468085496,0.8534278959810706
EURUSD,NY,2022-08-25,Thursday,1,1.00336,0.99852,0.0048400000000000665,long,2022-08-25 06:15:00,0.9979,2022-08-25 06:25:00,2022-08-25 06:30:00,0.99863,0.9979,1.0000900000000001,0.0007300000000000084,False,extreme,2022-08-25 06:40:00,0.9979,stop,3,-1.0,0,0.0,-1.0,0.05479452054784729,1.260273972602769
EURUSD,NY,2022-08-25,Thursday,2,1.00336,0.99852,0.0048400000000000665,long,2022-08-25 06:30:00,0.9974,2022-08-25 07:05:00,2022-08-25 07:10:00,0.99866,0.9974,1.0011800000000002,0.0012600000000000389,False,extreme,2022-08-25 07:50:00,0.9974,stop,9,-1.0,0,0.0,-1.0,0.6587301587301364,1.0
EURUSD,NY,2022-08-25,Thursday,3,1.00336,0.99852,0.0048400000000000665,long,2022-08-25 07:50:00,0.99556,2022-08-25 10:30:00,2022-08-25 10:35:00,0.999,0.99556,1.0058799999999999,0.0034399999999999986,False,extreme,2022-08-25 12:00:00,0.99556,stop,18,-1.0,0,0.0,-1.0,0.3110465116279116,1.1889534883721045
EURUSD,NY,2022-08-26,Friday,1,0.99748,0.99468,0.0028000000000000247,short,2022-08-26 04:10:00,0.99792,2022-08-26 04:20:00,2022-08-26 04:25:00,0.99736,0.99792,0.99624,0.0005600000000000049,False,extreme,2022-08-26 04:40:00,0.99792,stop,4,-1.0,0,0.0,-1.0,0.48214285714283944,1.4464285714285183
EURUSD,NY,2022-08-26,Friday,2,0.99748,0.99468,0.0028000000000000247,short,2022-08-26 04:40:00,1.00899,2022-08-26 13:05:00,2022-08-26 13:10:00,0.99744,1.0005,0.9913200000000001,0.0030599999999999516,True,swing,2022-08-26 16:55:00,0.9965,friday_close,46,0.30718954248364566,0,0.0,0.30718954248364566,0.5784313725490086,0.0457516339869383
EURUSD,NY,2022-08-30,Tuesday,1,1.00338,0.99823,0.005149999999999988,short,2022-08-30 05:00:00,1.00369,2022-08-30 05:05:00,2022-08-30 05:10:00,1.0027,1.00369,1.0007199999999998,0.0009900000000000464,False,extreme,2022-08-30 05:20:00,1.00369,stop,3,-1.0,0,0.0,-1.0,0.0,2.818181818181757
EURUSD,NY,2022-08-30,Tuesday,2,1.00338,0.99823,0.005149999999999988,short,2022-08-30 05:10:00,1.00549,2022-08-30 05:45:00,2022-08-30 05:50:00,1.00325,1.00549,0.9987699999999999,0.0022400000000000198,False,extreme,2022-08-30 10:45:00,0.9987699999999999,target,60,2.0,0,0.0,2.0,2.071428571428543,0.7723214285714259
EURUSD,NY,2022-08-31,Wednesday,1,1.0046,0.99991,0.004689999999999972,long,2022-08-31 04:35:00,0.99712,2022-08-31 07:55:00,2022-08-31 08:00:00,1.00011,0.99712,1.0060900000000002,0.002990000000000048,False,extreme,2022-08-31 11:20:00,1.0060900000000002,target,41,2.0,0,0.0,2.0,2.4180602006688066,0.6387959866220895
EURUSD,NY,2022-08-31,Wednesday,2,1.0046,0.99991,0.004689999999999972,short,2022-08-31 11:15:00,1.00791,2022-08-31 13:15:00,2022-08-31 13:20:00,1.0046,1.00791,0.9979799999999996,0.003310000000000146,False,extreme,2022-08-31 23:55:00,1.00164,end_of_day,128,0.8942598187310336,0,0.0,0.8942598187310336,1.0694864048337522,0.338368580060411
EURUSD,NY,2022-09-01,Thursday,1,1.0033,1.00078,0.0025200000000000777,short,2022-09-01 04:10:00,1.00486,2022-09-01 04:30:00,2022-09-01 04:35:00,1.00315,1.00486,0.9997299999999998,0.0017100000000001003,False,extreme,2022-09-01 08:30:00,0.9997299999999998,target,48,2.0,0,0.0,2.0,2.6725146198828624,0.9005847953216413
EURUSD,NY,2022-09-02,Friday,1,0.99961,0.99582,0.00378999999999996,short,2022-09-02 05:50:00,1.00178,2022-09-02 06:30:00,2022-09-02 06:35:00,0.99953,1.00178,0.9950300000000003,0.0022499999999998632,False,extreme,2022-09-02 08:30:00,1.00178,stop,24,-1.0,0,0.0,-1.0,0.6800000000000552,1.5244444444445566
EURUSD,NY,2022-09-02,Friday,2,0.99961,0.99582,0.00378999999999996,short,2022-09-02 08:25:00,1.00296,2022-09-02 08:40:00,2022-09-02 08:45:00,0.99935,1.00296,0.9921299999999997,0.003610000000000113,False,extreme,2022-09-02 10:55:00,1.00296,stop,27,-1.0,0,0.0,-1.0,0.20775623268695123,1.0110803324099216
EURUSD,NY,2022-09-02,Friday,3,0.99961,0.99582,0.00378999999999996,short,2022-09-02 10:25:00,1.00336,2022-09-02 12:20:00,2022-09-02 12:25:00,0.99914,1.00336,0.9907,0.0042200000000000015,False,extreme,2022-09-02 16:55:00,0.99564,friday_close,55,0.8293838862559377,0,0.0,0.8293838862559377,1.0947867298578358,0.07345971563979178
EURUSD,NY,2022-09-05,Monday,1,0.99371,0.98781,0.005900000000000016,short,2022-09-05 06:20:00,0.9944,2022-09-05 06:30:00,2022-09-05 06:35:00,0.9934,0.9944,0.9914,0.0010000000000000009,False,extreme,2022-09-05 07:25:00,0.9914,target,11,2.0,0,0.0,2.0,2.139999999999918,0.6099999999999989
EURUSD,NY,2022-09-06,Tuesday,1,0.99863,0.99441,0.0042200000000000015,long,2022-09-06 05:05:00,0.99362,2022-09-06 05:25:00,2022-09-06 05:30:00,0.99478,0.99362,0.9971000000000001,0.0011600000000000499,False,extreme,2022-09-06 06:15:00,0.99362,stop,10,-1.0,0,0.0,-1.0,1.0775862068964823,1.2155172413792774
EURUSD,NY,2022-09-06,Tuesday,2,0.99863,0.99441,0.0042200000000000015,long,2022-09-06 06:15:00,0.99337,2022-09-06 06:20:00,2022-09-06 06:25:00,0.99462,0.99337,0.9971199999999999,0.0012499999999999734,False,extreme,2022-09-06 06:30:00,0.99337,stop,2,-1.0,0,0.0,-1.0,0.00800000000005258,1.6479999999999957
EURUSD,NY,2022-09-07,Wednesday,1,0.99284,0.98798,0.0048599999999999755,long,2022-09-07 07:55:00,0.98757,2022-09-07 08:00:00,2022-09-07 08:05:00,0.98812,0.98757,0.9892200000000001,0.0005500000000000504,False,extreme,2022-09-07 08:20:00,0.9892200000000001,target,4,2.0,0,0.0,2.0,2.1454545454542737,0.2909090909091533
EURUSD,NY,2022-09-08,Thursday,1,1.00149,0.99764,0.00385000000000002,short,2022-09-08 06:20:00,1.00164,2022-09-08 06:25:00,2022-09-08 06:30:00,1.0011,1.00164,1.0000200000000001,0.0005399999999999849,False,extreme,2022-09-08 06:35:00,1.00164,stop,2,-1.0,0,0.0,-1.0,0.7037037037038103,1.0370370370368696
EURUSD,NY,2022-09-08,Thursday,2,1.00149,0.99764,0.00385000000000002,short,2022-09-08 06:35:00,1.00166,2022-09-08 06:40:00,2022-09-08 06:45:00,1.00106,1.00166,0.9998600000000002,0.0005999999999999339,False,extreme,2022-09-08 06:55:00,1.00166,stop,3,-1.0,0,0.0,-1.0,0.4833333333335924,1.1499999999998889
EURUSD,NY,2022-09-08,Thursday,3,1.00149,0.99764,0.00385000000000002,short,2022-09-08 07:25:00,1.00289,2022-09-08 08:10:00,2022-09-08 08:15:00,1.00105,1.00289,0.9973699999999999,0.0018400000000000638,False,extreme,2022-09-08 08:15:00,1.00289,stop,1,-1.0,0,0.0,-1.0,0.7119565217391238,1.0543478260869485
EURUSD,NY,2022-09-08,Thursday,4,1.00149,0.99764,0.00385000000000002,short,2022-09-08 08:50:00,1.00271,2022-09-08 08:55:00,2022-09-08 09:00:00,0.99993,1.00271,0.99437,0.0027800000000000047,False,extreme,2022-09-08 09:10:00,0.99437,target,3,2.0,0,0.0,2.0,2.4316546762589843,0.06834532374097559
EURUSD,NY,2022-09-08,Thursday,5,1.00149,0.99764,0.00385000000000002,long,2022-09-08 09:05:00,0.99308,2022-09-08 09:40:00,2022-09-08 09:45:00,0.99881,0.99308,1.01027,0.005730000000000013,False,extreme,2022-09-08 23:55:00,1.00692,end_of_day,171,1.415357766143114,0,0.0,1.415357766143114,1.6788830715532181,0.8045375218150075
EURUSD,NY,2022-09-09,Friday,1,1.01104,1.00584,0.005199999999999871,long,2022-09-09 07:30:00,1.00345,2022-09-09 08:40:00,2022-09-09 08:45:00,1.00592,1.00345,1.0108599999999999,0.0024699999999999722,False,extreme,2022-09-09 09:10:00,1.00345,stop,6,-1.0,0,0.0,-1.0,0.08097165991902033,1.0364372469635321
EURUSD,NY,2022-09-13,Tuesday,1,1.01553,1.01197,0.0035600000000000076,short,2022-09-13 05:00:00,1.01623,2022-09-13 05:05:00,2022-09-13 05:10:00,1.01498,1.01623,1.01248,0.0012499999999999734,False,extreme,2022-09-13 05:30:00,1.01623,stop,5,-1.0,0,0.0,-1.0,0.5200000000000427,1.3520000000000043
EURUSD,NY,2022-09-14,Wednesday,1,1.00024,0.99597,0.004269999999999996,short,2022-09-14 04:05:00,1.00037,2022-09-14 04:10:00,2022-09-14 04:15:00,1.00007,1.00037,0.9994700000000001,0.00029999999999996696,False,extreme,2022-09-14 04:15:00,1.00037,stop,1,-1.0,0,0.0,-1.0,1.1333333333334814,1.099999999999926
EURUSD,NY,2022-09-14,Wednesday,2,1.00024,0.99597,0.004269999999999996,short,2022-09-14 04:30:00,1.00097,2022-09-14 04:35:00,2022-09-14 04:40:00,1.00024,1.00097,0.9987800000000002,0.0007299999999998974,False,extreme,2022-09-14 04:45:00,0.9987800000000002,target,2,2.0,0,0.0,2.0,2.2328767123291087,0.6301369863013282
EURUSD,NY,2022-09-14,Wednesday,3,1.00024,0.99597,0.004269999999999996,short,2022-09-14 05:30:00,1.00237,2022-09-14 07:15:00,2022-09-14 07:20:00,1.00008,1.00237,0.9955000000000003,0.0022899999999999032,False,extreme,2022-09-14 23:55:00,0.99742,end_of_day,200,1.1615720524018425,0,0.0,1.1615720524018425,1.3799126637555394,0.3886462882095515
EURUSD,NY,2022-09-15,Thursday,1,0.99791,0.99559,0.0023199999999999887,short,2022-09-15 04:10:00,0.99803,2022-09-15 04:15:00,2022-09-15 04:20:00,0.99762,0.99803,0.9967999999999999,0.00041000000000002146,False,extreme,2022-09-15 04:25:00,0.99803,stop,2,-1.0,0,0.0,-1.0,0.39024390243885265,2.3170731707316015
EURUSD,NY,2022-09-15,Thursday,2,0.99791,0.99559,0.0023199999999999887,short,2022-09-15 04:25:00,1.00005,2022-09-15 06:30:00,2022-09-15 06:35:00,0.99777,1.00005,0.9932099999999999,0.0022800000000000598,False,extreme,2022-09-15 08:40:00,1.00005,stop,26,-1.0,0,0.0,-1.0,0.37719298245616684,1.2675438596491155
EURUSD,NY,2022-09-16,Friday,1,1.00019,0.99452,0.005669999999999953,short,2022-09-16 10:30:00,1.00366,2022-09-16 11:40:00,2022-09-16 11:45:00,1.00016,1.00366,0.9931599999999998,0.0035000000000000586,False,extreme,2022-09-16 16:55:00,1.00142,friday_close,63,-0.3600000000000051,0,0.0,-0.3600000000000051,0.23999999999998223,0.5142857142857125
EURUSD,NY,2022-09-20,Tuesday,1,1.0042,1.00129,0.002909999999999968,long,2022-09-20 04:10:00,1.00003,2022-09-20 05:25:00,2022-09-20 05:30:00,1.00129,1.00003,1.00381,0.0012600000000000389,False,extreme,2022-09-20 06:05:00,1.00003,stop,8,-1.0,0,0.0,-1.0,0.4682539682540256,1.0158730158729432
EURUSD,NY,2022-09-20,Tuesday,2,1.0042,1.00129,0.002909999999999968,long,2022-09-20 05:35:00,0.99976,2022-09-20 07:15:00,2022-09-20 07:20:00,1.00132,0.99976,1.00444,0.0015600000000000058,False,extreme,2022-09-20 07:40:00,0.99976,stop,5,-1.0,0,0.0,-1.0,0.0,1.3461538461538352
EURUSD,NY,2022-09-21,Wednesday,1,0.99685,0.98849,0.008360000000000034,long,2022-09-21 10:55:00,0.98667,2022-09-21 11:40:00,2022-09-21 11:45:00,0.98849,0.98667,0.9921299999999998,0.0018199999999999328,False,extreme,2022-09-21 12:50:00,0.98667,stop,14,-1.0,0,0.0,-1.0,0.04395604395602854,1.0274725274725254
EURUSD,NY,2022-09-21,Wednesday,2,0.99685,0.98849,0.008360000000000034,long,2022-09-21 11:45:00,0.98132,2022-09-21 14:40:00,2022-09-21 14:45:00,0.98941,0.98132,1.0055900000000002,0.008090000000000042,False,extreme,2022-09-21 20:40:00,0.98132,stop,72,-1.0,0,0.0,-1.0,0.19901112484548727,1.054388133498145
EURUSD,NY,2022-09-22,Thursday,1,0.98535,0.98132,0.004029999999999978,short,2022-09-22 04:00:00,0.99074,2022-09-22 09:40:00,2022-09-22 09:45:00,0.98436,0.99074,0.9716000000000001,0.006379999999999941,False,extreme,2022-09-22 23:55:00,0.98235,end_of_day,171,0.31504702194358714,0,0.0,0.31504702194358714,0.4905956112852657,0.18652037617555411
EURUSD,NY,2022-09-23,Friday,1,0.98382,0.97672,0.007099999999999995,long,2022-09-23 04:10:00,0.97364,2022-09-23 06:40:00,2022-09-23 06:45:00,0.97707,0.97364,0.9839300000000001,0.003430000000000044,False,extreme,2022-09-23 09:55:00,0.97364,stop,39,-1.0,0,0.0,-1.0,0.12244897959182814,1.137026239067045
EURUSD,NY,2022-09-26,Monday,1,0.97015,0.96206,0.00808999999999993,long,2022-09-26 07:20:00,0.96193,2022-09-26 07:25:00,2022-09-26 07:30:00,0.96285,0.96193,0.96469,0.0009200000000000319,False,extreme,2022-09-26 07:30:00,0.96469,target,1,2.0,0,0.0,2.0,2.423913043478248,0.09782608695655584
EURUSD,NY,2022-09-26,Monday,2,0.97015,0.96206,0.00808999999999993,long,2022-09-26 11:30:00,0.96169,2022-09-26 11:35:00,2022-09-26 11:40:00,0.9628,0.96169,0.9650199999999999,0.0011099999999999444,False,extreme,2022-09-26 11:40:00,0.96169,stop,1,-1.0,0,0.0,-1.0,0.2522522522523171,1.3153153153153965
EURUSD,NY,2022-09-26,Monday,3,0.97015,0.96206,0.00808999999999993,long,2022-09-26 11:40:00,0.96087,2022-09-26 12:15:00,2022-09-26 12:20:00,0.96263,0.96087,0.96615,0.0017599999999999838,False,extreme,2022-09-26 12:25:00,0.96087,stop,2,-1.0,0,0.0,-1.0,0.05113636363638371,1.0454545454545283
EURUSD,NY,2022-09-26,Monday,4,0.97015,0.96206,0.00808999999999993,long,2022-09-26 12:20:00,0.96079,2022-09-26 12:50:00,2022-09-26 12:55:00,0.96222,0.96079,0.9650799999999998,0.0014299999999999313,False,extreme,2022-09-26 13:10:00,0.96079,stop,4,-1.0,0,0.0,-1.0,0.5104895104895409,1.1818181818182172
EURUSD,NY,2022-09-26,Monday,5,0.97015,0.96206,0.00808999999999993,long,2022-09-26 13:00:00,0.95998,2022-09-26 15:25:00,2022-09-26 15:30:00,0.96222,0.95998,0.9666999999999998,0.0022399999999999087,False,extreme,2022-09-26 18:15:00,0.95998,stop,34,-1.0,0,0.0,-1.0,0.24107142857143166,1.0892857142857577
EURUSD,NY,2022-09-26,Monday,6,0.97015,0.96206,0.00808999999999993,long,2022-09-26 15:55:00,0.95845,2022-09-26 20:00:00,2022-09-26 20:05:00,0.96216,0.95845,0.96958,0.003709999999999991,False,extreme,2022-09-26 23:55:00,0.96411,end_of_day,47,0.5256064690026987,0,0.0,0.5256064690026987,0.6334231805929835,0.0
EURUSD,NY,2022-09-27,Tuesday,1,0.96707,0.96351,0.0035600000000000076,long,2022-09-27 04:05:00,0.96213,2022-09-27 04:20:00,2022-09-27 04:25:00,0.96365,0.96213,0.9666899999999999,0.0015199999999999658,False,extreme,2022-09-27 04:55:00,0.96213,stop,7,-1.0,0,0.0,-1.0,0.23684210526318095,1.0
EURUSD,NY,2022-09-27,Tuesday,2,0.96707,0.96351,0.0035600000000000076,long,2022-09-27 04:35:00,0.96067,2022-09-27 06:30:00,2022-09-27 06:35:00,0.9645,0.96067,0.97216,0.00383,False,extreme,2022-09-27 10:00:00,0.96067,stop,42,-1.0,0,0.0,-1.0,0.20365535248041852,1.1671018276762335
EURUSD,NY,2022-09-28,Wednesday,1,0.95873,0.95362,0.005109999999999948,short,2022-09-28 06:20:00,0.95939,2022-09-28 06:25:00,2022-09-28 06:30:00,0.95787,0.95939,0.9548300000000001,0.0015199999999999658,False,extreme,2022-09-28 08:35:00,0.95939,stop,26,-1.0,0,0.0,-1.0,1.855263157894808,1.1710526315789762
EURUSD,NY,2022-09-28,Wednesday,2,0.95873,0.95362,0.005109999999999948,short,2022-09-28 08:35:00,0.95965,2022-09-28 08:45:00,2022-09-28 08:50:00,0.95783,0.95965,0.9541899999999999,0.0018200000000000438,False,extreme,2022-09-28 09:40:00,0.95965,stop,11,-1.0,0,0.0,-1.0,0.2637362637362161,2.1153846153845755
EURUSD,NY,2022-09-29,Thursday,1,0.96899,0.96358,0.005410000000000026,short,2022-09-29 05:40:00,0.97069,2022-09-29 06:00:00,2022-09-29 06:05:00,0.96849,0.97069,0.9640899999999998,0.0022000000000000908,False,extreme,2022-09-29 06:50:00,0.97069,stop,10,-1.0,0,0.0,-1.0,0.09545454545451082,1.086363636363593
EURUSD,NY,2022-09-29,Thursday,2,0.96899,0.96358,0.005410000000000026,short,2022-09-29 06:45:00,0.97468,2022-09-29 08:55:00,2022-09-29 09:00:00,0.96883,0.97468,0.9571299999999999,0.005850000000000022,False,extreme,2022-09-29 09:35:00,0.97468,stop,8,-1.0,0,0.0,-1.0,0.05811965811965909,1.042735042735038
EURUSD,NY,2022-09-30,Friday,1,0.98384,0.97902,0.0048200000000000465,short,2022-09-30 04:00:00,0.9854,2022-09-30 04:25:00,2022-09-30 04:30:00,0.98359,0.9854,0.9799699999999998,0.0018100000000000893,False,extreme,2022-09-30 05:55:00,0.9799699999999998,target,18,2.0,0,0.0,2.0,2.165745856353442,0.4254143646408897
EURUSD,NY,2022-09-30,Friday,2,0.98384,0.97902,0.0048200000000000465,long,2022-09-30 06:10:00,0.9735,2022-09-30 10:35:00,2022-09-30 10:40:00,0.97909,0.9735,0.99027,0.005589999999999984,False,extreme,2022-09-30 16:55:00,0.9801,friday_close,76,0.18067978533094067,0,0.0,0.18067978533094067,0.49194991055456855,0.3649373881932107
EURUSD,NY,2022-10-03,Monday,1,0.98347,0.97844,0.005029999999999979,long,2022-10-03 05:30:00,0.97528,2022-10-03 10:00:00,2022-10-03 10:05:00,0.97878,0.97528,0.9857799999999999,0.0034999999999999476,False,extreme,2022-10-03 23:55:00,0.98426,end_of_day,167,1.5657142857143207,0,0.0,1.5657142857143207,1.6485714285714683,0.01142857142855131
EURUSD,NY,2022-10-04,Tuesday,1,0.98961,0.9826,0.007009999999999961,short,2022-10-04 06:25:00,0.99038,2022-10-04 06:40:00,2022-10-04 06:45:00,0.9896,0.99038,0.98804,0.0007800000000000029,False,extreme,2022-10-04 07:20:00,0.98804,target,8,2.0,0,0.0,2.0,2.3974358974359378,0.6666666666666192
EURUSD,NY,2022-10-05,Wednesday,1,0.99951,0.99364,0.005870000000000042,long,2022-10-05 04:15:00,0.99231,2022-10-05 04:35:00,2022-10-05 04:40:00,0.9938,0.99231,0.99678,0.0014899999999999913,False,extreme,2022-10-05 05:50:00,0.99231,stop,15,-1.0,0,0.0,-1.0,0.892617449664396,1.1275167785235065
EURUSD,NY,2022-10-06,Thursday,1,0.99262,0.98931,0.003309999999999924,long,2022-10-06 04:20:00,0.98753,2022-10-06 05:15:00,2022-10-06 05:20:00,0.98966,0.98753,0.9939199999999999,0.0021299999999999653,False,extreme,2022-10-06 06:25:00,0.98753,stop,14,-1.0,0,0.0,-1.0,0.28169014084509614,1.0422535211267774
EURUSD,NY,2022-10-07,Friday,1,0.9809,0.97657,0.004329999999999945,short,2022-10-07 04:20:00,0.98168,2022-10-07 04:50:00,2022-10-07 04:55:00,0.98089,0.98168,0.9793100000000001,0.0007899999999999574,False,extreme,2022-10-07 05:10:00,0.9793100000000001,target,4,2.0,0,0.0,2.0,2.1139240506331016,0.11392405063282067
EURUSD,NY,2022-10-07,Friday,2,0.9809,0.97657,0.004329999999999945,long,2022-10-07 08:35:00,0.9726,2022-10-07 10:20:00,2022-10-07 10:25:00,0.9773,0.9726,0.9866999999999998,0.0046999999999999265,False,extreme,2022-10-07 16:55:00,0.97407,friday_close,79,-0.6872340425531926,0,0.0,-0.6872340425531926,0.38297872340426636,0.9000000000000047
EURUSD,NY,2022-10-10,Monday,1,0.97435,0.96991,0.0044399999999999995,long,2022-10-10 04:05:00,0.96816,2022-10-10 05:00:00,2022-10-10 05:05:00,0.97057,0.96816,0.9753900000000001,0.0024100000000000232,False,extreme,2022-10-10 22:20:00,0.96816,stop,208,-1.0,0,0.0,-1.0,1.663900414937726,1.0290456431535326
EURUSD,NY,2022-10-11,Tuesday,1,0.97248,0.96706,0.00541999999999998,short,2022-10-11 07:20:00,0.9738,2022-10-11 07:45:00,2022-10-11 07:50:00,0.97221,0.9738,0.9690300000000001,0.0015899999999999803,False,extreme,2022-10-11 11:50:00,0.9738,stop,49,-1.0,0,0.0,-1.0,1.9811320754717139,1.056603773584928
EURUSD,NY,2022-10-11,Tuesday,2,0.97248,0.96706,0.00541999999999998,short,2022-10-11 11:30:00,0.97747,2022-10-11 14:55:00,2022-10-11 15:00:00,0.97088,0.97747,0.9577,0.006589999999999985,False,extreme,2022-10-11 23:55:00,0.96982,end_of_day,108,0.16084977238239034,0,0.0,0.16084977238239034,0.39301972685887515,0.13960546282246344
EURUSD,NY,2022-10-12,Wednesday,1,0.9735,0.9696,0.0039000000000000146,long,2022-10-12 08:30:00,0.96874,2022-10-12 08:40:00,2022-10-12 08:45:00,0.97042,0.96874,0.9737799999999998,0.0016799999999999038,False,extreme,2022-10-12 10:20:00,0.96874,stop,20,-1.0,0,0.0,-1.0,0.40476190476193624,1.3392857142857757
EURUSD,NY,2022-10-12,Wednesday,2,0.9735,0.9696,0.0039000000000000146,long,2022-10-12 09:45:00,0.9668,2022-10-12 10:50:00,2022-10-12 10:55:00,0.97004,0.9668,0.97652,0.0032400000000000206,False,extreme,2022-10-12 23:55:00,0.97005,end_of_day,157,0.0030864197530723536,0,0.0,0.0030864197530723536,0.6666666666666439,0.6172839506172806
EURUSD,NY,2022-10-13,Thursday,1,0.97092,0.96854,0.0023800000000000487,long,2022-10-13 08:30:00,0.96316,2022-10-13 09:45:00,2022-10-13 09:50:00,0.96898,0.96454,0.97786,0.0044399999999999995,True,swing,2022-10-13 11:20:00,0.97786,target,19,2.0,0,0.0,2.0,2.1081081081081163,0.3175675675675476
EURUSD,NY,2022-10-14,Friday,1,0.97971,0.97526,0.004449999999999954,long,2022-10-14 04:15:00,0.97449,2022-10-14 04:35:00,2022-10-14 04:40:00,0.97565,0.97449,0.9779700000000001,0.0011600000000000499,False,extreme,2022-10-14 05:10:00,0.97449,stop,7,-1.0,0,0.0,-1.0,0.26724137931036135,1.1637931034481934
EURUSD,NY,2022-10-14,Friday,2,0.97971,0.97526,0.004449999999999954,long,2022-10-14 04:50:00,0.97092,2022-10-14 08:50:00,2022-10-14 08:55:00,0.97538,0.97092,0.9843000000000001,0.0044600000000000195,False,extreme,2022-10-14 10:00:00,0.97092,stop,14,-1.0,0,0.0,-1.0,1.033632286995512,1.044843049327349
EURUSD,NY,2022-10-14,Friday,3,0.97971,0.97526,0.004449999999999954,long,2022-10-14 09:40:00,0.97072,2022-10-14 10:55:00,2022-10-14 11:00:00,0.97538,0.97072,0.9847,0.0046599999999999975,False,extreme,2022-10-14 16:55:00,0.97241,friday_close,72,-0.6373390557939979,0,0.0,-0.6373390557939979,0.32618025751072244,0.8669527896995807
EURUSD,NY,2022-10-17,Monday,1,0.9757,0.97308,0.0026200000000000667,long,2022-10-17 04:30:00,0.97198,2022-10-17 04:40:00,2022-10-17 04:45:00,0.97352,0.97198,0.9766000000000002,0.0015400000000000968,False,extreme,2022-10-17 06:05:00,0.9766000000000002,target,17,2.0,0,0.0,2.0,2.2402597402595688,0.37662337662336914
EURUSD,NY,2022-10-17,Monday,2,0.9757,0.97308,0.0026200000000000667,short,2022-10-17 06:05:00,0.97706,2022-10-17 06:25:00,2022-10-17 06:30:00,0.97566,0.97706,0.9728599999999998,0.0014000000000000679,False,extreme,2022-10-17 08:40:00,0.97706,stop,27,-1.0,0,0.0,-1.0,1.9071428571427291,1.3928571428570806
EURUSD,NY,2022-10-18,Tuesday,1,0.98736,0.98312,0.0042400000000000215,long,2022-10-18 04:55:00,0.98247,2022-10-18 05:00:00,2022-10-18 05:05:00,0.98414,0.98247,0.9874800000000001,0.0016700000000000603,False,extreme,2022-10-18 06:40:00,0.98247,stop,20,-1.0,0,0.0,-1.0,0.7305389221556615,1.0419161676646114
EURUSD,NY,2022-10-18,Tuesday,2,0.98736,0.98312,0.0042400000000000215,long,2022-10-18 06:40:00,0.98128,2022-10-18 07:20:00,2022-10-18 07:25:00,0.98314,0.98128,0.98686,0.0018599999999999728,False,extreme,2022-10-18 09:25:00,0.98686,target,25,2.0,0,0.0,2.0,2.0215053763441078,0.3225806451613192
EURUSD,NY,2022-10-18,Tuesday,3,0.98736,0.98312,0.0042400000000000215,long,2022-10-18 10:30:00,0.98248,2022-10-18 10:40:00,2022-10-18 10:45:00,0.98396,0.98248,0.9869199999999998,0.0014799999999999258,False,extreme,2022-10-18 11:20:00,0.98248,stop,8,-1.0,0,0.0,-1.0,0.9932432432433487,1.1891891891892379
EURUSD,NY,2022-10-18,Tuesday,4,0.98736,0.98312,0.0042400000000000215,long,2022-10-18 11:15:00,0.98216,2022-10-18 11:40:00,2022-10-18 11:45:00,0.98343,0.98216,0.98597,0.0012699999999999934,False,extreme,2022-10-18 12:35:00,0.98597,target,11,2.0,0,0.0,2.0,2.0078740157479955,0.070866141732311
EURUSD,NY,2022-10-19,Wednesday,1,0.98463,0.98152,0.003110000000000057,long,2022-10-19 05:20:00,0.98076,2022-10-19 05:30:00,2022-10-19 05:35:00,0.9816,0.98076,0.9832800000000002,0.0008400000000000629,False,extreme,2022-10-19 05:45:00,0.98076,stop,3,-1.0,0,0.0,-1.0,0.02380952380954584,1.2619047619047399
EURUSD,NY,2022-10-19,Wednesday,2,0.98463,0.98152,0.003110000000000057,long,2022-10-19 05:35:00,0.98054,2022-10-19 05:55:00,2022-10-19 06:00:00,0.98182,0.98054,0.9843800000000001,0.0012800000000000589,False,extreme,2022-10-19 06:20:00,0.98054,stop,5,-1.0,0,0.0,-1.0,0.2187499999999485,1.1796874999999547
EURUSD,NY,2022-10-20,Thursday,1,0.97946,0.97592,0.0035399999999999876,short,2022-10-20 06:40:00,0.97984,2022-10-20 06:45:00,2022-10-20 06:50:00,0.97918,0.97984,0.9778600000000001,0.0006599999999999939,False,extreme,2022-10-20 06:50:00,0.97984,stop,1,-1.0,0,0.0,-1.0,0.060606060606121774,1.8181818181818028
EURUSD,NY,2022-10-20,Thursday,2,0.97946,0.97592,0.0035399999999999876,short,2022-10-20 06:50:00,0.98374,2022-10-20 09:25:00,2022-10-20 09:30:00,0.97926,0.98374,0.9703000000000002,0.0044799999999999285,False,extreme,2022-10-20 10:50:00,0.98374,stop,17,-1.0,0,0.0,-1.0,0.27901785714285565,1.0491071428571432
EURUSD,NY,2022-10-20,Thursday,3,0.97946,0.97592,0.0035399999999999876,short,2022-10-20 10:00:00,0.98455,2022-10-20 13:05:00,2022-10-20 13:10:00,0.97883,0.98455,0.9673899999999999,0.005720000000000058,False,extreme,2022-10-20 23:55:00,0.97687,end_of_day,130,0.3426573426573325,0,0.0,0.3426573426573325,0.4038461538461363,0.1188811188811201
EURUSD,NY,2022-10-21,Friday,1,0.98024,0.97612,0.0041200000000000125,long,2022-10-21 04:50:00,0.9705,2022-10-21 09:00:00,2022-10-21 09:05:00,0.97716,0.9705,0.99048,0.006659999999999999,False,extreme,2022-10-21 16:55:00,0.98611,friday_close,95,1.343843843843846,0,0.0,1.343843843843846,1.4624624624624583,0.2927927927927939
EURUSD,NY,2022-10-24,Monday,1,0.98618,0.98266,0.0035199999999999676,long,2022-10-24 04:05:00,0.98168,2022-10-24 04:10:00,2022-10-24 04:15:00,0.98285,0.98168,0.98519,0.0011700000000000044,False,extreme,2022-10-24 05:25:00,0.98168,stop,15,-1.0,0,0.0,-1.0,1.2222222222222539,1.2905982905982956
EURUSD,NY,2022-10-24,Monday,2,0.98618,0.98266,0.0035199999999999676,long,2022-10-24 05:25:00,0.98069,2022-10-24 05:50:00,2022-10-24 05:55:00,0.98278,0.98069,0.9869600000000001,0.0020900000000000363,False,extreme,2022-10-24 09:45:00,0.9869600000000001,target,47,2.0,0,0.0,2.0,2.3014354066985154,0.6937799043061847
EURUSD,NY,2022-10-24,Monday,3,0.98618,0.98266,0.0035199999999999676,short,2022-10-24 09:50:00,0.98908,2022-10-24 10:20:00,2022-10-24 10:25:00,0.98586,0.98908,0.97942,0.0032200000000000006,False,extreme,2022-10-24 10:50:00,0.98908,stop,6,-1.0,0,0.0,-1.0,0.07453416149065432,1.0869565217391484
EURUSD,NY,2022-10-25,Tuesday,1,0.98864,0.98524,0.0033999999999999586,long,2022-10-25 07:00:00,0.98486,2022-10-25 07:05:00,2022-10-25 07:10:00,0.98569,0.98486,0.98735,0.0008299999999999974,False,extreme,2022-10-25 08:55:00,0.98735,target,22,2.0,0,0.0,2.0,2.2530120481928244,0.08433734939747432
EURUSD,NY,2022-10-26,Wednesday,1,1.00348,0.99508,0.008399999999999963,short,2022-10-26 04:05:00,1.00414,2022-10-26 04:10:00,2022-10-26 04:15:00,1.0027,1.00414,0.9998199999999997,0.0014400000000001079,False,extreme,2022-10-26 04:35:00,1.00414,stop,5,-1.0,0,0.0,-1.0,0.791666666666551,1.2152777777777841
EURUSD,NY,2022-10-26,Wednesday,2,1.00348,0.99508,0.008399999999999963,short,2022-10-26 04:35:00,1.00445,2022-10-26 04:40:00,2022-10-26 04:45:00,1.00346,1.00445,1.00148,0.0009900000000000464,False,extreme,2022-10-26 05:00:00,1.00445,stop,4,-1.0,0,0.0,-1.0,0.5656565656566562,1.3131313131313314
EURUSD,NY,2022-10-26,Wednesday,3,1.00348,0.99508,0.008399999999999963,short,2022-10-26 04:50:00,1.00476,2022-10-26 05:05:00,2022-10-26 05:10:00,1.0033,1.00476,1.00038,0.0014600000000000168,False,extreme,2022-10-26 08:30:00,1.00038,target,41,2.0,0,0.0,2.0,2.33561643835623,0.17808219178076984
EURUSD,NY,2022-10-26,Wednesday,4,1.00348,0.99508,0.008399999999999963,short,2022-10-26 10:10:00,1.00411,2022-10-26 10:20:00,2022-10-26 10:25:00,1.0023,1.00411,0.9986799999999998,0.0018100000000000893,False,extreme,2022-10-26 10:45:00,1.00411,stop,5,-1.0,0,0.0,-1.0,0.30386740331493,1.2983425414364411
EURUSD,NY,2022-10-28,Friday,1,0.99926,0.99378,0.00548000000000004,long,2022-10-28 04:00:00,0.99268,2022-10-28 04:10:00,2022-10-28 04:15:00,0.99409,0.99268,0.9969100000000001,0.0014100000000000223,False,extreme,2022-10-28 07:30:00,0.9969100000000001,target,40,2.0,0,0.0,2.0,2.0354609929077183,0.5248226950355052
EURUSD,NY,2022-10-28,Friday,2,0.99926,0.99378,0.00548000000000004,long,2022-10-28 11:55:00,0.99291,2022-10-28 12:45:00,2022-10-28 12:50:00,0.99375,0.99291,0.9954300000000001,0.0008400000000000629,False,extreme,2022-10-28 14:50:00,0.9954300000000001,target,25,2.0,0,0.0,2.0,2.0238095238092817,0.5833333333332783
EURUSD,NY,2022-10-31,Monday,1,0.99658,0.99282,0.0037599999999999856,long,2022-10-31 04:00:00,0.99143,2022-10-31 05:05:00,2022-10-31 05:10:00,0.99299,0.99143,0.99611,0.0015600000000000058,False,extreme,2022-10-31 08:50:00,0.99143,stop,45,-1.0,0,0.0,-1.0,1.2115384615384233,1.3653846153846592
EURUSD,NY,2022-11-01,Tuesday,1,0.99384,0.98997,0.003869999999999929,short,2022-11-01 04:05:00,0.99479,2022-11-01 04:25:00,2022-11-01 04:30:00,0.9937,0.99479,0.9915200000000002,0.0010899999999999244,False,extreme,2022-11-01 08:35:00,0.99479,stop,50,-1.0,0,0.0,-1.0,1.9908256880735375,1.0
EURUSD,NY,2022-11-01,Tuesday,2,0.99384,0.98997,0.003869999999999929,short,2022-11-01 08:10:00,0.99479,2022-11-01 08:40:00,2022-11-01 08:45:00,0.99365,0.99479,0.9913700000000002,0.0011399999999999189,False,extreme,2022-11-01 09:05:00,0.99479,stop,5,-1.0,0,0.0,-1.0,0.16666666666669913,1.0350877192982832
EURUSD,NY,2022-11-01,Tuesday,3,0.99384,0.98997,0.003869999999999929,short,2022-11-01 08:55:00,0.99536,2022-11-01 09:35:00,2022-11-01 09:40:00,0.99378,0.99536,0.99062,0.0015800000000000258,False,extreme,2022-11-01 10:05:00,0.99062,target,6,2.0,0,0.0,2.0,2.1772151898733814,0.24683544303797156
EURUSD,NY,2022-11-01,Tuesday,4,0.99384,0.98997,0.003869999999999929,long,2022-11-01 10:15:00,0.98904,2022-11-01 10:20:00,2022-11-01 10:25:00,0.99024,0.98904,0.99264,0.0011999999999999789,False,extreme,2022-11-01 10:40:00,0.98904,stop,4,-1.0,0,0.0,-1.0,0.533333333333321,1.8083333333333695
EURUSD,NY,2022-11-02,Wednesday,1,0.98939,0.98712,0.0022699999999999942,short,2022-11-02 04:20:00,0.99068,2022-11-02 05:15:00,2022-11-02 05:20:00,0.98929,0.99068,0.98651,0.0013900000000000023,False,extreme,2022-11-02 06:00:00,0.99068,stop,9,-1.0,0,0.0,-1.0,0.4604316546762395,1.3741007194244346
EURUSD,NY,2022-11-02,Wednesday,2,0.98939,0.98712,0.0022699999999999942,short,2022-11-02 05:40:00,0.9912,2022-11-02 07:25:00,2022-11-02 07:30:00,0.98881,0.9912,0.98403,0.0023900000000000032,False,extreme,2022-11-02 09:20:00,0.9912,stop,23,-1.0,0,0.0,-1.0,0.14644351464433514,1.1297071129707248
EURUSD,NY,2022-11-02,Wednesday,3,0.98939,0.98712,0.0022699999999999942,short,2022-11-02 08:45:00,0.99151,2022-11-02 09:35:00,2022-11-02 09:40:00,0.9892,0.99151,0.9845799999999999,0.0023100000000000342,False,extreme,2022-11-02 14:00:00,0.99151,stop,53,-1.0,0,0.0,-1.0,1.4329004329003787,2.3809523809523716
EURUSD,NY,2022-11-02,Wednesday,4,0.98939,0.98712,0.0022699999999999942,short,2022-11-02 15:05:00,0.99052,2022-11-02 15:10:00,2022-11-02 15:15:00,0.98867,0.99052,0.9849700000000002,0.0018499999999999073,False,extreme,2022-11-02 15:20:00,0.9849700000000002,target,2,2.0,0,0.0,2.0,2.945945945946129,0.12432432432430486
EURUSD,NY,2022-11-03,Thursday,1,0.9836,0.97728,0.006319999999999992,long,2022-11-03 04:25:00,0.97302,2022-11-03 10:25:00,2022-11-03 10:30:00,0.97801,0.97302,0.9879900000000001,0.00499000000000005,False,extreme,2022-11-03 23:55:00,0.97733,end_of_day,162,-0.13627254509018177,0,0.0,-0.13627254509018177,0.29458917835670473,0.7515030060120228
EURUSD,NY,2022-11-04,Friday,1,0.97966,0.97569,0.003970000000000029,short,2022-11-04 07:10:00,0.98118,2022-11-04 07:45:00,2022-11-04 07:50:00,0.97959,0.98118,0.9764099999999998,0.0015900000000000913,False,extreme,2022-11-04 08:30:00,0.9764099999999998,target,9,2.0,0,0.0,2.0,2.7610062893080207,0.4528301886792532
EURUSD,NY,2022-11-07,Monday,1,0.99901,0.99241,0.006599999999999939,short,2022-11-07 04:00:00,1.0007,2022-11-07 04:30:00,2022-11-07 04:35:00,0.99814,1.0007,0.9930200000000002,0.0025599999999998957,False,extreme,2022-11-07 12:05:00,1.0007,stop,91,-1.0,0,0.0,-1.0,0.6093750000000271,1.5039062500000258
EURUSD,NY,2022-11-08,Tuesday,1,1.00077,0.99786,0.002909999999999968,long,2022-11-08 04:00:00,0.99715,2022-11-08 04:05:00,2022-11-08 04:10:00,0.99805,0.99715,0.99985,0.0009000000000000119,False,extreme,2022-11-08 04:40:00,0.99985,target,7,2.0,0,0.0,2.0,2.2333333333332552,0.0
EURUSD,NY,2022-11-08,Tuesday,2,1.00077,0.99786,0.002909999999999968,short,2022-11-08 09:20:00,1.00128,2022-11-08 09:35:00,2022-11-08 09:40:00,1.0005,1.00128,0.9989399999999999,0.0007800000000000029,False,extreme,2022-11-08 10:00:00,1.00128,stop,5,-1.0,0,0.0,-1.0,0.7692307692306817,2.0769230769230114
EURUSD,NY,2022-11-09,Wednesday,1,1.00854,1.00562,0.0029200000000000337,long,2022-11-09 04:05:00,1.00536,2022-11-09 04:10:00,2022-11-09 04:15:00,1.00594,1.00536,1.0071,0.0005800000000000249,False,extreme,2022-11-09 04:55:00,1.00536,stop,9,-1.0,0,0.0,-1.0,1.4137931034482891,3.3103448275863125
EURUSD,NY,2022-11-09,Wednesday,2,1.00854,1.00562,0.0029200000000000337,long,2022-11-09 04:55:00,1.00341,2022-11-09 06:10:00,2022-11-09 06:15:00,1.00573,1.00341,1.0103700000000002,0.0023200000000000998,False,extreme,2022-11-09 08:15:00,1.00341,stop,25,-1.0,0,0.0,-1.0,0.3060344827586025,1.1508620689654463
EURUSD,NY,2022-11-09,Wednesday,3,1.00854,1.00562,0.0029200000000000337,long,2022-11-09 06:55:00,1.0011,2022-11-09 10:05:00,2022-11-09 10:10:00,1.00683,1.0011,1.0182899999999995,0.005729999999999791,False,extreme,2022-11-09 13:30:00,1.0011,stop,41,-1.0,0,0.0,-1.0,0.3176265270506494,1.0296684118673665
EURUSD,NY,2022-11-10,Thursday,1,1.00431,0.99864,0.005670000000000064,long,2022-11-10 04:00:00,0.99798,2022-11-10 04:05:00,2022-11-10 04:10:00,0.99894,0.99798,1.0008600000000003,0.0009600000000000719,False,extreme,2022-11-10 04:15:00,0.99798,stop,2,-1.0,0,0.0,-1.0,0.24999999999988434,1.4166666666665895
EURUSD,NY,2022-11-11,Friday,1,1.02739,1.01892,0.008469999999999978,short,2022-11-11 06:20:00,1.02787,2022-11-11 06:25:00,2022-11-11 06:30:00,1.02735,1.02787,1.0263099999999998,0.000520000000000076,False,extreme,2022-11-11 06:30:00,1.02787,stop,1,-1.0,0,0.0,-1.0,0.23076923076900085,2.2499999999998934
EURUSD,NY,2022-11-11,Friday,2,1.02739,1.01892,0.008469999999999978,short,2022-11-11 06:30:00,1.03242,2022-11-11 09:40:00,2022-11-11 09:45:00,1.02718,1.03242,1.0167000000000002,0.005239999999999911,False,extreme,2022-11-11 10:50:00,1.03242,stop,14,-1.0,0,0.0,-1.0,0.0,1.0305343511450693
EURUSD,NY,2022-11-14,Monday,1,1.03506,1.0298,0.005260000000000042,long,2022-11-14 05:10:00,1.02882,2022-11-14 05:15:00,2022-11-14 05:20:00,1.03003,1.02882,1.0324499999999999,0.0012099999999999334,False,extreme,2022-11-14 05:40:00,1.02882,stop,5,-1.0,0,0.0,-1.0,0.669421487603324,1.0495867768596483
EURUSD,NY,2022-11-14,Monday,2,1.03506,1.0298,0.005260000000000042,long,2022-11-14 05:35:00,1.02714,2022-11-14 07:45:00,2022-11-14 07:50:00,1.03074,1.02714,1.03794,0.0036000000000000476,False,extreme,2022-11-14 23:55:00,1.03212,end_of_day,194,0.3833333333333107,0,0.0,0.3833333333333107,1.4222222222222072,0.2777777777777435
EURUSD,NY,2022-11-15,Tuesday,1,1.04182,1.03196,0.00985999999999998,short,2022-11-15 05:35:00,1.04374,2022-11-15 06:35:00,2022-11-15 06:40:00,1.04142,1.04374,1.0367800000000003,0.0023199999999998777,False,extreme,2022-11-15 08:30:00,1.04374,stop,23,-1.0,0,0.0,-1.0,0.9439655172413921,2.155172413793171
EURUSD,NY,2022-11-15,Tuesday,2,1.04182,1.03196,0.00985999999999998,short,2022-11-15 08:30:00,1.04815,2022-11-15 09:25:00,2022-11-15 09:30:00,1.04167,1.04815,1.0287100000000005,0.006479999999999819,False,extreme,2022-11-15 14:00:00,1.0287100000000005,target,55,2.0,0,0.0,2.0,2.1064814814815653,0.12962962962962582
EURUSD,NY,2022-11-15,Tuesday,3,1.04182,1.03196,0.00985999999999998,long,2022-11-15 13:45:00,1.02801,2022-11-15 14:20:00,2022-11-15 14:25:00,1.03404,1.02801,1.0461,0.00602999999999998,False,extreme,2022-11-15 23:55:00,1.03451,end_of_day,115,0.07794361525704345,0,0.0,0.07794361525704345,0.772802653399652,0.41956882255392236
EURUSD,NY,2022-11-16,Wednesday,1,1.04208,1.03409,0.007989999999999942,short,2022-11-16 04:15:00,1.04246,2022-11-16 04:20:00,2022-11-16 04:25:00,1.04163,1.04246,1.0399700000000003,0.0008299999999998864,False,extreme,2022-11-16 04:55:00,1.04246,stop,7,-1.0,0,0.0,-1.0,1.1927710843375685,1.0481927710843921
EURUSD,NY,2022-11-16,Wednesday,2,1.04208,1.03409,0.007989999999999942,short,2022-11-16 05:00:00,1.04386,2022-11-16 06:05:00,2022-11-16 06:10:00,1.04202,1.04386,1.0383399999999998,0.0018400000000000638,False,extreme,2022-11-16 09:50:00,1.0383399999999998,target,45,2.0,0,0.0,2.0,2.586956521738973,0.48913043478265855
EURUSD,NY,2022-11-17,Thursday,1,1.04067,1.03685,0.0038199999999999346,long,2022-11-17 04:30:00,1.03526,2022-11-17 05:25:00,2022-11-17 05:30:00,1.0369,1.03526,1.0401799999999997,0.0016399999999998638,False,extreme,2022-11-17 05:45:00,1.03526,stop,4,-1.0,0,0.0,-1.0,0.042682926829280675,1.707317073170821
EURUSD,NY,2022-11-17,Thursday,2,1.04067,1.03685,0.0038199999999999346,long,2022-11-17 05:30:00,1.03053,2022-11-17 16:00:00,2022-11-17 16:05:00,1.03688,1.03053,1.0495800000000002,0.006350000000000078,False,extreme,2022-11-17 23:55:00,1.0365,end_of_day,95,-0.05984251968504603,0,0.0,-0.05984251968504603,0.348031496062995,0.1826771653543363
EURUSD,NY,2022-11-18,Friday,1,1.03862,1.03422,0.0044000000000001815,short,2022-11-18 04:30:00,1.03961,2022-11-18 04:50:00,2022-11-18 04:55:00,1.03836,1.03961,1.03586,0.0012499999999999734,False,extreme,2022-11-18 07:55:00,1.03586,target,37,2.0,0,0.0,2.0,2.04799999999996,0.23999999999997867
EURUSD,NY,2022-11-18,Friday,2,1.03862,1.03422,0.0044000000000001815,long,2022-11-18 09:40:00,1.03262,2022-11-18 10:15:00,2022-11-18 10:20:00,1.03486,1.03262,1.0393399999999995,0.0022399999999997977,False,extreme,2022-11-18 13:00:00,1.03262,stop,33,-1.0,0,0.0,-1.0,1.0357142857144237,1.0044642857143153
EURUSD,NY,2022-11-21,Monday,1,1.02871,1.02503,0.0036799999999999056,long,2022-11-21 04:05:00,1.02263,2022-11-21 08:20:00,2022-11-21 08:25:00,1.02527,1.02263,1.0305499999999999,0.0026399999999999757,False,extreme,2022-11-21 12:20:00,1.02263,stop,48,-1.0,0,0.0,-1.0,0.37500000000002104,1.132575757575702
EURUSD,NY,2022-11-21,Monday,2,1.02871,1.02503,0.0036799999999999056,long,2022-11-21 10:45:00,1.02228,2022-11-21 19:10:00,2022-11-21 19:15:00,1.02523,1.02228,1.03113,0.002950000000000008,False,extreme,2022-11-21 23:55:00,1.02606,end_of_day,57,0.28135593220335053,0,0.0,0.28135593220335053,0.5457627118643678,0.21355932203394193
EURUSD,NY,2022-11-22,Tuesday,1,1.02816,1.02458,0.0035799999999999166,short,2022-11-22 04:35:00,1.0286,2022-11-22 04:40:00,2022-11-22 04:45:00,1.02776,1.0286,1.02608,0.0008399999999999519,False,extreme,2022-11-22 05:20:00,1.0286,stop,8,-1.0,0,0.0,-1.0,1.476190476190451,1.3095238095240047
EURUSD,NY,2022-11-22,Tuesday,2,1.02816,1.02458,0.0035799999999999166,short,2022-11-22 05:20:00,1.02901,2022-11-22 05:25:00,2022-11-22 05:30:00,1.0281,1.02901,1.02628,0.0009099999999999664,False,extreme,2022-11-22 06:05:00,1.02901,stop,8,-1.0,0,0.0,-1.0,0.5604395604395926,1.0329670329670062
EURUSD,NY,2022-11-22,Tuesday,3,1.02816,1.02458,0.0035799999999999166,short,2022-11-22 06:00:00,1.02904,2022-11-22 06:10:00,2022-11-22 06:15:00,1.02755,1.02904,1.02457,0.0014899999999999913,False,extreme,2022-11-22 06:15:00,1.02904,stop,1,-1.0,0,0.0,-1.0,0.12751677852343193,1.040268456375805
EURUSD,NY,2022-11-22,Tuesday,4,1.02816,1.02458,0.0035799999999999166,short,2022-11-22 06:15:00,1.0291,2022-11-22 06:30:00,2022-11-22 06:35:00,1.0275,1.0291,1.0243000000000004,0.0015999999999998238,False,extreme,2022-11-22 12:55:00,1.0291,stop,77,-1.0,0,0.0,-1.0,1.3125000000001388,1.3125000000001388
EURUSD,NY,2022-11-23,Wednesday,1,1.03487,1.0311,0.003770000000000051,long,2022-11-23 04:00:00,1.03021,2022-11-23 04:10:00,2022-11-23 04:15:00,1.03137,1.03021,1.0336899999999996,0.0011599999999998278,False,extreme,2022-11-23 05:20:00,1.03021,stop,14,-1.0,0,0.0,-1.0,1.1206896551726482,1.4396551724138673
EURUSD,NY,2022-11-23,Wednesday,2,1.03487,1.0311,0.003770000000000051,long,2022-11-23 05:10:00,1.02966,2022-11-23 05:55:00,2022-11-23 06:00:00,1.0312,1.02966,1.0342799999999996,0.0015399999999998748,False,extreme,2022-11-23 09:45:00,1.0342799999999996,target,46,2.0,0,0.0,2.0,3.350649350649658,0.2857142857143063
EURUSD,NY,2022-11-24,Thursday,1,1.04465,1.04,0.004650000000000043,long,2022-11-24 05:30:00,1.03927,2022-11-24 05:40:00,2022-11-24 05:45:00,1.04019,1.03927,1.04203,0.0009200000000000319,False,extreme,2022-11-24 06:25:00,1.03927,stop,9,-1.0,0,0.0,-1.0,0.7717391304347433,2.108695652173897
EURUSD,NY,2022-11-24,Thursday,2,1.04465,1.04,0.004650000000000043,long,2022-11-24 06:15:00,1.0382,2022-11-24 06:45:00,2022-11-24 06:50:00,1.04033,1.0382,1.04459,0.0021299999999999653,False,extreme,2022-11-24 23:55:00,1.04214,end_of_day,206,0.8497652582160182,0,0.0,0.8497652582160182,1.2206572769952948,0.3333333333333333
EURUSD,NY,2022-11-25,Friday,1,1.04278,1.04073,0.0020500000000001073,long,2022-11-25 04:40:00,1.03824,2022-11-25 05:15:00,2022-11-25 05:20:00,1.04096,1.03824,1.0464000000000002,0.0027200000000000557,False,extreme,2022-11-25 07:55:00,1.03824,stop,32,-1.0,0,0.0,-1.0,0.44117647058817766,1.2352941176470444
EURUSD,NY,2022-11-25,Friday,2,1.04278,1.04073,0.0020500000000001073,long,2022-11-25 06:05:00,1.03548,2022-11-25 11:00:00,2022-11-25 11:05:00,1.0408,1.03764,1.04712,0.0031600000000000517,True,swing,2022-11-25 16:55:00,1.03935,friday_close,71,-0.45886075949364796,0,0.0,-0.45886075949364796,0.2025316455696087,0.7151898734176872
EURUSD,NY,2022-11-28,Monday,1,1.04407,1.0347,0.0093700000000001,short,2022-11-28 04:05:00,1.04967,2022-11-28 09:20:00,2022-11-28 09:25:00,1.04376,1.04967,1.0319399999999999,0.005910000000000082,False,extreme,2022-11-28 23:55:00,1.03927,end_of_day,175,0.759729272419635,0,0.0,0.759729272419635,1.817258883248701,0.22335025380710144
EURUSD,NY,2022-11-29,Tuesday,1,1.0393,1.03509,0.004209999999999825,long,2022-11-29 08:50:00,1.03248,2022-11-29 10:05:00,2022-11-29 10:10:00,1.03616,1.03248,1.0435199999999998,0.0036799999999999056,False,extreme,2022-11-29 14:50:00,1.03248,stop,57,-1.0,0,0.0,-1.0,0.3152173913043695,1.062500000000049
EURUSD,NY,2022-11-29,Tuesday,2,1.0393,1.03509,0.004209999999999825,long,2022-11-29 12:10:00,1.03192,2022-11-29 20:40:00,2022-11-29 20:45:00,1.0353,1.03192,1.0420600000000004,0.0033800000000001607,False,extreme,2022-11-29 23:55:00,1.0356,end_of_day,39,0.08875739644969015,0,0.0,0.08875739644969015,0.21893491124258216,0.36982248520714084
EURUSD,NY,2022-11-30,Wednesday,1,1.03704,1.03359,0.003449999999999953,short,2022-11-30 04:00:00,1.03813,2022-11-30 04:30:00,2022-11-30 04:35:00,1.03691,1.03813,1.03447,0.0012199999999999989,False,extreme,2022-11-30 08:15:00,1.03813,stop,45,-1.0,0,0.0,-1.0,1.8442622950820389,1.8934426229508494
EURUSD,NY,2022-11-30,Wednesday,2,1.03704,1.03359,0.003449999999999953,short,2022-11-30 08:10:00,1.03922,2022-11-30 08:40:00,2022-11-30 08:45:00,1.03705,1.03922,1.03271,0.0021700000000000053,False,extreme,2022-11-30 09:15:00,1.03922,stop,7,-1.0,0,0.0,-1.0,0.608294930875569,1.0276497695852298
EURUSD,NY,2022-11-30,Wednesday,3,1.03704,1.03359,0.003449999999999953,short,2022-11-30 09:10:00,1.03998,2022-11-30 10:05:00,2022-11-30 10:10:00,1.03652,1.03998,1.0296000000000005,0.0034599999999997966,False,extreme,2022-11-30 10:55:00,1.0296000000000005,target,10,2.0,0,0.0,2.0,2.0346820809250206,0.03468208092482804
EURUSD,NY,2022-11-30,Wednesday,4,1.03704,1.03359,0.003449999999999953,long,2022-11-30 10:30:00,1.02903,2022-11-30 13:35:00,2022-11-30 13:40:00,1.03682,1.03174,1.04698,0.005079999999999973,True,swing,2022-11-30 23:55:00,1.04394,end_of_day,124,1.4015748031496167,0,0.0,1.4015748031496167,1.5708661417322674,0.4842519685039649
EURUSD,NY,2022-12-02,Friday,1,1.0545,1.05129,0.003209999999999935,long,2022-12-02 08:30:00,1.04284,2022-12-02 11:35:00,2022-12-02 11:40:00,1.0514,1.04777,1.0586599999999995,0.0036299999999998,True,swing,2022-12-02 16:55:00,1.05405,friday_close,64,0.730027548209418,0,0.0,0.730027548209418,0.7823691460056011,0.10192837465564789
EURUSD,NY,2022-12-05,Monday,1,1.05848,1.05306,0.00541999999999998,long,2022-12-05 05:25:00,1.05188,2022-12-05 05:45:00,2022-12-05 05:50:00,1.05356,1.05188,1.0569200000000003,0.0016800000000001258,False,extreme,2022-12-05 06:50:00,1.0569200000000003,target,13,2.0,0,0.0,2.0,2.4583333333331296,0.3809523809523369
EURUSD,NY,2022-12-05,Monday,2,1.05848,1.05306,0.00541999999999998,short,2022-12-05 07:55:00,1.05949,2022-12-05 08:15:00,2022-12-05 08:20:00,1.05838,1.05949,1.0561600000000002,0.0011099999999999444,False,extreme,2022-12-05 09:00:00,1.0561600000000002,target,9,2.0,0,0.0,2.0,2.0000000000002,0.7207207207206775
EURUSD,NY,2022-12-05,Monday,3,1.05848,1.05306,0.00541999999999998,long,2022-12-05 10:00:00,1.05038,2022-12-05 10:20:00,2022-12-05 10:25:00,1.05312,1.05038,1.0586,0.0027399999999999647,False,extreme,2022-12-05 11:55:00,1.05038,stop,19,-1.0,0,0.0,-1.0,0.30656934306567984,1.4854014598540404
EURUSD,NY,2022-12-06,Tuesday,1,1.05096,1.04757,0.003390000000000004,short,2022-12-06 06:30:00,1.0533,2022-12-06 08:45:00,2022-12-06 08:50:00,1.05054,1.0533,1.0450200000000003,0.0027599999999998737,False,extreme,2022-12-06 23:55:00,1.04638,end_of_day,182,1.507246376811642,0,0.0,1.507246376811642,1.818840579710237,0.8550724637681253
EURUSD,NY,2022-12-07,Wednesday,1,1.04803,1.04432,0.003710000000000102,short,2022-12-07 04:30:00,1.04842,2022-12-07 04:35:00,2022-12-07 04:40:00,1.04693,1.04842,1.04395,0.0014899999999999913,False,extreme,2022-12-07 05:10:00,1.04842,stop,7,-1.0,0,0.0,-1.0,0.22147651006707608,1.2885906040269497
EURUSD,NY,2022-12-08,Thursday,1,1.05306,1.0494,0.0036599999999999966,long,2022-12-08 04:45:00,1.04898,2022-12-08 04:50:00,2022-12-08 04:55:00,1.04968,1.04898,1.0510799999999998,0.0006999999999999229,False,extreme,2022-12-08 05:55:00,1.0510799999999998,target,13,2.0,0,0.0,2.0,2.428571428571746,0.8571428571428571
EURUSD,NY,2022-12-09,Friday,1,1.05884,1.05609,0.00275000000000003,long,2022-12-09 04:10:00,1.05574,2022-12-09 04:15:00,2022-12-09 04:20:00,1.05636,1.05574,1.0576,0.0006200000000000649,False,extreme,2022-12-09 04:25:00,1.05574,stop,2,-1.0,0,0.0,-1.0,0.0,2.419354838709516
EURUSD,NY,2022-12-09,Friday,2,1.05884,1.05609,0.00275000000000003,long,2022-12-09 04:20:00,1.05468,2022-12-09 05:05:00,2022-12-09 05:10:00,1.05623,1.05468,1.0593299999999999,0.0015499999999999403,False,extreme,2022-12-09 08:30:00,1.05468,stop,41,-1.0,0,0.0,-1.0,0.419354838709719,3.787096774193721
EURUSD,NY,2022-12-12,Monday,1,1.05514,1.05082,0.0043199999999998795,short,2022-12-12 04:40:00,1.05776,2022-12-12 09:40:00,2022-12-12 09:45:00,1.05511,1.05776,1.04981,0.002650000000000041,False,extreme,2022-12-12 10:10:00,1.05776,stop,6,-1.0,0,0.0,-1.0,0.0264150943396277,1.0905660377358544
EURUSD,NY,2022-12-12,Monday,2,1.05514,1.05082,0.0043199999999998795,short,2022-12-12 09:45:00,1.058,2022-12-12 10:30:00,2022-12-12 10:35:00,1.05511,1.058,1.0493299999999999,0.002890000000000059,False,extreme,2022-12-12 23:55:00,1.05413,end_of_day,161,0.3391003460207477,0,0.0,0.3391003460207477,1.401384083044915,0.11072664359864755
EURUSD,NY,2022-12-13,Tuesday,1,1.05608,1.05315,0.002929999999999877,long,2022-12-13 05:10:00,1.0528,2022-12-13 05:20:00,2022-12-13 05:25:00,1.0533,1.0528,1.0542999999999998,0.0004999999999999449,False,extreme,2022-12-13 06:10:00,1.0542999999999998,target,10,2.0,0,0.0,2.0,2.0400000000002665,0.9599999999997335
EURUSD,NY,2022-12-14,Wednesday,1,1.06446,1.0619,0.0025599999999998957,short,2022-12-14 04:05:00,1.06485,2022-12-14 04:10:00,2022-12-14 04:15:00,1.06434,1.06485,1.06332,0.0005100000000000104,False,extreme,2022-12-14 04:15:00,1.06485,stop,1,-1.0,0,0.0,-1.0,0.1960784313725234,1.5294117647058567
EURUSD,NY,2022-12-14,Wednesday,2,1.06446,1.0619,0.0025599999999998957,short,2022-12-14 04:15:00,1.06719,2022-12-14 07:20:00,2022-12-14 07:25:00,1.06444,1.06719,1.05894,0.00275000000000003,False,extreme,2022-12-14 13:35:00,1.06719,stop,75,-1.0,0,0.0,-1.0,0.4581818181818273,1.3054545454545246
EURUSD,NY,2022-12-14,Wednesday,3,1.06446,1.0619,0.0025599999999998957,short,2022-12-14 10:00:00,1.06848,2022-12-14 14:05:00,2022-12-14 14:10:00,1.06428,1.06848,1.0558799999999995,0.004200000000000204,False,extreme,2022-12-14 15:05:00,1.06848,stop,12,-1.0,0,0.0,-1.0,0.5095238095237393,1.0
EURUSD,NY,2022-12-15,Thursday,1,1.06611,1.06205,0.0040599999999999525,long,2022-12-15 04:00:00,1.06057,2022-12-15 04:50:00,2022-12-15 04:55:00,1.06214,1.06057,1.0652800000000002,0.0015700000000000713,False,extreme,2022-12-15 08:30:00,1.0652800000000002,target,44,2.0,0,0.0,2.0,2.235668789808753,0.9299363057324526
EURUSD,NY,2022-12-15,Thursday,2,1.06611,1.06205,0.0040599999999999525,short,2022-12-15 08:40:00,1.06679,2022-12-15 08:45:00,2022-12-15 08:50:00,1.06504,1.06679,1.0615400000000002,0.0017499999999999183,False,extreme,2022-12-15 09:05:00,1.06679,stop,4,-1.0,0,0.0,-1.0,0.5085714285714851,3.2742857142858743
EURUSD,NY,2022-12-15,Thursday,3,1.06611,1.06205,0.0040599999999999525,short,2022-12-15 09:05:00,1.07366,2022-12-15 10:15:00,2022-12-15 10:20:00,1.0661,1.07366,1.05098,0.007560000000000011,False,extreme,2022-12-15 23:55:00,1.06462,end_of_day,164,0.19576719576721505,0,0.0,0.19576719576721505,0.9087301587301777,0.01984126984125294
EURUSD,NY,2022-12-16,Friday,1,1.06629,1.06254,0.00374999999999992,long,2022-12-16 04:30:00,1.06094,2022-12-16 05:35:00,2022-12-16 05:40:00,1.06265,1.06094,1.0660700000000003,0.0017100000000001003,False,extreme,2022-12-16 10:45:00,1.06094,stop,62,-1.0,0,0.0,-1.0,1.2923976608185341,1.023391812865519
EURUSD,NY,2022-12-19,Monday,1,1.06478,1.06014,0.0046399999999999775,short,2022-12-19 04:20:00,1.0658,2022-12-19 04:35:00,2022-12-19 04:40:00,1.0644,1.0658,1.0615999999999999,0.0014000000000000679,False,extreme,2022-12-19 05:35:00,1.0615999999999999,target,12,2.0,0,0.0,2.0,2.1571428571427687,0.5214285714284729
EURUSD,NY,2022-12-19,Monday,2,1.06478,1.06014,0.0046399999999999775,long,2022-12-19 08:10:00,1.05974,2022-12-19 08:15:00,2022-12-19 08:20:00,1.06028,1.05974,1.0613599999999999,0.0005399999999999849,False,extreme,2022-12-19 10:20:00,1.0613599999999999,target,25,2.0,0,0.0,2.0,2.3888888888889803,0.9629629629627193
EURUSD,NY,2022-12-19,Monday,3,1.06478,1.06014,0.0046399999999999775,long,2022-12-19 10:40:00,1.05759,2022-12-19 11:20:00,2022-12-19 11:25:00,1.06096,1.05759,1.0676999999999996,0.003369999999999873,False,extreme,2022-12-19 23:55:00,1.06073,end_of_day,151,-0.06824925816022585,0,0.0,-0.06824925816022585,1.2640949554897072,0.35014836795252324
EURUSD,NY,2022-12-20,Tuesday,1,1.06345,1.0579,0.005549999999999944,short,2022-12-20 04:35:00,1.06371,2022-12-20 04:40:00,2022-12-20 04:45:00,1.0632,1.06371,1.06218,0.0005100000000000104,False,extreme,2022-12-20 04:55:00,1.06371,stop,3,-1.0,0,0.0,-1.0,1.4901960784310908,1.176470588235576
EURUSD,NY,2022-12-20,Tuesday,2,1.06345,1.0579,0.005549999999999944,short,2022-12-20 04:55:00,1.0638,2022-12-20 05:00:00,2022-12-20 05:05:00,1.06298,1.0638,1.06134,0.0008200000000000429,False,extreme,2022-12-20 05:30:00,1.0638,stop,6,-1.0,0,0.0,-1.0,0.634146341463474,1.0975609756095779
EURUSD,NY,2022-12-20,Tuesday,3,1.06345,1.0579,0.005549999999999944,short,2022-12-20 05:30:00,1.06396,2022-12-20 05:40:00,2022-12-20 05:45:00,1.0634,1.06396,1.0622799999999997,0.000560000000000116,False,extreme,2022-12-20 05:50:00,1.06396,stop,2,-1.0,0,0.0,-1.0,0.19642857142823156,1.053571428571372
EURUSD,NY,2022-12-20,Tuesday,4,1.06345,1.0579,0.005549999999999944,short,2022-12-20 05:45:00,1.06399,2022-12-20 05:55:00,2022-12-20 06:00:00,1.06286,1.06399,1.0605999999999998,0.0011300000000000754,False,extreme,2022-12-20 06:35:00,1.06399,stop,8,-1.0,0,0.0,-1.0,0.7079646017697863,1.0088495575221812
EURUSD,NY,2022-12-20,Tuesday,5,1.06345,1.0579,0.005549999999999944,short,2022-12-20 06:30:00,1.0646,2022-12-20 07:05:00,2022-12-20 07:10:00,1.06339,1.0646,1.0609700000000002,0.0012099999999999334,False,extreme,2022-12-20 08:00:00,1.0609700000000002,target,11,2.0,0,0.0,2.0,3.0082644628101556,0.35537190082640835
EURUSD,NY,2022-12-20,Tuesday,6,1.06345,1.0579,0.005549999999999944,short,2022-12-20 09:55:00,1.06586,2022-12-20 11:10:00,2022-12-20 11:15:00,1.06346,1.06586,1.0586600000000002,0.0023999999999999577,False,extreme,2022-12-20 23:55:00,1.06083,end_of_day,153,1.0958333333334078,0,0.0,1.0958333333334078,1.470833333333373,0.14166666666667208
EURUSD,NY,2022-12-21,Wednesday,1,1.06374,1.06076,0.0029799999999999827,long,2022-12-21 06:55:00,1.06046,2022-12-21 07:00:00,2022-12-21 07:05:00,1.0611,1.06046,1.0623799999999999,0.0006399999999999739,False,extreme,2022-12-21 07:35:00,1.0623799999999999,target,7,2.0,0,0.0,2.0,2.1718750000000924,0.968749999999794
EURUSD,NY,2022-12-21,Wednesday,2,1.06374,1.06076,0.0029799999999999827,short,2022-12-21 08:05:00,1.0639,2022-12-21 08:10:00,2022-12-21 08:15:00,1.0636,1.0639,1.0630000000000002,0.00029999999999996696,False,extreme,2022-12-21 08:20:00,1.0639,stop,2,-1.0,0,0.0,-1.0,0.30000000000051813,3.0666666666663707
EURUSD,NY,2022-12-21,Wednesday,3,1.06374,1.06076,0.0029799999999999827,short,2022-12-21 08:20:00,1.06452,2022-12-21 08:40:00,2022-12-21 08:45:00,1.06372,1.06452,1.0621200000000002,0.0007999999999999119,False,extreme,2022-12-21 09:00:00,1.0621200000000002,target,4,2.0,0,0.0,2.0,2.5000000000002776,0.050000000000055514
EURUSD,NY,2022-12-21,Wednesday,4,1.06374,1.06076,0.0029799999999999827,long,2022-12-21 09:30:00,1.0606,2022-12-21 09:35:00,2022-12-21 09:40:00,1.06151,1.0606,1.0633299999999999,0.0009099999999999664,False,extreme,2022-12-21 09:40:00,1.0606,stop,1,-1.0,0,0.0,-1.0,0.010989010989083387,1.3736263736263952
EURUSD,NY,2022-12-21,Wednesday,5,1.06374,1.06076,0.0029799999999999827,long,2022-12-21 09:40:00,1.06025,2022-12-21 09:45:00,2022-12-21 09:50:00,1.06121,1.06025,1.0631300000000001,0.0009600000000000719,False,extreme,2022-12-21 10:00:00,1.06025,stop,3,-1.0,0,0.0,-1.0,0.17708333333332368,1.6354166666666186
EURUSD,NY,2022-12-21,Wednesday,6,1.06374,1.06076,0.0029799999999999827,long,2022-12-21 11:45:00,1.05904,2022-12-21 13:40:00,2022-12-21 13:45:00,1.06096,1.05904,1.0647999999999997,0.0019199999999999218,False,extreme,2022-12-21 23:55:00,1.06445,end_of_day,123,1.8177083333334039,0,0.0,1.8177083333334039,1.901041666666824,0.3281249999999657
EURUSD,NY,2022-12-22,Thursday,1,1.06594,1.06263,0.003310000000000146,long,2022-12-22 06:10:00,1.0614,2022-12-22 07:45:00,2022-12-22 07:50:00,1.0632,1.0614,1.0668,0.0018000000000000238,False,extreme,2022-12-22 08:30:00,1.0614,stop,9,-1.0,0,0.0,-1.0,0.3944444444444328,1.1555555555554624
EURUSD,NY,2022-12-23,Friday,1,1.06304,1.05991,0.003130000000000077,long,2022-12-23 09:35:00,1.05924,2022-12-23 09:40:00,2022-12-23 09:45:00,1.06032,1.05924,1.0624799999999999,0.0010799999999999699,False,extreme,2022-12-23 10:30:00,1.0624799999999999,target,10,2.0,0,0.0,2.0,2.5277777777779606,0.2592592592591146
EURUSD,NY,2022-12-27,Tuesday,1,1.0668,1.06383,0.002969999999999917,short,2022-12-27 06:20:00,1.06686,2022-12-27 06:25:00,2022-12-27 06:30:00,1.06661,1.06686,1.0661100000000003,0.00024999999999986144,False,extreme,2022-12-27 06:35:00,1.0661100000000003,target,2,2.0,0,0.0,2.0,3.8000000000021315,0.3599999999998934
EURUSD,NY,2022-12-27,Tuesday,2,1.0668,1.06383,0.002969999999999917,long,2022-12-27 07:50:00,1.06115,2022-12-27 10:05:00,2022-12-27 10:10:00,1.06404,1.06115,1.0698200000000002,0.002890000000000059,False,extreme,2022-12-27 23:55:00,1.06418,end_of_day,166,0.04844290657432667,0,0.0,0.04844290657432667,0.6989619377162177,0.5328719723183617
EURUSD,NY,2022-12-28,Wednesday,1,1.06548,1.06344,0.0020400000000000418,long,2022-12-28 04:05:00,1.0628,2022-12-28 04:30:00,2022-12-28 04:35:00,1.06383,1.0628,1.0658900000000002,0.0010300000000000864,False,extreme,2022-12-28 09:35:00,1.0658900000000002,target,61,2.0,0,0.0,2.0,3.52427184465992,0.8543689320387554
EURUSD,NY,2022-12-28,Wednesday,2,1.06548,1.06344,0.0020400000000000418,short,2022-12-28 09:30:00,1.06746,2022-12-28 10:00:00,2022-12-28 10:05:00,1.06511,1.06746,1.0604099999999999,0.0023500000000000743,False,extreme,2022-12-28 23:55:00,1.06252,end_of_day,167,1.1021276595744725,0,0.0,1.1021276595744725,1.9446808510637525,0.14042553191486426
EURUSD,NY,2022-12-29,Thursday,1,1.06429,1.06112,0.003169999999999895,short,2022-12-29 04:35:00,1.06584,2022-12-29 05:20:00,2022-12-29 05:25:00,1.064,1.06584,1.0603200000000004,0.0018399999999998418,False,extreme,2022-12-29 08:40:00,1.06584,stop,40,-1.0,0,0.0,-1.0,0.44565217391310513,1.326086956521852
EURUSD,NY,2022-12-30,Friday,1,1.06747,1.06389,0.0035799999999999166,short,2022-12-30 06:00:00,1.06987,2022-12-30 07:55:00,2022-12-30 08:00:00,1.06722,1.06987,1.06192,0.002650000000000041,False,extreme,2022-12-30 09:35:00,1.06987,stop,20,-1.0,0,0.0,-1.0,1.0113207547169714,1.0943396226414557
EURUSD,NY,2022-12-30,Friday,2,1.06747,1.06389,0.0035799999999999166,short,2022-12-30 09:25:00,1.07012,2022-12-30 10:25:00,2022-12-30 10:30:00,1.06746,1.07012,1.0621400000000003,0.0026599999999998847,False,extreme,2022-12-30 12:00:00,1.07012,stop,19,-1.0,0,0.0,-1.0,0.5714285714285834,1.0789473684210724
EURUSD,NY,2023-01-02,Monday,1,1.07027,1.06638,0.003889999999999949,long,2023-01-02 10:45:00,1.06588,2023-01-02 11:10:00,2023-01-02 11:15:00,1.06689,1.06588,1.0689099999999998,0.0010099999999999554,False,extreme,2023-01-02 11:20:00,1.06588,stop,2,-1.0,0,0.0,-1.0,0.0,1.2178217821781154
EURUSD,NY,2023-01-02,Monday,2,1.07027,1.06638,0.003889999999999949,long,2023-01-02 11:15:00,1.06508,2023-01-02 15:30:00,2023-01-02 15:35:00,1.0664,1.06508,1.06904,0.0013199999999999878,False,extreme,2023-01-02 18:15:00,1.06508,stop,33,-1.0,0,0.0,-1.0,1.4848484848484695,1.0454545454545072
EURUSD,NY,2023-01-02,Monday,3,1.07027,1.06638,0.003889999999999949,long,2023-01-02 18:15:00,1.06502,2023-01-02 18:25:00,2023-01-02 18:30:00,1.06645,1.06502,1.0693099999999995,0.0014299999999998203,False,extreme,2023-01-02 23:55:00,1.06674,end_of_day,66,0.20279720279731464,0,0.0,0.20279720279731464,1.1118881118883932,0.9720279720280958
EURUSD,NY,2023-01-03,Tuesday,1,1.06708,1.05511,0.011970000000000036,long,2023-01-03 04:00:00,1.05341,2023-01-03 04:35:00,2023-01-03 04:40:00,1.05561,1.05341,1.06001,0.0021999999999999797,False,extreme,2023-01-03 05:30:00,1.05341,stop,11,-1.0,0,0.0,-1.0,0.2227272727273209,1.0363636363635722
EURUSD,NY,2023-01-03,Tuesday,2,1.06708,1.05511,0.011970000000000036,long,2023-01-03 05:05:00,1.05196,2023-01-03 08:15:00,2023-01-03 08:20:00,1.05546,1.05196,1.0624600000000002,0.0035000000000000586,False,extreme,2023-01-03 23:55:00,1.05731,end_of_day,188,0.5285714285713933,0,0.0,0.5285714285713933,1.217142857142817,0.48857142857144903
EURUSD,NY,2023-01-06,Friday,1,1.0531,1.05071,0.002389999999999892,long,2023-01-06 04:20:00,1.04966,2023-01-06 04:25:00,2023-01-06 04:30:00,1.05076,1.04966,1.0529599999999997,0.0010999999999998789,False,extreme,2023-01-06 06:45:00,1.04966,stop,28,-1.0,0,0.0,-1.0,0.7727272727273736,1.0727272727273536
EURUSD,NY,2023-01-06,Friday,2,1.0531,1.05071,0.002389999999999892,long,2023-01-06 06:30:00,1.04834,2023-01-06 08:30:00,2023-01-06 08:35:00,1.05138,1.04834,1.0574599999999998,0.0030399999999999316,False,extreme,2023-01-06 10:10:00,1.0574599999999998,target,20,2.0,0,0.0,2.0,2.0822368421052926,0.6250000000000182
EURUSD,NY,2023-01-09,Monday,1,1.06996,1.06682,0.0031399999999999206,long,2023-01-09 05:05:00,1.06617,2023-01-09 05:30:00,2023-01-09 05:35:00,1.06689,1.06617,1.0683299999999996,0.0007199999999998319,False,extreme,2023-01-09 06:10:00,1.0683299999999996,target,8,2.0,0,0.0,2.0,2.1250000000005396,0.638888888888906
EURUSD,NY,2023-01-10,Tuesday,1,1.07474,1.0722,0.0025399999999999867,short,2023-01-10 04:25:00,1.07517,2023-01-10 04:35:00,2023-01-10 04:40:00,1.07461,1.07517,1.0734900000000003,0.0005599999999998939,False,extreme,2023-01-10 05:50:00,1.0734900000000003,target,15,2.0,0,0.0,2.0,2.125000000000446,0.2678571428569658
EURUSD,NY,2023-01-10,Tuesday,2,1.07474,1.0722,0.0025399999999999867,long,2023-01-10 07:40:00,1.07154,2023-01-10 08:10:00,2023-01-10 08:15:00,1.07231,1.07154,1.0738500000000004,0.0007700000000001594,False,extreme,2023-01-10 08:30:00,1.07154,stop,4,-1.0,0,0.0,-1.0,0.038961038960997764,1.1818181818181819
EURUSD,NY,2023-01-10,Tuesday,3,1.07474,1.0722,0.0025399999999999867,long,2023-01-10 08:15:00,1.0712,2023-01-10 08:50:00,2023-01-10 08:55:00,1.07228,1.0712,1.0744399999999998,0.0010799999999999699,False,extreme,2023-01-10 09:05:00,1.0744399999999998,target,3,2.0,0,0.0,2.0,2.1851851851853756,0.14814814814809485
EURUSD,NY,2023-01-10,Tuesday,4,1.07474,1.0722,0.0025399999999999867,short,2023-01-10 09:30:00,1.07594,2023-01-10 09:35:00,2023-01-10 09:40:00,1.07479,1.07594,1.07249,0.0011499999999999844,False,extreme,2023-01-10 10:40:00,1.07249,target,13,2.0,0,0.0,2.0,2.0608695652174047,0.4434782608695803
EURUSD,NY,2023-01-11,Wednesday,1,1.07574,1.07288,0.0028599999999998627,long,2023-01-11 04:00:00,1.07254,2023-01-11 04:05:00,2023-01-11 04:10:00,1.07297,1.07254,1.0738299999999998,0.00042999999999993044,False,extreme,2023-01-11 04:15:00,1.0738299999999998,target,2,2.0,0,0.0,2.0,3.7441860465124925,0.0
EURUSD,NY,2023-01-11,Wednesday,2,1.07574,1.07288,0.0028599999999998627,short,2023-01-11 09:25:00,1.0769,2023-01-11 09:30:00,2023-01-11 09:35:00,1.07552,1.0769,1.0727600000000002,0.0013799999999999368,False,extreme,2023-01-11 09:45:00,1.0769,stop,3,-1.0,0,0.0,-1.0,0.0,1.5362318840579687
EURUSD,NY,2023-01-11,Wednesday,3,1.07574,1.07288,0.0028599999999998627,short,2023-01-11 09:40:00,1.07764,2023-01-11 10:50:00,2023-01-11 10:55:00,1.07574,1.07764,1.07194,0.0019000000000000128,False,extreme,2023-01-11 23:55:00,1.07716,end_of_day,157,-0.7473684210526144,0,0.0,-0.7473684210526144,1.1894736842104807,0.905263157894818
EURUSD,NY,2023-01-12,Thursday,1,1.07752,1.07456,0.0029600000000000737,short,2023-01-12 08:25:00,1.08152,2023-01-12 08:40:00,2023-01-12 08:45:00,1.07696,1.08152,1.0678399999999997,0.0045600000000001195,False,extreme,2023-01-12 08:50:00,1.08152,stop,2,-1.0,0,0.0,-1.0,0.0,1.2149122807017445
EURUSD,NY,2023-01-12,Thursday,2,1.07752,1.07456,0.0029600000000000737,short,2023-01-12 08:45:00,1.08388,2023-01-12 09:50:00,2023-01-12 09:55:00,1.07573,1.0825,1.0621900000000002,0.006769999999999943,True,swing,2023-01-12 11:55:00,1.0825,stop,25,-1.0,0,0.0,-1.0,0.0782865583456641,1.0132939438700035
EURUSD,NY,2023-01-13,Friday,1,1.08644,1.08316,0.0032800000000001717,long,2023-01-13 06:05:00,1.07804,2023-01-13 10:45:00,2023-01-13 10:50:00,1.08345,1.07804,1.0942699999999999,0.005409999999999915,False,extreme,2023-01-13 16:55:00,1.0833,friday_close,74,-0.027726432532365407,0,0.0,-0.027726432532365407,0.024029574861361466,0.6192236598890973
EURUSD,NY,2023-01-17,Tuesday,1,1.08386,1.0812,0.0026600000000001067,long,2023-01-17 05:25:00,1.08093,2023-01-17 05:30:00,2023-01-17 05:35:00,1.08126,1.08093,1.0819200000000004,0.0003300000000001635,False,extreme,2023-01-17 05:35:00,1.08093,stop,1,-1.0,0,0.0,-1.0,0.06060606060575476,1.030303030302541
EURUSD,NY,2023-01-17,Tuesday,2,1.08386,1.0812,0.0026600000000001067,long,2023-01-17 05:35:00,1.08092,2023-01-17 05:40:00,2023-01-17 05:45:00,1.08141,1.08092,1.0823899999999997,0.0004899999999998794,False,extreme,2023-01-17 05:50:00,1.0823899999999997,target,2,2.0,0,0.0,2.0,2.2653061224494233,0.08163265306132622
EURUSD,NY,2023-01-17,Tuesday,3,1.08386,1.0812,0.0026600000000001067,short,2023-01-17 07:25:00,1.08466,2023-01-17 07:40:00,2023-01-17 07:45:00,1.08382,1.08466,1.08214,0.0008399999999999519,False,extreme,2023-01-17 07:55:00,1.08466,stop,3,-1.0,0,0.0,-1.0,0.42857142857135305,2.3333333333334214
EURUSD,NY,2023-01-17,Tuesday,4,1.08386,1.0812,0.0026600000000001067,short,2023-01-17 07:50:00,1.08694,2023-01-17 10:05:00,2023-01-17 10:10:00,1.0826,1.08694,1.07392,0.0043400000000000105,False,extreme,2023-01-17 23:55:00,1.07746,end_of_day,164,1.1843317972350023,0,0.0,1.1843317972350023,1.377880184331816,0.458525345622104
EURUSD,NY,2023-01-18,Wednesday,1,1.08514,1.07681,0.008329999999999949,short,2023-01-18 04:15:00,1.08567,2023-01-18 04:20:00,2023-01-18 04:25:00,1.08496,1.08567,1.08354,0.0007099999999999884,False,extreme,2023-01-18 04:30:00,1.08567,stop,2,-1.0,0,0.0,-1.0,0.21126760563362662,1.5492957746480547
EURUSD,NY,2023-01-18,Wednesday,2,1.08514,1.07681,0.008329999999999949,short,2023-01-18 04:25:00,1.08716,2023-01-18 06:05:00,2023-01-18 06:10:00,1.08482,1.08716,1.0801399999999999,0.0023400000000000087,False,extreme,2023-01-18 09:15:00,1.08716,stop,38,-1.0,0,0.0,-1.0,1.5470085470085226,1.5128205128205494
EURUSD,NY,2023-01-18,Wednesday,3,1.08514,1.07681,0.008329999999999949,short,2023-01-18 08:40:00,1.08876,2023-01-18 10:10:00,2023-01-18 10:15:00,1.08484,1.08876,1.0770000000000002,0.0039199999999999235,False,extreme,2023-01-18 23:55:00,1.07959,end_of_day,165,1.3392857142857346,0,0.0,1.3392857142857346,1.681122448979649,0.22959183673467307
EURUSD,NY,2023-01-19,Thursday,1,1.0825,1.07826,0.0042400000000000215,short,2023-01-19 04:35:00,1.08295,2023-01-19 04:40:00,2023-01-19 04:45:00,1.08225,1.08295,1.0808499999999996,0.000700000000000145,False,extreme,2023-01-19 05:35:00,1.08295,stop,11,-1.0,0,0.0,-1.0,0.9428571428567804,2.271428571428073
EURUSD,NY,2023-01-19,Thursday,2,1.0825,1.07826,0.0042400000000000215,short,2023-01-19 05:55:00,1.08348,2023-01-19 06:20:00,2023-01-19 06:25:00,1.08249,1.08348,1.0805099999999999,0.0009900000000000464,False,extreme,2023-01-19 08:30:00,1.0805099999999999,target,26,2.0,0,0.0,2.0,2.636363636363514,0.2121212121212461
EURUSD,NY,2023-01-19,Thursday,3,1.0825,1.07826,0.0042400000000000215,short,2023-01-19 13:30:00,1.08352,2023-01-19 14:05:00,2023-01-19 14:10:00,1.08233,1.08352,1.07995,0.0011900000000000244,False,extreme,2023-01-19 14:45:00,1.08352,stop,8,-1.0,0,0.0,-1.0,0.18487394957991973,1.0840336134453672
EURUSD,NY,2023-01-20,Friday,1,1.0859,1.08214,0.0037599999999999856,long,2023-01-20 07:10:00,1.08144,2023-01-20 07:35:00,2023-01-20 07:40:00,1.08236,1.08144,1.0842,0.0009200000000000319,False,extreme,2023-01-20 07:55:00,1.08144,stop,4,-1.0,0,0.0,-1.0,0.0652173913042901,1.0434782608696072
EURUSD,NY,2023-01-20,Friday,2,1.0859,1.08214,0.0037599999999999856,long,2023-01-20 07:50:00,1.0814,2023-01-20 08:00:00,2023-01-20 08:05:00,1.0824,1.0814,1.0844000000000003,0.001000000000000112,False,extreme,2023-01-20 08:50:00,1.0814,stop,10,-1.0,0,0.0,-1.0,0.35999999999987564,1.999999999999778
EURUSD,NY,2023-01-20,Friday,3,1.0859,1.08214,0.0037599999999999856,long,2023-01-20 08:35:00,1.08024,2023-01-20 09:55:00,2023-01-20 10:00:00,1.0822,1.08024,1.08612,0.0019599999999999618,False,extreme,2023-01-20 16:55:00,1.08562,friday_close,84,1.7448979591836966,0,0.0,1.7448979591836966,1.8622448979591848,0.18367346938782908
EURUSD,NY,2023-01-24,Tuesday,1,1.0898,1.08666,0.0031400000000001427,long,2023-01-24 04:40:00,1.0852,2023-01-24 06:25:00,2023-01-24 06:30:00,1.08672,1.0852,1.0897599999999998,0.0015199999999999658,False,extreme,2023-01-24 09:45:00,1.0852,stop,40,-1.0,0,0.0,-1.0,0.8947368421053016,1.5197368421051738
EURUSD,NY,2023-01-24,Tuesday,2,1.0898,1.08666,0.0031400000000001427,long,2023-01-24 09:35:00,1.08352,2023-01-24 10:50:00,2023-01-24 10:55:00,1.08764,1.08352,1.0958799999999997,0.0041199999999999015,False,extreme,2023-01-24 23:55:00,1.08987,end_of_day,157,0.541262135922332,0,0.0,0.541262135922332,0.6407766990291356,0.22572815533978097
EURUSD,NY,2023-01-25,Wednesday,1,1.09112,1.0868,0.0043200000000001015,long,2023-01-25 05:15:00,1.0863,2023-01-25 05:20:00,2023-01-25 05:25:00,1.0872,1.0863,1.0889999999999997,0.0008999999999999009,False,extreme,2023-01-25 06:10:00,1.0863,stop,10,-1.0,0,0.0,-1.0,0.23333333333340736,1.266666666666716
EURUSD,NY,2023-01-25,Wednesday,2,1.09112,1.0868,0.0043200000000001015,long,2023-01-25 06:10:00,1.08572,2023-01-25 07:10:00,2023-01-25 07:15:00,1.08684,1.08572,1.08908,0.0011200000000000099,False,extreme,2023-01-25 09:40:00,1.08908,target,30,2.0,0,0.0,2.0,2.1428571428570864,0.8660714285715436
EURUSD,NY,2023-01-25,Wednesday,3,1.09112,1.0868,0.0043200000000001015,short,2023-01-25 10:00:00,1.09236,2023-01-25 10:10:00,2023-01-25 10:15:00,1.09109,1.09236,1.0885499999999997,0.0012700000000001044,False,extreme,2023-01-25 11:05:00,1.0885499999999997,target,11,2.0,0,0.0,2.0,2.3543307086610867,0.5905511811023361
EURUSD,NY,2023-01-25,Wednesday,4,1.09112,1.0868,0.0043200000000001015,short,2023-01-25 13:20:00,1.09178,2023-01-25 13:30:00,2023-01-25 13:35:00,1.09109,1.09178,1.0897099999999997,0.0006900000000000794,False,extreme,2023-01-25 16:35:00,1.09178,stop,37,-1.0,0,0.0,-1.0,0.6231884057969289,1.0
EURUSD,NY,2023-01-25,Wednesday,5,1.09112,1.0868,0.0043200000000001015,short,2023-01-25 15:30:00,1.09178,2023-01-25 17:05:00,2023-01-25 17:10:00,1.09099,1.09178,1.0894099999999998,0.0007900000000000684,False,extreme,2023-01-25 18:00:00,1.09178,stop,11,-1.0,7,0.0886075949367012,-1.0886075949367011,0.0,1.177215189873439
EURUSD,NY,2023-01-25,Wednesday,6,1.09112,1.0868,0.0043200000000001015,short,2023-01-25 17:10:00,1.09248,2023-01-25 20:15:00,2023-01-25 20:20:00,1.09106,1.09248,1.08822,0.0014199999999999768,False,extreme,2023-01-25 23:55:00,1.09144,end_of_day,44,-0.26760563380285435,0,0.0,-0.26760563380285435,0.26056338028168136,0.788732394366217
EURUSD,NY,2023-01-26,Thursday,1,1.09296,1.09057,0.002389999999999892,long,2023-01-26 04:25:00,1.08926,2023-01-26 05:35:00,2023-01-26 05:40:00,1.09065,1.08926,1.09343,0.0013900000000000023,False,extreme,2023-01-26 07:15:00,1.08926,stop,20,-1.0,0,0.0,-1.0,0.09352517985624842,1.4172661870502172
EURUSD,NY,2023-01-26,Thursday,2,1.09296,1.09057,0.002389999999999892,long,2023-01-26 06:10:00,1.08729,2023-01-26 08:50:00,2023-01-26 08:55:00,1.09057,1.08729,1.09713,0.0032799999999999496,False,extreme,2023-01-26 10:35:00,1.08729,stop,21,-1.0,0,0.0,-1.0,0.36280487804879347,1.1432926829268901
EURUSD,NY,2023-01-27,Friday,1,1.08916,1.08657,0.00258999999999987,short,2023-01-27 06:00:00,1.08936,2023-01-27 06:05:00,2023-01-27 06:10:00,1.08908,1.08936,1.08852,0.000280000000000058,False,extreme,2023-01-27 06:15:00,1.08936,stop,2,-1.0,0,0.0,-1.0,1.0,1.0
EURUSD,NY,2023-01-27,Friday,2,1.08916,1.08657,0.00258999999999987,long,2023-01-27 08:00:00,1.08594,2023-01-27 08:15:00,2023-01-27 08:20:00,1.0867,1.08594,1.0882200000000002,0.0007600000000000939,False,extreme,2023-01-27 09:10:00,1.08594,stop,11,-1.0,0,0.0,-1.0,1.4210526315787322,2.881578947367952
EURUSD,NY,2023-01-27,Friday,3,1.08916,1.08657,0.00258999999999987,long,2023-01-27 09:05:00,1.08451,2023-01-27 09:40:00,2023-01-27 09:45:00,1.08694,1.08451,1.0917999999999999,0.002429999999999932,False,extreme,2023-01-27 10:40:00,1.08451,stop,12,-1.0,0,0.0,-1.0,0.3991769547324866,1.0740740740741046
EURUSD,NY,2023-01-27,Friday,4,1.08916,1.08657,0.00258999999999987,long,2023-01-27 10:35:00,1.08379,2023-01-27 12:30:00,2023-01-27 12:35:00,1.08666,1.08379,1.0923999999999998,0.002869999999999928,False,extreme,2023-01-27 16:55:00,1.08688,friday_close,53,0.07665505226484826,0,0.0,0.07665505226484826,0.21951219512200218,0.3554006968641277
EURUSD,NY,2023-01-30,Monday,1,1.08896,1.08531,0.003649999999999931,short,2023-01-30 04:20:00,1.09138,2023-01-30 08:55:00,2023-01-30 09:00:00,1.08864,1.09138,1.0831600000000001,0.0027399999999999647,False,extreme,2023-01-30 23:55:00,1.08463,end_of_day,180,1.4635036496350806,0,0.0,1.4635036496350806,1.7189781021898003,0.4890510948904796
EURUSD,NY,2023-01-31,Tuesday,1,1.08498,1.08026,0.0047200000000000575,short,2023-01-31 08:30:00,1.08634,2023-01-31 08:40:00,2023-01-31 08:45:00,1.0846,1.08634,1.0811199999999999,0.0017400000000000748,False,extreme,2023-01-31 09:25:00,1.08634,stop,9,-1.0,0,0.0,-1.0,0.0,1.0574712643678073
EURUSD,NY,2023-01-31,Tuesday,2,1.08498,1.08026,0.0047200000000000575,short,2023-01-31 08:45:00,1.08644,2023-01-31 09:35:00,2023-01-31 09:40:00,1.08468,1.08644,1.0811600000000001,0.0017599999999999838,False,extreme,2023-01-31 11:10:00,1.08644,stop,19,-1.0,0,0.0,-1.0,0.75,1.193181818181824
EURUSD,NY,2023-02-02,Thursday,1,1.10248,1.09916,0.0033199999999999896,long,2023-02-02 05:15:00,1.09806,2023-02-02 06:15:00,2023-02-02 06:20:00,1.09924,1.09806,1.1016,0.0011799999999999589,False,extreme,2023-02-02 08:15:00,1.09806,stop,24,-1.0,0,0.0,-1.0,1.0169491525424845,2.4830508474577977
EURUSD,NY,2023-02-06,Monday,1,1.07982,1.07749,0.0023299999999999432,long,2023-02-06 04:10:00,1.0769,2023-02-06 04:30:00,2023-02-06 04:35:00,1.07798,1.0769,1.0801399999999999,0.0010799999999999699,False,extreme,2023-02-06 04:55:00,1.0769,stop,5,-1.0,0,0.0,-1.0,0.4814814814815652,1.3518518518519052
EURUSD,NY,2023-02-06,Monday,2,1.07982,1.07749,0.0023299999999999432,long,2023-02-06 04:40:00,1.07632,2023-02-06 05:15:00,2023-02-06 05:20:00,1.07766,1.07632,1.0803400000000003,0.0013400000000001189,False,extreme,2023-02-06 05:35:00,1.07632,stop,4,-1.0,0,0.0,-1.0,0.04477611940294303,1.208955223880456
EURUSD,NY,2023-02-06,Monday,3,1.07982,1.07749,0.0023299999999999432,long,2023-02-06 05:20:00,1.07568,2023-02-06 07:35:00,2023-02-06 07:40:00,1.07794,1.07568,1.0824599999999998,0.0022599999999999287,False,extreme,2023-02-06 09:00:00,1.07568,stop,17,-1.0,0,0.0,-1.0,0.17256637168147115,1.008849557522084
EURUSD,NY,2023-02-07,Tuesday,1,1.07438,1.06972,0.0046599999999998865,long,2023-02-07 08:15:00,1.06859,2023-02-07 08:45:00,2023-02-07 08:50:00,1.06984,1.06859,1.0723399999999998,0.0012499999999999734,False,extreme,2023-02-07 09:40:00,1.06859,stop,11,-1.0,0,0.0,-1.0,0.08800000000004547,1.031999999999855
EURUSD,NY,2023-02-07,Tuesday,2,1.07438,1.06972,0.0046599999999998865,long,2023-02-07 09:10:00,1.06692,2023-02-07 11:05:00,2023-02-07 11:10:00,1.06981,1.06692,1.0755899999999996,0.002889999999999837,False,extreme,2023-02-07 12:55:00,1.0755899999999996,target,22,2.0,0,0.0,2.0,2.363321799308131,0.2802768166090045
EURUSD,NY,2023-02-07,Tuesday,3,1.07438,1.06972,0.0046599999999998865,short,2023-02-07 12:50:00,1.07664,2023-02-07 13:05:00,2023-02-07 13:10:00,1.07411,1.07664,1.0690499999999996,0.0025300000000001432,False,extreme,2023-02-07 13:45:00,1.0690499999999996,target,8,2.0,0,0.0,2.0,2.0434782608694086,0.13043478260875288
EURUSD,NY,2023-02-07,Tuesday,4,1.07438,1.06972,0.0046599999999998865,long,2023-02-07 13:45:00,1.06874,2023-02-07 13:50:00,2023-02-07 13:55:00,1.07,1.06874,1.0725200000000001,0.0012600000000000389,False,extreme,2023-02-07 14:35:00,1.0725200000000001,target,9,2.0,0,0.0,2.0,2.142857142857017,0.2142857142857017
EURUSD,NY,2023-02-08,Wednesday,1,1.07598,1.0724,0.0035799999999999166,long,2023-02-08 09:45:00,1.0718,2023-02-08 09:55:00,2023-02-08 10:00:00,1.07248,1.0718,1.0738400000000001,0.0006800000000000139,False,extreme,2023-02-08 10:00:00,1.0718,stop,1,-1.0,0,0.0,-1.0,0.11764705882331812,1.1470588235293926
EURUSD,NY,2023-02-08,Wednesday,2,1.07598,1.0724,0.0035799999999999166,long,2023-02-08 10:05:00,1.0714,2023-02-08 10:35:00,2023-02-08 10:40:00,1.07265,1.0714,1.0751500000000005,0.0012500000000001954,False,extreme,2023-02-08 15:15:00,1.0714,stop,56,-1.0,0,0.0,-1.0,1.0959999999997256,1.0959999999999033
EURUSD,NY,2023-02-08,Wednesday,3,1.07598,1.0724,0.0035799999999999166,long,2023-02-08 14:40:00,1.07069,2023-02-08 20:55:00,2023-02-08 21:00:00,1.07248,1.07069,1.0760600000000005,0.0017900000000001803,False,extreme,2023-02-08 23:55:00,1.07322,end_of_day,36,0.4134078212289879,0,0.0,0.4134078212289879,0.4525139664803887,0.05586592178769772
EURUSD,NY,2023-02-09,Thursday,1,1.07596,1.07242,0.0035400000000000986,short,2023-02-09 04:05:00,1.07688,2023-02-09 04:15:00,2023-02-09 04:20:00,1.07594,1.07688,1.0740599999999996,0.0009400000000001629,False,extreme,2023-02-09 05:25:00,1.07688,stop,14,-1.0,0,0.0,-1.0,0.7872340425530155,1.0638297872339773
EURUSD,NY,2023-02-09,Thursday,2,1.07596,1.07242,0.0035400000000000986,short,2023-02-09 04:55:00,1.07907,2023-02-09 11:00:00,2023-02-09 11:05:00,1.07547,1.07907,1.0682699999999998,0.0036000000000000476,False,extreme,2023-02-09 23:55:00,1.07186,end_of_day,155,1.0027777777777342,0,0.0,1.0027777777777342,1.0361111111111005,0.1916666666666862
EURUSD,NY,2023-02-13,Monday,1,1.06897,1.06632,0.002650000000000041,short,2023-02-13 07:20:00,1.06966,2023-02-13 07:40:00,2023-02-13 07:45:00,1.06893,1.06966,1.0674699999999997,0.0007300000000001194,False,extreme,2023-02-13 09:35:00,1.06966,stop,23,-1.0,0,0.0,-1.0,1.7945205479448054,1.4794520547942371
EURUSD,NY,2023-02-14,Tuesday,1,1.07502,1.07288,0.0021400000000000308,short,2023-02-14 04:00:00,1.07557,2023-02-14 04:05:00,2023-02-14 04:10:00,1.07476,1.07557,1.07314,0.0008099999999999774,False,extreme,2023-02-14 04:25:00,1.07557,stop,4,-1.0,0,0.0,-1.0,0.3456790123454861,1.5802469135805008
EURUSD,NY,2023-02-14,Tuesday,2,1.07502,1.07288,0.0021400000000000308,short,2023-02-14 04:20:00,1.07669,2023-02-14 07:10:00,2023-02-14 07:15:00,1.07497,1.07669,1.07153,0.0017199999999999438,False,extreme,2023-02-14 07:50:00,1.07669,stop,8,-1.0,0,0.0,-1.0,0.052325581395306055,1.0581395348837164
EURUSD,NY,2023-02-14,Tuesday,3,1.07502,1.07288,0.0021400000000000308,short,2023-02-14 07:15:00,1.08041,2023-02-14 09:05:00,2023-02-14 09:10:00,1.0746,1.07866,1.06648,0.0040599999999999525,True,swing,2023-02-14 23:55:00,1.07183,end_of_day,178,0.6822660098522098,0,0.0,0.6822660098522098,0.9655172413793028,0.6354679802955805
EURUSD,NY,2023-02-15,Wednesday,1,1.07287,1.07001,0.0028600000000000847,short,2023-02-15 04:35:00,1.07299,2023-02-15 04:40:00,2023-02-15 04:45:00,1.0727,1.07299,1.0721199999999997,0.0002900000000001235,False,extreme,2023-02-15 05:05:00,1.07299,stop,5,-1.0,0,0.0,-1.0,1.0344827586201353,1.103448275861937
EURUSD,NY,2023-02-15,Wednesday,2,1.07287,1.07001,0.0028600000000000847,short,2023-02-15 05:10:00,1.0733,2023-02-15 05:15:00,2023-02-15 05:20:00,1.07286,1.0733,1.07198,0.00043999999999999595,False,extreme,2023-02-15 05:45:00,1.07198,target,6,2.0,0,0.0,2.0,2.954545454545156,0.09090909090918266
EURUSD,NY,2023-02-15,Wednesday,3,1.07287,1.07001,0.0028600000000000847,long,2023-02-15 07:55:00,1.06968,2023-02-15 08:00:00,2023-02-15 08:05:00,1.07008,1.06968,1.0708799999999998,0.00039999999999995595,False,extreme,2023-02-15 08:20:00,1.06968,stop,4,-1.0,0,0.0,-1.0,1.1000000000001111,1.1499999999998889
EURUSD,NY,2023-02-15,Wednesday,4,1.07287,1.07001,0.0028600000000000847,long,2023-02-15 08:20:00,1.06606,2023-02-15 20:30:00,2023-02-15 20:35:00,1.0701,1.06606,1.0781800000000001,0.0040400000000000436,False,extreme,2023-02-15 23:55:00,1.07072,end_of_day,41,0.1534653465346129,0,0.0,0.1534653465346129,0.34653465346530465,0.06188118811883188
EURUSD,NY,2023-02-16,Thursday,1,1.07226,1.06961,0.002650000000000041,long,2023-02-16 04:30:00,1.0689,2023-02-16 04:55:00,2023-02-16 05:00:00,1.07004,1.0689,1.0723200000000004,0.001140000000000141,False,extreme,2023-02-16 08:30:00,1.0689,stop,43,-1.0,0,0.0,-1.0,1.0964912280700165,2.298245614034862
EURUSD,NY,2023-02-16,Thursday,2,1.07226,1.06961,0.002650000000000041,long,2023-02-16 08:30:00,1.06546,2023-02-16 14:00:00,2023-02-16 14:05:00,1.06962,1.06546,1.07794,0.0041599999999999415,False,extreme,2023-02-16 20:45:00,1.06546,stop,81,-1.0,0,0.0,-1.0,0.0336538461538536,1.0480769230769185
EURUSD,NY,2023-02-17,Friday,1,1.06472,1.06296,0.0017600000000002058,short,2023-02-17 04:10:00,1.0651,2023-02-17 04:20:00,2023-02-17 04:25:00,1.06467,1.0651,1.0638100000000001,0.00042999999999993044,False,extreme,2023-02-17 04:30:00,1.0651,stop,2,-1.0,0,0.0,-1.0,0.7209302325583317,3.4186046511635353
EURUSD,NY,2023-02-17,Friday,2,1.06472,1.06296,0.0017600000000002058,short,2023-02-17 04:30:00,1.06614,2023-02-17 04:40:00,2023-02-17 04:45:00,1.06457,1.06614,1.0614299999999999,0.0015700000000000713,False,extreme,2023-02-17 07:15:00,1.0614299999999999,target,31,2.0,0,0.0,2.0,2.0955414012738,0.057324840764279864
EURUSD,NY,2023-02-17,Friday,3,1.06472,1.06296,0.0017600000000002058,long,2023-02-17 06:50:00,1.06128,2023-02-17 08:25:00,2023-02-17 08:30:00,1.06308,1.06128,1.06668,0.0018000000000000238,False,extreme,2023-02-17 10:10:00,1.06668,target,21,2.0,0,0.0,2.0,2.3499999999999446,0.21111111111113443
EURUSD,NY,2023-02-20,Monday,1,1.07047,1.06838,0.0020899999999999253,long,2023-02-20 04:50:00,1.06782,2023-02-20 05:10:00,2023-02-20 05:15:00,1.06888,1.06782,1.0710000000000002,0.001060000000000061,False,extreme,2023-02-20 07:30:00,1.06782,stop,28,-1.0,0,0.0,-1.0,0.32075471698112024,1.1603773584905601
EURUSD,NY,2023-02-20,Monday,2,1.07047,1.06838,0.0020899999999999253,long,2023-02-20 07:00:00,1.06704,2023-02-20 08:35:00,2023-02-20 08:40:00,1.06841,1.06704,1.0711500000000003,0.0013700000000000934,False,extreme,2023-02-20 20:10:00,1.06704,stop,139,-1.0,0,0.0,-1.0,0.7226277372261,1.218978102189742
EURUSD,NY,2023-02-21,Tuesday,1,1.06885,1.06596,0.002890000000000059,long,2023-02-21 04:20:00,1.0643,2023-02-21 04:30:00,2023-02-21 04:35:00,1.06639,1.0643,1.0705699999999998,0.0020899999999999253,False,extreme,2023-02-21 13:30:00,1.0643,stop,108,-1.0,0,0.0,-1.0,1.6459330143541784,1.0956937799042992
EURUSD,NY,2023-02-21,Tuesday,2,1.06885,1.06596,0.002890000000000059,long,2023-02-21 13:00:00,1.06376,2023-02-21 20:05:00,2023-02-21 20:10:00,1.06604,1.06376,1.0706000000000002,0.0022800000000000598,False,extreme,2023-02-21 23:55:00,1.06586,end_of_day,46,-0.07894736842108083,0,0.0,-0.07894736842108083,0.1666666666665855,0.28508771929825544
EURUSD,NY,2023-02-22,Wednesday,1,1.06635,1.06429,0.0020599999999999508,long,2023-02-22 04:00:00,1.06358,2023-02-22 04:05:00,2023-02-22 04:10:00,1.06455,1.06358,1.0664900000000004,0.0009700000000001374,False,extreme,2023-02-22 05:00:00,1.06358,stop,11,-1.0,0,0.0,-1.0,0.5463917525771591,1.4948453608247092
EURUSD,NY,2023-02-22,Wednesday,2,1.06635,1.06429,0.0020599999999999508,long,2023-02-22 04:55:00,1.06248,2023-02-22 07:30:00,2023-02-22 07:35:00,1.06453,1.06248,1.0686299999999997,0.0020499999999998852,False,extreme,2023-02-22 11:10:00,1.06248,stop,44,-1.0,0,0.0,-1.0,0.7268292682927194,1.3707317073171397
EURUSD,NY,2023-02-23,Thursday,1,1.06278,1.06031,0.0024699999999999722,long,2023-02-23 04:10:00,1.05859,2023-02-23 06:55:00,2023-02-23 07:00:00,1.0604,1.05859,1.0640200000000002,0.0018100000000000893,False,extreme,2023-02-23 11:40:00,1.05859,stop,57,-1.0,0,0.0,-1.0,0.9392265193369894,1.1381215469612427
EURUSD,NY,2023-02-23,Thursday,2,1.06278,1.06031,0.0024699999999999722,long,2023-02-23 10:00:00,1.05772,2023-02-23 15:55:00,2023-02-23 16:00:00,1.06033,1.05772,1.06555,0.002610000000000001,False,extreme,2023-02-23 23:55:00,1.06001,end_of_day,96,-0.12260536398471182,0,0.0,-0.12260536398471182,0.4214559386973565,0.4712643678161164
EURUSD,NY,2023-02-27,Monday,1,1.05614,1.05329,0.002850000000000019,short,2023-02-27 05:35:00,1.0564,2023-02-27 05:40:00,2023-02-27 05:45:00,1.05612,1.0564,1.0555599999999998,0.000280000000000058,False,extreme,2023-02-27 05:45:00,1.0564,stop,1,-1.0,0,0.0,-1.0,0.14285714285725615,1.3214285714282317
EURUSD,NY,2023-02-27,Monday,2,1.05614,1.05329,0.002850000000000019,short,2023-02-27 05:50:00,1.05693,2023-02-27 06:45:00,2023-02-27 06:50:00,1.05596,1.05693,1.0540200000000002,0.0009699999999999154,False,extreme,2023-02-27 08:35:00,1.05693,stop,22,-1.0,0,0.0,-1.0,0.9484536082475383,1.0309278350515227
EURUSD,NY,2023-02-28,Tuesday,1,1.06201,1.0582,0.003809999999999869,short,2023-02-28 04:00:00,1.06255,2023-02-28 04:05:00,2023-02-28 04:10:00,1.06182,1.06255,1.0603599999999997,0.0007300000000001194,False,extreme,2023-02-28 08:50:00,1.06255,stop,57,-1.0,0,0.0,-1.0,1.9589041095887787,1.1917808219175123
EURUSD,NY,2023-02-28,Tuesday,2,1.06201,1.0582,0.003809999999999869,short,2023-02-28 08:45:00,1.06409,2023-02-28 09:30:00,2023-02-28 09:35:00,1.06178,1.06409,1.0571599999999999,0.0023100000000000342,False,extreme,2023-02-28 10:00:00,1.06409,stop,6,-1.0,0,0.0,-1.0,0.04329004329003788,1.1904761904761858
EURUSD,NY,2023-02-28,Tuesday,3,1.06201,1.0582,0.003809999999999869,short,2023-02-28 09:40:00,1.06453,2023-02-28 10:45:00,2023-02-28 10:50:00,1.06131,1.06453,1.05487,0.0032200000000000006,False,extreme,2023-02-28 23:55:00,1.05893,end_of_day,158,0.7391304347826236,0,0.0,0.7391304347826236,1.4844720496894428,0.1273291925465905
EURUSD,NY,2023-03-01,Wednesday,1,1.06489,1.0589,0.00598999999999994,short,2023-03-01 04:00:00,1.06576,2023-03-01 04:05:00,2023-03-01 04:10:00,1.06479,1.06576,1.0628499999999996,0.0009700000000001374,False,extreme,2023-03-01 05:20:00,1.06576,stop,15,-1.0,0,0.0,-1.0,1.0412371134018683,1.4845360824741276
EURUSD,NY,2023-03-01,Wednesday,2,1.06489,1.0589,0.00598999999999994,short,2023-03-01 05:15:00,1.06914,2023-03-01 10:05:00,2023-03-01 10:10:00,1.06478,1.06914,1.0560600000000002,0.0043599999999999195,False,extreme,2023-03-01 23:55:00,1.0648,end_of_day,166,-0.004587155963281961,0,0.0,-0.004587155963281961,0.09633027522937952,0.704128440366964
EURUSD,NY,2023-03-02,Thursday,1,1.06486,1.06262,0.0022400000000000198,long,2023-03-02 04:55:00,1.06191,2023-03-02 05:25:00,2023-03-02 05:30:00,1.06266,1.06191,1.06416,0.0007500000000000284,False,extreme,2023-03-02 05:45:00,1.06191,stop,4,-1.0,0,0.0,-1.0,0.29333333333346756,1.1333333333333135
EURUSD,NY,2023-03-02,Thursday,2,1.06486,1.06262,0.0022400000000000198,long,2023-03-02 05:30:00,1.06128,2023-03-02 06:35:00,2023-03-02 06:40:00,1.06302,1.06128,1.0665000000000002,0.0017400000000000748,False,extreme,2023-03-02 07:45:00,1.06128,stop,14,-1.0,0,0.0,-1.0,0.051724137930988276,1.2068965517240808
EURUSD,NY,2023-03-03,Friday,1,1.06292,1.06082,0.0020999999999999908,long,2023-03-03 05:00:00,1.06005,2023-03-03 05:10:00,2023-03-03 05:15:00,1.06091,1.06005,1.0626300000000002,0.0008600000000000829,False,extreme,2023-03-03 08:45:00,1.0626300000000002,target,43,2.0,0,0.0,2.0,2.3837209302321947,0.686046511627946
EURUSD,NY,2023-03-03,Friday,2,1.06292,1.06082,0.0020999999999999908,long,2023-03-03 10:00:00,1.05884,2023-03-03 10:20:00,2023-03-03 10:25:00,1.06141,1.05884,1.0665499999999999,0.002569999999999961,False,extreme,2023-03-03 16:55:00,1.06341,friday_close,79,0.77821011673153,0,0.0,0.77821011673153,0.9571984435798311,0.836575875486345
EURUSD,NY,2023-03-06,Monday,1,1.06574,1.06372,0.0020199999999999108,long,2023-03-06 04:30:00,1.06345,2023-03-06 04:35:00,2023-03-06 04:40:00,1.06392,1.06345,1.06486,0.00046999999999997044,False,extreme,2023-03-06 04:45:00,1.06345,stop,2,-1.0,0,0.0,-1.0,0.1276595744679846,1.2978723404256123
EURUSD,NY,2023-03-06,Monday,2,1.06574,1.06372,0.0020199999999999108,long,2023-03-06 04:45:00,1.06222,2023-03-06 06:50:00,2023-03-06 06:55:00,1.06424,1.06222,1.0682800000000003,0.002020000000000133,False,extreme,2023-03-06 10:15:00,1.0682800000000003,target,41,2.0,0,0.0,2.0,2.103960396039399,0.4950495049505179
EURUSD,NY,2023-03-08,Wednesday,1,1.0548,1.05243,0.0023699999999999832,short,2023-03-08 08:00:00,1.05492,2023-03-08 08:05:00,2023-03-08 08:10:00,1.05456,1.05492,1.0538399999999997,0.000360000000000138,False,extreme,2023-03-08 08:15:00,1.0538399999999997,target,2,2.0,0,0.0,2.0,2.416666666665536,0.9444444444441018
EURUSD,NY,2023-03-08,Wednesday,2,1.0548,1.05243,0.0023699999999999832,short,2023-03-08 09:00:00,1.05512,2023-03-08 09:05:00,2023-03-08 09:10:00,1.05467,1.05512,1.0537699999999999,0.00045000000000006146,False,extreme,2023-03-08 09:30:00,1.05512,stop,5,-1.0,0,0.0,-1.0,0.5999999999999013,3.3555555555548757
EURUSD,NY,2023-03-08,Wednesday,3,1.0548,1.05243,0.0023699999999999832,short,2023-03-08 09:30:00,1.05618,2023-03-08 10:00:00,2023-03-08 10:05:00,1.05469,1.05618,1.05171,0.0014899999999999913,False,extreme,2023-03-08 10:20:00,1.05618,stop,4,-1.0,2,0.013422818791946388,-1.0134228187919463,0.8120805369127116,1.4026845637584964
EURUSD,NY,2023-03-08,Wednesday,4,1.0548,1.05243,0.0023699999999999832,short,2023-03-08 10:20:00,1.05738,2023-03-08 11:55:00,2023-03-08 12:00:00,1.05475,1.05738,1.0494900000000003,0.00262999999999991,False,extreme,2023-03-08 23:55:00,1.05517,end_of_day,144,-0.1596958174904484,1,0.003802281368821423,-0.16349809885926983,0.3802281368821848,0.22813688212926023
EURUSD,NY,2023-03-09,Thursday,1,1.05634,1.05482,0.0015199999999999658,short,2023-03-09 04:25:00,1.05697,2023-03-09 04:45:00,2023-03-09 04:50:00,1.05594,1.05697,1.0538800000000004,0.0010299999999998644,False,extreme,2023-03-09 06:00:00,1.05697,stop,15,-1.0,0,0.0,-1.0,0.5825242718448883,1.1650485436893454
EURUSD,NY,2023-03-09,Thursday,2,1.05634,1.05482,0.0015199999999999658,short,2023-03-09 05:50:00,1.05815,2023-03-09 07:30:00,2023-03-09 07:35:00,1.05611,1.05815,1.0520300000000005,0.0020399999999998197,False,extreme,2023-03-09 09:45:00,1.05815,stop,27,-1.0,0,0.0,-1.0,0.41666666666671204,1.2401960784314434
EURUSD,NY,2023-03-13,Monday,1,1.07372,1.07133,0.0023900000000001143,long,2023-03-13 09:25:00,1.06932,2023-03-13 10:00:00,2023-03-13 10:05:00,1.0716,1.06932,1.0761600000000002,0.0022800000000000598,False,extreme,2023-03-13 23:55:00,1.07027,end_of_day,167,-0.5833333333333415,0,0.0,-0.5833333333333415,1.4298245614033918,0.846491228070245
EURUSD,NY,2023-03-14,Tuesday,1,1.07156,1.06789,0.003670000000000062,short,2023-03-14 06:30:00,1.07194,2023-03-14 06:35:00,2023-03-14 06:40:00,1.0713,1.07194,1.07002,0.0006399999999999739,False,extreme,2023-03-14 06:55:00,1.07194,stop,4,-1.0,0,0.0,-1.0,0.48437499999972355,1.2187500000000542
EURUSD,NY,2023-03-14,Tuesday,2,1.07156,1.06789,0.003670000000000062,short,2023-03-14 06:55:00,1.07232,2023-03-14 07:10:00,2023-03-14 07:15:00,1.07143,1.07232,1.0696500000000004,0.0008899999999998354,False,extreme,2023-03-14 07:35:00,1.07232,stop,5,-1.0,0,0.0,-1.0,0.011235955056255463,1.0674157303372833
EURUSD,NY,2023-03-14,Tuesday,3,1.07156,1.06789,0.003670000000000062,short,2023-03-14 07:15:00,1.07486,2023-03-14 08:30:00,2023-03-14 08:35:00,1.07142,1.07486,1.0645400000000003,0.0034399999999998876,False,extreme,2023-03-14 14:50:00,1.07486,stop,76,-1.0,0,0.0,-1.0,0.47093023255814176,1.0290697674418583
EURUSD,NY,2023-03-16,Thursday,1,1.06283,1.05929,0.0035399999999998766,short,2023-03-16 04:00:00,1.06326,2023-03-16 04:05:00,2023-03-16 04:10:00,1.06242,1.06326,1.0607399999999996,0.0008400000000001739,False,extreme,2023-03-16 04:10:00,1.06326,stop,1,-1.0,0,0.0,-1.0,0.11904761904758128,1.0238095238094105
EURUSD,NY,2023-03-16,Thursday,2,1.06283,1.05929,0.0035399999999998766,short,2023-03-16 04:10:00,1.06356,2023-03-16 04:15:00,2023-03-16 04:20:00,1.06242,1.06356,1.0601399999999996,0.001140000000000141,False,extreme,2023-03-16 06:30:00,1.0601399999999996,target,27,2.0,0,0.0,2.0,2.1052631578944396,0.42105263157892686
EURUSD,NY,2023-03-16,Thursday,3,1.06283,1.05929,0.0035399999999998766,long,2023-03-16 08:40:00,1.0576,2023-03-16 08:45:00,2023-03-16 08:50:00,1.05969,1.0576,1.0638699999999999,0.0020899999999999253,False,extreme,2023-03-16 09:20:00,1.0576,stop,7,-1.0,0,0.0,-1.0,0.8516746411483045,2.1913875598087045
EURUSD,NY,2023-03-16,Thursday,4,1.06283,1.05929,0.0035399999999998766,long,2023-03-16 09:20:00,1.05511,2023-03-16 09:50:00,2023-03-16 09:55:00,1.06024,1.05511,1.0705000000000002,0.005130000000000079,False,extreme,2023-03-16 23:55:00,1.06403,end_of_day,169,0.7387914230019301,0,0.0,0.7387914230019301,0.8284600389863157,0.5730994152047016
EURUSD,NY,2023-03-17,Friday,1,1.06693,1.06389,0.0030399999999999316,long,2023-03-17 06:10:00,1.06122,2023-03-17 11:30:00,2023-03-17 11:35:00,1.06391,1.06122,1.0692899999999996,0.002689999999999859,False,extreme,2023-03-17 16:55:00,1.06647,friday_close,65,0.9516728624536251,0,0.0,0.9516728624536251,1.721189591078207,0.09293680297393106
EURUSD,NY,2023-03-20,Monday,1,1.06811,1.06418,0.003929999999999989,long,2023-03-20 04:15:00,1.06313,2023-03-20 04:35:00,2023-03-20 04:40:00,1.06435,1.06313,1.06679,0.0012199999999999989,False,extreme,2023-03-20 05:05:00,1.06679,target,6,2.0,0,0.0,2.0,2.024590163934587,0.14754098360643206
EURUSD,NY,2023-03-20,Monday,2,1.06811,1.06418,0.003929999999999989,short,2023-03-20 06:05:00,1.06846,2023-03-20 06:10:00,2023-03-20 06:15:00,1.06798,1.06846,1.0670199999999999,0.00048000000000003595,False,extreme,2023-03-20 06:15:00,1.06846,stop,1,-1.0,0,0.0,-1.0,0.04166666666647392,2.291666666666705
EURUSD,NY,2023-03-23,Thursday,1,1.093,1.0895,0.0035000000000000586,long,2023-03-23 04:25:00,1.08912,2023-03-23 04:30:00,2023-03-23 04:35:00,1.08962,1.08912,1.09062,0.0004999999999999449,False,extreme,2023-03-23 04:50:00,1.09062,target,4,2.0,0,0.0,2.0,2.5600000000001777,0.6400000000002665
EURUSD,NY,2023-03-23,Thursday,2,1.093,1.0895,0.0035000000000000586,long,2023-03-23 05:15:00,1.08668,2023-03-23 11:10:00,2023-03-23 11:15:00,1.08986,1.08668,1.09622,0.0031799999999999606,False,extreme,2023-03-23 13:50:00,1.08668,stop,32,-1.0,0,0.0,-1.0,0.2955974842767146,1.0817610062893561
EURUSD,NY,2023-03-27,Monday,1,1.07821,1.0745,0.00370999999999988,short,2023-03-27 09:20:00,1.07948,2023-03-27 10:15:00,2023-03-27 10:20:00,1.07818,1.07948,1.0755799999999998,0.0013000000000000789,False,extreme,2023-03-27 12:25:00,1.07948,stop,26,-1.0,0,0.0,-1.0,0.4769230769229271,1.0
EURUSD,NY,2023-03-28,Tuesday,1,1.08341,1.08062,0.00279000000000007,short,2023-03-28 08:05:00,1.0847,2023-03-28 08:50:00,2023-03-28 08:55:00,1.08327,1.0847,1.0804099999999999,0.0014300000000000423,False,extreme,2023-03-28 15:40:00,1.0847,stop,82,-1.0,0,0.0,-1.0,1.1398601398601202,1.0699300699300602
EURUSD,NY,2023-03-29,Wednesday,1,1.0844,1.08178,0.0026200000000000667,short,2023-03-29 05:30:00,1.08713,2023-03-29 08:15:00,2023-03-29 08:20:00,1.08397,1.08713,1.0776500000000004,0.0031599999999998296,False,extreme,2023-03-29 23:55:00,1.0833,end_of_day,188,0.2120253164557616,0,0.0,0.2120253164557616,0.5094936708861386,0.5949367088607541
EURUSD,NY,2023-03-30,Thursday,1,1.08578,1.08236,0.0034199999999999786,short,2023-03-30 04:00:00,1.08675,2023-03-30 04:15:00,2023-03-30 04:20:00,1.08564,1.08675,1.0834199999999996,0.0011100000000001664,False,extreme,2023-03-30 04:30:00,1.08675,stop,3,-1.0,0,0.0,-1.0,0.0990990990989333,1.162162162162
EURUSD,NY,2023-03-31,Friday,1,1.09108,1.08802,0.0030600000000000627,long,2023-03-31 04:15:00,1.08736,2023-03-31 04:20:00,2023-03-31 04:25:00,1.08803,1.08736,1.08937,0.0006699999999999484,False,extreme,2023-03-31 04:25:00,1.08736,stop,1,-1.0,0,0.0,-1.0,0.07462686567147361,1.0895522388062322
EURUSD,NY,2023-03-31,Friday,2,1.09108,1.08802,0.0030600000000000627,long,2023-03-31 04:25:00,1.0873,2023-03-31 04:45:00,2023-03-31 04:50:00,1.08824,1.0873,1.0901200000000004,0.0009400000000001629,False,extreme,2023-03-31 06:50:00,1.0873,stop,25,-1.0,0,0.0,-1.0,1.4468085106378406,1.1382978723403627
EURUSD,NY,2023-03-31,Friday,3,1.09108,1.08802,0.0030600000000000627,long,2023-03-31 06:45:00,1.08641,2023-03-31 08:30:00,2023-03-31 08:35:00,1.08915,1.08641,1.09463,0.0027399999999999647,False,extreme,2023-03-31 10:50:00,1.08641,stop,28,-1.0,0,0.0,-1.0,0.3795620437955997,1.1058394160584406
EURUSD,NY,2023-04-05,Wednesday,1,1.09674,1.09466,0.002080000000000082,long,2023-04-05 04:00:00,1.09441,2023-04-05 04:05:00,2023-04-05 04:10:00,1.09477,1.09441,1.0954899999999999,0.00035999999999991594,False,extreme,2023-04-05 04:40:00,1.09441,stop,7,-1.0,0,0.0,-1.0,1.9722222222226506,1.277777777778429
EURUSD,NY,2023-04-05,Wednesday,2,1.09674,1.09466,0.002080000000000082,long,2023-04-05 04:40:00,1.0941,2023-04-05 04:55:00,2023-04-05 05:00:00,1.09512,1.0941,1.0971600000000001,0.0010200000000000209,False,extreme,2023-04-05 07:05:00,1.0941,stop,26,-1.0,0,0.0,-1.0,0.8921568627450468,1.3039215686274765
EURUSD,NY,2023-04-05,Wednesday,3,1.09674,1.09466,0.002080000000000082,long,2023-04-05 06:50:00,1.09349,2023-04-05 08:15:00,2023-04-05 08:20:00,1.09512,1.09349,1.0983800000000001,0.0016300000000000203,False,extreme,2023-04-05 10:10:00,1.09349,stop,23,-1.0,0,0.0,-1.0,0.9631901840489753,1.435582822085877
EURUSD,NY,2023-04-06,Thursday,1,1.09173,1.08898,0.00275000000000003,long,2023-04-06 09:00:00,1.0886,2023-04-06 09:20:00,2023-04-06 09:25:00,1.08946,1.0886,1.0911800000000003,0.0008600000000000829,False,extreme,2023-04-06 10:10:00,1.0911800000000003,target,10,2.0,0,0.0,2.0,2.4186046511623944,0.6395348837209273
EURUSD,NY,2023-04-06,Thursday,2,1.09173,1.08898,0.00275000000000003,short,2023-04-06 10:55:00,1.09376,2023-04-06 16:35:00,2023-04-06 16:40:00,1.09172,1.09376,1.08764,0.0020400000000000418,False,extreme,2023-04-06 23:55:00,1.09198,end_of_day,88,-0.12745098039211844,0,0.0,-0.12745098039211844,0.14705882352939256,0.33823529411767905
EURUSD,NY,2023-04-07,Friday,1,1.09208,1.09116,0.0009200000000000319,long,2023-04-07 05:00:00,1.09113,2023-04-07 05:05:00,2023-04-07 05:10:00,1.09131,1.09113,1.0916700000000001,0.000180000000000069,False,extreme,2023-04-07 06:05:00,1.09113,stop,12,-1.0,0,0.0,-1.0,1.4999999999993832,1.1666666666664611
EURUSD,NY,2023-04-07,Friday,2,1.09208,1.09116,0.0009200000000000319,long,2023-04-07 06:05:00,1.09105,2023-04-07 06:10:00,2023-04-07 06:15:00,1.0914,1.09105,1.0920999999999996,0.00034999999999985043,False,extreme,2023-04-07 06:55:00,1.0920999999999996,target,9,2.0,0,0.0,2.0,2.228571428572389,0.114285714285243
EURUSD,NY,2023-04-07,Friday,3,1.09208,1.09116,0.0009200000000000319,short,2023-04-07 06:55:00,1.09218,2023-04-07 07:00:00,2023-04-07 07:05:00,1.09184,1.09218,1.09116,0.00034000000000000696,False,extreme,2023-04-07 08:25:00,1.09116,target,17,2.0,0,0.0,2.0,2.0294117647054213,0.7058823529412149
EURUSD,NY,2023-04-07,Friday,4,1.09208,1.09116,0.0009200000000000319,long,2023-04-07 08:30:00,1.08767,2023-04-07 10:25:00,2023-04-07 10:30:00,1.09132,1.08967,1.0946200000000004,0.0016500000000001513,True,swing,2023-04-07 16:55:00,1.08986,friday_close,78,-0.8848484848484139,0,0.0,-0.8848484848484139,0.1393939393938978,0.9878787878787095
EURUSD,NY,2023-04-10,Monday,1,1.09169,1.0891,0.0025900000000000922,long,2023-04-10 07:30:00,1.08865,2023-04-10 07:35:00,2023-04-10 07:40:00,1.08914,1.08865,1.0901200000000002,0.0004900000000001015,False,extreme,2023-04-10 08:00:00,1.08865,stop,5,-1.0,0,0.0,-1.0,1.7959183673465504,1.040816326530418
EURUSD,NY,2023-04-11,Tuesday,1,1.09046,1.08808,0.0023800000000000487,short,2023-04-11 04:10:00,1.09084,2023-04-11 04:25:00,2023-04-11 04:30:00,1.0902,1.09084,1.08892,0.0006399999999999739,False,extreme,2023-04-11 04:50:00,1.09084,stop,5,-1.0,0,0.0,-1.0,0.9062500000000759,1.2656250000000162
EURUSD,NY,2023-04-11,Tuesday,2,1.09046,1.08808,0.0023800000000000487,short,2023-04-11 04:50:00,1.09268,2023-04-11 08:05:00,2023-04-11 08:10:00,1.09045,1.09268,1.0859899999999996,0.0022300000000001763,False,extreme,2023-04-11 10:05:00,1.09268,stop,24,-1.0,0,0.0,-1.0,0.09417040358735643,1.0582959641255396
EURUSD,NY,2023-04-11,Tuesday,3,1.09046,1.08808,0.0023800000000000487,short,2023-04-11 08:25:00,1.09281,2023-04-11 12:05:00,2023-04-11 12:10:00,1.09042,1.09281,1.0856399999999997,0.0023900000000001143,False,extreme,2023-04-11 21:40:00,1.09281,stop,115,-1.0,0,0.0,-1.0,0.3347280334727505,1.0292887029288749
EURUSD,NY,2023-04-14,Friday,1,1.10759,1.10594,0.0016500000000001513,long,2023-04-14 04:05:00,1.1054,2023-04-14 04:35:00,2023-04-14 04:40:00,1.1062,1.1054,1.1078000000000003,0.0008000000000001339,False,extreme,2023-04-14 07:00:00,1.1054,stop,29,-1.0,0,0.0,-1.0,0.5874999999998647,1.1499999999998474
EURUSD,NY,2023-04-14,Friday,2,1.10759,1.10594,0.0016500000000001513,long,2023-04-14 06:55:00,1.10478,2023-04-14 08:15:00,2023-04-14 08:20:00,1.10599,1.10478,1.10841,0.0012099999999999334,False,extreme,2023-04-14 08:30:00,1.10478,stop,3,-1.0,0,0.0,-1.0,1.1239669421488452,2.537190082644874
EURUSD,NY,2023-04-17,Monday,1,1.09998,1.09759,0.002389999999999892,long,2023-04-17 04:30:00,1.09642,2023-04-17 05:30:00,2023-04-17 05:35:00,1.09771,1.09642,1.10029,0.0012900000000000134,False,extreme,2023-04-17 08:45:00,1.09642,stop,39,-1.0,0,0.0,-1.0,0.6124031007752405,1.775193798449519
EURUSD,NY,2023-04-18,Tuesday,1,1.0971,1.09339,0.00370999999999988,short,2023-04-18 04:00:00,1.09768,2023-04-18 04:20:00,2023-04-18 04:25:00,1.09682,1.09768,1.0950999999999997,0.0008600000000000829,False,extreme,2023-04-18 04:45:00,1.09768,stop,5,-1.0,0,0.0,-1.0,0.0,1.2558139534884742
EURUSD,NY,2023-04-18,Tuesday,2,1.0971,1.09339,0.00370999999999988,short,2023-04-18 04:30:00,1.0983,2023-04-18 06:00:00,2023-04-18 06:05:00,1.09708,1.0983,1.09464,0.0012199999999999989,False,extreme,2023-04-18 09:30:00,1.09464,target,42,2.0,0,0.0,2.0,2.27868852459017,0.7540983606557645
EURUSD,NY,2023-04-18,Tuesday,3,1.0971,1.09339,0.00370999999999988,short,2023-04-18 14:15:00,1.09744,2023-04-18 14:45:00,2023-04-18 14:50:00,1.0971,1.09744,1.09642,0.00034000000000000696,False,extreme,2023-04-18 15:10:00,1.09744,stop,5,-1.0,0,0.0,-1.0,0.7941176470587851,1.1176470588236447
EURUSD,NY,2023-04-18,Tuesday,4,1.0971,1.09339,0.00370999999999988,short,2023-04-18 14:55:00,1.09748,2023-04-18 15:50:00,2023-04-18 15:55:00,1.09705,1.09748,1.0961900000000002,0.00042999999999993044,False,extreme,2023-04-18 18:10:00,1.09748,stop,28,-1.0,0,0.0,-1.0,1.0697674418609335,1.1162790697671896
EURUSD,NY,2023-04-18,Tuesday,5,1.0971,1.09339,0.00370999999999988,short,2023-04-18 17:55:00,1.09841,2023-04-18 21:55:00,2023-04-18 22:00:00,1.09696,1.09841,1.0940599999999996,0.0014500000000001734,False,extreme,2023-04-18 23:55:00,1.09743,end_of_day,24,-0.3241379310344236,0,0.0,-0.3241379310344236,0.3172413793102413,0.4137931034483339
EURUSD,NY,2023-04-19,Wednesday,1,1.09745,1.09466,0.00279000000000007,long,2023-04-19 05:25:00,1.09174,2023-04-19 08:40:00,2023-04-19 08:45:00,1.0947,1.09174,1.1006200000000002,0.0029600000000000737,False,extreme,2023-04-19 23:55:00,1.09595,end_of_day,183,0.4222972972972778,0,0.0,0.4222972972972778,1.0945945945945368,0.19932432432434993
EURUSD,NY,2023-04-20,Thursday,1,1.09732,1.09501,0.0023100000000000342,short,2023-04-20 04:20:00,1.09778,2023-04-20 04:30:00,2023-04-20 04:35:00,1.09702,1.09778,1.0955000000000004,0.0007599999999998719,False,extreme,2023-04-20 04:55:00,1.09778,stop,5,-1.0,0,0.0,-1.0,0.5000000000001461,1.078947368420999
EURUSD,NY,2023-04-20,Thursday,2,1.09732,1.09501,0.0023100000000000342,short,2023-04-20 06:50:00,1.09783,2023-04-20 06:55:00,2023-04-20 07:00:00,1.09709,1.09783,1.0956099999999995,0.000740000000000185,False,extreme,2023-04-20 07:55:00,1.0956099999999995,target,12,2.0,0,0.0,2.0,2.3243243243236673,0.5405405405406459
EURUSD,NY,2023-04-20,Thursday,3,1.09732,1.09501,0.0023100000000000342,long,2023-04-20 08:05:00,1.09335,2023-04-20 08:30:00,2023-04-20 08:35:00,1.09642,1.09335,1.1025599999999998,0.003069999999999906,False,extreme,2023-04-20 23:55:00,1.09641,end_of_day,185,-0.0032573289901771246,0,0.0,-0.0032573289901771246,0.8338762214984352,0.25407166123779373
EURUSD,NY,2023-04-21,Friday,1,1.09641,1.09381,0.0026000000000001577,short,2023-04-21 04:00:00,1.09722,2023-04-21 04:10:00,2023-04-21 04:15:00,1.09607,1.09722,1.0937700000000001,0.0011499999999999844,False,extreme,2023-04-21 07:15:00,1.09722,stop,37,-1.0,0,0.0,-1.0,1.00869565217397,1.1217391304346165
EURUSD,NY,2023-04-21,Friday,2,1.09641,1.09381,0.0026000000000001577,short,2023-04-21 06:35:00,1.09938,2023-04-21 09:45:00,2023-04-21 09:50:00,1.09628,1.09938,1.0900799999999997,0.0031000000000001027,False,extreme,2023-04-21 16:55:00,1.09894,friday_close,86,-0.8580645161290382,0,0.0,-0.8580645161290382,0.6580645161289523,0.9677419354838755
EURUSD,NY,2023-04-24,Monday,1,1.09882,1.0966,0.0022199999999998887,short,2023-04-24 04:00:00,1.09944,2023-04-24 04:25:00,2023-04-24 04:30:00,1.09848,1.09944,1.0965599999999998,0.0009600000000000719,False,extreme,2023-04-24 04:45:00,1.09944,stop,4,-1.0,0,0.0,-1.0,0.08333333333317913,1.0937499999999132
EURUSD,NY,2023-04-25,Tuesday,1,1.10588,1.10247,0.003409999999999913,long,2023-04-25 06:50:00,1.10096,2023-04-25 08:15:00,2023-04-25 08:20:00,1.10258,1.10096,1.1058199999999998,0.0016199999999999548,False,extreme,2023-04-25 09:10:00,1.10096,stop,11,-1.0,0,0.0,-1.0,0.2098765432098867,1.172839506172743
EURUSD,NY,2023-04-27,Thursday,1,1.10635,1.10401,0.0023400000000000087,long,2023-04-27 05:45:00,1.10341,2023-04-27 06:15:00,2023-04-27 06:20:00,1.10416,1.10341,1.10566,0.0007500000000000284,False,extreme,2023-04-27 07:40:00,1.10341,stop,17,-1.0,0,0.0,-1.0,1.093333333333349,1.0266666666665443
EURUSD,NY,2023-04-27,Thursday,2,1.10635,1.10401,0.0023400000000000087,long,2023-04-27 07:40:00,1.10308,2023-04-27 08:05:00,2023-04-27 08:10:00,1.10413,1.10308,1.10623,0.0010499999999999954,False,extreme,2023-04-27 08:30:00,1.10308,stop,5,-1.0,0,0.0,-1.0,1.4857142857142978,2.4857142857142978
EURUSD,NY,2023-04-28,Friday,1,1.10364,1.09939,0.004249999999999865,long,2023-04-28 04:00:00,1.09767,2023-04-28 06:20:00,2023-04-28 06:25:00,1.0998,1.09767,1.1040600000000005,0.0021300000000001873,False,extreme,2023-04-28 07:55:00,1.09767,stop,19,-1.0,0,0.0,-1.0,0.023474178403699097,1.1971830985914684
EURUSD,NY,2023-04-28,Friday,2,1.10364,1.09939,0.004249999999999865,long,2023-04-28 06:30:00,1.09625,2023-04-28 09:00:00,2023-04-28 09:05:00,1.09952,1.09625,1.1060600000000003,0.003270000000000106,False,extreme,2023-04-28 16:55:00,1.10165,friday_close,95,0.651376146788959,0,0.0,0.651376146788959,1.5259938837920146,0.13149847094805459
EURUSD,NY,2023-05-01,Monday,1,1.10144,1.09949,0.0019499999999998963,long,2023-05-01 04:25:00,1.0992,2023-05-01 04:35:00,2023-05-01 04:40:00,1.09954,1.0992,1.10022,0.00034000000000000696,False,extreme,2023-05-01 04:55:00,1.0992,stop,4,-1.0,0,0.0,-1.0,0.5882352941175703,1.1176470588236447
EURUSD,NY,2023-05-01,Monday,2,1.10144,1.09949,0.0019499999999998963,long,2023-05-01 04:50:00,1.09884,2023-05-01 05:15:00,2023-05-01 05:20:00,1.09974,1.09884,1.1015399999999997,0.0008999999999999009,False,extreme,2023-05-01 08:20:00,1.1015399999999997,target,37,2.0,0,0.0,2.0,2.477777777778,0.24444444444434577
EURUSD,NY,2023-05-01,Monday,3,1.10144,1.09949,0.0019499999999998963,short,2023-05-01 08:20:00,1.10356,2023-05-01 10:00:00,2023-05-01 10:05:00,1.10022,1.10356,1.0935399999999997,0.0033400000000001207,False,extreme,2023-05-01 23:55:00,1.0984,end_of_day,167,0.5449101796406788,0,0.0,0.5449101796406788,1.1347305389221027,0.011976047904203162
EURUSD,NY,2023-05-02,Tuesday,1,1.10068,1.09791,0.0027700000000001612,long,2023-05-02 04:00:00,1.09599,2023-05-02 04:45:00,2023-05-02 04:50:00,1.09829,1.09599,1.10289,0.0022999999999999687,False,extreme,2023-05-02 05:20:00,1.09599,stop,7,-1.0,0,0.0,-1.0,0.08260869565213698,1.1565217391304004
EURUSD,NY,2023-05-02,Tuesday,2,1.10068,1.09791,0.0027700000000001612,long,2023-05-02 04:50:00,1.0942,2023-05-02 10:30:00,2023-05-02 10:35:00,1.098,1.0942,1.1056000000000001,0.0038000000000000256,False,extreme,2023-05-02 23:55:00,1.10296,end_of_day,161,1.3052631578946894,0,0.0,1.3052631578946894,1.3157894736841735,0.15263157894737395
EURUSD,NY,2023-05-03,Wednesday,1,1.10414,1.10144,0.0026999999999999247,short,2023-05-03 04:05:00,1.10446,2023-05-03 04:10:00,2023-05-03 04:15:00,1.10366,1.10446,1.1020600000000003,0.0007999999999999119,False,extreme,2023-05-03 04:40:00,1.10446,stop,6,-1.0,0,0.0,-1.0,0.2625000000000833,1.25
EURUSD,NY,2023-05-03,Wednesday,2,1.10414,1.10144,0.0026999999999999247,short,2023-05-03 04:40:00,1.1047,2023-05-03 04:55:00,2023-05-03 05:00:00,1.10397,1.1047,1.1025099999999997,0.0007300000000001194,False,extreme,2023-05-03 05:00:00,1.1047,stop,1,-1.0,0,0.0,-1.0,0.09589041095860411,1.0
EURUSD,NY,2023-05-03,Wednesday,3,1.10414,1.10144,0.0026999999999999247,short,2023-05-03 05:00:00,1.1047,2023-05-03 05:30:00,2023-05-03 05:35:00,1.10393,1.1047,1.1023900000000002,0.0007699999999999374,False,extreme,2023-05-03 08:15:00,1.1023900000000002,target,33,2.0,0,0.0,2.0,2.3376623376625587,0.5584415584415136
EURUSD,NY,2023-05-04,Thursday,1,1.10917,1.10521,0.0039599999999999635,long,2023-05-04 04:05:00,1.10511,2023-05-04 04:10:00,2023-05-04 04:15:00,1.10555,1.10511,1.10643,0.00043999999999999595,False,extreme,2023-05-04 04:20:00,1.10511,stop,2,-1.0,0,0.0,-1.0,0.09090909090918266,2.204545454545787
EURUSD,NY,2023-05-04,Thursday,2,1.10917,1.10521,0.0039599999999999635,long,2023-05-04 04:20:00,1.10366,2023-05-04 05:35:00,2023-05-04 05:40:00,1.10544,1.10366,1.1089999999999998,0.0017799999999998928,False,extreme,2023-05-04 08:25:00,1.10366,stop,34,-1.0,0,0.0,-1.0,1.5898876404495959,1.1741573033708153
EURUSD,NY,2023-05-05,Friday,1,1.10478,1.10257,0.0022100000000000453,long,2023-05-05 04:00:00,1.10244,2023-05-05 04:05:00,2023-05-05 04:10:00,1.1029,1.10244,1.1038199999999998,0.00045999999999990493,False,extreme,2023-05-05 04:20:00,1.10244,stop,3,-1.0,0,0.0,-1.0,0.08695652173923538,1.0
EURUSD,NY,2023-05-05,Friday,2,1.10478,1.10257,0.0022100000000000453,long,2023-05-05 04:15:00,1.10244,2023-05-05 04:25:00,2023-05-05 04:30:00,1.10268,1.10244,1.1031600000000001,0.00024000000000001798,False,extreme,2023-05-05 04:50:00,1.10244,stop,5,-1.0,0,0.0,-1.0,1.916666666666127,1.083333333333873
EURUSD,NY,2023-05-05,Friday,3,1.10478,1.10257,0.0022100000000000453,long,2023-05-05 05:00:00,1.10222,2023-05-05 05:05:00,2023-05-05 05:10:00,1.10254,1.10222,1.1031800000000003,0.000320000000000098,False,extreme,2023-05-05 05:20:00,1.1031800000000003,target,3,2.0,0,0.0,2.0,2.031249999998807,0.031250000000195156
EURUSD,NY,2023-05-05,Friday,4,1.10478,1.10257,0.0022100000000000453,long,2023-05-05 05:30:00,1.10246,2023-05-05 05:35:00,2023-05-05 05:40:00,1.10304,1.10246,1.1042,0.0005800000000000249,False,extreme,2023-05-05 06:20:00,1.10246,stop,9,-1.0,0,0.0,-1.0,0.17241379310342186,1.0689655172414454
EURUSD,NY,2023-05-05,Friday,5,1.10478,1.10257,0.0022100000000000453,long,2023-05-05 06:30:00,1.10243,2023-05-05 06:40:00,2023-05-05 06:45:00,1.10259,1.10243,1.1029099999999998,0.00015999999999993797,False,extreme,2023-05-05 06:45:00,1.10243,stop,1,-1.0,0,0.0,-1.0,0.0,2.8125000000014744
EURUSD,NY,2023-05-05,Friday,6,1.10478,1.10257,0.0022100000000000453,long,2023-05-05 06:45:00,1.09668,2023-05-05 11:50:00,2023-05-05 11:55:00,1.10258,1.10142,1.1048999999999995,0.0011599999999998278,True,swing,2023-05-05 13:35:00,1.10142,stop,21,-1.0,0,0.0,-1.0,0.9310344827589243,1.137931034482917
EURUSD,NY,2023-05-05,Friday,7,1.10478,1.10257,0.0022100000000000453,long,2023-05-05 13:25:00,1.10097,2023-05-05 14:50:00,2023-05-05 14:55:00,1.10268,1.10097,1.1061000000000003,0.0017100000000001003,False,extreme,2023-05-05 16:55:00,1.10185,friday_close,25,-0.4853801169590993,0,0.0,-0.4853801169590993,0.011695906432694624,0.5964912280701526
EURUSD,NY,2023-05-08,Monday,1,1.10506,1.10368,0.0013799999999999368,short,2023-05-08 04:35:00,1.10526,2023-05-08 04:40:00,2023-05-08 04:45:00,1.10502,1.10526,1.1045399999999999,0.00024000000000001798,False,extreme,2023-05-08 04:45:00,1.10526,stop,1,-1.0,0,0.0,-1.0,0.7499999999993061,1.458333333333526
EURUSD,NY,2023-05-08,Monday,2,1.10506,1.10368,0.0013799999999999368,short,2023-05-08 04:45:00,1.10537,2023-05-08 04:50:00,2023-05-08 04:55:00,1.10499,1.10537,1.1042299999999998,0.00038000000000004697,False,extreme,2023-05-08 04:55:00,1.1042299999999998,target,1,2.0,0,0.0,2.0,3.6578947368416594,0.0
EURUSD,NY,2023-05-08,Monday,3,1.10506,1.10368,0.0013799999999999368,long,2023-05-08 04:55:00,1.10229,2023-05-08 05:50:00,2023-05-08 05:55:00,1.10382,1.10229,1.10688,0.0015300000000000313,False,extreme,2023-05-08 10:35:00,1.10229,stop,57,-1.0,0,0.0,-1.0,0.8692810457516511,1.0849673202614123
EURUSD,NY,2023-05-09,Tuesday,1,1.10008,1.09727,0.002809999999999979,long,2023-05-09 07:30:00,1.09412,2023-05-09 21:20:00,2023-05-09 21:25:00,1.09731,1.09412,1.10369,0.003190000000000026,False,extreme,2023-05-09 23:55:00,1.09762,end_of_day,31,0.09717868338558933,0,0.0,0.09717868338558933,0.1347962382444912,0.1473354231974817
EURUSD,NY,2023-05-10,Wednesday,1,1.09826,1.09624,0.0020199999999999108,long,2023-05-10 04:00:00,1.09415,2023-05-10 08:30:00,2023-05-10 08:35:00,1.09764,1.09415,1.10462,0.003489999999999993,False,extreme,2023-05-10 23:55:00,1.09745,end_of_day,185,-0.054441260744960696,0,0.0,-0.054441260744960696,0.8767908309455784,0.4212034383953763
EURUSD,NY,2023-05-11,Thursday,1,1.09824,1.09242,0.005820000000000158,long,2023-05-11 04:00:00,1.09182,2023-05-11 04:05:00,2023-05-11 04:10:00,1.09303,1.09182,1.0954499999999998,0.0012099999999999334,False,extreme,2023-05-11 06:30:00,1.09182,stop,29,-1.0,0,0.0,-1.0,0.35537190082659187,1.0247933884297324
EURUSD,NY,2023-05-11,Thursday,2,1.09824,1.09242,0.005820000000000158,long,2023-05-11 06:05:00,1.09179,2023-05-11 06:40:00,2023-05-11 06:45:00,1.09248,1.09179,1.0938599999999996,0.0006899999999998574,False,extreme,2023-05-11 08:30:00,1.0938599999999996,target,22,2.0,0,0.0,2.0,3.3623188405805498,0.5072463768114823
EURUSD,NY,2023-05-11,Thursday,3,1.09824,1.09242,0.005820000000000158,long,2023-05-11 09:15:00,1.09002,2023-05-11 12:15:00,2023-05-11 12:20:00,1.09256,1.09002,1.09764,0.0025399999999999867,False,extreme,2023-05-11 23:55:00,1.09223,end_of_day,140,-0.1299212598424973,0,0.0,-0.1299212598424973,0.1338582677165389,0.5826771653543046
EURUSD,NY,2023-05-12,Friday,1,1.09356,1.09062,0.0029400000000001647,long,2023-05-12 05:15:00,1.0899,2023-05-12 05:25:00,2023-05-12 05:30:00,1.0909,1.0899,1.0928999999999998,0.0009999999999998899,False,extreme,2023-05-12 07:15:00,1.0899,stop,22,-1.0,0,0.0,-1.0,0.5800000000000888,1.650000000000111
EURUSD,NY,2023-05-15,Monday,1,1.08772,1.08573,0.0019899999999999363,short,2023-05-15 04:10:00,1.08802,2023-05-15 04:20:00,2023-05-15 04:25:00,1.08739,1.08802,1.0861300000000003,0.0006299999999999084,False,extreme,2023-05-15 05:05:00,1.0861300000000003,target,9,2.0,0,0.0,2.0,2.0952380952383804,0.6825396825396713
EURUSD,NY,2023-05-15,Monday,2,1.08772,1.08573,0.0019899999999999363,long,2023-05-15 05:20:00,1.08568,2023-05-15 05:25:00,2023-05-15 05:30:00,1.086,1.08568,1.0866400000000003,0.000320000000000098,False,extreme,2023-05-15 05:40:00,1.0866400000000003,target,3,2.0,0,0.0,2.0,2.156249999998894,0.06250000000039031
EURUSD,NY,2023-05-15,Monday,3,1.08772,1.08573,0.0019899999999999363,short,2023-05-15 06:55:00,1.08792,2023-05-15 07:00:00,2023-05-15 07:05:00,1.0876,1.08792,1.0869599999999997,0.000320000000000098,False,extreme,2023-05-15 07:45:00,1.08792,stop,9,-1.0,0,0.0,-1.0,0.7812499999993278,1.187499999999783
EURUSD,NY,2023-05-15,Monday,4,1.08772,1.08573,0.0019899999999999363,short,2023-05-15 07:40:00,1.08805,2023-05-15 08:00:00,2023-05-15 08:05:00,1.08766,1.08805,1.0868800000000003,0.00038999999999989043,False,extreme,2023-05-15 08:30:00,1.08805,stop,6,-1.0,0,0.0,-1.0,0.6923076923078675,3.666666666667236
EURUSD,NY,2023-05-15,Monday,5,1.08772,1.08573,0.0019899999999999363,short,2023-05-15 08:30:00,1.08909,2023-05-15 08:40:00,2023-05-15 08:45:00,1.08767,1.08909,1.08483,0.0014199999999999768,False,extreme,2023-05-15 23:55:00,1.08825,end_of_day,183,-0.4084507042253763,0,0.0,-0.4084507042253763,0.8873239436618573,0.5563380281690713
EURUSD,NY,2023-05-16,Tuesday,1,1.08946,1.08629,0.003170000000000117,short,2023-05-16 04:25:00,1.08966,2023-05-16 04:30:00,2023-05-16 04:35:00,1.08928,1.08966,1.08852,0.00038000000000004697,False,extreme,2023-05-16 04:35:00,1.08966,stop,1,-1.0,0,0.0,-1.0,0.0,1.315789473683903
EURUSD,NY,2023-05-16,Tuesday,2,1.08946,1.08629,0.003170000000000117,short,2023-05-16 04:35:00,1.08978,2023-05-16 04:45:00,2023-05-16 04:50:00,1.08942,1.08978,1.0887000000000002,0.00035999999999991594,False,extreme,2023-05-16 05:05:00,1.08978,stop,4,-1.0,0,0.0,-1.0,1.3888888888890603,2.916666666667335
EURUSD,NY,2023-05-16,Tuesday,3,1.08946,1.08629,0.003170000000000117,short,2023-05-16 05:00:00,1.09047,2023-05-16 05:55:00,2023-05-16 06:00:00,1.08937,1.09047,1.0871699999999997,0.001100000000000101,False,extreme,2023-05-16 08:30:00,1.0871699999999997,target,31,2.0,0,0.0,2.0,2.2363636363633463,0.3272727272728227
EURUSD,NY,2023-05-16,Tuesday,4,1.08946,1.08629,0.003170000000000117,long,2023-05-16 10:10:00,1.08598,2023-05-16 10:15:00,2023-05-16 10:20:00,1.08638,1.08598,1.0871799999999998,0.00039999999999995595,False,extreme,2023-05-16 10:25:00,1.0871799999999998,target,2,2.0,0,0.0,2.0,2.000000000000555,0.1749999999995004
EURUSD,NY,2023-05-16,Tuesday,5,1.08946,1.08629,0.003170000000000117,long,2023-05-16 11:05:00,1.08556,2023-05-16 11:25:00,2023-05-16 11:30:00,1.0864,1.08556,1.08808,0.0008399999999999519,False,extreme,2023-05-16 11:35:00,1.08556,stop,2,-1.0,0,0.0,-1.0,0.07142857142851479,1.0714285714287792
EURUSD,NY,2023-05-16,Tuesday,6,1.08946,1.08629,0.003170000000000117,long,2023-05-16 11:30:00,1.0855,2023-05-16 11:50:00,2023-05-16 11:55:00,1.08634,1.0855,1.0880200000000004,0.0008400000000001739,False,extreme,2023-05-16 23:55:00,1.08656,end_of_day,145,0.26190476190457307,0,0.0,0.26190476190457307,1.2142857142854877,0.6309523809524187
EURUSD,NY,2023-05-17,Wednesday,1,1.08677,1.08314,0.003630000000000022,long,2023-05-17 04:55:00,1.08206,2023-05-17 05:30:00,2023-05-17 05:35:00,1.08316,1.08206,1.0853599999999997,0.0010999999999998789,False,extreme,2023-05-17 08:30:00,1.08206,stop,36,-1.0,0,0.0,-1.0,0.9090909090911109,1.0363636363636768
EURUSD,NY,2023-05-17,Wednesday,2,1.08677,1.08314,0.003630000000000022,long,2023-05-17 07:55:00,1.08137,2023-05-17 09:00:00,2023-05-17 09:05:00,1.08317,1.08137,1.08677,0.0018000000000000238,False,extreme,2023-05-17 10:00:00,1.08137,stop,12,-1.0,0,0.0,-1.0,0.3944444444444328,1.144444444444402
EURUSD,NY,2023-05-17,Wednesday,3,1.08677,1.08314,0.003630000000000022,long,2023-05-17 09:25:00,1.08102,2023-05-17 11:40:00,2023-05-17 11:45:00,1.08337,1.08102,1.0880699999999996,0.002349999999999852,False,extreme,2023-05-17 23:55:00,1.08398,end_of_day,147,0.25957446808512247,0,0.0,0.25957446808512247,0.6595744680852169,0.2765957446808852
EURUSD,NY,2023-05-18,Thursday,1,1.08404,1.08092,0.0031199999999997896,long,2023-05-18 05:25:00,1.08075,2023-05-18 05:30:00,2023-05-18 05:35:00,1.08154,1.08075,1.0831199999999996,0.0007899999999998464,False,extreme,2023-05-18 06:30:00,1.08075,stop,12,-1.0,0,0.0,-1.0,0.5822784810129322,1.2405063291141412
EURUSD,NY,2023-05-18,Thursday,2,1.08404,1.08092,0.0031199999999997896,long,2023-05-18 06:25:00,1.08056,2023-05-18 06:45:00,2023-05-18 06:50:00,1.0814,1.08056,1.0830799999999998,0.0008399999999999519,False,extreme,2023-05-18 08:30:00,1.08056,stop,21,-1.0,0,0.0,-1.0,0.4642857142858748,2.523809523809549
EURUSD,NY,2023-05-19,Friday,1,1.0792,1.07606,0.0031399999999999206,short,2023-05-19 04:35:00,1.07945,2023-05-19 04:40:00,2023-05-19 04:45:00,1.07906,1.07945,1.0782799999999997,0.0003900000000001125,False,extreme,2023-05-19 05:05:00,1.07945,stop,5,-1.0,0,0.0,-1.0,1.025641025640617,1.0769230769229894
EURUSD,NY,2023-05-19,Friday,2,1.0792,1.07606,0.0031399999999999206,short,2023-05-19 05:00:00,1.07954,2023-05-19 05:10:00,2023-05-19 05:15:00,1.07901,1.07954,1.0779500000000002,0.0005299999999999194,False,extreme,2023-05-19 05:35:00,1.07954,stop,5,-1.0,0,0.0,-1.0,0.3396226415096158,2.6792452830192315
EURUSD,NY,2023-05-19,Friday,3,1.0792,1.07606,0.0031399999999999206,short,2023-05-19 05:30:00,1.08043,2023-05-19 06:30:00,2023-05-19 06:35:00,1.07923,1.08043,1.0768299999999997,0.0012000000000000899,False,extreme,2023-05-19 07:40:00,1.08043,stop,14,-1.0,0,0.0,-1.0,0.0666666666665433,1.0166666666665896
EURUSD,NY,2023-05-19,Friday,4,1.0792,1.07606,0.0031399999999999206,short,2023-05-19 06:35:00,1.08233,2023-05-19 09:45:00,2023-05-19 09:50:00,1.07903,1.08233,1.0724299999999998,0.0033000000000000806,False,extreme,2023-05-19 11:20:00,1.08233,stop,19,-1.0,0,0.0,-1.0,0.2454545454545326,1.0999999999999799
EURUSD,NY,2023-05-22,Monday,1,1.08242,1.07955,0.002869999999999928,short,2023-05-22 06:20:00,1.08296,2023-05-22 06:40:00,2023-05-22 06:45:00,1.08232,1.08296,1.08104,0.0006399999999999739,False,extreme,2023-05-22 08:35:00,1.08296,stop,23,-1.0,0,0.0,-1.0,1.6875000000000218,1.2812500000001192
EURUSD,NY,2023-05-22,Monday,2,1.08242,1.07955,0.002869999999999928,short,2023-05-22 08:20:00,1.08314,2023-05-22 08:40:00,2023-05-22 08:45:00,1.08212,1.08314,1.08008,0.0010200000000000209,False,extreme,2023-05-22 10:25:00,1.08008,target,21,2.0,0,0.0,2.0,2.0784313725488786,0.48039215686283476
EURUSD,NY,2023-05-23,Tuesday,1,1.0813,1.07849,0.002809999999999979,long,2023-05-23 05:35:00,1.07631,2023-05-23 10:00:00,2023-05-23 10:05:00,1.07855,1.07631,1.0830299999999995,0.0022399999999997977,False,extreme,2023-05-23 12:10:00,1.07631,stop,26,-1.0,0,0.0,-1.0,0.45089285714297705,1.1205357142857217
EURUSD,NY,2023-05-24,Wednesday,1,1.07894,1.07703,0.0019100000000000783,short,2023-05-24 04:05:00,1.0795,2023-05-24 04:10:00,2023-05-24 04:15:00,1.07883,1.0795,1.07749,0.0006699999999999484,False,extreme,2023-05-24 05:15:00,1.07749,target,13,2.0,0,0.0,2.0,2.0,0.0
EURUSD,NY,2023-05-24,Wednesday,2,1.07894,1.07703,0.0019100000000000783,long,2023-05-24 06:00:00,1.07482,2023-05-24 07:35:00,2023-05-24 07:40:00,1.0774,1.07482,1.0825599999999995,0.0025799999999998047,False,extreme,2023-05-24 17:00:00,1.07482,stop,113,-1.0,0,0.0,-1.0,1.0542635658915742,1.0775193798450446
EURUSD,NY,2023-05-25,Thursday,1,1.0744,1.07142,0.0029799999999999827,long,2023-05-25 09:35:00,1.07073,2023-05-25 09:45:00,2023-05-25 09:50:00,1.07149,1.07073,1.0730100000000002,0.0007600000000000939,False,extreme,2023-05-25 10:10:00,1.0730100000000002,target,5,2.0,0,0.0,2.0,2.0131578947366346,0.42105263157902423
EURUSD,NY,2023-05-25,Thursday,2,1.0744,1.07142,0.0029799999999999827,long,2023-05-25 12:45:00,1.07118,2023-05-25 12:50:00,2023-05-25 12:55:00,1.07143,1.07118,1.0719300000000003,0.0002500000000000835,False,extreme,2023-05-25 13:00:00,1.07118,stop,2,-1.0,0,0.0,-1.0,0.759999999999396,1.119999999999858
EURUSD,NY,2023-05-26,Friday,1,1.07444,1.07254,0.0019000000000000128,short,2023-05-26 06:45:00,1.07468,2023-05-26 06:55:00,2023-05-26 07:00:00,1.07442,1.07468,1.0738999999999996,0.000260000000000149,False,extreme,2023-05-26 07:10:00,1.07468,stop,3,-1.0,0,0.0,-1.0,1.307692307691585,1.1923076923071338
EURUSD,NY,2023-05-26,Friday,2,1.07444,1.07254,0.0019000000000000128,short,2023-05-26 07:10:00,1.07588,2023-05-26 08:30:00,2023-05-26 08:35:00,1.07408,1.07588,1.0704799999999999,0.0018000000000000238,False,extreme,2023-05-26 10:55:00,1.0704799999999999,target,29,2.0,0,0.0,2.0,2.1499999999998707,0.5444444444444266
EURUSD,NY,2023-05-26,Friday,3,1.07444,1.07254,0.0019000000000000128,long,2023-05-26 10:30:00,1.07018,2023-05-26 13:15:00,2023-05-26 13:20:00,1.07254,1.07018,1.0772600000000003,0.0023600000000001398,False,extreme,2023-05-26 16:55:00,1.07251,friday_close,44,-0.0127118644067681,0,0.0,-0.0127118644067681,0.313559322033864,0.1694915254237001
EURUSD,NY,2023-05-29,Monday,1,1.07435,1.07247,0.0018799999999998818,long,2023-05-29 04:00:00,1.07154,2023-05-29 04:25:00,2023-05-29 04:30:00,1.0727,1.07154,1.07502,0.0011600000000000499,False,extreme,2023-05-29 05:15:00,1.07154,stop,10,-1.0,0,0.0,-1.0,0.14655172413792775,1.1293103448274706
EURUSD,NY,2023-05-30,Tuesday,1,1.07088,1.06725,0.003630000000000022,short,2023-05-30 05:20:00,1.07466,2023-05-30 22:20:00,2023-05-30 22:25:00,1.07087,1.07466,1.06329,0.00378999999999996,False,extreme,2023-05-30 23:55:00,1.0698,end_of_day,19,0.2823218997361255,0,0.0,0.2823218997361255,0.3773087071240257,0.007915567282315253
EURUSD,NY,2023-05-31,Wednesday,1,1.07008,1.06701,0.003069999999999906,long,2023-05-31 04:05:00,1.06661,2023-05-31 04:20:00,2023-05-31 04:25:00,1.06704,1.06661,1.0678999999999998,0.00042999999999993044,False,extreme,2023-05-31 04:35:00,1.06661,stop,3,-1.0,0,0.0,-1.0,0.5348837209302085,1.2558139534885402
EURUSD,NY,2023-05-31,Wednesday,2,1.07008,1.06701,0.003069999999999906,long,2023-05-31 04:35:00,1.06587,2023-05-31 05:25:00,2023-05-31 05:30:00,1.06723,1.06587,1.0699499999999995,0.0013599999999998058,False,extreme,2023-05-31 09:40:00,1.0699499999999995,target,51,2.0,0,0.0,2.0,2.41911764705918,0.3455882352941453
EURUSD,NY,2023-05-31,Wednesday,3,1.07008,1.06701,0.003069999999999906,long,2023-05-31 10:05:00,1.06582,2023-05-31 10:30:00,2023-05-31 10:35:00,1.06704,1.06582,1.06948,0.0012199999999999989,False,extreme,2023-05-31 10:55:00,1.06582,stop,5,-1.0,0,0.0,-1.0,1.1967213114754247,1.0491803278688108
EURUSD,NY,2023-05-31,Wednesday,4,1.07008,1.06701,0.003069999999999906,long,2023-05-31 10:45:00,1.06352,2023-05-31 14:00:00,2023-05-31 14:05:00,1.06702,1.06352,1.0740200000000002,0.0035000000000000586,False,extreme,2023-05-31 23:55:00,1.06871,end_of_day,119,0.482857142857126,0,0.0,0.482857142857126,0.7714285714285369,0.08000000000001523
EURUSD,NY,2023-06-01,Thursday,1,1.06916,1.06618,0.0029800000000002047,short,2023-06-01 05:30:00,1.07152,2023-06-01 08:20:00,2023-06-01 08:25:00,1.06913,1.07152,1.0643499999999997,0.0023900000000001143,False,extreme,2023-06-01 09:30:00,1.07152,stop,14,-1.0,0,0.0,-1.0,0.0,1.326359832635969
EURUSD,NY,2023-06-02,Friday,1,1.0779,1.07602,0.0018800000000001038,long,2023-06-02 07:50:00,1.07577,2023-06-02 08:00:00,2023-06-02 08:05:00,1.07622,1.07577,1.07712,0.00045000000000006146,False,extreme,2023-06-02 08:20:00,1.07577,stop,4,-1.0,0,0.0,-1.0,0.6444444444446309,1.0888888888884722
EURUSD,NY,2023-06-02,Friday,2,1.0779,1.07602,0.0018800000000001038,long,2023-06-02 08:20:00,1.07573,2023-06-02 08:25:00,2023-06-02 08:30:00,1.07624,1.07573,1.07726,0.0005100000000000104,False,extreme,2023-06-02 08:30:00,1.07573,stop,1,-1.0,0,0.0,-1.0,0.1960784313725234,5.431372549019812
EURUSD,NY,2023-06-02,Friday,3,1.0779,1.07602,0.0018800000000001038,long,2023-06-02 08:30:00,1.07347,2023-06-02 08:35:00,2023-06-02 08:40:00,1.07612,1.07347,1.08142,0.002650000000000041,False,extreme,2023-06-02 10:20:00,1.07347,stop,21,-1.0,0,0.0,-1.0,0.369811320754704,1.3509433962263626
EURUSD,NY,2023-06-05,Monday,1,1.07038,1.06834,0.0020400000000000418,long,2023-06-05 08:30:00,1.06746,2023-06-05 09:25:00,2023-06-05 09:30:00,1.06851,1.06746,1.07061,0.0010499999999999954,False,extreme,2023-06-05 10:00:00,1.07061,target,7,2.0,0,0.0,2.0,2.7142857142857446,0.5142857142857022
EURUSD,NY,2023-06-06,Tuesday,1,1.07328,1.07074,0.0025399999999999867,long,2023-06-06 04:00:00,1.0703,2023-06-06 04:05:00,2023-06-06 04:10:00,1.07096,1.0703,1.0722799999999997,0.0006599999999998829,False,extreme,2023-06-06 04:15:00,1.0703,stop,2,-1.0,0,0.0,-1.0,0.3636363636364554,2.090909090909366
EURUSD,NY,2023-06-07,Wednesday,1,1.06956,1.06683,0.0027300000000001212,short,2023-06-07 05:20:00,1.06973,2023-06-07 05:25:00,2023-06-07 05:30:00,1.06944,1.06973,1.0688599999999997,0.0002900000000001235,False,extreme,2023-06-07 05:30:00,1.06973,stop,1,-1.0,0,0.0,-1.0,0.10344827586193696,1.1379310344828377
EURUSD,NY,2023-06-07,Wednesday,2,1.06956,1.06683,0.0027300000000001212,short,2023-06-07 05:55:00,1.07397,2023-06-07 12:50:00,2023-06-07 12:55:00,1.06951,1.07397,1.0605899999999997,0.0044600000000001305,False,extreme,2023-06-07 23:55:00,1.07084,end_of_day,132,-0.2982062780269091,0,0.0,-0.2982062780269091,0.09192825112107836,0.36995515695064596
EURUSD,NY,2023-06-09,Friday,1,1.0784,1.07676,0.0016400000000000858,long,2023-06-09 04:05:00,1.07566,2023-06-09 07:20:00,2023-06-09 07:25:00,1.07694,1.07566,1.0795,0.0012799999999999478,False,extreme,2023-06-09 10:35:00,1.07566,stop,39,-1.0,0,0.0,-1.0,1.1406250000000597,1.2187500000000542
EURUSD,NY,2023-06-12,Monday,1,1.07724,1.07391,0.003330000000000055,short,2023-06-12 04:00:00,1.07901,2023-06-12 06:45:00,2023-06-12 06:50:00,1.0768,1.07901,1.0723799999999999,0.0022100000000000453,False,extreme,2023-06-12 23:55:00,1.0779,end_of_day,206,-0.49773755656112145,0,0.0,-0.49773755656112145,1.1266968325791087,0.5429864253393961
EURUSD,NY,2023-06-13,Tuesday,1,1.08075,1.07762,0.003130000000000077,short,2023-06-13 05:10:00,1.08086,2023-06-13 05:15:00,2023-06-13 05:20:00,1.08058,1.08086,1.0800200000000004,0.00027999999999983594,False,extreme,2023-06-13 05:55:00,1.08086,stop,8,-1.0,0,0.0,-1.0,1.8571428571442166,1.4642857142858559
EURUSD,NY,2023-06-13,Tuesday,2,1.08075,1.07762,0.003130000000000077,short,2023-06-13 08:30:00,1.08236,2023-06-13 09:05:00,2023-06-13 09:10:00,1.08049,1.08236,1.0767499999999999,0.0018700000000000383,False,extreme,2023-06-13 23:55:00,1.079,end_of_day,178,0.7967914438502465,0,0.0,0.7967914438502465,1.4278074866309602,0.5508021390374681
EURUSD,NY,2023-06-14,Wednesday,1,1.07969,1.07741,0.0022800000000000598,short,2023-06-14 04:30:00,1.07978,2023-06-14 04:35:00,2023-06-14 04:40:00,1.07965,1.07978,1.07939,0.00012999999999996348,False,extreme,2023-06-14 04:40:00,1.07978,stop,1,-1.0,0,0.0,-1.0,0.5384615384618012,2.6153846153854037
EURUSD,NY,2023-06-15,Thursday,1,1.08289,1.08038,0.0025100000000000122,short,2023-06-15 04:10:00,1.08304,2023-06-15 04:15:00,2023-06-15 04:20:00,1.0828,1.08304,1.08232,0.00024000000000001798,False,extreme,2023-06-15 04:30:00,1.08304,stop,3,-1.0,0,0.0,-1.0,1.4166666666665895,1.0
EURUSD,NY,2023-06-15,Thursday,2,1.08289,1.08038,0.0025100000000000122,short,2023-06-15 04:30:00,1.08488,2023-06-15 07:30:00,2023-06-15 07:35:00,1.08281,1.08488,1.07867,0.0020700000000000163,False,extreme,2023-06-15 08:15:00,1.08488,stop,9,-1.0,0,0.0,-1.0,0.652173913043455,1.115942028985515
EURUSD,NY,2023-06-16,Friday,1,1.09624,1.0934,0.0028400000000001757,short,2023-06-16 07:50:00,1.09655,2023-06-16 07:55:00,2023-06-16 08:00:00,1.09608,1.09655,1.09514,0.00046999999999997044,False,extreme,2023-06-16 08:05:00,1.09655,stop,2,-1.0,0,0.0,-1.0,0.29787234042561234,1.4468085106384185
EURUSD,NY,2023-06-16,Friday,2,1.09624,1.0934,0.0028400000000001757,short,2023-06-16 08:05:00,1.09708,2023-06-16 08:30:00,2023-06-16 08:35:00,1.09618,1.09708,1.0943799999999997,0.0009000000000001229,False,extreme,2023-06-16 09:10:00,1.0943799999999997,target,8,2.0,0,0.0,2.0,2.155555555555073,0.06666666666684759
EURUSD,NY,2023-06-16,Friday,3,1.09624,1.0934,0.0028400000000001757,short,2023-06-16 10:00:00,1.09671,2023-06-16 10:05:00,2023-06-16 10:10:00,1.09485,1.09671,1.0911300000000002,0.0018599999999999728,False,extreme,2023-06-16 16:55:00,1.09421,friday_close,82,0.3440860215054867,0,0.0,0.3440860215054867,1.6290322580645873,0.1774193548386808
EURUSD,NY,2023-06-19,Monday,1,1.09414,1.09252,0.0016199999999999548,long,2023-06-19 05:30:00,1.09072,2023-06-19 07:50:00,2023-06-19 07:55:00,1.0926,1.09072,1.0963600000000002,0.0018800000000001038,False,extreme,2023-06-19 23:55:00,1.09198,end_of_day,193,-0.32978723404256954,0,0.0,-0.32978723404256954,0.1755319148935762,0.819148936170219
EURUSD,NY,2023-06-20,Tuesday,1,1.09462,1.09118,0.0034399999999998876,long,2023-06-20 09:00:00,1.09064,2023-06-20 09:25:00,2023-06-20 09:30:00,1.09137,1.09064,1.0928299999999997,0.0007299999999998974,False,extreme,2023-06-20 10:20:00,1.09064,stop,11,-1.0,0,0.0,-1.0,1.4931506849317653,1.2876712328768123
EURUSD,NY,2023-06-20,Tuesday,2,1.09462,1.09118,0.0034399999999998876,long,2023-06-20 10:15:00,1.08922,2023-06-20 12:40:00,2023-06-20 12:45:00,1.09128,1.08922,1.0954,0.0020599999999999508,False,extreme,2023-06-20 23:55:00,1.09151,end_of_day,135,0.1116504854368728,0,0.0,0.1116504854368728,0.4660194174757742,0.15048543689322325
EURUSD,NY,2023-06-21,Wednesday,1,1.09198,1.09058,0.0013999999999998458,short,2023-06-21 04:05:00,1.09338,2023-06-21 05:10:00,2023-06-21 05:15:00,1.09186,1.09338,1.0888200000000001,0.0015199999999999658,False,extreme,2023-06-21 10:15:00,1.09338,stop,61,-1.0,0,0.0,-1.0,0.6842105263159048,1.0592105263157405
EURUSD,NY,2023-06-22,Thursday,1,1.09998,1.098,0.0019799999999998708,short,2023-06-22 04:15:00,1.10037,2023-06-22 04:20:00,2023-06-22 04:25:00,1.09957,1.10037,1.0979699999999997,0.0008000000000001339,False,extreme,2023-06-22 05:40:00,1.10037,stop,16,-1.0,0,0.0,-1.0,1.049999999999764,1.037499999999962
EURUSD,NY,2023-06-22,Thursday,2,1.09998,1.098,0.0019799999999998708,short,2023-06-22 05:35:00,1.1004,2023-06-22 05:45:00,2023-06-22 05:50:00,1.09998,1.1004,1.0991399999999998,0.00042000000000008697,False,extreme,2023-06-22 06:00:00,1.1004,stop,3,-1.0,0,0.0,-1.0,0.19047619047581285,1.4285714285709754
EURUSD,NY,2023-06-22,Thursday,3,1.09998,1.098,0.0019799999999998708,short,2023-06-22 05:55:00,1.10123,2023-06-22 07:30:00,2023-06-22 07:35:00,1.0995,1.10123,1.09604,0.0017300000000000093,False,extreme,2023-06-22 10:55:00,1.09604,target,41,2.0,0,0.0,2.0,2.115606936416172,0.3872832369943161
EURUSD,NY,2023-06-23,Friday,1,1.0937,1.08535,0.008349999999999858,long,2023-06-23 04:55:00,1.08446,2023-06-23 05:40:00,2023-06-23 05:45:00,1.08538,1.08446,1.08722,0.0009200000000000319,False,extreme,2023-06-23 06:50:00,1.08722,target,14,2.0,0,0.0,2.0,2.0108695652172206,0.2173913043477946
EURUSD,NY,2023-06-26,Monday,1,1.09111,1.08956,0.0015499999999999403,long,2023-06-26 04:00:00,1.08876,2023-06-26 05:15:00,2023-06-26 05:20:00,1.08962,1.08876,1.0913400000000002,0.0008600000000000829,False,extreme,2023-06-26 07:40:00,1.0913400000000002,target,29,2.0,0,0.0,2.0,2.1511627906973594,0.44186046511629107
EURUSD,NY,2023-06-26,Monday,2,1.09111,1.08956,0.0015499999999999403,short,2023-06-26 07:40:00,1.09202,2023-06-26 10:10:00,2023-06-26 10:15:00,1.09096,1.09202,1.0888399999999998,0.001060000000000061,False,extreme,2023-06-26 21:45:00,1.09202,stop,139,-1.0,0,0.0,-1.0,0.9056603773582969,2.4056603773584015
EURUSD,NY,2023-06-27,Tuesday,1,1.09415,1.09163,0.0025199999999998557,short,2023-06-27 04:00:00,1.09438,2023-06-27 04:05:00,2023-06-27 04:10:00,1.09398,1.09438,1.09318,0.00039999999999995595,False,extreme,2023-06-27 05:10:00,1.09318,target,13,2.0,0,0.0,2.0,2.600000000000111,0.350000000000111
EURUSD,NY,2023-06-27,Tuesday,2,1.09415,1.09163,0.0025199999999998557,short,2023-06-27 05:50:00,1.09448,2023-06-27 05:55:00,2023-06-27 06:00:00,1.0941,1.09448,1.0933400000000004,0.0003799999999998249,False,extreme,2023-06-27 06:00:00,1.09448,stop,1,-1.0,0,0.0,-1.0,0.05263157894773747,1.0526315789477374
EURUSD,NY,2023-06-27,Tuesday,3,1.09415,1.09163,0.0025199999999998557,short,2023-06-27 06:00:00,1.09456,2023-06-27 06:20:00,2023-06-27 06:25:00,1.094,1.09456,1.0928800000000003,0.0005599999999998939,False,extreme,2023-06-27 06:40:00,1.09456,stop,4,-1.0,0,0.0,-1.0,0.08928571428591962,1.214285714285969
EURUSD,NY,2023-06-28,Wednesday,1,1.0957,1.0936,0.0020999999999999908,short,2023-06-28 04:40:00,1.09606,2023-06-28 04:45:00,2023-06-28 04:50:00,1.09559,1.09606,1.0946500000000001,0.00046999999999997044,False,extreme,2023-06-28 05:00:00,1.0946500000000001,target,3,2.0,0,0.0,2.0,2.4468085106384185,0.29787234042561234
EURUSD,NY,2023-06-28,Wednesday,2,1.0957,1.0936,0.0020999999999999908,short,2023-06-28 06:15:00,1.09623,2023-06-28 06:35:00,2023-06-28 06:40:00,1.09562,1.09623,1.0944,0.0006099999999999994,False,extreme,2023-06-28 07:50:00,1.0944,target,15,2.0,0,0.0,2.0,2.573770491803398,0.5573770491803398
EURUSD,NY,2023-06-28,Wednesday,3,1.0957,1.0936,0.0020999999999999908,long,2023-06-28 08:10:00,1.09237,2023-06-28 09:30:00,2023-06-28 09:35:00,1.09387,1.09237,1.0968699999999996,0.0014999999999998348,False,extreme,2023-06-28 10:10:00,1.09237,stop,8,-1.0,0,0.0,-1.0,0.37333333333345176,1.5800000000001628
EURUSD,NY,2023-06-29,Thursday,1,1.09206,1.08808,0.003980000000000095,short,2023-06-29 04:05:00,1.09218,2023-06-29 04:10:00,2023-06-29 04:15:00,1.09174,1.09218,1.09086,0.00043999999999999595,False,extreme,2023-06-29 06:15:00,1.09218,stop,25,-1.0,0,0.0,-1.0,1.5454545454545914,2.0
EURUSD,NY,2023-06-29,Thursday,2,1.09206,1.08808,0.003980000000000095,short,2023-06-29 06:10:00,1.09413,2023-06-29 08:30:00,2023-06-29 08:35:00,1.09055,1.09413,1.0833899999999996,0.0035800000000001386,False,extreme,2023-06-29 23:55:00,1.08713,end_of_day,185,0.9553072625697895,0,0.0,0.9553072625697895,1.2653631284915496,0.1173184357542097
EURUSD,NY,2023-06-30,Friday,1,1.08756,1.08535,0.0022100000000000453,long,2023-06-30 04:00:00,1.08354,2023-06-30 07:35:00,2023-06-30 07:40:00,1.08537,1.08354,1.08903,0.0018299999999999983,False,extreme,2023-06-30 08:40:00,1.08903,target,13,2.0,0,0.0,2.0,2.2076502732240697,0.07103825136610033
EURUSD,NY,2023-07-03,Monday,1,1.09183,1.08703,0.0048000000000001375,short,2023-07-03 10:00:00,1.09337,2023-07-03 10:10:00,2023-07-03 10:15:00,1.09176,1.09337,1.0885400000000003,0.0016099999999998893,False,extreme,2023-07-03 23:55:00,1.09044,end_of_day,165,0.8198757763975644,0,0.0,0.8198757763975644,0.9689440993789522,0.33540372670808827
EURUSD,NY,2023-07-04,Tuesday,1,1.09148,1.0894,0.002080000000000082,long,2023-07-04 07:10:00,1.08897,2023-07-04 07:25:00,2023-07-04 07:30:00,1.08958,1.08897,1.0908,0.0006099999999999994,False,extreme,2023-07-04 14:55:00,1.08897,stop,90,-1.0,0,0.0,-1.0,1.9016393442623787,1.4754098360654126
EURUSD,NY,2023-07-06,Thursday,1,1.08753,1.08338,0.004150000000000098,short,2023-07-06 06:20:00,1.09006,2023-07-06 08:15:00,2023-07-06 08:20:00,1.0869,1.09006,1.0805799999999999,0.0031600000000000517,False,extreme,2023-07-06 23:55:00,1.08878,end_of_day,188,-0.5949367088607826,0,0.0,-0.5949367088607826,1.1265822784809967,0.8196202531645728
EURUSD,NY,2023-07-07,Friday,1,1.09004,1.08717,0.002869999999999928,long,2023-07-07 04:00:00,1.08671,2023-07-07 04:15:00,2023-07-07 04:20:00,1.08726,1.08671,1.0883599999999996,0.0005499999999998284,False,extreme,2023-07-07 05:10:00,1.0883599999999996,target,11,2.0,0,0.0,2.0,2.272727272728337,0.0
EURUSD,NY,2023-07-10,Monday,1,1.09656,1.09452,0.0020400000000000418,short,2023-07-10 05:00:00,1.09733,2023-07-10 05:50:00,2023-07-10 05:55:00,1.09632,1.09733,1.0943,0.0010099999999999554,False,extreme,2023-07-10 10:00:00,1.09733,stop,50,-1.0,0,0.0,-1.0,1.9405940594059885,1.2970297029704974
EURUSD,NY,2023-07-11,Tuesday,1,1.10271,1.1006,0.0021100000000000563,long,2023-07-11 04:50:00,1.09971,2023-07-11 05:45:00,2023-07-11 05:50:00,1.10076,1.09971,1.10286,0.0010499999999999954,False,extreme,2023-07-11 07:35:00,1.09971,stop,22,-1.0,0,0.0,-1.0,0.4857142857142978,1.3809523809523407
EURUSD,NY,2023-07-11,Tuesday,2,1.10271,1.1006,0.0021100000000000563,long,2023-07-11 07:00:00,1.09769,2023-07-11 13:20:00,2023-07-11 13:25:00,1.10062,1.09769,1.1064799999999997,0.002929999999999877,False,extreme,2023-07-11 23:55:00,1.10298,end_of_day,127,0.8054607508533238,0,0.0,0.8054607508533238,0.9317406143345515,0.2969283276450385
EURUSD,NY,2023-07-12,Wednesday,1,1.10369,1.10205,0.0016400000000000858,long,2023-07-12 05:00:00,1.10183,2023-07-12 05:10:00,2023-07-12 05:15:00,1.10228,1.10183,1.1031799999999996,0.0004499999999998394,False,extreme,2023-07-12 07:05:00,1.10183,stop,23,-1.0,0,0.0,-1.0,1.133333333333761,1.2444444444446527
EURUSD,NY,2023-07-12,Wednesday,2,1.10369,1.10205,0.0016400000000000858,long,2023-07-12 07:05:00,1.1017,2023-07-12 07:20:00,2023-07-12 07:25:00,1.10211,1.1017,1.10293,0.00041000000000002146,False,extreme,2023-07-12 07:30:00,1.1017,stop,2,-1.0,0,0.0,-1.0,0.024390243902597534,1.097560975609307
EURUSD,NY,2023-07-12,Wednesday,3,1.10369,1.10205,0.0016400000000000858,long,2023-07-12 07:25:00,1.10166,2023-07-12 07:35:00,2023-07-12 07:40:00,1.10217,1.10166,1.1031900000000001,0.0005100000000000104,False,extreme,2023-07-12 07:55:00,1.10166,stop,4,-1.0,0,0.0,-1.0,0.6078431372545178,1.5490196078432397
EURUSD,NY,2023-07-12,Wednesday,4,1.10369,1.10205,0.0016400000000000858,long,2023-07-12 07:50:00,1.10138,2023-07-12 08:05:00,2023-07-12 08:10:00,1.10222,1.10138,1.1038999999999999,0.0008399999999999519,False,extreme,2023-07-12 08:30:00,1.1038999999999999,target,5,2.0,0,0.0,2.0,5.333333333333686,0.4166666666667768
EURUSD,NY,2023-07-13,Thursday,1,1.11577,1.11298,0.002789999999999848,short,2023-07-13 04:00:00,1.11582,2023-07-13 04:05:00,2023-07-13 04:10:00,1.11527,1.11582,1.1141699999999999,0.0005500000000000504,False,extreme,2023-07-13 04:25:00,1.11582,stop,4,-1.0,0,0.0,-1.0,0.436363636363629,2.2181818181816126
EURUSD,NY,2023-07-13,Thursday,2,1.11577,1.11298,0.002789999999999848,short,2023-07-13 04:25:00,1.117,2023-07-13 05:00:00,2023-07-13 05:05:00,1.11575,1.117,1.11325,0.0012499999999999734,False,extreme,2023-07-13 05:40:00,1.117,stop,8,-1.0,0,0.0,-1.0,0.20000000000007107,1.3439999999999517
EURUSD,NY,2023-07-14,Friday,1,1.12411,1.12042,0.003689999999999971,short,2023-07-14 05:10:00,1.12448,2023-07-14 05:20:00,2023-07-14 05:25:00,1.12393,1.12448,1.1228300000000004,0.0005499999999998284,False,extreme,2023-07-14 05:50:00,1.1228300000000004,target,6,2.0,0,0.0,2.0,2.1090909090916576,0.21818181818170074
EURUSD,NY,2023-07-14,Friday,2,1.12411,1.12042,0.003689999999999971,short,2023-07-14 10:55:00,1.12444,2023-07-14 11:00:00,2023-07-14 11:05:00,1.12386,1.12444,1.1227,0.0005800000000000249,False,extreme,2023-07-14 11:10:00,1.12444,stop,2,-1.0,0,0.0,-1.0,0.37931034482775783,1.0
EURUSD,NY,2023-07-14,Friday,3,1.12411,1.12042,0.003689999999999971,short,2023-07-14 12:50:00,1.12431,2023-07-14 12:55:00,2023-07-14 13:00:00,1.12394,1.12431,1.1232,0.00036999999999998145,False,extreme,2023-07-14 13:05:00,1.1232,target,2,2.0,0,0.0,2.0,2.64864864864873,0.02702702702720544
EURUSD,NY,2023-07-17,Monday,1,1.12451,1.12222,0.0022899999999999032,short,2023-07-17 04:35:00,1.12489,2023-07-17 04:45:00,2023-07-17 04:50:00,1.12442,1.12489,1.12348,0.00046999999999997044,False,extreme,2023-07-17 05:45:00,1.12348,target,12,2.0,0,0.0,2.0,2.0212765957448218,0.34042553191478303
EURUSD,NY,2023-07-17,Monday,2,1.12451,1.12222,0.0022899999999999032,long,2023-07-17 08:45:00,1.12207,2023-07-17 08:50:00,2023-07-17 08:55:00,1.12258,1.12207,1.1236,0.0005100000000000104,False,extreme,2023-07-17 09:25:00,1.12207,stop,7,-1.0,0,0.0,-1.0,1.9803921568630525,1.0980392156860441
EURUSD,NY,2023-07-17,Monday,3,1.12451,1.12222,0.0022899999999999032,long,2023-07-17 09:25:00,1.12033,2023-07-17 10:00:00,2023-07-17 10:05:00,1.12254,1.12033,1.1269600000000002,0.0022100000000000453,False,extreme,2023-07-17 23:55:00,1.1254,end_of_day,167,1.2941176470587348,0,0.0,1.2941176470587348,1.380090497737527,0.34841628959282517
EURUSD,NY,2023-07-18,Tuesday,1,1.12757,1.12405,0.0035199999999999676,long,2023-07-18 04:30:00,1.1228,2023-07-18 05:00:00,2023-07-18 05:05:00,1.12427,1.1228,1.1272100000000003,0.0014700000000000824,False,extreme,2023-07-18 08:30:00,1.1228,stop,42,-1.0,0,0.0,-1.0,1.836734693877397,1.0340136054422469
EURUSD,NY,2023-07-18,Tuesday,2,1.12757,1.12405,0.0035199999999999676,long,2023-07-18 08:30:00,1.12168,2023-07-18 11:05:00,2023-07-18 11:10:00,1.1242,1.12168,1.1292400000000002,0.0025200000000000777,False,extreme,2023-07-18 12:40:00,1.12168,stop,19,-1.0,0,0.0,-1.0,0.1428571428571051,1.00396825396828
EURUSD,NY,2023-07-19,Wednesday,1,1.12372,1.1196,0.0041200000000001236,short,2023-07-19 05:15:00,1.12401,2023-07-19 05:35:00,2023-07-19 05:40:00,1.12357,1.12401,1.12269,0.00043999999999999595,False,extreme,2023-07-19 06:00:00,1.12269,target,5,2.0,0,0.0,2.0,2.386363636363648,0.7727272727272957
EURUSD,NY,2023-07-19,Wednesday,2,1.12372,1.1196,0.0041200000000001236,long,2023-07-19 10:10:00,1.11744,2023-07-19 11:10:00,2023-07-19 11:15:00,1.11964,1.11744,1.12404,0.0021999999999999797,False,extreme,2023-07-19 23:55:00,1.12259,end_of_day,153,1.340909090909107,0,0.0,1.340909090909107,1.4909090909090816,0.7363636363636226
EURUSD,NY,2023-07-21,Friday,1,1.11449,1.11249,0.0020000000000000018,long,2023-07-21 04:15:00,1.11214,2023-07-21 04:20:00,2023-07-21 04:25:00,1.11292,1.11214,1.11448,0.0007800000000000029,False,extreme,2023-07-21 06:25:00,1.11214,stop,25,-1.0,0,0.0,-1.0,1.0769230769232958,1.1410256410254256
EURUSD,NY,2023-07-21,Friday,2,1.11449,1.11249,0.0020000000000000018,long,2023-07-21 06:20:00,1.11203,2023-07-21 06:30:00,2023-07-21 06:35:00,1.11255,1.11203,1.1135899999999996,0.0005199999999998539,False,extreme,2023-07-21 07:55:00,1.11203,stop,17,-1.0,0,0.0,-1.0,1.1346153846158773,1.5769230769231755
EURUSD,NY,2023-07-21,Friday,3,1.11449,1.11249,0.0020000000000000018,long,2023-07-21 07:55:00,1.11173,2023-07-21 08:20:00,2023-07-21 08:25:00,1.11251,1.11173,1.1140700000000001,0.0007800000000000029,False,extreme,2023-07-21 09:45:00,1.11173,stop,17,-1.0,0,0.0,-1.0,1.666666666666477,1.7435897435897727
EURUSD,NY,2023-07-21,Friday,4,1.11449,1.11249,0.0020000000000000018,long,2023-07-21 09:45:00,1.11078,2023-07-21 13:10:00,2023-07-21 13:15:00,1.11259,1.11078,1.1162099999999997,0.0018099999999998673,False,extreme,2023-07-21 16:55:00,1.11254,friday_close,45,-0.02762430939220284,0,0.0,-0.02762430939220284,0.2320441988950927,0.37016574585635226
EURUSD,NY,2023-07-24,Monday,1,1.11469,1.10747,0.007220000000000004,long,2023-07-24 04:35:00,1.10656,2023-07-24 04:45:00,2023-07-24 04:50:00,1.10769,1.10656,1.1099500000000002,0.0011300000000000754,False,extreme,2023-07-24 07:15:00,1.1099500000000002,target,30,2.0,0,0.0,2.0,2.238938053097126,0.6814159292036355
EURUSD,NY,2023-07-24,Monday,2,1.11469,1.10747,0.007220000000000004,long,2023-07-24 10:20:00,1.10692,2023-07-24 10:30:00,2023-07-24 10:35:00,1.10751,1.10692,1.1086900000000002,0.0005900000000000905,False,extreme,2023-07-24 10:40:00,1.1086900000000002,target,2,2.0,0,0.0,2.0,2.1355932203387216,0.05084745762706761
EURUSD,NY,2023-07-24,Monday,3,1.11469,1.10747,0.007220000000000004,long,2023-07-24 11:05:00,1.10731,2023-07-24 11:10:00,2023-07-24 11:15:00,1.10755,1.10731,1.10803,0.00024000000000001798,False,extreme,2023-07-24 11:20:00,1.10731,stop,2,-1.0,0,0.0,-1.0,1.458333333333526,1.5000000000004625
EURUSD,NY,2023-07-24,Monday,4,1.11469,1.10747,0.007220000000000004,long,2023-07-24 11:20:00,1.10711,2023-07-24 11:30:00,2023-07-24 11:35:00,1.10791,1.10711,1.1095099999999998,0.0007999999999999119,False,extreme,2023-07-24 13:30:00,1.10711,stop,24,-1.0,0,0.0,-1.0,0.6875000000001388,1.2625000000000832
EURUSD,NY,2023-07-24,Monday,5,1.11469,1.10747,0.007220000000000004,long,2023-07-24 13:30:00,1.10687,2023-07-24 13:55:00,2023-07-24 14:00:00,1.10749,1.10687,1.1087300000000002,0.0006200000000000649,False,extreme,2023-07-24 14:45:00,1.10687,stop,10,-1.0,0,0.0,-1.0,0.032258064515978846,1.2419354838710948
EURUSD,NY,2023-07-24,Monday,6,1.11469,1.10747,0.007220000000000004,long,2023-07-24 14:00:00,1.10599,2023-07-24 21:10:00,2023-07-24 21:15:00,1.10754,1.10599,1.1106399999999998,0.0015499999999999403,False,extreme,2023-07-24 23:55:00,1.10785,end_of_day,33,0.20000000000002865,0,0.0,0.20000000000002865,0.39354838709678897,0.4000000000000573
EURUSD,NY,2023-07-26,Wednesday,1,1.10749,1.10463,0.0028600000000000847,short,2023-07-26 04:50:00,1.10774,2023-07-26 05:05:00,2023-07-26 05:10:00,1.10737,1.10774,1.10663,0.00036999999999998145,False,extreme,2023-07-26 05:25:00,1.10774,stop,4,-1.0,0,0.0,-1.0,0.6216216216215243,1.1081081081082216
EURUSD,NY,2023-07-26,Wednesday,2,1.10749,1.10463,0.0028600000000000847,short,2023-07-26 05:25:00,1.10778,2023-07-26 05:30:00,2023-07-26 05:35:00,1.10734,1.10778,1.10646,0.00043999999999999595,False,extreme,2023-07-26 06:25:00,1.10778,stop,11,-1.0,0,0.0,-1.0,1.0681818181817608,1.4090909090910697
EURUSD,NY,2023-07-26,Wednesday,3,1.10749,1.10463,0.0028600000000000847,short,2023-07-26 06:25:00,1.10863,2023-07-26 07:20:00,2023-07-26 07:25:00,1.10724,1.10863,1.10446,0.0013900000000000023,False,extreme,2023-07-26 14:35:00,1.10863,stop,87,-1.0,0,0.0,-1.0,1.158273381295042,1.388489208633082
EURUSD,NY,2023-07-27,Thursday,1,1.11341,1.1088,0.004610000000000003,short,2023-07-27 04:30:00,1.11356,2023-07-27 04:35:00,2023-07-27 04:40:00,1.11331,1.11356,1.1128099999999999,0.0002500000000000835,False,extreme,2023-07-27 04:40:00,1.11356,stop,1,-1.0,0,0.0,-1.0,0.6799999999997869,1.8399999999990053
EURUSD,NY,2023-07-27,Thursday,2,1.11341,1.1088,0.004610000000000003,short,2023-07-27 04:40:00,1.11441,2023-07-27 05:20:00,2023-07-27 05:25:00,1.11333,1.11441,1.11117,0.0010799999999999699,False,extreme,2023-07-27 06:00:00,1.11441,stop,8,-1.0,0,0.0,-1.0,0.592592592592585,1.1018518518519052
EURUSD,NY,2023-07-27,Thursday,3,1.11341,1.1088,0.004610000000000003,short,2023-07-27 05:55:00,1.11498,2023-07-27 07:00:00,2023-07-27 07:05:00,1.11324,1.11498,1.1097599999999999,0.0017400000000000748,False,extreme,2023-07-27 08:25:00,1.1097599999999999,target,17,2.0,0,0.0,2.0,2.2701149425285796,0.5057471264367552
EURUSD,NY,2023-07-31,Monday,1,1.10289,1.10052,0.0023699999999999832,short,2023-07-31 04:55:00,1.1036,2023-07-31 05:00:00,2023-07-31 05:05:00,1.10279,1.1036,1.10117,0.0008099999999999774,False,extreme,2023-07-31 05:40:00,1.1036,stop,8,-1.0,0,0.0,-1.0,0.271604938271473,1.185185185185307
EURUSD,NY,2023-07-31,Monday,2,1.10289,1.10052,0.0023699999999999832,short,2023-07-31 05:35:00,1.10402,2023-07-31 07:40:00,2023-07-31 07:45:00,1.10246,1.10402,1.09934,0.0015600000000000058,False,extreme,2023-07-31 09:45:00,1.10402,stop,25,-1.0,0,0.0,-1.0,0.634615384615412,1.3397435897435368
EURUSD,NY,2023-07-31,Monday,3,1.10289,1.10052,0.0023699999999999832,short,2023-07-31 09:30:00,1.10458,2023-07-31 10:50:00,2023-07-31 10:55:00,1.10257,1.10458,1.0985500000000004,0.0020099999999998452,False,extreme,2023-07-31 21:45:00,1.0985500000000004,target,131,2.0,0,0.0,2.0,2.074626865671805,0.20398009950251395
EURUSD,NY,2023-08-01,Tuesday,1,1.10003,1.09703,0.0030000000000001137,long,2023-08-01 05:10:00,1.09658,2023-08-01 05:25:00,2023-08-01 05:30:00,1.09717,1.09658,1.0983499999999997,0.0005899999999998684,False,extreme,2023-08-01 06:55:00,1.0983499999999997,target,18,2.0,0,0.0,2.0,2.1694915254241245,0.38983050847458267
EURUSD,NY,2023-08-01,Tuesday,2,1.10003,1.09703,0.0030000000000001137,long,2023-08-01 08:05:00,1.09524,2023-08-01 09:10:00,2023-08-01 09:15:00,1.09715,1.09524,1.1009700000000002,0.0019100000000000783,False,extreme,2023-08-01 17:50:00,1.1009700000000002,target,104,2.0,0,0.0,2.0,2.1884816753925023,0.5602094240838128
EURUSD,NY,2023-08-01,Tuesday,3,1.10003,1.09703,0.0030000000000001137,short,2023-08-01 17:50:00,1.10191,2023-08-01 18:30:00,2023-08-01 18:35:00,1.09991,1.10191,1.09591,0.0020000000000000018,False,extreme,2023-08-01 23:55:00,1.0987,end_of_day,65,0.6049999999999661,0,0.0,0.6049999999999661,0.93999999999994,0.8799999999999911
EURUSD,NY,2023-08-02,Wednesday,1,1.10005,1.09815,0.0019000000000000128,long,2023-08-02 04:05:00,1.0976,2023-08-02 04:10:00,2023-08-02 04:15:00,1.09834,1.0976,1.0998200000000005,0.000740000000000185,False,extreme,2023-08-02 06:00:00,1.0976,stop,22,-1.0,0,0.0,-1.0,0.9729729729725026,1.0270270270268973
EURUSD,NY,2023-08-02,Wednesday,2,1.10005,1.09815,0.0019000000000000128,long,2023-08-02 05:20:00,1.09684,2023-08-02 08:00:00,2023-08-02 08:05:00,1.09855,1.09684,1.1019699999999997,0.0017099999999998783,False,extreme,2023-08-02 08:15:00,1.09684,stop,3,-1.0,0,0.0,-1.0,0.10526315789478469,1.0935672514619588
EURUSD,NY,2023-08-03,Thursday,1,1.09432,1.09138,0.0029399999999999427,short,2023-08-03 07:35:00,1.09488,2023-08-03 07:50:00,2023-08-03 07:55:00,1.09416,1.09488,1.09272,0.0007200000000000539,False,extreme,2023-08-03 08:25:00,1.09272,target,7,2.0,0,0.0,2.0,2.2361111111110983,0.22222222222211943
EURUSD,NY,2023-08-03,Thursday,2,1.09432,1.09138,0.0029399999999999427,short,2023-08-03 08:40:00,1.09562,2023-08-03 08:55:00,2023-08-03 09:00:00,1.09376,1.09562,1.0900400000000001,0.0018599999999999728,False,extreme,2023-08-03 12:35:00,1.09562,stop,44,-1.0,0,0.0,-1.0,1.1827956989247377,1.1505376344086355
EURUSD,NY,2023-08-03,Thursday,3,1.09432,1.09138,0.0029399999999999427,short,2023-08-03 11:10:00,1.09629,2023-08-03 15:00:00,2023-08-03 15:05:00,1.09421,1.09629,1.0900499999999997,0.002080000000000082,False,extreme,2023-08-03 23:55:00,1.09542,end_of_day,107,-0.5817307692308211,0,0.0,-0.5817307692308211,0.1778846153845995,0.9326923076922964
EURUSD,NY,2023-08-04,Friday,1,1.09584,1.09442,0.0014199999999999768,long,2023-08-04 04:30:00,1.09352,2023-08-04 05:55:00,2023-08-04 06:00:00,1.09448,1.09352,1.0963999999999996,0.0009599999999998499,False,extreme,2023-08-04 08:00:00,1.09352,stop,25,-1.0,0,0.0,-1.0,0.41666666666691726,1.0208333333334731
EURUSD,NY,2023-08-04,Friday,2,1.09584,1.09442,0.0014199999999999768,long,2023-08-04 06:50:00,1.0935,2023-08-04 08:05:00,2023-08-04 08:10:00,1.09454,1.0935,1.0966200000000004,0.001040000000000152,False,extreme,2023-08-04 08:30:00,1.0966200000000004,target,5,2.0,0,0.0,2.0,3.173076923076324,0.8365384615384821
EURUSD,NY,2023-08-07,Monday,1,1.09974,1.09709,0.002650000000000041,long,2023-08-07 05:45:00,1.09654,2023-08-07 06:25:00,2023-08-07 06:30:00,1.0971,1.09654,1.0982199999999998,0.0005599999999998939,False,extreme,2023-08-07 07:25:00,1.0982199999999998,target,12,2.0,0,0.0,2.0,2.3928571428578085,0.2857142857142291
EURUSD,NY,2023-08-07,Monday,2,1.09974,1.09709,0.002650000000000041,short,2023-08-07 09:05:00,1.10117,2023-08-07 09:50:00,2023-08-07 09:55:00,1.09963,1.10117,1.0965500000000004,0.0015399999999998748,False,extreme,2023-08-07 23:55:00,1.09818,end_of_day,169,0.9415584415586307,0,0.0,0.9415584415586307,1.266233766233946,0.8961038961039279
EURUSD,NY,2023-08-09,Wednesday,1,1.09848,1.09633,0.0021499999999998742,short,2023-08-09 04:00:00,1.09888,2023-08-09 04:10:00,2023-08-09 04:15:00,1.09846,1.09888,1.0976199999999998,0.00042000000000008697,False,extreme,2023-08-09 04:30:00,1.0976199999999998,target,4,2.0,0,0.0,2.0,2.4285714285709754,0.0
EURUSD,NY,2023-08-09,Wednesday,2,1.09848,1.09633,0.0021499999999998742,short,2023-08-09 04:50:00,1.09864,2023-08-09 04:55:00,2023-08-09 05:00:00,1.09838,1.09864,1.0978599999999996,0.000260000000000149,False,extreme,2023-08-09 05:05:00,1.09864,stop,2,-1.0,0,0.0,-1.0,1.1923076923062799,1.0769230769226827
EURUSD,NY,2023-08-09,Wednesday,3,1.09848,1.09633,0.0021499999999998742,short,2023-08-09 05:05:00,1.09866,2023-08-09 05:10:00,2023-08-09 05:15:00,1.09836,1.09866,1.09776,0.00029999999999996696,False,extreme,2023-08-09 05:25:00,1.09866,stop,3,-1.0,0,0.0,-1.0,0.6000000000002961,1.199999999999852
EURUSD,NY,2023-08-09,Wednesday,4,1.09848,1.09633,0.0021499999999998742,long,2023-08-09 08:15:00,1.09622,2023-08-09 08:20:00,2023-08-09 08:25:00,1.09658,1.09622,1.0973000000000004,0.000360000000000138,False,extreme,2023-08-09 08:30:00,1.0973000000000004,target,2,2.0,0,0.0,2.0,2.611111111109946,0.0
EURUSD,NY,2023-08-09,Wednesday,5,1.09848,1.09633,0.0021499999999998742,short,2023-08-09 09:05:00,1.09874,2023-08-09 09:10:00,2023-08-09 09:15:00,1.0984,1.09874,1.09772,0.00034000000000000696,False,extreme,2023-08-09 09:30:00,1.09874,stop,4,-1.0,0,0.0,-1.0,1.0294117647060745,1.1764705882351405
EURUSD,NY,2023-08-09,Wednesday,6,1.09848,1.09633,0.0021499999999998742,short,2023-08-09 10:00:00,1.09954,2023-08-09 10:20:00,2023-08-09 10:25:00,1.09834,1.09954,1.0959400000000004,0.0011999999999998678,False,extreme,2023-08-09 23:55:00,1.09793,end_of_day,163,0.3416666666667222,0,0.0,0.3416666666667222,1.3333333333335184,0.6916666666666481
EURUSD,NY,2023-08-10,Thursday,1,1.10186,1.09786,0.0040000000000000036,short,2023-08-10 04:20:00,1.10266,2023-08-10 04:45:00,2023-08-10 04:50:00,1.10177,1.10266,1.0999899999999998,0.0008900000000000574,False,extreme,2023-08-10 06:35:00,1.10266,stop,22,-1.0,0,0.0,-1.0,0.1797752808987951,1.0337078651685085
EURUSD,NY,2023-08-10,Thursday,2,1.10186,1.09786,0.0040000000000000036,short,2023-08-10 05:45:00,1.10296,2023-08-10 07:55:00,2023-08-10 08:00:00,1.10167,1.10296,1.09909,0.0012900000000000134,False,extreme,2023-08-10 08:30:00,1.10299,stop_gap,7,-1.0232558139534684,0,0.0,-1.0232558139534684,0.031007751937843057,0.7984496124031595
EURUSD,NY,2023-08-10,Thursday,3,1.10186,1.09786,0.0040000000000000036,short,2023-08-10 08:10:00,1.1065,2023-08-10 09:20:00,2023-08-10 09:25:00,1.10178,1.1065,1.0923399999999999,0.0047200000000000575,False,extreme,2023-08-10 23:55:00,1.09873,end_of_day,175,0.6461864406779576,0,0.0,0.6461864406779576,0.8834745762711772,0.5529661016949088
EURUSD,NY,2023-08-11,Friday,1,1.10022,1.09839,0.0018299999999999983,short,2023-08-11 04:40:00,1.10032,2023-08-11 04:45:00,2023-08-11 04:50:00,1.10011,1.10032,1.0996899999999998,0.00021000000000004349,False,extreme,2023-08-11 05:00:00,1.0996899999999998,target,3,2.0,0,0.0,2.0,2.2380952380946337,0.3809523809526831
EURUSD,NY,2023-08-11,Friday,2,1.10022,1.09839,0.0018299999999999983,long,2023-08-11 05:35:00,1.09763,2023-08-11 06:10:00,2023-08-11 06:15:00,1.09867,1.09763,1.10075,0.0010399999999999299,False,extreme,2023-08-11 08:35:00,1.09763,stop,29,-1.0,0,0.0,-1.0,1.7596153846155016,1.2115384615385807
EURUSD,NY,2023-08-14,Monday,1,1.09562,1.09262,0.0030000000000001137,short,2023-08-14 04:05:00,1.09571,2023-08-14 04:10:00,2023-08-14 04:15:00,1.0952,1.09571,1.09418,0.0005100000000000104,False,extreme,2023-08-14 04:35:00,1.09571,stop,5,-1.0,0,0.0,-1.0,0.07843137254909643,1.019607843137383
EURUSD,NY,2023-08-14,Monday,2,1.09562,1.09262,0.0030000000000001137,short,2023-08-14 04:35:00,1.09602,2023-08-14 04:45:00,2023-08-14 04:50:00,1.09553,1.09602,1.0945499999999997,0.0004900000000001015,False,extreme,2023-08-14 05:00:00,1.0945499999999997,target,3,2.0,0,0.0,2.0,2.020408163264529,0.18367346938801404
EURUSD,NY,2023-08-14,Monday,3,1.09562,1.09262,0.0030000000000001137,long,2023-08-14 08:15:00,1.08748,2023-08-14 12:00:00,2023-08-14 12:05:00,1.09278,1.08748,1.1033800000000002,0.005300000000000082,False,extreme,2023-08-14 23:55:00,1.09146,end_of_day,143,-0.24905660377357874,0,0.0,-0.24905660377357874,0.15471698113203927,0.5188679245282996
EURUSD,NY,2023-08-16,Wednesday,1,1.09272,1.0906,0.0021199999999998997,short,2023-08-16 04:25:00,1.09346,2023-08-16 05:40:00,2023-08-16 05:45:00,1.09248,1.09346,1.0905199999999995,0.000980000000000203,False,extreme,2023-08-16 08:50:00,1.0905199999999995,target,38,2.0,0,0.0,2.0,2.1836734693871076,0.20408163265322307
EURUSD,NY,2023-08-16,Wednesday,2,1.09272,1.0906,0.0021199999999998997,long,2023-08-16 08:55:00,1.08984,2023-08-16 09:00:00,2023-08-16 09:05:00,1.09064,1.08984,1.0922400000000003,0.0008000000000001339,False,extreme,2023-08-16 09:15:00,1.08984,stop,3,-1.0,0,0.0,-1.0,0.5249999999997432,1.1374999999997675
EURUSD,NY,2023-08-16,Wednesday,3,1.09272,1.0906,0.0021199999999998997,long,2023-08-16 09:10:00,1.08961,2023-08-16 09:25:00,2023-08-16 09:30:00,1.09083,1.08961,1.09327,0.0012199999999999989,False,extreme,2023-08-16 12:10:00,1.08961,stop,33,-1.0,0,0.0,-1.0,1.2377049180328883,1.1721311475410194
EURUSD,NY,2023-08-17,Thursday,1,1.08867,1.08628,0.0023900000000001143,short,2023-08-17 07:05:00,1.0888,2023-08-17 07:10:00,2023-08-17 07:15:00,1.08865,1.0888,1.0883499999999997,0.0001500000000000945,False,extreme,2023-08-17 07:15:00,1.0883499999999997,target,1,2.0,0,0.0,2.0,2.53333333333057,0.33333333333382675
EURUSD,NY,2023-08-17,Thursday,2,1.08867,1.08628,0.0023900000000001143,short,2023-08-17 07:30:00,1.09184,2023-08-17 10:30:00,2023-08-17 10:35:00,1.08854,1.09184,1.0819400000000003,0.0032999999999998586,False,extreme,2023-08-17 23:55:00,1.0886,end_of_day,161,-0.0181818181818035,0,0.0,-0.0181818181818035,0.8787878787879543,0.32121212121208614
EURUSD,NY,2023-08-18,Friday,1,1.0888,1.08645,0.0023500000000000743,long,2023-08-18 05:05:00,1.08625,2023-08-18 05:20:00,2023-08-18 05:25:00,1.08664,1.08625,1.0874200000000003,0.0003900000000001125,False,extreme,2023-08-18 06:05:00,1.0874200000000003,target,9,2.0,0,0.0,2.0,2.102564102563606,0.1794871794871649
EURUSD,NY,2023-08-18,Friday,2,1.0888,1.08645,0.0023500000000000743,long,2023-08-18 06:55:00,1.08603,2023-08-18 07:40:00,2023-08-18 07:45:00,1.08661,1.08603,1.0877700000000001,0.0005800000000000249,False,extreme,2023-08-18 08:00:00,1.08603,stop,4,-1.0,0,0.0,-1.0,0.775862068965207,1.0517241379309883
EURUSD,NY,2023-08-18,Friday,3,1.0888,1.08645,0.0023500000000000743,long,2023-08-18 07:50:00,1.086,2023-08-18 08:05:00,2023-08-18 08:10:00,1.0867,1.086,1.0880999999999998,0.0006999999999999229,False,extreme,2023-08-18 08:20:00,1.086,stop,3,-1.0,0,0.0,-1.0,0.02857142857130169,1.6428571428573016
EURUSD,NY,2023-08-18,Friday,4,1.0888,1.08645,0.0023500000000000743,long,2023-08-18 08:15:00,1.0845,2023-08-18 09:05:00,2023-08-18 09:10:00,1.08646,1.0845,1.09038,0.0019599999999999618,False,extreme,2023-08-18 16:55:00,1.08688,friday_close,94,0.21428571428576285,0,0.0,0.21428571428576285,0.8673469387755449,0.3775510204081517
EURUSD,NY,2023-08-21,Monday,1,1.08888,1.08724,0.0016400000000000858,short,2023-08-21 05:10:00,1.09137,2023-08-21 09:15:00,2023-08-21 09:20:00,1.08884,1.09137,1.0837800000000002,0.002529999999999921,False,extreme,2023-08-21 23:10:00,1.09137,stop,167,-1.0,0,0.0,-1.0,0.5138339920949089,1.0197628458498447
EURUSD,NY,2023-08-22,Tuesday,1,1.09304,1.09046,0.0025800000000000267,long,2023-08-22 05:20:00,1.08984,2023-08-22 05:45:00,2023-08-22 05:50:00,1.09059,1.08984,1.09209,0.0007500000000000284,False,extreme,2023-08-22 06:15:00,1.08984,stop,6,-1.0,0,0.0,-1.0,0.5733333333335149,1.3333333333331359
EURUSD,NY,2023-08-23,Wednesday,1,1.08714,1.08119,0.0059499999999999,long,2023-08-23 05:45:00,1.0804,2023-08-23 07:30:00,2023-08-23 07:35:00,1.08133,1.0804,1.0831899999999997,0.0009299999999998754,False,extreme,2023-08-23 08:35:00,1.0804,stop,13,-1.0,0,0.0,-1.0,0.5591397849463932,1.0860215053764417
EURUSD,NY,2023-08-23,Wednesday,2,1.08714,1.08119,0.0059499999999999,long,2023-08-23 07:55:00,1.08026,2023-08-23 09:05:00,2023-08-23 09:10:00,1.08142,1.08026,1.0837400000000001,0.0011600000000000499,False,extreme,2023-08-23 09:45:00,1.0837400000000001,target,8,2.0,0,0.0,2.0,2.646551724137736,0.051724137930988276
EURUSD,NY,2023-08-23,Wednesday,3,1.08714,1.08119,0.0059499999999999,short,2023-08-23 20:20:00,1.08753,2023-08-23 20:35:00,2023-08-23 20:40:00,1.08708,1.08753,1.08618,0.00045000000000006146,False,extreme,2023-08-23 21:20:00,1.08618,target,9,2.0,0,0.0,2.0,2.444444444444335,0.4888888888885709
EURUSD,NY,2023-08-24,Thursday,1,1.08766,1.0852,0.0024600000000001288,long,2023-08-24 05:35:00,1.08466,2023-08-24 06:05:00,2023-08-24 06:10:00,1.0853,1.08466,1.0865799999999999,0.0006399999999999739,False,extreme,2023-08-24 07:55:00,1.08466,stop,22,-1.0,0,0.0,-1.0,0.8750000000002168,1.7812499999999458
EURUSD,NY,2023-08-25,Friday,1,1.07922,1.07682,0.0023999999999999577,short,2023-08-25 05:45:00,1.07945,2023-08-25 05:55:00,2023-08-25 06:00:00,1.079,1.07945,1.0780999999999998,0.00045000000000006146,False,extreme,2023-08-25 06:10:00,1.07945,stop,3,-1.0,0,0.0,-1.0,0.06666666666660087,1.6666666666665022
EURUSD,NY,2023-08-28,Monday,1,1.08208,1.08052,0.0015600000000000058,long,2023-08-28 04:15:00,1.07996,2023-08-28 04:40:00,2023-08-28 04:45:00,1.08072,1.07996,1.0822399999999996,0.0007599999999998719,False,extreme,2023-08-28 09:35:00,1.07996,stop,59,-1.0,0,0.0,-1.0,1.9605263157897928,1.026315789473861
EURUSD,NY,2023-08-28,Monday,2,1.08208,1.08052,0.0015600000000000058,long,2023-08-28 09:30:00,1.07994,2023-08-28 09:40:00,2023-08-28 09:45:00,1.0807,1.07994,1.0822200000000002,0.0007600000000000939,False,extreme,2023-08-28 10:00:00,1.07994,stop,4,-1.0,0,0.0,-1.0,0.5789473684209757,1.0526315789471223
EURUSD,NY,2023-08-28,Monday,3,1.08208,1.08052,0.0015600000000000058,long,2023-08-28 10:00:00,1.0799,2023-08-28 10:05:00,2023-08-28 10:10:00,1.08055,1.0799,1.0818499999999995,0.0006499999999998174,False,extreme,2023-08-28 15:45:00,1.0818499999999995,target,68,2.0,0,0.0,2.0,2.200000000000683,0.9384615384618012
EURUSD,NY,2023-08-29,Tuesday,1,1.08365,1.08084,0.002809999999999979,long,2023-08-29 05:05:00,1.08058,2023-08-29 05:10:00,2023-08-29 05:15:00,1.08096,1.08058,1.0817199999999996,0.0003799999999998249,False,extreme,2023-08-29 05:15:00,1.08058,stop,1,-1.0,0,0.0,-1.0,0.13157894736875936,1.0
EURUSD,NY,2023-08-29,Tuesday,2,1.08365,1.08084,0.002809999999999979,long,2023-08-29 05:15:00,1.08057,2023-08-29 05:30:00,2023-08-29 05:35:00,1.08098,1.08057,1.0818,0.00041000000000002146,False,extreme,2023-08-29 06:55:00,1.08057,stop,17,-1.0,0,0.0,-1.0,1.5853658536585498,1.3902439024388527
EURUSD,NY,2023-08-29,Tuesday,3,1.08365,1.08084,0.002809999999999979,long,2023-08-29 06:55:00,1.0804,2023-08-29 07:05:00,2023-08-29 07:10:00,1.08091,1.0804,1.08193,0.0005100000000000104,False,extreme,2023-08-29 07:55:00,1.0804,stop,10,-1.0,0,0.0,-1.0,0.5882352941175703,1.039215686274766
EURUSD,NY,2023-08-29,Tuesday,4,1.08365,1.08084,0.002809999999999979,short,2023-08-29 10:00:00,1.08502,2023-08-29 10:10:00,2023-08-29 10:15:00,1.08356,1.08502,1.08064,0.0014600000000000168,False,extreme,2023-08-29 11:30:00,1.08502,stop,16,-1.0,0,0.0,-1.0,0.8767123287672295,1.006849315068386
EURUSD,NY,2023-09-01,Friday,1,1.08596,1.08282,0.0031400000000001427,short,2023-09-01 08:30:00,1.0882,2023-09-01 08:40:00,2023-09-01 08:45:00,1.08561,1.0882,1.0804299999999998,0.0025900000000000922,False,extreme,2023-09-01 10:55:00,1.0804299999999998,target,27,2.0,0,0.0,2.0,2.0038610038609432,0.9691119691119393
EURUSD,NY,2023-09-04,Monday,1,1.08068,1.07814,0.0025399999999999867,short,2023-09-04 07:05:00,1.08089,2023-09-04 07:10:00,2023-09-04 07:15:00,1.08066,1.08089,1.0802,0.00022999999999995246,False,extreme,2023-09-04 07:55:00,1.0802,target,9,2.0,0,0.0,2.0,3.086956521739718,0.26086956521722343
EURUSD,NY,2023-09-05,Tuesday,1,1.0794,1.07546,0.0039399999999998325,long,2023-09-05 04:05:00,1.0742,2023-09-05 05:10:00,2023-09-05 05:15:00,1.07556,1.0742,1.0782800000000001,0.0013600000000000279,False,extreme,2023-09-05 06:55:00,1.0742,stop,21,-1.0,0,0.0,-1.0,0.11029411764696279,1.25
EURUSD,NY,2023-09-06,Wednesday,1,1.07479,1.07243,0.0023599999999999177,short,2023-09-06 07:20:00,1.07489,2023-09-06 07:25:00,2023-09-06 07:30:00,1.07467,1.07489,1.0742300000000002,0.00021999999999988695,False,extreme,2023-09-06 07:35:00,1.0742300000000002,target,2,2.0,0,0.0,2.0,2.2727272727281904,0.40909090909077145
EURUSD,NY,2023-09-06,Wednesday,2,1.07479,1.07243,0.0023599999999999177,long,2023-09-06 10:00:00,1.07024,2023-09-06 13:05:00,2023-09-06 13:10:00,1.07248,1.07024,1.0769600000000001,0.0022400000000000198,False,extreme,2023-09-06 23:55:00,1.073,end_of_day,130,0.23214285714278987,0,0.0,0.23214285714278987,0.3124999999999628,0.2589285714285803
EURUSD,NY,2023-09-07,Thursday,1,1.07304,1.07082,0.0022199999999998887,long,2023-09-07 06:20:00,1.07071,2023-09-07 06:25:00,2023-09-07 06:30:00,1.07098,1.07071,1.07152,0.00026999999999999247,False,extreme,2023-09-07 06:30:00,1.07071,stop,1,-1.0,0,0.0,-1.0,0.11111111111101973,1.3703703703703398
EURUSD,NY,2023-09-07,Thursday,2,1.07304,1.07082,0.0022199999999998887,long,2023-09-07 06:30:00,1.07041,2023-09-07 06:40:00,2023-09-07 06:45:00,1.07088,1.07041,1.07182,0.00046999999999997044,False,extreme,2023-09-07 07:45:00,1.07041,stop,13,-1.0,0,0.0,-1.0,1.0,1.127659574468457
EURUSD,NY,2023-09-07,Thursday,3,1.07304,1.07082,0.0022199999999998887,long,2023-09-07 07:25:00,1.07026,2023-09-07 08:05:00,2023-09-07 08:10:00,1.07098,1.07026,1.0724200000000002,0.0007200000000000539,False,extreme,2023-09-07 08:20:00,1.07026,stop,3,-1.0,0,0.0,-1.0,0.0,1.152777777777842
EURUSD,NY,2023-09-07,Thursday,4,1.07304,1.07082,0.0022199999999998887,long,2023-09-07 08:10:00,1.06862,2023-09-07 11:35:00,2023-09-07 11:40:00,1.07086,1.06862,1.07534,0.0022400000000000198,False,extreme,2023-09-07 23:55:00,1.07165,end_of_day,148,0.3526785714285989,0,0.0,0.3526785714285989,0.6383928571428704,0.6562499999999318
EURUSD,NY,2023-09-08,Friday,1,1.0728,1.07077,0.0020299999999999763,long,2023-09-08 05:00:00,1.06941,2023-09-08 08:30:00,2023-09-08 08:35:00,1.0708,1.06941,1.07358,0.0013900000000000023,False,extreme,2023-09-08 10:00:00,1.07358,target,18,2.0,0,0.0,2.0,2.107913669064816,0.6043165467625543
EURUSD,NY,2023-09-08,Friday,2,1.0728,1.07077,0.0020299999999999763,short,2023-09-08 10:00:00,1.07437,2023-09-08 10:30:00,2023-09-08 10:35:00,1.07266,1.07437,1.0692399999999997,0.0017100000000001003,False,extreme,2023-09-08 16:55:00,1.07005,friday_close,77,1.5263157894735955,0,0.0,1.5263157894735955,1.7309941520465952,0.05847953216373282
EURUSD,NY,2023-09-11,Monday,1,1.07414,1.07217,0.0019700000000000273,long,2023-09-11 07:40:00,1.07209,2023-09-11 07:45:00,2023-09-11 07:50:00,1.07227,1.07209,1.0726300000000002,0.000180000000000069,False,extreme,2023-09-11 07:50:00,1.07209,stop,1,-1.0,0,0.0,-1.0,0.0,2.0555555555546645
EURUSD,NY,2023-09-11,Monday,2,1.07414,1.07217,0.0019700000000000273,long,2023-09-11 07:50:00,1.07155,2023-09-11 08:00:00,2023-09-11 08:05:00,1.07231,1.07155,1.0738300000000003,0.0007600000000000939,False,extreme,2023-09-11 10:00:00,1.0738300000000003,target,24,2.0,0,0.0,2.0,2.9078947368415133,0.48684210526336547
EURUSD,NY,2023-09-11,Monday,3,1.07414,1.07217,0.0019700000000000273,short,2023-09-11 10:00:00,1.07685,2023-09-11 21:30:00,2023-09-11 21:35:00,1.07395,1.07685,1.0681499999999997,0.0029000000000001247,False,extreme,2023-09-11 23:55:00,1.07464,end_of_day,29,-0.23793103448277578,0,0.0,-0.23793103448277578,0.06551724137927734,0.4034482758620914
EURUSD,NY,2023-09-12,Tuesday,1,1.07466,1.07121,0.003449999999999953,long,2023-09-12 07:20:00,1.07105,2023-09-12 07:25:00,2023-09-12 07:30:00,1.07126,1.07105,1.0716800000000002,0.00021000000000004349,False,extreme,2023-09-12 07:30:00,1.07105,stop,1,-1.0,0,0.0,-1.0,0.047619047618292366,1.9523809523806503
EURUSD,NY,2023-09-12,Tuesday,2,1.07466,1.07121,0.003449999999999953,long,2023-09-12 07:30:00,1.07085,2023-09-12 07:35:00,2023-09-12 07:40:00,1.07124,1.07085,1.0720199999999998,0.00038999999999989043,False,extreme,2023-09-12 08:15:00,1.07085,stop,8,-1.0,0,0.0,-1.0,1.641025641026035,1.1282051282054348
EURUSD,NY,2023-09-12,Tuesday,3,1.07466,1.07121,0.003449999999999953,long,2023-09-12 08:15:00,1.07061,2023-09-12 08:30:00,2023-09-12 08:35:00,1.07142,1.07061,1.07304,0.0008099999999999774,False,extreme,2023-09-12 08:55:00,1.07061,stop,5,-1.0,0,0.0,-1.0,0.8395061728395468,1.0370370370370066
EURUSD,NY,2023-09-12,Tuesday,4,1.07466,1.07121,0.003449999999999953,long,2023-09-12 08:45:00,1.07056,2023-09-12 09:20:00,2023-09-12 09:25:00,1.07146,1.07056,1.0732600000000003,0.0009000000000001229,False,extreme,2023-09-12 12:10:00,1.0732600000000003,target,34,2.0,0,0.0,2.0,2.2333333333328564,0.4555555555555172
EURUSD,NY,2023-09-12,Tuesday,5,1.07466,1.07121,0.003449999999999953,short,2023-09-12 16:30:00,1.07649,2023-09-12 22:40:00,2023-09-12 22:45:00,1.07461,1.07649,1.0708500000000003,0.0018799999999998818,False,extreme,2023-09-12 23:55:00,1.07472,end_of_day,15,-0.0585106382977869,0,0.0,-0.0585106382977869,0.08510638297881387,0.21276595744679846
EURUSD,NY,2023-09-13,Wednesday,1,1.07546,1.07311,0.0023500000000000743,long,2023-09-13 05:40:00,1.07286,2023-09-13 06:10:00,2023-09-13 06:15:00,1.07318,1.07286,1.0738200000000002,0.000320000000000098,False,extreme,2023-09-13 07:00:00,1.0738200000000002,target,10,2.0,0,0.0,2.0,2.187499999999089,0.2500000000001735
EURUSD,NY,2023-09-13,Wednesday,2,1.07546,1.07311,0.0023500000000000743,long,2023-09-13 08:20:00,1.07298,2023-09-13 08:25:00,2023-09-13 08:30:00,1.07382,1.07298,1.0755,0.0008399999999999519,False,extreme,2023-09-13 08:30:00,1.07298,stop,1,-1.0,0,0.0,-1.0,1.1309523809524533,3.2142857142858086
EURUSD,NY,2023-09-13,Wednesday,3,1.07546,1.07311,0.0023500000000000743,short,2023-09-13 08:50:00,1.07614,2023-09-13 08:55:00,2023-09-13 09:00:00,1.07479,1.07614,1.0720899999999995,0.0013500000000001844,False,extreme,2023-09-13 23:55:00,1.07446,end_of_day,180,0.2444444444443677,0,0.0,0.2444444444443677,1.533333333333136,0.5851851851851559
EURUSD,NY,2023-09-14,Thursday,1,1.0752,1.0733,0.0019000000000000128,long,2023-09-14 05:20:00,1.07246,2023-09-14 06:35:00,2023-09-14 06:40:00,1.07339,1.07246,1.0752500000000003,0.0009300000000000974,False,extreme,2023-09-14 08:15:00,1.07246,stop,20,-1.0,0,0.0,-1.0,1.397849462365291,4.54838709677367
EURUSD,NY,2023-09-15,Friday,1,1.06675,1.06444,0.0023100000000000342,short,2023-09-15 05:30:00,1.06693,2023-09-15 05:35:00,2023-09-15 05:40:00,1.06676,1.06693,1.06642,0.00017000000000000348,False,extreme,2023-09-15 05:55:00,1.06642,target,4,2.0,0,0.0,2.0,2.8235294117648597,0.23529411764728933
EURUSD,NY,2023-09-15,Friday,2,1.06675,1.06444,0.0023100000000000342,short,2023-09-15 06:10:00,1.06684,2023-09-15 06:15:00,2023-09-15 06:20:00,1.06662,1.06684,1.0661799999999997,0.000220000000000109,False,extreme,2023-09-15 06:25:00,1.0661799999999997,target,2,2.0,0,0.0,2.0,2.6363636363614344,0.18181818181827358
EURUSD,NY,2023-09-15,Friday,3,1.06675,1.06444,0.0023100000000000342,short,2023-09-15 10:00:00,1.06877,2023-09-15 10:30:00,2023-09-15 10:35:00,1.06675,1.06877,1.0627100000000003,0.0020199999999999108,False,extreme,2023-09-15 16:55:00,1.06611,friday_close,77,0.31683168316842786,0,0.0,0.31683168316842786,0.5198019801980405,0.6336633663366359
EURUSD,NY,2023-09-18,Monday,1,1.06778,1.06579,0.0019899999999999363,long,2023-09-18 04:30:00,1.06564,2023-09-18 04:35:00,2023-09-18 04:40:00,1.06626,1.06564,1.0675000000000001,0.0006200000000000649,False,extreme,2023-09-18 08:45:00,1.06564,stop,50,-1.0,0,0.0,-1.0,1.967741935483663,1.0483870967741473
EURUSD,NY,2023-09-18,Monday,2,1.06778,1.06579,0.0019899999999999363,long,2023-09-18 08:45:00,1.06561,2023-09-18 08:50:00,2023-09-18 08:55:00,1.066,1.06561,1.0667800000000003,0.0003900000000001125,False,extreme,2023-09-18 09:00:00,1.06561,stop,2,-1.0,0,0.0,-1.0,0.1794871794871649,1.3333333333331436
EURUSD,NY,2023-09-18,Monday,3,1.06778,1.06579,0.0019899999999999363,long,2023-09-18 08:55:00,1.06548,2023-09-18 09:05:00,2023-09-18 09:10:00,1.066,1.06548,1.0670400000000002,0.000520000000000076,False,extreme,2023-09-18 09:20:00,1.0670400000000002,target,3,2.0,0,0.0,2.0,2.1153846153840736,0.19230769230764302
EURUSD,NY,2023-09-19,Tuesday,1,1.06953,1.06752,0.0020100000000000673,short,2023-09-19 06:30:00,1.07179,2023-09-19 09:00:00,2023-09-19 09:05:00,1.06945,1.07179,1.06477,0.0023400000000000087,False,extreme,2023-09-19 23:55:00,1.06796,end_of_day,179,0.6367521367521307,0,0.0,0.6367521367521307,0.8418803418803504,0.09829059829057761
EURUSD,NY,2023-09-20,Wednesday,1,1.06931,1.06729,0.0020199999999999108,short,2023-09-20 04:20:00,1.0705,2023-09-20 08:30:00,2023-09-20 08:35:00,1.06927,1.0705,1.0668099999999998,0.0012300000000000644,False,extreme,2023-09-20 09:00:00,1.0705,stop,6,-1.0,0,0.0,-1.0,0.04065040650396817,1.0325203252032829
EURUSD,NY,2023-09-20,Wednesday,2,1.06931,1.06729,0.0020199999999999108,short,2023-09-20 14:20:00,1.0718,2023-09-20 14:45:00,2023-09-20 14:50:00,1.06907,1.0718,1.0636099999999997,0.0027300000000001212,False,extreme,2023-09-20 20:40:00,1.0636099999999997,target,71,2.0,0,0.0,2.0,2.0769230769230083,0.08058608058611694
EURUSD,NY,2023-09-21,Thursday,1,1.06581,1.06328,0.002529999999999921,short,2023-09-21 04:00:00,1.06618,2023-09-21 04:10:00,2023-09-21 04:15:00,1.06575,1.06618,1.0648900000000001,0.00042999999999993044,False,extreme,2023-09-21 04:15:00,1.06618,stop,1,-1.0,0,0.0,-1.0,0.09302325581406157,1.3720930232562463
EURUSD,NY,2023-09-21,Thursday,2,1.06581,1.06328,0.002529999999999921,short,2023-09-21 04:15:00,1.06637,2023-09-21 04:25:00,2023-09-21 04:30:00,1.06575,1.06637,1.0645099999999998,0.0006200000000000649,False,extreme,2023-09-21 05:10:00,1.06637,stop,9,-1.0,0,0.0,-1.0,0.8709677419353683,1.145161290322442
EURUSD,NY,2023-09-21,Thursday,3,1.06581,1.06328,0.002529999999999921,short,2023-09-21 05:05:00,1.06646,2023-09-21 05:30:00,2023-09-21 05:35:00,1.06577,1.06646,1.0643900000000004,0.0006899999999998574,False,extreme,2023-09-21 07:00:00,1.0643900000000004,target,18,2.0,0,0.0,2.0,2.7101449275368474,0.7391304347824548
EURUSD,NY,2023-09-21,Thursday,4,1.06581,1.06328,0.002529999999999921,long,2023-09-21 08:15:00,1.06292,2023-09-21 08:20:00,2023-09-21 08:25:00,1.0633,1.06292,1.0640599999999996,0.0003799999999998249,False,extreme,2023-09-21 08:30:00,1.06292,stop,2,-1.0,0,0.0,-1.0,0.23684210526364996,2.263157894737519
EURUSD,NY,2023-09-21,Thursday,5,1.06581,1.06328,0.002529999999999921,long,2023-09-21 08:25:00,1.06244,2023-09-21 08:40:00,2023-09-21 08:45:00,1.06352,1.06244,1.06568,0.0010799999999999699,False,extreme,2023-09-21 09:40:00,1.06568,target,12,2.0,0,0.0,2.0,2.277777777777755,0.1296296296296601
EURUSD,NY,2023-09-21,Thursday,6,1.06581,1.06328,0.002529999999999921,short,2023-09-21 10:20:00,1.06736,2023-09-21 10:50:00,2023-09-21 10:55:00,1.06579,1.06736,1.0626499999999999,0.0015700000000000713,False,extreme,2023-09-21 23:55:00,1.06516,end_of_day,157,0.4012738853502419,0,0.0,0.4012738853502419,1.0764331210190399,0.828025477707019
EURUSD,NY,2023-09-22,Friday,1,1.06676,1.06149,0.005269999999999886,short,2023-09-22 10:35:00,1.06718,2023-09-22 10:45:00,2023-09-22 10:50:00,1.06626,1.06718,1.06442,0.0009200000000000319,False,extreme,2023-09-22 14:35:00,1.06442,target,46,2.0,0,0.0,2.0,2.423913043478127,0.304347826087009
EURUSD,NY,2023-09-25,Monday,1,1.06531,1.06317,0.0021400000000000308,long,2023-09-25 04:20:00,1.06268,2023-09-25 04:30:00,2023-09-25 04:35:00,1.06317,1.06268,1.0641499999999997,0.0004899999999998794,False,extreme,2023-09-25 04:35:00,1.06268,stop,1,-1.0,0,0.0,-1.0,0.18367346938809728,1.0
EURUSD,NY,2023-09-25,Monday,2,1.06531,1.06317,0.0021400000000000308,long,2023-09-25 04:35:00,1.0624,2023-09-25 05:40:00,2023-09-25 05:45:00,1.06322,1.0624,1.0648600000000001,0.0008200000000000429,False,extreme,2023-09-25 08:35:00,1.0624,stop,35,-1.0,0,0.0,-1.0,1.3780487804875539,1.0487804878049243
EURUSD,NY,2023-09-26,Tuesday,1,1.05931,1.057,0.0023100000000000342,short,2023-09-26 04:20:00,1.0603,2023-09-26 07:00:00,2023-09-26 07:05:00,1.05922,1.0603,1.05706,0.0010799999999999699,False,extreme,2023-09-26 07:40:00,1.0603,stop,8,-1.0,0,0.0,-1.0,0.24074074074088542,1.0370370370370752
EURUSD,NY,2023-09-26,Tuesday,2,1.05931,1.057,0.0023100000000000342,short,2023-09-26 07:15:00,1.0609,2023-09-26 09:15:00,2023-09-26 09:20:00,1.05919,1.0609,1.0557700000000003,0.0017099999999998783,False,extreme,2023-09-26 20:50:00,1.0557700000000003,target,139,2.0,0,0.0,2.0,2.0935672514622183,0.3918128654970737
EURUSD,NY,2023-09-27,Wednesday,1,1.05741,1.05547,0.0019400000000000528,long,2023-09-27 05:35:00,1.0553,2023-09-27 05:45:00,2023-09-27 05:50:00,1.05583,1.0553,1.0568900000000003,0.0005300000000001415,False,extreme,2023-09-27 06:45:00,1.0553,stop,12,-1.0,0,0.0,-1.0,1.037735849056422,1.0754716981128438
EURUSD,NY,2023-09-27,Wednesday,2,1.05741,1.05547,0.0019400000000000528,long,2023-09-27 06:45:00,1.05526,2023-09-27 06:50:00,2023-09-27 06:55:00,1.05552,1.05526,1.0560399999999999,0.00025999999999992696,False,extreme,2023-09-27 07:00:00,1.05526,stop,2,-1.0,0,0.0,-1.0,0.30769230769270184,1.346153846154503
EURUSD,NY,2023-09-28,Thursday,1,1.0519,1.04912,0.0027800000000000047,short,2023-09-28 04:15:00,1.05244,2023-09-28 04:20:00,2023-09-28 04:25:00,1.05186,1.05244,1.0507,0.0005800000000000249,False,extreme,2023-09-28 05:20:00,1.05244,stop,12,-1.0,0,0.0,-1.0,1.1551724137929649,1.3103448275859297
EURUSD,NY,2023-09-28,Thursday,2,1.0519,1.04912,0.0027800000000000047,short,2023-09-28 05:20:00,1.05574,2023-09-28 08:55:00,2023-09-28 09:00:00,1.05181,1.05574,1.04395,0.003929999999999989,False,extreme,2023-09-28 10:05:00,1.05574,stop,14,-1.0,0,0.0,-1.0,0.005089058524149882,1.0305343511450689
EURUSD,NY,2023-09-29,Friday,1,1.06108,1.05743,0.003649999999999931,short,2023-09-29 05:30:00,1.06118,2023-09-29 05:35:00,2023-09-29 05:40:00,1.06096,1.06118,1.0605199999999997,0.000220000000000109,False,extreme,2023-09-29 05:40:00,1.06118,stop,1,-1.0,0,0.0,-1.0,0.6363636363624435,2.136363636363453
EURUSD,NY,2023-09-29,Friday,2,1.06108,1.05743,0.003649999999999931,short,2023-09-29 05:40:00,1.0617,2023-09-29 06:20:00,2023-09-29 06:25:00,1.06094,1.0617,1.0594199999999998,0.0007600000000000939,False,extreme,2023-09-29 07:30:00,1.0594199999999998,target,14,2.0,0,0.0,2.0,2.1578947368419517,0.42105263157902423
EURUSD,NY,2023-09-29,Friday,3,1.06108,1.05743,0.003649999999999931,long,2023-09-29 10:15:00,1.057,2023-09-29 10:30:00,2023-09-29 10:35:00,1.05754,1.057,1.05862,0.0005399999999999849,False,extreme,2023-09-29 10:45:00,1.05862,target,3,2.0,0,0.0,2.0,3.2222222222224506,0.6296296296296601
EURUSD,NY,2023-09-29,Friday,4,1.06108,1.05743,0.003649999999999931,long,2023-09-29 13:05:00,1.0564,2023-09-29 14:55:00,2023-09-29 15:00:00,1.05777,1.0564,1.0605100000000003,0.0013700000000000934,False,extreme,2023-09-29 16:55:00,1.05732,friday_close,24,-0.328467153284694,0,0.0,-0.328467153284694,0.11678832116782997,0.598540145985392
EURUSD,NY,2023-10-03,Tuesday,1,1.04844,1.046,0.0024399999999999977,short,2023-10-03 04:00:00,1.04936,2023-10-03 04:35:00,2023-10-03 04:40:00,1.04835,1.04936,1.0463299999999995,0.0010100000000001774,False,extreme,2023-10-03 08:40:00,1.0463299999999995,target,49,2.0,0,0.0,2.0,2.118811881187557,0.7524752475247133
EURUSD,NY,2023-10-03,Tuesday,2,1.04844,1.046,0.0024399999999999977,long,2023-10-03 10:00:00,1.04497,2023-10-03 10:10:00,2023-10-03 10:15:00,1.04773,1.04497,1.0532500000000002,0.0027600000000000957,False,extreme,2023-10-03 11:45:00,1.04497,stop,19,-1.0,0,0.0,-1.0,0.2028985507245922,1.050724637681168
EURUSD,NY,2023-10-03,Tuesday,3,1.04844,1.046,0.0024399999999999977,long,2023-10-03 11:25:00,1.04483,2023-10-03 12:00:00,2023-10-03 12:05:00,1.04603,1.04483,1.0484300000000002,0.0012000000000000899,False,extreme,2023-10-03 23:55:00,1.04592,end_of_day,143,-0.09166666666670521,0,0.0,-0.09166666666670521,1.6083333333332022,0.43333333333336416
EURUSD,NY,2023-10-04,Wednesday,1,1.04856,1.04514,0.0034199999999999786,short,2023-10-04 04:10:00,1.04889,2023-10-04 04:25:00,2023-10-04 04:30:00,1.04849,1.04889,1.0476899999999996,0.000400000000000178,False,extreme,2023-10-04 05:00:00,1.04889,stop,7,-1.0,0,0.0,-1.0,1.0749999999993478,1.4249999999998195
EURUSD,NY,2023-10-04,Wednesday,2,1.04856,1.04514,0.0034199999999999786,short,2023-10-04 04:55:00,1.05322,2023-10-04 10:25:00,2023-10-04 10:30:00,1.04847,1.05322,1.03897,0.004750000000000032,False,extreme,2023-10-04 23:55:00,1.05252,end_of_day,162,-0.8526315789473389,0,0.0,-0.8526315789473389,0.0,0.9326315789473483
EURUSD,NY,2023-10-05,Thursday,1,1.05265,1.05015,0.0025000000000001688,short,2023-10-05 09:25:00,1.0532,2023-10-05 09:35:00,2023-10-05 09:40:00,1.05213,1.0532,1.0499900000000002,0.0010699999999999044,False,extreme,2023-10-05 10:25:00,1.0532,stop,10,-1.0,0,0.0,-1.0,0.7943925233645732,1.1121495327104025
EURUSD,NY,2023-10-05,Thursday,2,1.05265,1.05015,0.0025000000000001688,short,2023-10-05 10:25:00,1.05332,2023-10-05 10:30:00,2023-10-05 10:35:00,1.05252,1.05332,1.0509199999999996,0.0008000000000001339,False,extreme,2023-10-05 11:35:00,1.05332,stop,13,-1.0,0,0.0,-1.0,0.9999999999997224,1.2250000000000485
EURUSD,NY,2023-10-05,Thursday,3,1.05265,1.05015,0.0025000000000001688,short,2023-10-05 11:20:00,1.05374,2023-10-05 11:55:00,2023-10-05 12:00:00,1.05258,1.05374,1.0502600000000004,0.0011599999999998278,False,extreme,2023-10-05 12:20:00,1.05374,stop,5,-1.0,0,0.0,-1.0,0.13793103448291705,1.086206896551919
EURUSD,NY,2023-10-06,Friday,1,1.0551,1.05315,0.0019499999999998963,short,2023-10-06 04:05:00,1.05521,2023-10-06 04:10:00,2023-10-06 04:15:00,1.05475,1.05521,1.0538300000000003,0.00045999999999990493,False,extreme,2023-10-06 04:45:00,1.05521,stop,7,-1.0,0,0.0,-1.0,1.1521739130440238,1.2608695652177062
EURUSD,NY,2023-10-06,Friday,2,1.0551,1.05315,0.0019499999999998963,short,2023-10-06 05:05:00,1.05538,2023-10-06 05:15:00,2023-10-06 05:20:00,1.05508,1.05538,1.05448,0.00029999999999996696,False,extreme,2023-10-06 05:35:00,1.05538,stop,4,-1.0,0,0.0,-1.0,1.0666666666671107,1.0666666666663707
EURUSD,NY,2023-10-06,Friday,3,1.0551,1.05315,0.0019499999999998963,short,2023-10-06 05:30:00,1.05634,2023-10-06 07:10:00,2023-10-06 07:15:00,1.0551,1.05634,1.0526199999999997,0.0012400000000001299,False,extreme,2023-10-06 07:45:00,1.05634,stop,7,-1.0,0,0.0,-1.0,0.032258064515978846,1.0322580645161579
EURUSD,NY,2023-10-06,Friday,4,1.0551,1.05315,0.0019499999999998963,long,2023-10-06 08:30:00,1.04826,2023-10-06 10:25:00,2023-10-06 10:30:00,1.05338,1.05012,1.0599,0.0032600000000000406,True,swing,2023-10-06 11:40:00,1.0599,target,15,2.0,0,0.0,2.0,2.0276073619631663,0.0
EURUSD,NY,2023-10-11,Wednesday,1,1.06282,1.05953,0.003290000000000015,short,2023-10-11 09:55:00,1.06347,2023-10-11 10:10:00,2023-10-11 10:15:00,1.06239,1.06347,1.06023,0.0010799999999999699,False,extreme,2023-10-11 12:20:00,1.06023,target,26,2.0,0,0.0,2.0,2.0462962962963953,0.5092592592593201
EURUSD,NY,2023-10-11,Wednesday,2,1.06282,1.05953,0.003290000000000015,long,2023-10-11 13:30:00,1.0585,2023-10-11 14:05:00,2023-10-11 14:10:00,1.05956,1.0585,1.0616800000000002,0.001060000000000061,False,extreme,2023-10-11 16:10:00,1.0616800000000002,target,25,2.0,0,0.0,2.0,2.1226415094337114,0.41509433962261383
EURUSD,NY,2023-10-12,Thursday,1,1.06399,1.06201,0.001980000000000093,long,2023-10-12 05:40:00,1.06161,2023-10-12 06:10:00,2023-10-12 06:15:00,1.0621,1.06161,1.0630800000000002,0.0004900000000001015,False,extreme,2023-10-12 07:05:00,1.06161,stop,11,-1.0,0,0.0,-1.0,1.1836734693875608,1.5714285714281182
EURUSD,NY,2023-10-12,Thursday,2,1.06399,1.06201,0.001980000000000093,long,2023-10-12 06:45:00,1.06133,2023-10-12 08:15:00,2023-10-12 08:20:00,1.0622,1.06133,1.0639399999999999,0.0008699999999999264,False,extreme,2023-10-12 08:30:00,1.06133,stop,3,-1.0,0,0.0,-1.0,0.4482758620688775,4.321839080460119
EURUSD,NY,2023-10-13,Friday,1,1.05579,1.05316,0.00262999999999991,long,2023-10-13 05:45:00,1.05139,2023-10-13 08:20:00,2023-10-13 08:25:00,1.05332,1.05139,1.05718,0.0019299999999999873,False,extreme,2023-10-13 10:00:00,1.05139,stop,20,-1.0,0,0.0,-1.0,0.7357512953367804,1.0569948186528784
EURUSD,NY,2023-10-16,Monday,1,1.05382,1.05223,0.0015899999999999803,short,2023-10-16 04:45:00,1.05428,2023-10-16 05:25:00,2023-10-16 05:30:00,1.05381,1.05428,1.0528699999999995,0.0004700000000001925,False,extreme,2023-10-16 06:00:00,1.0528699999999995,target,7,2.0,0,0.0,2.0,2.0851063829778287,0.8936170212764148
EURUSD,NY,2023-10-16,Monday,2,1.05382,1.05223,0.0015899999999999803,short,2023-10-16 08:00:00,1.05409,2023-10-16 08:05:00,2023-10-16 08:10:00,1.05374,1.05409,1.0530399999999998,0.0003500000000000725,False,extreme,2023-10-16 08:20:00,1.05409,stop,3,-1.0,0,0.0,-1.0,1.9714285714277557,1.2571428571425853
EURUSD,NY,2023-10-16,Monday,3,1.05382,1.05223,0.0015899999999999803,short,2023-10-16 08:50:00,1.0546,2023-10-16 09:05:00,2023-10-16 09:10:00,1.0537,1.0546,1.0519000000000003,0.0008999999999999009,False,extreme,2023-10-16 10:30:00,1.0546,stop,17,-1.0,0,0.0,-1.0,1.2555555555557776,1.0888888888889876
EURUSD,NY,2023-10-17,Tuesday,1,1.05548,1.0534,0.002080000000000082,long,2023-10-17 04:35:00,1.05329,2023-10-17 04:40:00,2023-10-17 04:45:00,1.05354,1.05329,1.0540399999999996,0.00024999999999986144,False,extreme,2023-10-17 05:00:00,1.0540399999999996,target,4,2.0,0,0.0,2.0,2.6800000000021673,0.9600000000006039
EURUSD,NY,2023-10-17,Tuesday,2,1.05548,1.0534,0.002080000000000082,short,2023-10-17 06:00:00,1.05626,2023-10-17 06:15:00,2023-10-17 06:20:00,1.05535,1.05626,1.05353,0.0009099999999999664,False,extreme,2023-10-17 07:10:00,1.05626,stop,11,-1.0,0,0.0,-1.0,0.8021978021979631,1.7802197802197963
EURUSD,NY,2023-10-17,Tuesday,3,1.05548,1.0534,0.002080000000000082,short,2023-10-17 07:00:00,1.05794,2023-10-17 08:30:00,2023-10-17 08:35:00,1.05432,1.05794,1.0470799999999996,0.0036200000000001786,False,extreme,2023-10-17 10:20:00,1.05794,stop,22,-1.0,0,0.0,-1.0,0.13259668508281497,1.1436464088397316
EURUSD,NY,2023-10-18,Wednesday,1,1.05942,1.05706,0.0023599999999999177,long,2023-10-18 05:50:00,1.05521,2023-10-18 08:15:00,2023-10-18 08:20:00,1.05725,1.05521,1.06133,0.0020400000000000418,False,extreme,2023-10-18 08:45:00,1.05521,stop,6,-1.0,0,0.0,-1.0,0.09313725490191596,1.1323529411764641
EURUSD,NY,2023-10-19,Thursday,1,1.05482,1.05282,0.0020000000000000018,short,2023-10-19 06:10:00,1.05492,2023-10-19 06:15:00,2023-10-19 06:20:00,1.05462,1.05492,1.0540199999999995,0.000300000000000189,False,extreme,2023-10-19 06:40:00,1.05492,stop,5,-1.0,0,0.0,-1.0,0.5666666666655811,1.6666666666661731
EURUSD,NY,2023-10-20,Friday,1,1.05788,1.0565,0.0013799999999999368,short,2023-10-20 04:20:00,1.0599,2023-10-20 08:20:00,2023-10-20 08:25:00,1.05689,1.05923,1.0522100000000005,0.0023399999999997867,True,swing,2023-10-20 09:35:00,1.05923,stop,15,-1.0,0,0.0,-1.0,0.14529914529916152,1.1153846153847176
EURUSD,NY,2023-10-20,Friday,2,1.05788,1.0565,0.0013799999999999368,short,2023-10-20 08:35:00,1.0595,2023-10-20 10:10:00,2023-10-20 10:15:00,1.05747,1.0595,1.0534099999999995,0.0020300000000001983,False,extreme,2023-10-20 10:35:00,1.0595,stop,5,-1.0,0,0.0,-1.0,0.12315270935952563,1.275862068965438
EURUSD,NY,2023-10-23,Monday,1,1.05976,1.05715,0.002610000000000001,short,2023-10-23 04:00:00,1.06149,2023-10-23 05:45:00,2023-10-23 05:50:00,1.05947,1.06149,1.0554299999999996,0.002020000000000133,False,extreme,2023-10-23 08:25:00,1.06149,stop,32,-1.0,0,0.0,-1.0,0.2079207920791274,1.1930693069306262
EURUSD,NY,2023-10-23,Monday,2,1.05976,1.05715,0.002610000000000001,short,2023-10-23 08:10:00,1.06188,2023-10-23 09:30:00,2023-10-23 09:35:00,1.05976,1.06188,1.0555200000000002,0.0021199999999998997,False,extreme,2023-10-23 10:15:00,1.06188,stop,9,-1.0,0,0.0,-1.0,0.3066037735849388,1.3207547169811538
EURUSD,NY,2023-10-25,Wednesday,1,1.06067,1.05784,0.00283000000000011,long,2023-10-25 05:20:00,1.05659,2023-10-25 07:35:00,2023-10-25 07:40:00,1.05787,1.05659,1.0604300000000004,0.0012800000000001699,False,extreme,2023-10-25 13:30:00,1.05659,stop,71,-1.0,0,0.0,-1.0,1.3203124999998008,1.0078124999998768
EURUSD,NY,2023-10-26,Thursday,1,1.05495,1.05329,0.0016599999999999948,short,2023-10-26 04:00:00,1.05526,2023-10-26 04:20:00,2023-10-26 04:25:00,1.05471,1.05526,1.05361,0.0005500000000000504,False,extreme,2023-10-26 06:55:00,1.05361,target,31,2.0,0,0.0,2.0,2.1818181818181452,0.872727272727258
EURUSD,NY,2023-10-26,Thursday,2,1.05495,1.05329,0.0016599999999999948,long,2023-10-26 07:30:00,1.05311,2023-10-26 07:35:00,2023-10-26 07:40:00,1.05332,1.05311,1.0537400000000001,0.00021000000000004349,False,extreme,2023-10-26 07:55:00,1.0537400000000001,target,4,2.0,0,0.0,2.0,2.619047619047317,0.3809523809526831
EURUSD,NY,2023-10-26,Thursday,3,1.05495,1.05329,0.0016599999999999948,short,2023-10-26 08:50:00,1.05603,2023-10-26 09:05:00,2023-10-26 09:10:00,1.05479,1.05603,1.0523099999999996,0.0012400000000001299,False,extreme,2023-10-26 14:30:00,1.05603,stop,65,-1.0,0,0.0,-1.0,1.8548387096771999,1.3548387096773788
EURUSD,NY,2023-10-26,Thursday,4,1.05495,1.05329,0.0016599999999999948,short,2023-10-26 13:45:00,1.05647,2023-10-26 15:40:00,2023-10-26 15:45:00,1.05496,1.05647,1.0519399999999997,0.0015100000000001224,False,extreme,2023-10-26 18:00:00,1.05647,stop,28,-1.0,0,0.0,-1.0,0.01986754966885567,1.0463576158940455
EURUSD,NY,2023-10-27,Friday,1,1.057,1.05521,0.0017899999999999583,long,2023-10-27 07:00:00,1.05354,2023-10-27 08:50:00,2023-10-27 08:55:00,1.05674,1.05354,1.0631400000000002,0.0032000000000000917,False,extreme,2023-10-27 16:55:00,1.05659,friday_close,97,-0.046875000000028186,0,0.0,-0.046875000000028186,0.9249999999999965,0.4281250000000169
EURUSD,NY,2023-10-30,Monday,1,1.05677,1.05531,0.0014600000000000168,long,2023-10-30 04:00:00,1.05471,2023-10-30 04:40:00,2023-10-30 04:45:00,1.05563,1.05471,1.0574700000000001,0.0009200000000000319,False,extreme,2023-10-30 05:10:00,1.0574700000000001,target,6,2.0,0,0.0,2.0,2.032608695652145,0.11956521739135943
EURUSD,NY,2023-10-31,Tuesday,1,1.06259,1.05908,0.003509999999999902,short,2023-10-31 04:10:00,1.0675,2023-10-31 08:55:00,2023-10-31 09:00:00,1.06238,1.0675,1.0521400000000005,0.005119999999999791,False,extreme,2023-10-31 23:55:00,1.05706,end_of_day,180,1.0390625000000406,0,0.0,1.0390625000000406,1.2949218750000793,0.03906249999999729
EURUSD,NY,2023-11-01,Wednesday,1,1.05777,1.0559,0.0018700000000000383,long,2023-11-01 04:15:00,1.05573,2023-11-01 05:00:00,2023-11-01 05:05:00,1.05614,1.05573,1.0569600000000001,0.00041000000000002146,False,extreme,2023-11-01 05:25:00,1.05573,stop,5,-1.0,0,0.0,-1.0,0.34146341463419916,2.268292682926948
EURUSD,NY,2023-11-02,Thursday,1,1.06102,1.05938,0.0016400000000000858,long,2023-11-02 04:05:00,1.05913,2023-11-02 04:10:00,2023-11-02 04:15:00,1.05975,1.05913,1.06099,0.0006200000000000649,False,extreme,2023-11-02 04:15:00,1.05913,stop,1,-1.0,0,0.0,-1.0,0.0,1.0
EURUSD,NY,2023-11-02,Thursday,2,1.06102,1.05938,0.0016400000000000858,long,2023-11-02 04:15:00,1.05913,2023-11-02 04:20:00,2023-11-02 04:25:00,1.05997,1.05913,1.0616500000000004,0.0008400000000001739,False,extreme,2023-11-02 05:25:00,1.0616500000000004,target,13,2.0,0,0.0,2.0,2.1547619047613007,0.4166666666666667
EURUSD,NY,2023-11-03,Friday,1,1.06338,1.06248,0.0008999999999999009,long,2023-11-03 04:00:00,1.06232,2023-11-03 04:05:00,2023-11-03 04:10:00,1.06299,1.06232,1.0643300000000004,0.0006700000000001705,False,extreme,2023-11-03 04:20:00,1.06232,stop,3,-1.0,0,0.0,-1.0,0.3582089552234849,1.1194029850743845
EURUSD,NY,2023-11-03,Friday,2,1.06338,1.06248,0.0008999999999999009,long,2023-11-03 04:20:00,1.06198,2023-11-03 04:45:00,2023-11-03 04:50:00,1.06264,1.06198,1.0639600000000002,0.000660000000000105,False,extreme,2023-11-03 05:35:00,1.0639600000000002,target,10,2.0,0,0.0,2.0,2.030303030302551,0.3181818181818335
EURUSD,NY,2023-11-06,Monday,1,1.07564,1.07316,0.0024800000000000377,long,2023-11-06 10:10:00,1.07262,2023-11-06 10:15:00,2023-11-06 10:20:00,1.07328,1.07262,1.0746000000000002,0.000660000000000105,False,extreme,2023-11-06 11:05:00,1.0746000000000002,target,10,2.0,0,0.0,2.0,2.5151515151511075,0.5151515151514438
EURUSD,NY,2023-11-06,Monday,2,1.07564,1.07316,0.0024800000000000377,long,2023-11-06 13:15:00,1.07291,2023-11-06 13:20:00,2023-11-06 13:25:00,1.07332,1.07291,1.07414,0.00041000000000002146,False,extreme,2023-11-06 14:05:00,1.07291,stop,9,-1.0,0,0.0,-1.0,0.9268292682927489,1.4634146341466452
EURUSD,NY,2023-11-07,Tuesday,1,1.07117,1.0692,0.0019700000000000273,long,2023-11-07 04:35:00,1.06815,2023-11-07 05:20:00,2023-11-07 05:25:00,1.06949,1.06815,1.0721700000000003,0.0013400000000001189,False,extreme,2023-11-07 05:50:00,1.06815,stop,6,-1.0,0,0.0,-1.0,0.20895522388062174,1.0149253731342591
EURUSD,NY,2023-11-07,Tuesday,2,1.07117,1.0692,0.0019700000000000273,long,2023-11-07 05:35:00,1.06643,2023-11-07 13:45:00,2023-11-07 13:50:00,1.06933,1.06643,1.0751299999999997,0.0028999999999999027,False,extreme,2023-11-07 23:55:00,1.06922,end_of_day,122,-0.03793103448270212,0,0.0,-0.03793103448270212,0.4034482758621223,0.23448275862062576
EURUSD,NY,2023-11-08,Wednesday,1,1.0693,1.06715,0.0021499999999998742,long,2023-11-08 04:00:00,1.06594,2023-11-08 06:00:00,2023-11-08 06:05:00,1.0673,1.06594,1.0700199999999995,0.0013599999999998058,False,extreme,2023-11-08 10:50:00,1.0700199999999995,target,58,2.0,0,0.0,2.0,2.529411764706324,0.9411764705883313
EURUSD,NY,2023-11-09,Thursday,1,1.07102,1.06938,0.0016400000000000858,long,2023-11-09 05:10:00,1.06922,2023-11-09 05:15:00,2023-11-09 05:20:00,1.06939,1.06922,1.06973,0.00017000000000000348,False,extreme,2023-11-09 05:25:00,1.06922,stop,2,-1.0,0,0.0,-1.0,1.0588235294108428,2.1764705882351403
EURUSD,NY,2023-11-09,Thursday,2,1.07102,1.06938,0.0016400000000000858,long,2023-11-09 05:25:00,1.06804,2023-11-09 08:20:00,2023-11-09 08:25:00,1.06937,1.06804,1.0720299999999996,0.0013299999999998313,False,extreme,2023-11-09 09:55:00,1.0720299999999996,target,19,2.0,0,0.0,2.0,2.3834586466169316,0.28571428571419033
EURUSD,NY,2023-11-09,Thursday,3,1.07102,1.06938,0.0016400000000000858,short,2023-11-09 09:45:00,1.07254,2023-11-09 10:25:00,2023-11-09 10:30:00,1.0709,1.07254,1.0676199999999998,0.0016400000000000858,False,extreme,2023-11-09 13:05:00,1.0676199999999998,target,32,2.0,2,0.012195121951218874,1.9878048780487811,2.20731707317059,0.5487804878049243
EURUSD,NY,2023-11-09,Thursday,4,1.07102,1.06938,0.0016400000000000858,long,2023-11-09 13:00:00,1.06728,2023-11-09 13:20:00,2023-11-09 13:25:00,1.07011,1.06728,1.0757699999999997,0.002829999999999888,False,extreme,2023-11-09 14:15:00,1.06728,stop,11,-1.0,0,0.0,-1.0,0.07420494699648474,1.2014134275618311
EURUSD,NY,2023-11-10,Friday,1,1.06783,1.06563,0.0021999999999999797,short,2023-11-10 04:45:00,1.06801,2023-11-10 04:50:00,2023-11-10 04:55:00,1.0677,1.06801,1.0670800000000005,0.00030999999999981043,False,extreme,2023-11-10 05:10:00,1.0670800000000005,target,4,2.0,0,0.0,2.0,2.1935483870981605,0.48387096774182
EURUSD,NY,2023-11-10,Friday,2,1.06783,1.06563,0.0021999999999999797,short,2023-11-10 05:45:00,1.0689,2023-11-10 06:30:00,2023-11-10 06:35:00,1.06782,1.0689,1.06566,0.0010799999999999699,False,extreme,2023-11-10 08:50:00,1.0689,stop,28,-1.0,0,0.0,-1.0,0.75,1.2962962962963953
EURUSD,NY,2023-11-10,Friday,3,1.06783,1.06563,0.0021999999999999797,short,2023-11-10 07:20:00,1.06928,2023-11-10 09:15:00,2023-11-10 09:20:00,1.06778,1.06928,1.0647799999999998,0.0015000000000000568,False,extreme,2023-11-10 16:55:00,1.06846,friday_close,92,-0.45333333333332543,0,0.0,-0.45333333333332543,1.0266666666665443,0.6533333333332958
EURUSD,NY,2023-11-13,Monday,1,1.06974,1.06834,0.0013999999999998458,short,2023-11-13 04:25:00,1.07014,2023-11-13 04:40:00,2023-11-13 04:45:00,1.06932,1.07014,1.06768,0.0008200000000000429,False,extreme,2023-11-13 07:10:00,1.06768,target,30,2.0,0,0.0,2.0,2.2439024390243505,0.7804878048779761
EURUSD,NY,2023-11-13,Monday,2,1.06974,1.06834,0.0013999999999998458,long,2023-11-13 07:00:00,1.06651,2023-11-13 10:15:00,2023-11-13 10:20:00,1.06837,1.06651,1.07209,0.0018599999999999728,False,extreme,2023-11-13 23:55:00,1.06962,end_of_day,164,0.6720430107526837,0,0.0,0.6720430107526837,1.2043010752688454,0.47849462365595186
EURUSD,NY,2023-11-14,Tuesday,1,1.071,1.06929,0.0017099999999998783,short,2023-11-14 04:20:00,1.07128,2023-11-14 04:25:00,2023-11-14 04:30:00,1.0709,1.07128,1.0701399999999999,0.00038000000000004697,False,extreme,2023-11-14 04:35:00,1.07128,stop,2,-1.0,0,0.0,-1.0,0.8947368421051709,1.289473684210634
EURUSD,NY,2023-11-15,Wednesday,1,1.08794,1.08648,0.0014600000000000168,long,2023-11-15 04:00:00,1.08438,2023-11-15 06:45:00,2023-11-15 06:50:00,1.0865,1.08438,1.0907400000000003,0.002120000000000122,False,extreme,2023-11-15 08:40:00,1.08438,stop,23,-1.0,0,0.0,-1.0,0.9764150943395742,1.1745283018867736
EURUSD,NY,2023-11-15,Wednesday,2,1.08794,1.08648,0.0014600000000000168,long,2023-11-15 11:05:00,1.08614,2023-11-15 11:15:00,2023-11-15 11:20:00,1.08663,1.08614,1.0876099999999997,0.0004899999999998794,False,extreme,2023-11-15 11:30:00,1.08614,stop,3,-1.0,0,0.0,-1.0,0.061224489795881375,2.102040816327224
EURUSD,NY,2023-11-16,Thursday,1,1.08551,1.08335,0.0021599999999999397,short,2023-11-16 04:00:00,1.08579,2023-11-16 04:05:00,2023-11-16 04:10:00,1.08547,1.08579,1.0848299999999997,0.000320000000000098,False,extreme,2023-11-16 04:15:00,1.08579,stop,2,-1.0,0,0.0,-1.0,0.5312499999998482,1.9062499999994145
EURUSD,NY,2023-11-16,Thursday,2,1.08551,1.08335,0.0021599999999999397,short,2023-11-16 04:10:00,1.08608,2023-11-16 04:35:00,2023-11-16 04:40:00,1.08528,1.08608,1.0836800000000002,0.0007999999999999119,False,extreme,2023-11-16 08:30:00,1.08608,stop,47,-1.0,0,0.0,-1.0,1.7250000000001111,1.7625000000000832
EURUSD,NY,2023-11-16,Thursday,3,1.08551,1.08335,0.0021599999999999397,short,2023-11-16 08:30:00,1.08956,2023-11-16 11:30:00,2023-11-16 11:35:00,1.0854,1.08956,1.0770799999999996,0.004160000000000164,False,extreme,2023-11-16 23:55:00,1.08504,end_of_day,149,0.08653846153843793,0,0.0,0.08653846153843793,0.23557692307690922,0.28125000000001665
EURUSD,NY,2023-11-17,Friday,1,1.08563,1.08248,0.003149999999999986,short,2023-11-17 04:10:00,1.08572,2023-11-17 04:15:00,2023-11-17 04:20:00,1.08501,1.08572,1.08359,0.0007099999999999884,False,extreme,2023-11-17 04:40:00,1.08572,stop,5,-1.0,0,0.0,-1.0,0.35211267605646135,1.1690140845069013
EURUSD,NY,2023-11-17,Friday,2,1.08563,1.08248,0.003149999999999986,short,2023-11-17 04:40:00,1.08584,2023-11-17 04:55:00,2023-11-17 05:00:00,1.0853,1.08584,1.08422,0.0005399999999999849,False,extreme,2023-11-17 05:05:00,1.08584,stop,2,-1.0,0,0.0,-1.0,0.2592592592593202,1.0925925925927906
EURUSD,NY,2023-11-20,Monday,1,1.09298,1.09132,0.0016599999999999948,short,2023-11-20 04:15:00,1.09402,2023-11-20 05:05:00,2023-11-20 05:10:00,1.09276,1.09402,1.0902399999999999,0.0012600000000000389,False,extreme,2023-11-20 09:45:00,1.09402,stop,56,-1.0,0,0.0,-1.0,0.6984126984126704,1.3095238095238892
EURUSD,NY,2023-11-20,Monday,2,1.09298,1.09132,0.0016599999999999948,short,2023-11-20 09:35:00,1.09458,2023-11-20 10:20:00,2023-11-20 10:25:00,1.0928,1.09458,1.0892399999999998,0.0017800000000001148,False,extreme,2023-11-20 12:00:00,1.09458,stop,20,-1.0,0,0.0,-1.0,0.08988764044939755,1.1067415730336518
EURUSD,NY,2023-11-21,Tuesday,1,1.0964,1.09438,0.002020000000000133,long,2023-11-21 04:55:00,1.09425,2023-11-21 05:05:00,2023-11-21 05:10:00,1.09457,1.09425,1.0952100000000002,0.000320000000000098,False,extreme,2023-11-21 05:20:00,1.0952100000000002,target,3,2.0,0,0.0,2.0,2.0312499999995013,0.0
EURUSD,NY,2023-11-21,Tuesday,2,1.0964,1.09438,0.002020000000000133,long,2023-11-21 06:10:00,1.09411,2023-11-21 06:35:00,2023-11-21 06:40:00,1.0945,1.09411,1.0952800000000003,0.0003900000000001125,False,extreme,2023-11-21 06:50:00,1.09411,stop,3,-1.0,0,0.0,-1.0,0.4102564102561329,1.1538461538459788
EURUSD,NY,2023-11-21,Tuesday,3,1.0964,1.09438,0.002020000000000133,long,2023-11-21 06:45:00,1.09391,2023-11-21 07:05:00,2023-11-21 07:10:00,1.09437,1.09391,1.0952900000000003,0.000460000000000127,False,extreme,2023-11-21 08:00:00,1.0952900000000003,target,11,2.0,0,0.0,2.0,2.0434782608688726,0.1739130434783868
EURUSD,NY,2023-11-21,Tuesday,4,1.0964,1.09438,0.002020000000000133,long,2023-11-21 08:40:00,1.09392,2023-11-21 08:55:00,2023-11-21 09:00:00,1.09452,1.09392,1.0957199999999998,0.0005999999999999339,False,extreme,2023-11-21 09:15:00,1.0957199999999998,target,4,2.0,0,0.0,2.0,2.066666666667111,0.09999999999992598
EURUSD,NY,2023-11-21,Tuesday,5,1.0964,1.09438,0.002020000000000133,long,2023-11-21 10:25:00,1.09378,2023-11-21 10:40:00,2023-11-21 10:45:00,1.09449,1.09378,1.09591,0.0007099999999999884,False,extreme,2023-11-21 10:50:00,1.09378,stop,2,-1.0,0,0.0,-1.0,0.09859154929579667,1.2394366197183186
EURUSD,NY,2023-11-22,Wednesday,1,1.09199,1.08828,0.003710000000000102,long,2023-11-22 09:10:00,1.08715,2023-11-22 09:35:00,2023-11-22 09:40:00,1.0884,1.08715,1.0909,0.0012499999999999734,False,extreme,2023-11-22 10:00:00,1.08715,stop,5,-1.0,0,0.0,-1.0,0.32800000000002416,2.0640000000000653
EURUSD,NY,2023-11-22,Wednesday,2,1.09199,1.08828,0.003710000000000102,long,2023-11-22 09:45:00,1.08532,2023-11-22 13:10:00,2023-11-22 13:15:00,1.08836,1.08532,1.0944399999999999,0.0030399999999999316,False,extreme,2023-11-22 23:55:00,1.09027,end_of_day,129,0.6282894736842504,0,0.0,0.6282894736842504,0.7335526315789488,0.14473684210526508
EURUSD,NY,2023-11-23,Thursday,1,1.09305,1.08953,0.0035199999999999676,long,2023-11-23 09:10:00,1.08872,2023-11-23 09:30:00,2023-11-23 09:35:00,1.0896,1.08872,1.0913599999999999,0.0008799999999999919,False,extreme,2023-11-23 23:55:00,1.09037,end_of_day,173,0.8750000000001893,0,0.0,0.8750000000001893,1.6590909090909436,0.23863636363616292
EURUSD,NY,2023-11-24,Friday,1,1.09194,1.09032,0.0016199999999999548,long,2023-11-24 04:55:00,1.09017,2023-11-24 05:00:00,2023-11-24 05:05:00,1.09035,1.09017,1.0907099999999996,0.00017999999999984695,False,extreme,2023-11-24 05:05:00,1.0907099999999996,target,1,2.0,0,0.0,2.0,2.944444444447734,0.0
EURUSD,NY,2023-11-24,Friday,2,1.09194,1.09032,0.0016199999999999548,short,2023-11-24 07:15:00,1.09283,2023-11-24 07:40:00,2023-11-24 07:45:00,1.09184,1.09283,1.0898599999999998,0.0009900000000000464,False,extreme,2023-11-24 09:15:00,1.09283,stop,19,-1.0,0,0.0,-1.0,1.171717171716943,1.0303030303030032
EURUSD,NY,2023-11-27,Monday,1,1.09592,1.09391,0.0020100000000000673,long,2023-11-27 09:10:00,1.09251,2023-11-27 13:05:00,2023-11-27 13:10:00,1.09391,1.09251,1.0967099999999996,0.0013999999999998458,False,extreme,2023-11-27 23:55:00,1.09524,end_of_day,130,0.9500000000001427,0,0.0,0.9500000000001427,1.6928571428573174,0.20714285714280956
EURUSD,NY,2023-11-28,Tuesday,1,1.09534,1.09345,0.0018899999999999473,short,2023-11-28 04:55:00,1.09562,2023-11-28 05:00:00,2023-11-28 05:05:00,1.0952,1.09562,1.0943599999999998,0.00042000000000008697,False,extreme,2023-11-28 05:25:00,1.09562,stop,5,-1.0,0,0.0,-1.0,0.4285714285709754,1.1428571428569918
EURUSD,NY,2023-11-28,Tuesday,2,1.09534,1.09345,0.0018899999999999473,short,2023-11-28 05:25:00,1.09568,2023-11-28 05:30:00,2023-11-28 05:35:00,1.0951,1.09568,1.09394,0.0005800000000000249,False,extreme,2023-11-28 06:10:00,1.09568,stop,8,-1.0,0,0.0,-1.0,0.793103448275664,1.0862068965519023
EURUSD,NY,2023-11-28,Tuesday,3,1.09534,1.09345,0.0018899999999999473,short,2023-11-28 06:05:00,1.09576,2023-11-28 06:50:00,2023-11-28 06:55:00,1.09498,1.09576,1.09342,0.0007800000000000029,False,extreme,2023-11-28 07:10:00,1.09576,stop,4,-1.0,0,0.0,-1.0,0.15384615384630712,1.1538461538460225
EURUSD,NY,2023-11-28,Tuesday,4,1.09534,1.09345,0.0018899999999999473,short,2023-11-28 07:05:00,1.09624,2023-11-28 07:45:00,2023-11-28 07:50:00,1.09532,1.09624,1.09348,0.0009200000000000319,False,extreme,2023-11-28 08:25:00,1.09624,stop,8,-1.0,0,0.0,-1.0,0.8478260869564955,1.2173913043477946
EURUSD,NY,2023-11-29,Wednesday,1,1.10045,1.09767,0.0027800000000000047,long,2023-11-29 04:35:00,1.09718,2023-11-29 04:50:00,2023-11-29 04:55:00,1.09776,1.09718,1.0989200000000001,0.0005800000000000249,False,extreme,2023-11-29 05:00:00,1.09718,stop,2,-1.0,0,0.0,-1.0,0.1379310344825078,1.206896551724336
EURUSD,NY,2023-11-29,Wednesday,2,1.10045,1.09767,0.0027800000000000047,long,2023-11-29 04:55:00,1.09691,2023-11-29 06:30:00,2023-11-29 06:35:00,1.09768,1.09691,1.0992199999999999,0.0007699999999999374,False,extreme,2023-11-29 08:30:00,1.0992199999999999,target,24,2.0,0,0.0,2.0,2.3376623376625587,0.09090909090911713
EURUSD,NY,2023-11-29,Wednesday,3,1.10045,1.09767,0.0027800000000000047,long,2023-11-29 08:35:00,1.09619,2023-11-29 09:20:00,2023-11-29 09:25:00,1.09779,1.09619,1.1009900000000001,0.0016000000000000458,False,extreme,2023-11-29 10:20:00,1.09619,stop,12,-1.0,0,0.0,-1.0,0.8124999999998872,1.118749999999942
EURUSD,NY,2023-11-29,Wednesday,4,1.10045,1.09767,0.0027800000000000047,long,2023-11-29 10:05:00,1.096,2023-11-29 12:20:00,2023-11-29 12:25:00,1.09766,1.096,1.10098,0.0016599999999999948,False,extreme,2023-11-29 23:55:00,1.09689,end_of_day,139,-0.4638554216868445,0,0.0,-0.4638554216868445,1.0963855421686377,0.5783132530120934
EURUSD,NY,2023-11-30,Thursday,1,1.09819,1.09204,0.0061500000000001,long,2023-11-30 05:10:00,1.09096,2023-11-30 05:35:00,2023-11-30 05:40:00,1.09212,1.09096,1.09444,0.0011600000000000499,False,extreme,2023-11-30 06:20:00,1.09096,stop,9,-1.0,0,0.0,-1.0,0.13793103448269922,1.0431034482757597
EURUSD,NY,2023-11-30,Thursday,2,1.09819,1.09204,0.0061500000000001,long,2023-11-30 05:50:00,1.09091,2023-11-30 07:20:00,2023-11-30 07:25:00,1.09205,1.09091,1.0943299999999998,0.0011399999999999189,False,extreme,2023-11-30 08:30:00,1.0943299999999998,target,14,2.0,0,0.0,2.0,2.473684210526531,0.15789473684217703
EURUSD,NY,2023-11-30,Thursday,3,1.09819,1.09204,0.0061500000000001,long,2023-11-30 08:50:00,1.09078,2023-11-30 09:10:00,2023-11-30 09:15:00,1.09212,1.09078,1.0947999999999998,0.0013399999999998968,False,extreme,2023-11-30 09:30:00,1.09078,stop,4,-1.0,0,0.0,-1.0,0.09701492537311454,1.0074626865672136
EURUSD,NY,2023-12-01,Friday,1,1.09122,1.08859,0.0026300000000001322,long,2023-12-01 06:05:00,1.08826,2023-12-01 06:10:00,2023-12-01 06:15:00,1.08891,1.08826,1.0902100000000001,0.0006500000000000394,False,extreme,2023-12-01 07:45:00,1.08826,stop,19,-1.0,0,0.0,-1.0,1.8461538461535307,1.261538461538451
EURUSD,NY,2023-12-01,Friday,2,1.09122,1.08859,0.0026300000000001322,long,2023-12-01 07:45:00,1.08286,2023-12-01 13:15:00,2023-12-01 13:20:00,1.08905,1.08785,1.0914500000000003,0.0012000000000000899,True,swing,2023-12-01 14:45:00,1.08785,stop,18,-1.0,0,0.0,-1.0,0.1916666666666127,1.341666666666659
EURUSD,NY,2023-12-04,Monday,1,1.08766,1.085,0.0026600000000001067,short,2023-12-04 04:15:00,1.08784,2023-12-04 04:35:00,2023-12-04 04:40:00,1.08748,1.08784,1.0867600000000002,0.00035999999999991594,False,extreme,2023-12-04 04:45:00,1.08784,stop,2,-1.0,0,0.0,-1.0,1.0,1.1666666666671806
EURUSD,NY,2023-12-04,Monday,2,1.08766,1.085,0.0026600000000001067,short,2023-12-04 04:40:00,1.08809,2023-12-04 04:50:00,2023-12-04 04:55:00,1.08762,1.08809,1.08668,0.00046999999999997044,False,extreme,2023-12-04 05:10:00,1.08668,target,4,2.0,0,0.0,2.0,2.7659574468088524,0.27659574468079073
EURUSD,NY,2023-12-04,Monday,3,1.08766,1.085,0.0026600000000001067,short,2023-12-04 06:25:00,1.0879,2023-12-04 06:35:00,2023-12-04 06:40:00,1.08748,1.0879,1.0866399999999998,0.00042000000000008697,False,extreme,2023-12-04 07:00:00,1.0866399999999998,target,5,2.0,0,0.0,2.0,2.1428571428564633,0.4285714285715041
EURUSD,NY,2023-12-06,Wednesday,1,1.08019,1.07752,0.00266999999999995,long,2023-12-06 07:10:00,1.0773,2023-12-06 07:15:00,2023-12-06 07:20:00,1.07752,1.0773,1.0779600000000003,0.000220000000000109,False,extreme,2023-12-06 07:25:00,1.0773,stop,2,-1.0,0,0.0,-1.0,0.5,1.1818181818172642
EURUSD,NY,2023-12-06,Wednesday,2,1.08019,1.07752,0.00266999999999995,long,2023-12-06 07:25:00,1.07726,2023-12-06 07:30:00,2023-12-06 07:35:00,1.07772,1.07726,1.0786399999999998,0.00045999999999990493,False,extreme,2023-12-06 08:15:00,1.0786399999999998,target,9,2.0,0,0.0,2.0,2.4565217391311065,0.7391304347827766
EURUSD,NY,2023-12-06,Wednesday,3,1.08019,1.07752,0.00266999999999995,short,2023-12-06 09:25:00,1.08045,2023-12-06 09:30:00,2023-12-06 09:35:00,1.07978,1.08045,1.07844,0.0006699999999999484,False,extreme,2023-12-06 11:30:00,1.07844,target,24,2.0,0,0.0,2.0,2.1044776119403283,0.40298507462688543
EURUSD,NY,2023-12-06,Wednesday,4,1.08019,1.07752,0.00266999999999995,long,2023-12-06 13:25:00,1.07712,2023-12-06 13:30:00,2023-12-06 13:35:00,1.07752,1.07712,1.07832,0.00039999999999995595,False,extreme,2023-12-06 14:20:00,1.07712,stop,10,-1.0,0,0.0,-1.0,1.25,1.8500000000001111
EURUSD,NY,2023-12-07,Thursday,1,1.07829,1.07553,0.0027599999999998737,short,2023-12-07 04:50:00,1.07846,2023-12-07 04:55:00,2023-12-07 05:00:00,1.078,1.07846,1.0770800000000003,0.00045999999999990493,False,extreme,2023-12-07 05:25:00,1.0770800000000003,target,6,2.0,0,0.0,2.0,2.0000000000004827,0.7391304347827766
EURUSD,NY,2023-12-07,Thursday,2,1.07829,1.07553,0.0027599999999998737,short,2023-12-07 08:35:00,1.07981,2023-12-07 09:10:00,2023-12-07 09:15:00,1.07822,1.07981,1.07504,0.0015899999999999803,False,extreme,2023-12-07 12:20:00,1.07981,stop,38,-1.0,0,0.0,-1.0,0.9433962264151418,1.1698113207547143
EURUSD,NY,2023-12-08,Friday,1,1.07914,1.0773,0.0018400000000000638,long,2023-12-08 08:15:00,1.07234,2023-12-08 10:10:00,2023-12-08 10:15:00,1.07745,1.07455,1.0832500000000003,0.0029000000000001247,True,swing,2023-12-08 11:55:00,1.07455,stop,21,-1.0,0,0.0,-1.0,0.3896551724138023,1.0551724137930796
EURUSD,NY,2023-12-11,Monday,1,1.07707,1.07513,0.0019400000000000528,short,2023-12-11 05:00:00,1.07721,2023-12-11 05:05:00,2023-12-11 05:10:00,1.07696,1.07721,1.0764599999999998,0.0002500000000000835,False,extreme,2023-12-11 05:15:00,1.07721,stop,2,-1.0,0,0.0,-1.0,0.6799999999997869,3.679999999998899
EURUSD,NY,2023-12-11,Monday,2,1.07707,1.07513,0.0019400000000000528,short,2023-12-11 05:10:00,1.07789,2023-12-11 06:15:00,2023-12-11 06:20:00,1.07693,1.07789,1.0750099999999998,0.0009600000000000719,False,extreme,2023-12-11 09:15:00,1.0750099999999998,target,36,2.0,0,0.0,2.0,2.291666666666474,0.8854166666666184
EURUSD,NY,2023-12-11,Monday,3,1.07707,1.07513,0.0019400000000000528,long,2023-12-11 09:15:00,1.07439,2023-12-11 09:40:00,2023-12-11 09:45:00,1.07566,1.07439,1.0782000000000003,0.0012700000000001044,False,extreme,2023-12-11 10:40:00,1.07439,stop,12,-1.0,0,0.0,-1.0,0.26771653543305435,1.1732283464565896
EURUSD,NY,2023-12-11,Monday,4,1.07707,1.07513,0.0019400000000000528,long,2023-12-11 10:25:00,1.07416,2023-12-11 12:05:00,2023-12-11 12:10:00,1.07539,1.07416,1.0778500000000002,0.0012300000000000644,False,extreme,2023-12-11 23:55:00,1.07651,end_of_day,142,0.9105691056910172,0,0.0,0.9105691056910172,1.3333333333331527,0.9349593495934343
EURUSD,NY,2023-12-12,Tuesday,1,1.07921,1.07651,0.0026999999999999247,short,2023-12-12 04:45:00,1.0827,2023-12-12 08:40:00,2023-12-12 08:45:00,1.07852,1.0827,1.0701599999999998,0.0041800000000000725,False,extreme,2023-12-12 23:55:00,1.07864,end_of_day,183,-0.02870813397132008,0,0.0,-0.02870813397132008,0.4330143540669464,0.3588516746411557
EURUSD,NY,2023-12-13,Wednesday,1,1.07927,1.07802,0.0012499999999999734,long,2023-12-13 05:15:00,1.0773,2023-12-13 06:30:00,2023-12-13 06:35:00,1.07829,1.0773,1.08027,0.0009900000000000464,False,extreme,2023-12-13 08:50:00,1.08027,target,28,2.0,0,0.0,2.0,2.1010101010100852,0.2020202020201703
EURUSD,NY,2023-12-13,Wednesday,2,1.07927,1.07802,0.0012499999999999734,short,2023-12-13 08:35:00,1.08094,2023-12-13 09:35:00,2023-12-13 09:40:00,1.07846,1.08094,1.0735,0.0024800000000000377,False,extreme,2023-12-13 14:00:00,1.08094,stop,53,-1.0,0,0.0,-1.0,0.18548387096770078,2.5241935483870312
EURUSD,NY,2023-12-14,Thursday,1,1.0908,1.08799,0.002809999999999979,short,2023-12-14 04:00:00,1.09129,2023-12-14 04:10:00,2023-12-14 04:15:00,1.09081,1.09129,1.08985,0.00048000000000003595,False,extreme,2023-12-14 05:00:00,1.08985,target,10,2.0,0,0.0,2.0,2.0624999999999423,0.874999999999653
EURUSD,NY,2023-12-14,Thursday,2,1.0908,1.08799,0.002809999999999979,short,2023-12-14 05:40:00,1.09114,2023-12-14 05:45:00,2023-12-14 05:50:00,1.09065,1.09114,1.0896699999999997,0.0004900000000001015,False,extreme,2023-12-14 05:50:00,1.09114,stop,1,-1.0,0,0.0,-1.0,0.10204081632627167,1.3061224489797214
EURUSD,NY,2023-12-14,Thursday,3,1.0908,1.08799,0.002809999999999979,short,2023-12-14 05:50:00,1.09398,2023-12-14 08:10:00,2023-12-14 08:15:00,1.09075,1.09398,1.0842900000000004,0.003229999999999844,False,extreme,2023-12-14 08:50:00,1.09398,stop,8,-1.0,0,0.0,-1.0,0.06191950464402776,1.0030959752322186
EURUSD,NY,2023-12-15,Friday,1,1.09992,1.09462,0.005300000000000082,long,2023-12-15 07:55:00,1.09394,2023-12-15 08:05:00,2023-12-15 08:10:00,1.09465,1.09394,1.0960699999999999,0.0007099999999999884,False,extreme,2023-12-15 08:30:00,1.09394,stop,5,-1.0,0,0.0,-1.0,0.2676056338030107,3.3661971830984947
EURUSD,NY,2023-12-18,Monday,1,1.093,1.0911,0.0019000000000000128,long,2023-12-18 05:55:00,1.09073,2023-12-18 06:10:00,2023-12-18 06:15:00,1.09114,1.09073,1.09196,0.00041000000000002146,False,extreme,2023-12-18 08:00:00,1.09196,target,22,2.0,0,0.0,2.0,2.1951219512191558,0.9268292682927489
EURUSD,NY,2023-12-19,Tuesday,1,1.09425,1.0921,0.0021499999999998742,short,2023-12-19 04:05:00,1.09495,2023-12-19 04:30:00,2023-12-19 04:35:00,1.09427,1.09495,1.09291,0.0006800000000000139,False,extreme,2023-12-19 07:40:00,1.09495,stop,38,-1.0,0,0.0,-1.0,1.7941176470587852,1.2205882352939255
EURUSD,NY,2023-12-20,Wednesday,1,1.09715,1.09507,0.002080000000000082,long,2023-12-20 05:30:00,1.0947,2023-12-20 05:35:00,2023-12-20 05:40:00,1.09518,1.0947,1.0961400000000001,0.00048000000000003595,False,extreme,2023-12-20 06:10:00,1.0947,stop,7,-1.0,0,0.0,-1.0,1.4166666666665895,1.0
EURUSD,NY,2023-12-20,Wednesday,2,1.09715,1.09507,0.002080000000000082,long,2023-12-20 06:05:00,1.0934,2023-12-20 08:30:00,2023-12-20 08:35:00,1.0951,1.0934,1.0985,0.0017000000000000348,False,extreme,2023-12-20 15:55:00,1.0934,stop,89,-1.0,0,0.0,-1.0,1.4529411764705422,1.1647058823528413
EURUSD,NY,2023-12-20,Wednesday,3,1.09715,1.09507,0.002080000000000082,long,2023-12-20 14:40:00,1.09298,2023-12-20 20:30:00,2023-12-20 20:35:00,1.09523,1.09298,1.0997299999999997,0.0022499999999998632,False,extreme,2023-12-20 23:55:00,1.09494,end_of_day,41,-0.12888888888885291,0,0.0,-0.12888888888885291,0.0888888888888845,0.31111111111109574
EURUSD,NY,2023-12-21,Thursday,1,1.0956,1.09392,0.0016799999999999038,long,2023-12-21 04:00:00,1.09354,2023-12-21 04:10:00,2023-12-21 04:15:00,1.0939,1.09354,1.0946200000000004,0.000360000000000138,False,extreme,2023-12-21 04:35:00,1.0946200000000004,target,5,2.0,0,0.0,2.0,2.111111111109946,0.4166666666667695
EURUSD,NY,2023-12-22,Friday,1,1.1012,1.09938,0.0018199999999999328,short,2023-12-22 05:25:00,1.10402,2023-12-22 10:55:00,2023-12-22 11:00:00,1.10114,1.10402,1.09538,0.0028799999999999937,False,extreme,2023-12-22 16:55:00,1.10137,friday_close,72,-0.07986111111109478,0,0.0,-0.07986111111109478,0.3854166666666482,0.43402777777776946
EURUSD,NY,2023-12-26,Tuesday,1,1.10272,1.10137,0.0013499999999999623,long,2023-12-26 04:00:00,1.10095,2023-12-26 04:55:00,2023-12-26 05:00:00,1.10144,1.10095,1.1024199999999997,0.0004899999999998794,False,extreme,2023-12-26 07:40:00,1.10095,stop,33,-1.0,0,0.0,-1.0,1.0816326530613263,1.1836734693880973
EURUSD,NY,2023-12-26,Tuesday,2,1.10272,1.10137,0.0013499999999999623,long,2023-12-26 07:40:00,1.10086,2023-12-26 08:05:00,2023-12-26 08:10:00,1.10138,1.10086,1.1024200000000002,0.000520000000000076,False,extreme,2023-12-26 08:20:00,1.1024200000000002,target,3,2.0,0,0.0,2.0,2.057692307691823,0.038461538461784815
EURUSD,NY,2023-12-26,Tuesday,3,1.10272,1.10137,0.0013499999999999623,short,2023-12-26 10:05:00,1.10327,2023-12-26 10:30:00,2023-12-26 10:35:00,1.1027,1.10327,1.10156,0.0005699999999999594,False,extreme,2023-12-26 11:10:00,1.10327,stop,8,-1.0,0,0.0,-1.0,0.6315789473683185,1.0877192982458055
EURUSD,NY,2023-12-27,Wednesday,1,1.10545,1.10366,0.0017899999999999583,short,2023-12-27 05:20:00,1.10592,2023-12-27 06:00:00,2023-12-27 06:05:00,1.10533,1.10592,1.1041499999999997,0.0005900000000000905,False,extreme,2023-12-27 06:55:00,1.10592,stop,11,-1.0,0,0.0,-1.0,0.5254237288135338,1.0677966101695489
EURUSD,NY,2023-12-27,Wednesday,2,1.10545,1.10366,0.0017899999999999583,short,2023-12-27 06:50:00,1.10664,2023-12-27 07:40:00,2023-12-27 07:45:00,1.10537,1.10664,1.1028299999999998,0.0012700000000001044,False,extreme,2023-12-27 07:55:00,1.10664,stop,3,-1.0,0,0.0,-1.0,0.4015748031495815,1.275590551180962
EURUSD,NY,2023-12-28,Thursday,1,1.11258,1.11043,0.0021499999999998742,short,2023-12-28 04:30:00,1.11394,2023-12-28 05:35:00,2023-12-28 05:40:00,1.1125,1.11394,1.1096200000000003,0.0014399999999998858,False,extreme,2023-12-28 08:55:00,1.1096200000000003,target,40,2.0,0,0.0,2.0,3.6458333333336066,0.500000000000077
EURUSD,NY,2023-12-28,Thursday,2,1.11258,1.11043,0.0021499999999998742,long,2023-12-28 08:50:00,1.10723,2023-12-28 10:00:00,2023-12-28 10:05:00,1.11072,1.10723,1.1177,0.003489999999999993,False,extreme,2023-12-28 11:50:00,1.10723,stop,22,-1.0,0,0.0,-1.0,0.1776504297994459,1.025787965616024
EURUSD,NY,2023-12-29,Friday,1,1.10776,1.10582,0.0019400000000000528,long,2023-12-29 04:10:00,1.10444,2023-12-29 05:35:00,2023-12-29 05:40:00,1.10632,1.10444,1.1100799999999997,0.0018799999999998818,False,extreme,2023-12-29 10:55:00,1.10444,stop,64,-1.0,0,0.0,-1.0,0.9148936170213042,1.0904255319149012
EURUSD,NY,2023-12-29,Friday,2,1.10776,1.10582,0.0019400000000000528,long,2023-12-29 10:45:00,1.10427,2023-12-29 11:45:00,2023-12-29 11:50:00,1.10582,1.10427,1.10892,0.0015499999999999403,False,extreme,2023-12-29 14:20:00,1.10427,stop,31,-1.0,0,0.0,-1.0,0.5548387096774943,1.0
EURUSD,NY,2024-01-04,Thursday,1,1.0956,1.0921,0.0034999999999998366,short,2024-01-04 04:15:00,1.09581,2024-01-04 04:20:00,2024-01-04 04:25:00,1.09557,1.09581,1.09509,0.00024000000000001798,False,extreme,2024-01-04 04:30:00,1.09581,stop,2,-1.0,0,0.0,-1.0,1.6249999999994218,1.7500000000002314
EURUSD,NY,2024-01-04,Thursday,2,1.0956,1.0921,0.0034999999999998366,short,2024-01-04 04:25:00,1.09723,2024-01-04 05:50:00,2024-01-04 05:55:00,1.09551,1.09723,1.09207,0.0017199999999999438,False,extreme,2024-01-04 23:55:00,1.09374,end_of_day,217,1.0290697674419227,0,0.0,1.0290697674419227,1.2965116279069926,0.6046511627906767
EURUSD,NY,2024-01-05,Friday,1,1.0938,1.09034,0.0034600000000000186,long,2024-01-05 08:30:00,1.08769,2024-01-05 08:40:00,2024-01-05 08:45:00,1.09171,1.08769,1.0997499999999998,0.0040199999999999125,False,extreme,2024-01-05 10:10:00,1.0997499999999998,target,18,2.0,0,0.0,2.0,2.0223880597015294,0.29601990049752497
EURUSD,NY,2024-01-05,Friday,2,1.0938,1.09034,0.0034600000000000186,short,2024-01-05 09:25:00,1.09984,2024-01-05 13:10:00,2024-01-05 13:15:00,1.09399,1.09984,1.0822900000000002,0.005849999999999911,False,extreme,2024-01-05 16:55:00,1.09415,friday_close,45,-0.027350427350417164,0,0.0,-0.027350427350417164,0.0769230769230886,0.34017094017093447
EURUSD,NY,2024-01-08,Monday,1,1.09524,1.09296,0.0022800000000000598,long,2024-01-08 04:00:00,1.09273,2024-01-08 04:05:00,2024-01-08 04:10:00,1.09311,1.09273,1.0938700000000001,0.00038000000000004697,False,extreme,2024-01-08 04:20:00,1.09273,stop,3,-1.0,0,0.0,-1.0,0.23684210526292723,1.6315789473683904
EURUSD,NY,2024-01-08,Monday,2,1.09524,1.09296,0.0022800000000000598,long,2024-01-08 04:15:00,1.09227,2024-01-08 04:40:00,2024-01-08 04:45:00,1.09325,1.09227,1.09521,0.0009799999999999809,False,extreme,2024-01-08 08:30:00,1.09521,target,46,2.0,0,0.0,2.0,2.142857142857175,0.0
EURUSD,NY,2024-01-08,Monday,3,1.09524,1.09296,0.0022800000000000598,short,2024-01-08 08:35:00,1.09563,2024-01-08 08:45:00,2024-01-08 08:50:00,1.09493,1.09563,1.0935299999999997,0.000700000000000145,False,extreme,2024-01-08 09:10:00,1.09563,stop,5,-1.0,0,0.0,-1.0,0.15714285714290246,1.3571428571425852
EURUSD,NY,2024-01-08,Monday,4,1.09524,1.09296,0.0022800000000000598,short,2024-01-08 09:05:00,1.09789,2024-01-08 13:35:00,2024-01-08 13:40:00,1.09518,1.09789,1.08976,0.00270999999999999,False,extreme,2024-01-08 23:55:00,1.09562,end_of_day,124,-0.16236162361623527,0,0.0,-0.16236162361623527,0.2509225092250983,0.5387453874538827
EURUSD,NY,2024-01-09,Tuesday,1,1.0963,1.0939,0.0023999999999999577,long,2024-01-09 04:10:00,1.0938,2024-01-09 04:15:00,2024-01-09 04:20:00,1.0942,1.0938,1.095,0.00039999999999995595,False,extreme,2024-01-09 05:05:00,1.0938,stop,10,-1.0,0,0.0,-1.0,0.9749999999998334,1.3000000000003331
EURUSD,NY,2024-01-09,Tuesday,2,1.0963,1.0939,0.0023999999999999577,long,2024-01-09 05:05:00,1.0936,2024-01-09 05:15:00,2024-01-09 05:20:00,1.09398,1.0936,1.09474,0.00038000000000004697,False,extreme,2024-01-09 05:25:00,1.09474,target,2,2.0,0,0.0,2.0,2.2105263157890738,0.2631578947367806
EURUSD,NY,2024-01-09,Tuesday,3,1.0963,1.0939,0.0023999999999999577,long,2024-01-09 05:45:00,1.0929,2024-01-09 07:20:00,2024-01-09 07:25:00,1.09412,1.0929,1.09656,0.0012199999999999989,False,extreme,2024-01-09 10:40:00,1.0929,stop,40,-1.0,0,0.0,-1.0,0.8278688524589806,1.0245901639344053
EURUSD,NY,2024-01-09,Tuesday,4,1.0963,1.0939,0.0023999999999999577,long,2024-01-09 10:25:00,1.09103,2024-01-09 13:00:00,2024-01-09 13:05:00,1.09388,1.09103,1.09958,0.002850000000000019,False,extreme,2024-01-09 23:55:00,1.0932,end_of_day,131,-0.23859649122807344,0,0.0,-0.23859649122807344,0.0315789473684719,0.6526315789473545
EURUSD,NY,2024-01-10,Wednesday,1,1.09455,1.0923,0.0022499999999998632,short,2024-01-10 04:10:00,1.09555,2024-01-10 06:25:00,2024-01-10 06:30:00,1.09446,1.09555,1.09228,0.0010900000000000354,False,extreme,2024-01-10 10:30:00,1.09555,stop,49,-1.0,0,0.0,-1.0,1.1467889908256264,1.2201834862385414
EURUSD,NY,2024-01-11,Thursday,1,1.09886,1.09718,0.0016799999999999038,long,2024-01-11 04:05:00,1.09588,2024-01-11 06:00:00,2024-01-11 06:05:00,1.09728,1.09588,1.1000800000000002,0.0014000000000000679,False,extreme,2024-01-11 08:30:00,1.09588,stop,30,-1.0,0,0.0,-1.0,1.7714285714285125,2.3142857142856963
EURUSD,NY,2024-01-11,Thursday,2,1.09886,1.09718,0.0016799999999999038,long,2024-01-11 08:30:00,1.09304,2024-01-11 14:10:00,2024-01-11 14:15:00,1.09744,1.09436,1.1036,0.0030799999999999716,True,swing,2024-01-11 23:55:00,1.09758,end_of_day,117,0.04545454545455529,0,0.0,0.04545454545455529,0.3571428571428932,0.5876623376623
EURUSD,NY,2024-01-12,Friday,1,1.0983,1.0961,0.0021999999999999797,long,2024-01-12 05:00:00,1.0957,2024-01-12 05:25:00,2024-01-12 05:30:00,1.0961,1.0957,1.0969000000000004,0.000400000000000178,False,extreme,2024-01-12 05:50:00,1.0957,stop,5,-1.0,0,0.0,-1.0,0.7999999999993339,1.0
EURUSD,NY,2024-01-12,Friday,2,1.0983,1.0961,0.0021999999999999797,long,2024-01-12 05:45:00,1.09361,2024-01-12 08:30:00,2024-01-12 08:35:00,1.09641,1.09361,1.1020100000000004,0.0028000000000001357,False,extreme,2024-01-12 16:55:00,1.09504,friday_close,101,-0.4892857142857239,0,0.0,-0.4892857142857239,0.8178571428570687,0.6857142857143038
EURUSD,NY,2024-01-15,Monday,1,1.09665,1.09514,0.0015099999999999003,long,2024-01-15 04:35:00,1.09336,2024-01-15 07:10:00,2024-01-15 07:15:00,1.0955,1.09336,1.0997799999999995,0.0021399999999998087,False,extreme,2024-01-15 19:35:00,1.09336,stop,149,-1.0,0,0.0,-1.0,0.18691588785056718,1.0093457943925854
EURUSD,NY,2024-01-16,Tuesday,1,1.09268,1.08947,0.003210000000000157,long,2024-01-16 04:05:00,1.08906,2024-01-16 04:20:00,2024-01-16 04:25:00,1.08959,1.08906,1.0906500000000003,0.0005300000000001415,False,extreme,2024-01-16 04:35:00,1.08906,stop,3,-1.0,0,0.0,-1.0,0.2641509433962106,1.2641509433957916
EURUSD,NY,2024-01-16,Tuesday,2,1.09268,1.08947,0.003210000000000157,long,2024-01-16 04:30:00,1.08622,2024-01-16 11:20:00,2024-01-16 11:25:00,1.08945,1.08622,1.0959100000000002,0.003230000000000066,False,extreme,2024-01-16 17:00:00,1.08622,stop,68,-1.0,0,0.0,-1.0,0.0030959752322183612,1.006191950464368
EURUSD,NY,2024-01-17,Wednesday,1,1.08817,1.08555,0.0026200000000000667,short,2024-01-17 05:05:00,1.08838,2024-01-17 05:15:00,2024-01-17 05:20:00,1.08787,1.08838,1.0868499999999999,0.0005100000000000104,False,extreme,2024-01-17 05:35:00,1.0868499999999999,target,4,2.0,0,0.0,2.0,2.2745098039211844,0.25490196078467225
EURUSD,NY,2024-01-17,Wednesday,2,1.08817,1.08555,0.0026200000000000667,short,2024-01-17 06:40:00,1.08831,2024-01-17 06:45:00,2024-01-17 06:50:00,1.08798,1.08831,1.0873199999999996,0.0003300000000001635,False,extreme,2024-01-17 07:25:00,1.0873199999999996,target,8,2.0,0,0.0,2.0,2.242424242423019,0.5454545454544842
EURUSD,NY,2024-01-17,Wednesday,3,1.08817,1.08555,0.0026200000000000667,long,2024-01-17 09:45:00,1.08466,2024-01-17 10:00:00,2024-01-17 10:05:00,1.08601,1.08466,1.0887099999999998,0.0013499999999999623,False,extreme,2024-01-17 10:50:00,1.08466,stop,10,-1.0,0,0.0,-1.0,0.8074074074074561,1.148148148148136
EURUSD,NY,2024-01-17,Wednesday,4,1.08817,1.08555,0.0026200000000000667,long,2024-01-17 10:40:00,1.08446,2024-01-17 11:00:00,2024-01-17 11:05:00,1.08598,1.08446,1.0890199999999999,0.0015199999999999658,False,extreme,2024-01-17 19:50:00,1.0890199999999999,target,106,2.0,0,0.0,2.0,2.000000000000146,0.8026315789473857
EURUSD,NY,2024-01-18,Thursday,1,1.09068,1.08776,0.0029200000000000337,long,2024-01-18 07:45:00,1.0875,2024-01-18 07:50:00,2024-01-18 07:55:00,1.0879,1.0875,1.0887000000000004,0.000400000000000178,False,extreme,2024-01-18 07:55:00,1.0875,stop,1,-1.0,0,0.0,-1.0,0.0999999999995004,1.0999999999995005
EURUSD,NY,2024-01-18,Thursday,2,1.09068,1.08776,0.0029200000000000337,long,2024-01-18 07:55:00,1.08467,2024-01-18 18:10:00,2024-01-18 18:15:00,1.08781,1.08467,1.0940899999999998,0.0031399999999999206,False,extreme,2024-01-18 23:55:00,1.08864,end_of_day,69,0.264331210191124,2,0.006369426751592518,0.25796178343953147,0.3662420382165648,0.1050955414012579
EURUSD,NY,2024-01-19,Friday,1,1.0887,1.08681,0.0018899999999999473,short,2024-01-19 06:25:00,1.0893,2024-01-19 06:45:00,2024-01-19 06:50:00,1.08856,1.0893,1.08708,0.0007399999999999629,False,extreme,2024-01-19 09:35:00,1.08708,target,34,2.0,0,0.0,2.0,2.4189189189189837,0.5405405405405082
EURUSD,NY,2024-01-19,Friday,2,1.0887,1.08681,0.0018899999999999473,long,2024-01-19 09:35:00,1.08657,2024-01-19 09:40:00,2024-01-19 09:45:00,1.08706,1.08657,1.0880399999999997,0.0004899999999998794,False,extreme,2024-01-19 09:55:00,1.0880399999999997,target,3,2.0,0,0.0,2.0,2.000000000000453,0.040816326530436535
EURUSD,NY,2024-01-19,Friday,3,1.0887,1.08681,0.0018899999999999473,short,2024-01-19 12:25:00,1.08934,2024-01-19 12:45:00,2024-01-19 12:50:00,1.08856,1.08934,1.087,0.0007800000000000029,False,extreme,2024-01-19 13:15:00,1.08934,stop,6,-1.0,0,0.0,-1.0,0.15384615384602246,1.0256410256411934
EURUSD,NY,2024-01-22,Monday,1,1.09096,1.08873,0.0022299999999999542,long,2024-01-22 05:55:00,1.08851,2024-01-22 06:00:00,2024-01-22 06:05:00,1.08873,1.08851,1.0891699999999997,0.00021999999999988695,False,extreme,2024-01-22 06:25:00,1.08851,stop,5,-1.0,0,0.0,-1.0,1.318181818183057,2.590909090910238
EURUSD,NY,2024-01-22,Monday,2,1.09096,1.08873,0.0022299999999999542,long,2024-01-22 06:20:00,1.08816,2024-01-22 06:35:00,2024-01-22 06:40:00,1.0889,1.08816,1.09038,0.0007399999999999629,False,extreme,2024-01-22 08:30:00,1.08816,stop,23,-1.0,0,0.0,-1.0,1.4459459459461892,1.2027027027028405
EURUSD,NY,2024-01-22,Monday,3,1.09096,1.08873,0.0022299999999999542,long,2024-01-22 08:30:00,1.08801,2024-01-22 08:50:00,2024-01-22 08:55:00,1.08928,1.08801,1.0918200000000002,0.0012700000000001044,False,extreme,2024-01-22 17:00:00,1.08801,stop,98,-1.0,0,0.0,-1.0,0.5669291338582636,1.1338582677165272
EURUSD,NY,2024-01-22,Monday,4,1.09096,1.08873,0.0022299999999999542,long,2024-01-22 14:10:00,1.08758,2024-01-22 20:55:00,2024-01-22 21:00:00,1.08885,1.08758,1.0913900000000003,0.0012700000000001044,False,extreme,2024-01-22 23:55:00,1.08986,end_of_day,36,0.7952755905510807,0,0.0,0.7952755905510807,0.8110236220470707,0.2755905511811368
EURUSD,NY,2024-01-23,Tuesday,1,1.09162,1.08925,0.0023699999999999832,long,2024-01-23 04:00:00,1.08857,2024-01-23 04:20:00,2024-01-23 04:25:00,1.08931,1.08857,1.09079,0.0007399999999999629,False,extreme,2024-01-23 04:45:00,1.08857,stop,5,-1.0,0,0.0,-1.0,0.2567567567566513,1.2567567567569513
EURUSD,NY,2024-01-24,Wednesday,1,1.08797,1.08594,0.0020300000000001983,short,2024-01-24 04:05:00,1.09324,2024-01-24 16:00:00,2024-01-24 16:05:00,1.08789,1.08867,1.08633,0.0007800000000000029,True,swing,2024-01-24 23:55:00,1.08757,end_of_day,95,0.41025641025653437,0,0.0,0.41025641025653437,1.089743589743608,0.9871794871794033
EURUSD,NY,2024-01-25,Thursday,1,1.08996,1.0875,0.0024600000000001288,long,2024-01-25 08:50:00,1.08671,2024-01-25 08:55:00,2024-01-25 09:00:00,1.08794,1.08671,1.0903999999999996,0.0012299999999998423,False,extreme,2024-01-25 09:00:00,1.08671,stop,1,-1.0,0,0.0,-1.0,0.0,1.54471544715468
EURUSD,NY,2024-01-26,Friday,1,1.0844,1.0813,0.0031000000000001027,short,2024-01-26 04:05:00,1.08477,2024-01-26 04:10:00,2024-01-26 04:15:00,1.08393,1.08477,1.0822500000000002,0.0008399999999999519,False,extreme,2024-01-26 04:40:00,1.08477,stop,6,-1.0,0,0.0,-1.0,0.6071428571429044,1.0833333333333555
EURUSD,NY,2024-01-29,Monday,1,1.08501,1.08332,0.0016899999999999693,long,2024-01-29 04:00:00,1.08139,2024-01-29 07:35:00,2024-01-29 07:40:00,1.08348,1.08139,1.0876599999999998,0.0020899999999999253,False,extreme,2024-01-29 08:20:00,1.08139,stop,9,-1.0,0,0.0,-1.0,0.10047846889954593,1.0
EURUSD,NY,2024-01-29,Monday,2,1.08501,1.08332,0.0016899999999999693,long,2024-01-29 07:45:00,1.07959,2024-01-29 15:15:00,2024-01-29 15:20:00,1.08365,1.08098,1.08899,0.00266999999999995,True,swing,2024-01-29 23:55:00,1.08254,end_of_day,104,-0.4157303370786386,0,0.0,-0.4157303370786386,0.20973782771531999,0.4606741573034035
EURUSD,NY,2024-01-30,Tuesday,1,1.08323,1.08119,0.0020399999999998197,short,2024-01-30 05:30:00,1.08575,2024-01-30 10:10:00,2024-01-30 10:15:00,1.08323,1.08575,1.0781899999999998,0.0025200000000000777,False,extreme,2024-01-30 23:55:00,1.08206,end_of_day,165,0.4642857142856576,0,0.0,0.4642857142856576,0.646825396825385,0.646825396825385
EURUSD,NY,2024-01-31,Wednesday,1,1.08262,1.08062,0.0020000000000000018,short,2024-01-31 04:00:00,1.08369,2024-01-31 04:50:00,2024-01-31 04:55:00,1.0825,1.08369,1.08012,0.0011900000000000244,False,extreme,2024-01-31 06:15:00,1.08369,stop,17,-1.0,0,0.0,-1.0,0.2941176470588784,1.1176470588235514
EURUSD,NY,2024-01-31,Wednesday,2,1.08262,1.08062,0.0020000000000000018,short,2024-01-31 06:00:00,1.08875,2024-01-31 14:00:00,2024-01-31 14:05:00,1.08246,1.08499,1.0774000000000001,0.002529999999999921,True,swing,2024-01-31 14:35:00,1.08499,stop,7,-1.0,0,0.0,-1.0,0.17786561264825118,1.4426877470355908
EURUSD,NY,2024-01-31,Wednesday,3,1.08262,1.08062,0.0020000000000000018,long,2024-01-31 15:00:00,1.07966,2024-01-31 15:05:00,2024-01-31 15:10:00,1.08098,1.07966,1.08362,0.0013199999999999878,False,extreme,2024-01-31 15:30:00,1.07966,stop,5,-1.0,0,0.0,-1.0,0.6212121212121594,1.1212121212122435
EURUSD,NY,2024-01-31,Wednesday,4,1.08262,1.08062,0.0020000000000000018,long,2024-01-31 15:25:00,1.0795,2024-01-31 15:55:00,2024-01-31 16:00:00,1.08077,1.0795,1.0833100000000002,0.0012700000000001044,False,extreme,2024-01-31 23:55:00,1.08078,end_of_day,96,0.007874015748082433,0,0.0,0.007874015748082433,1.1181102362203623,0.45669291338580886
EURUSD,NY,2024-02-01,Thursday,1,1.08078,1.078,0.0027800000000000047,short,2024-02-01 06:35:00,1.08104,2024-02-01 06:40:00,2024-02-01 06:45:00,1.08073,1.08104,1.08011,0.00031000000000003247,False,extreme,2024-02-01 06:50:00,1.08104,stop,2,-1.0,0,0.0,-1.0,0.354838709677558,1.967741935483663
EURUSD,NY,2024-02-02,Friday,1,1.08903,1.08724,0.0017899999999999583,short,2024-02-02 04:20:00,1.08975,2024-02-02 05:20:00,2024-02-02 05:25:00,1.08874,1.08975,1.0867200000000001,0.0010099999999999554,False,extreme,2024-02-02 08:30:00,1.0867200000000001,target,38,2.0,0,0.0,2.0,6.5841584158419195,0.10891089108916768
EURUSD,NY,2024-02-06,Tuesday,1,1.07624,1.07452,0.0017200000000001658,long,2024-02-06 04:00:00,1.07435,2024-02-06 04:05:00,2024-02-06 04:10:00,1.07459,1.07435,1.07507,0.00024000000000001798,False,extreme,2024-02-06 04:10:00,1.07435,stop,1,-1.0,0,0.0,-1.0,0.0,2.0416666666660115
EURUSD,NY,2024-02-06,Tuesday,2,1.07624,1.07452,0.0017200000000001658,long,2024-02-06 04:10:00,1.07226,2024-02-06 10:10:00,2024-02-06 10:15:00,1.0747,1.07226,1.07958,0.0024399999999999977,False,extreme,2024-02-06 23:55:00,1.07591,end_of_day,165,0.4959016393442354,0,0.0,0.4959016393442354,0.7991803278689017,0.323770491803307
EURUSD,NY,2024-02-07,Wednesday,1,1.07735,1.07568,0.0016700000000000603,short,2024-02-07 07:55:00,1.0784,2024-02-07 08:40:00,2024-02-07 08:45:00,1.07734,1.0784,1.0752199999999998,0.001060000000000061,False,extreme,2024-02-07 22:20:00,1.0784,stop,164,-1.0,0,0.0,-1.0,1.6509433962262432,1.0
EURUSD,NY,2024-02-08,Thursday,1,1.07889,1.07685,0.0020399999999998197,long,2024-02-08 06:05:00,1.07416,2024-02-08 11:50:00,2024-02-08 11:55:00,1.07689,1.07416,1.0823499999999997,0.002729999999999899,False,extreme,2024-02-08 23:55:00,1.07713,end_of_day,145,0.08791208791209774,0,0.0,0.08791208791209774,0.5128205128205566,0.0
EURUSD,NY,2024-02-09,Friday,1,1.07848,1.07696,0.0015200000000001879,long,2024-02-09 04:35:00,1.07622,2024-02-09 05:45:00,2024-02-09 05:50:00,1.07699,1.07622,1.0785299999999998,0.0007699999999999374,False,extreme,2024-02-09 08:30:00,1.0785299999999998,target,33,2.0,0,0.0,2.0,3.2337662337666306,0.8831168831166847
EURUSD,NY,2024-02-09,Friday,2,1.07848,1.07696,0.0015200000000001879,short,2024-02-09 08:35:00,1.07903,2024-02-09 08:40:00,2024-02-09 08:45:00,1.07817,1.07903,1.0764500000000004,0.0008599999999998609,False,extreme,2024-02-09 09:05:00,1.07903,stop,5,-1.0,0,0.0,-1.0,0.46511627907004965,1.0
EURUSD,NY,2024-02-09,Friday,3,1.07848,1.07696,0.0015200000000001879,short,2024-02-09 09:05:00,1.07952,2024-02-09 09:20:00,2024-02-09 09:25:00,1.07773,1.07952,1.0741500000000002,0.0017899999999999583,False,extreme,2024-02-09 16:55:00,1.07854,friday_close,91,-0.45251396648044484,0,0.0,-0.45251396648044484,0.12849162011183232,0.7597765363128824
EURUSD,NY,2024-02-12,Monday,1,1.08057,1.07746,0.003109999999999946,long,2024-02-12 04:15:00,1.07715,2024-02-12 04:35:00,2024-02-12 04:40:00,1.07752,1.07715,1.07826,0.00036999999999998145,False,extreme,2024-02-12 04:40:00,1.07715,stop,1,-1.0,0,0.0,-1.0,0.0,1.1621621621620324
EURUSD,NY,2024-02-12,Monday,2,1.08057,1.07746,0.003109999999999946,long,2024-02-12 04:40:00,1.07669,2024-02-12 05:25:00,2024-02-12 05:30:00,1.07748,1.07669,1.0790600000000001,0.0007900000000000684,False,extreme,2024-02-12 06:45:00,1.07669,stop,16,-1.0,0,0.0,-1.0,0.5189873417721341,1.3417721518986951
EURUSD,NY,2024-02-12,Monday,3,1.08057,1.07746,0.003109999999999946,long,2024-02-12 06:05:00,1.0756,2024-02-12 11:25:00,2024-02-12 11:30:00,1.07762,1.0756,1.0816600000000003,0.002020000000000133,False,extreme,2024-02-12 23:55:00,1.07638,end_of_day,150,-0.6138613861386378,0,0.0,-0.6138613861386378,0.495049504950408,0.7722772277227243
EURUSD,NY,2024-02-13,Tuesday,1,1.07778,1.07624,0.0015399999999998748,long,2024-02-13 04:05:00,1.07569,2024-02-13 04:20:00,2024-02-13 04:25:00,1.07627,1.07569,1.07743,0.0005800000000000249,False,extreme,2024-02-13 05:15:00,1.07743,target,11,2.0,0,0.0,2.0,2.137931034482508,0.6724137931036133
EURUSD,NY,2024-02-13,Tuesday,2,1.07778,1.07624,0.0015399999999998748,short,2024-02-13 06:05:00,1.07798,2024-02-13 06:10:00,2024-02-13 06:15:00,1.07767,1.07798,1.0770499999999998,0.00031000000000003247,False,extreme,2024-02-13 06:20:00,1.07798,stop,2,-1.0,0,0.0,-1.0,0.25806451612854703,1.677419354838779
EURUSD,NY,2024-02-13,Tuesday,3,1.07778,1.07624,0.0015399999999998748,short,2024-02-13 06:20:00,1.07819,2024-02-13 06:40:00,2024-02-13 06:45:00,1.07742,1.07819,1.0758800000000002,0.0007699999999999374,False,extreme,2024-02-13 07:15:00,1.07819,stop,7,-1.0,0,0.0,-1.0,0.20779220779214413,1.116883116883027
EURUSD,NY,2024-02-14,Wednesday,1,1.07188,1.06951,0.0023699999999999832,short,2024-02-14 09:40:00,1.07231,2024-02-14 09:50:00,2024-02-14 09:55:00,1.07152,1.07231,1.06994,0.0007900000000000684,False,extreme,2024-02-14 10:20:00,1.07231,stop,6,-1.0,0,0.0,-1.0,0.2531645569619755,1.2151898734177073
EURUSD,NY,2024-02-16,Friday,1,1.07715,1.07586,0.0012900000000000134,short,2024-02-16 06:05:00,1.07801,2024-02-16 07:35:00,2024-02-16 07:40:00,1.07712,1.07801,1.0753400000000004,0.0008899999999998354,False,extreme,2024-02-16 08:30:00,1.0753400000000004,target,11,2.0,0,0.0,2.0,3.3483146067421727,0.25842696629212925
EURUSD,NY,2024-02-16,Friday,2,1.07715,1.07586,0.0012900000000000134,long,2024-02-16 08:30:00,1.07321,2024-02-16 10:05:00,2024-02-16 10:10:00,1.07631,1.07411,1.0807100000000005,0.002200000000000202,True,swing,2024-02-16 16:55:00,1.07763,friday_close,82,0.5999999999999395,0,0.0,0.5999999999999395,1.1136363636361892,0.06818181818185488
EURUSD,NY,2024-02-19,Monday,1,1.07894,1.07763,0.0013099999999999223,long,2024-02-19 04:25:00,1.07723,2024-02-19 05:20:00,2024-02-19 05:25:00,1.07763,1.07723,1.0784300000000004,0.000400000000000178,False,extreme,2024-02-19 07:55:00,1.07723,stop,31,-1.0,0,0.0,-1.0,1.3749999999989593,1.649999999999528
EURUSD,NY,2024-02-19,Monday,2,1.07894,1.07763,0.0013099999999999223,long,2024-02-19 07:35:00,1.07697,2024-02-19 08:05:00,2024-02-19 08:10:00,1.07765,1.07697,1.07901,0.0006800000000000139,False,extreme,2024-02-19 08:45:00,1.07697,stop,8,-1.0,0,0.0,-1.0,0.35294117647060747,1.0147058823530373
EURUSD,NY,2024-02-19,Monday,3,1.07894,1.07763,0.0013099999999999223,long,2024-02-19 08:15:00,1.07621,2024-02-19 12:50:00,2024-02-19 12:55:00,1.07765,1.07621,1.0805299999999998,0.0014399999999998858,False,extreme,2024-02-19 21:05:00,1.07621,stop,99,-1.0,0,0.0,-1.0,0.4930555555555866,1.013888888888981
EURUSD,NY,2024-02-21,Wednesday,1,1.08167,1.07973,0.0019399999999998307,long,2024-02-21 04:00:00,1.079,2024-02-21 04:40:00,2024-02-21 04:45:00,1.07976,1.079,1.0812800000000002,0.0007600000000000939,False,extreme,2024-02-21 09:05:00,1.0812800000000002,target,53,2.0,0,0.0,2.0,2.131578947368098,0.4342105263159509
EURUSD,NY,2024-02-21,Wednesday,2,1.08167,1.07973,0.0019399999999998307,short,2024-02-21 10:05:00,1.082,2024-02-21 10:20:00,2024-02-21 10:25:00,1.08135,1.082,1.08005,0.0006500000000000394,False,extreme,2024-02-21 13:00:00,1.08005,target,32,2.0,0,0.0,2.0,2.076923076922893,0.8615384615382461
EURUSD,NY,2024-02-21,Wednesday,3,1.08167,1.07973,0.0019399999999998307,short,2024-02-21 14:00:00,1.08244,2024-02-21 14:05:00,2024-02-21 14:10:00,1.08153,1.08244,1.0797100000000002,0.0009099999999999664,False,extreme,2024-02-21 19:10:00,1.08244,stop,61,-1.0,0,0.0,-1.0,0.5604395604395926,1.0
EURUSD,NY,2024-02-22,Thursday,1,1.08885,1.08298,0.005870000000000042,long,2024-02-22 08:35:00,1.08266,2024-02-22 08:40:00,2024-02-22 08:45:00,1.08299,1.08266,1.0836499999999998,0.00032999999999994145,False,extreme,2024-02-22 08:50:00,1.08266,stop,2,-1.0,0,0.0,-1.0,1.393939393940026,1.3333333333335575
EURUSD,NY,2024-02-22,Thursday,2,1.08885,1.08298,0.005870000000000042,long,2024-02-22 08:50:00,1.08028,2024-02-22 20:40:00,2024-02-22 20:45:00,1.08304,1.08028,1.0885600000000002,0.0027600000000000957,False,extreme,2024-02-22 23:55:00,1.08255,end_of_day,39,-0.17753623188408857,0,0.0,-0.17753623188408857,0.05797101449272914,0.27898550724634447
EURUSD,NY,2024-02-23,Friday,1,1.08325,1.0821,0.0011499999999999844,long,2024-02-23 04:30:00,1.08141,2024-02-23 05:10:00,2024-02-23 05:15:00,1.08224,1.08141,1.0839000000000003,0.0008300000000001084,False,extreme,2024-02-23 07:40:00,1.0839000000000003,target,30,2.0,0,0.0,2.0,2.0722891566261676,0.22891566265073457
EURUSD,NY,2024-02-23,Friday,2,1.08325,1.0821,0.0011499999999999844,short,2024-02-23 07:25:00,1.08396,2024-02-23 08:00:00,2024-02-23 08:05:00,1.08317,1.08396,1.0815899999999998,0.0007900000000000684,False,extreme,2024-02-23 10:45:00,1.0815899999999998,target,33,2.0,0,0.0,2.0,2.50632911392367,0.670886075949488
EURUSD,NY,2024-02-23,Friday,3,1.08325,1.0821,0.0011499999999999844,long,2024-02-23 10:25:00,1.08119,2024-02-23 11:00:00,2024-02-23 11:05:00,1.08217,1.08119,1.08413,0.0009799999999999809,False,extreme,2024-02-23 16:55:00,1.08209,friday_close,71,-0.08163265306130772,0,0.0,-0.08163265306130772,0.8061224489794508,0.6836734693879424
EURUSD,NY,2024-02-26,Monday,1,1.08369,1.0819,0.0017899999999999583,short,2024-02-26 04:15:00,1.08376,2024-02-26 04:20:00,2024-02-26 04:25:00,1.08345,1.08376,1.08283,0.00031000000000003247,False,extreme,2024-02-26 04:30:00,1.08376,stop,2,-1.0,0,0.0,-1.0,0.09677419354829467,1.1290322580646317
EURUSD,NY,2024-02-27,Tuesday,1,1.0866,1.08472,0.0018800000000001038,long,2024-02-27 05:05:00,1.0842,2024-02-27 05:30:00,2024-02-27 05:35:00,1.08492,1.0842,1.0863600000000002,0.0007200000000000539,False,extreme,2024-02-27 09:10:00,1.0842,stop,44,-1.0,0,0.0,-1.0,1.9444444444440847,1.0138888888889788
EURUSD,NY,2024-02-27,Tuesday,2,1.0866,1.08472,0.0018800000000001038,long,2024-02-27 09:10:00,1.08331,2024-02-27 10:50:00,2024-02-27 10:55:00,1.08494,1.08331,1.0882,0.0016300000000000203,False,extreme,2024-02-27 22:25:00,1.08331,stop,139,-1.0,0,0.0,-1.0,0.5276073619632344,1.0061349693251935
EURUSD,NY,2024-02-28,Wednesday,1,1.08332,1.08084,0.0024800000000000377,long,2024-02-28 04:10:00,1.07967,2024-02-28 05:05:00,2024-02-28 05:10:00,1.0809,1.07967,1.08336,0.0012300000000000644,False,extreme,2024-02-28 09:50:00,1.08336,target,57,2.0,0,0.0,2.0,2.0162601626015513,0.1788617886177849
EURUSD,NY,2024-02-28,Wednesday,2,1.08332,1.08084,0.0024800000000000377,short,2024-02-28 10:20:00,1.0838,2024-02-28 10:35:00,2024-02-28 10:40:00,1.08312,1.0838,1.08176,0.0006800000000000139,False,extreme,2024-02-28 11:40:00,1.0838,stop,13,-1.0,0,0.0,-1.0,0.4705882352942521,1.117647058823318
EURUSD,NY,2024-02-28,Wednesday,3,1.08332,1.08084,0.0024800000000000377,short,2024-02-28 10:55:00,1.08459,2024-02-28 17:00:00,2024-02-28 17:05:00,1.08314,1.08459,1.08024,0.0014499999999999513,False,extreme,2024-02-28 23:55:00,1.08363,end_of_day,83,-0.33793103448283995,57,0.39310344827587534,-0.7310344827587153,0.23448275862070234,0.613793103448336
EURUSD,NY,2024-02-29,Thursday,1,1.08474,1.0826,0.0021400000000000308,short,2024-02-29 04:05:00,1.08519,2024-02-29 04:10:00,2024-02-29 04:15:00,1.08463,1.08519,1.0835099999999998,0.000560000000000116,False,extreme,2024-02-29 04:50:00,1.08519,stop,8,-1.0,0,0.0,-1.0,0.625,1.0357142857141157
EURUSD,NY,2024-02-29,Thursday,2,1.08474,1.0826,0.0021400000000000308,short,2024-02-29 04:45:00,1.08543,2024-02-29 05:35:00,2024-02-29 05:40:00,1.0844,1.08543,1.0823400000000003,0.0010299999999998644,False,extreme,2024-02-29 08:00:00,1.0823400000000003,target,29,2.0,0,0.0,2.0,2.135922330097349,0.16504854368934552
EURUSD,NY,2024-02-29,Thursday,3,1.08474,1.0826,0.0021400000000000308,long,2024-02-29 08:00:00,1.0822,2024-02-29 08:15:00,2024-02-29 08:20:00,1.08287,1.0822,1.08421,0.0006699999999999484,False,extreme,2024-02-29 08:30:00,1.08421,target,3,2.0,0,0.0,2.0,2.6716417910449195,0.14925373134327863
EURUSD,NY,2024-02-29,Thursday,4,1.08474,1.0826,0.0021400000000000308,short,2024-02-29 10:00:00,1.0856,2024-02-29 10:15:00,2024-02-29 10:20:00,1.0846,1.0856,1.0826000000000002,0.0009999999999998899,False,extreme,2024-02-29 10:50:00,1.0826000000000002,target,7,2.0,0,0.0,2.0,2.580000000000311,0.3700000000000222
EURUSD,NY,2024-03-01,Friday,1,1.082,1.08082,0.001180000000000181,long,2024-03-01 05:10:00,1.07985,2024-03-01 05:45:00,2024-03-01 05:50:00,1.08098,1.07985,1.0832400000000002,0.0011300000000000754,False,extreme,2024-03-01 09:55:00,1.07985,stop,50,-1.0,0,0.0,-1.0,1.3274336283185457,1.017699115044166
EURUSD,NY,2024-03-01,Friday,2,1.082,1.08082,0.001180000000000181,long,2024-03-01 09:45:00,1.07983,2024-03-01 10:05:00,2024-03-01 10:10:00,1.08163,1.07983,1.0852300000000001,0.0018000000000000238,False,extreme,2024-03-01 16:55:00,1.08401,friday_close,82,1.3222222222221085,0,0.0,1.3222222222221085,1.4999999999999383,0.05000000000008018
EURUSD,NY,2024-03-04,Monday,1,1.08579,1.08379,0.0020000000000000018,short,2024-03-04 09:50:00,1.08619,2024-03-04 10:05:00,2024-03-04 10:10:00,1.08579,1.08619,1.0849900000000001,0.00039999999999995595,False,extreme,2024-03-04 10:15:00,1.08619,stop,2,-1.0,0,0.0,-1.0,0.5749999999999444,1.3500000000001111
EURUSD,NY,2024-03-04,Monday,2,1.08579,1.08379,0.0020000000000000018,short,2024-03-04 10:10:00,1.08669,2024-03-04 11:30:00,2024-03-04 11:35:00,1.08575,1.08669,1.0838700000000001,0.0009399999999999409,False,extreme,2024-03-04 23:55:00,1.08506,end_of_day,149,0.73404255319162,0,0.0,0.73404255319162,1.0531914893618177,0.5212765957448215
EURUSD,NY,2024-03-05,Tuesday,1,1.08542,1.08414,0.0012799999999999478,short,2024-03-05 04:20:00,1.08559,2024-03-05 04:45:00,2024-03-05 04:50:00,1.08519,1.08559,1.0843900000000002,0.00039999999999995595,False,extreme,2024-03-05 08:25:00,1.0843900000000002,target,44,2.0,0,0.0,2.0,2.150000000000444,0.75
EURUSD,NY,2024-03-05,Tuesday,2,1.08542,1.08414,0.0012799999999999478,short,2024-03-05 10:00:00,1.08762,2024-03-05 13:25:00,2024-03-05 13:30:00,1.08537,1.08762,1.0808699999999998,0.0022500000000000853,False,extreme,2024-03-05 23:55:00,1.08518,end_of_day,126,0.08444444444440234,0,0.0,0.08444444444440234,0.5111111111110848,0.2444444444444576
EURUSD,NY,2024-03-06,Wednesday,1,1.08742,1.08517,0.0022500000000000853,short,2024-03-06 04:45:00,1.08796,2024-03-06 05:35:00,2024-03-06 05:40:00,1.08736,1.08796,1.0861600000000002,0.0005999999999999339,False,extreme,2024-03-06 08:40:00,1.08796,stop,37,-1.0,0,0.0,-1.0,1.0000000000003701,1.5333333333331853
EURUSD,NY,2024-03-07,Thursday,1,1.09057,1.08877,0.0018000000000000238,long,2024-03-07 08:15:00,1.08679,2024-03-07 09:20:00,2024-03-07 09:25:00,1.08949,1.08679,1.0948900000000004,0.0027000000000001467,False,extreme,2024-03-07 15:40:00,1.0948900000000004,target,76,2.0,0,0.0,2.0,2.0148148148146645,0.12962962962964944
EURUSD,NY,2024-03-08,Friday,1,1.09512,1.09292,0.002200000000000202,long,2024-03-08 04:15:00,1.09262,2024-03-08 04:20:00,2024-03-08 04:25:00,1.09296,1.09262,1.09364,0.00034000000000000696,False,extreme,2024-03-08 04:40:00,1.09262,stop,4,-1.0,0,0.0,-1.0,1.352941176470934,1.0
EURUSD,NY,2024-03-08,Friday,2,1.09512,1.09292,0.002200000000000202,long,2024-03-08 05:30:00,1.09264,2024-03-08 05:40:00,2024-03-08 05:45:00,1.09301,1.09264,1.09375,0.00036999999999998145,False,extreme,2024-03-08 06:20:00,1.09375,target,8,2.0,0,0.0,2.0,2.405405405405681,0.13513513513542708
EURUSD,NY,2024-03-08,Friday,3,1.09512,1.09292,0.002200000000000202,short,2024-03-08 08:35:00,1.09812,2024-03-08 09:05:00,2024-03-08 09:10:00,1.0951,1.09812,1.08906,0.0030200000000000227,False,extreme,2024-03-08 16:55:00,1.09377,friday_close,94,0.44039735099339183,0,0.0,0.44039735099339183,0.5827814569536326,0.39735099337751023
EURUSD,NY,2024-03-11,Monday,1,1.09475,1.09355,0.0011999999999998678,long,2024-03-11 05:55:00,1.09331,2024-03-11 06:05:00,2024-03-11 06:10:00,1.09363,1.09331,1.0942700000000003,0.000320000000000098,False,extreme,2024-03-11 06:50:00,1.0942700000000003,target,9,2.0,0,0.0,2.0,2.281249999998981,0.031250000000195156
EURUSD,NY,2024-03-11,Monday,2,1.09475,1.09355,0.0011999999999998678,long,2024-03-11 08:55:00,1.09146,2024-03-11 22:45:00,2024-03-11 22:50:00,1.09357,1.09146,1.0977899999999996,0.0021099999999998342,False,extreme,2024-03-11 23:55:00,1.09364,end_of_day,14,0.03317535545024644,0,0.0,0.03317535545024644,0.11374407582940134,0.09004739336489449
EURUSD,NY,2024-03-12,Tuesday,1,1.09395,1.09316,0.0007900000000000684,long,2024-03-12 04:10:00,1.09214,2024-03-12 05:40:00,2024-03-12 05:45:00,1.09317,1.09214,1.0952299999999997,0.0010299999999998644,False,extreme,2024-03-12 08:30:00,1.09214,stop,34,-1.0,0,0.0,-1.0,0.990291262136073,2.8058252427188735
EURUSD,NY,2024-03-12,Tuesday,2,1.09395,1.09316,0.0007900000000000684,short,2024-03-12 08:40:00,1.09438,2024-03-12 08:45:00,2024-03-12 08:50:00,1.0935,1.09438,1.09174,0.0008799999999999919,False,extreme,2024-03-12 09:00:00,1.09174,target,3,2.0,0,0.0,2.0,2.1363636363635217,0.0
EURUSD,NY,2024-03-14,Thursday,1,1.09432,1.09317,0.0011499999999999844,short,2024-03-14 05:40:00,1.09444,2024-03-14 05:50:00,2024-03-14 05:55:00,1.09387,1.09444,1.0927299999999995,0.0005700000000001815,False,extreme,2024-03-14 06:10:00,1.09444,stop,4,-1.0,0,0.0,-1.0,0.10526315789461382,1.0175438596488426
EURUSD,NY,2024-03-14,Thursday,2,1.09432,1.09317,0.0011499999999999844,short,2024-03-14 06:10:00,1.09455,2024-03-14 06:20:00,2024-03-14 06:25:00,1.09429,1.09455,1.0937700000000001,0.00025999999999992696,False,extreme,2024-03-14 07:00:00,1.0937700000000001,target,8,2.0,0,0.0,2.0,2.000000000000854,0.0
EURUSD,NY,2024-03-15,Friday,1,1.0885,1.08733,0.0011700000000001154,short,2024-03-15 04:30:00,1.0887,2024-03-15 04:35:00,2024-03-15 04:40:00,1.08834,1.0887,1.0876200000000003,0.00035999999999991594,False,extreme,2024-03-15 05:05:00,1.0887,stop,6,-1.0,0,0.0,-1.0,0.2500000000004626,1.1111111111112482
EURUSD,NY,2024-03-15,Friday,2,1.0885,1.08733,0.0011700000000001154,short,2024-03-15 05:05:00,1.08997,2024-03-15 09:25:00,2024-03-15 09:30:00,1.08845,1.08997,1.0854099999999995,0.0015200000000001879,False,extreme,2024-03-15 16:55:00,1.08866,friday_close,90,-0.13815789473685364,0,0.0,-0.13815789473685364,0.21052631578936604,0.6578947368420975
EURUSD,NY,2024-03-18,Monday,1,1.08965,1.08853,0.0011200000000000099,short,2024-03-18 04:05:00,1.08969,2024-03-18 04:10:00,2024-03-18 04:15:00,1.0894,1.08969,1.0888199999999997,0.0002900000000001235,False,extreme,2024-03-18 04:15:00,1.08969,stop,1,-1.0,0,0.0,-1.0,0.48275862068954956,1.0689655172410362
EURUSD,NY,2024-03-18,Monday,2,1.08965,1.08853,0.0011200000000000099,short,2024-03-18 04:15:00,1.08971,2024-03-18 04:20:00,2024-03-18 04:25:00,1.08965,1.08971,1.08953,5.999999999994898e-05,False,extreme,2024-03-18 04:25:00,1.08971,stop,1,-1.0,0,0.0,-1.0,1.8333333333358004,2.3333333333358004
EURUSD,NY,2024-03-18,Monday,3,1.08965,1.08853,0.0011200000000000099,short,2024-03-18 05:25:00,1.09062,2024-03-18 08:40:00,2024-03-18 08:45:00,1.08947,1.09062,1.08717,0.0011499999999999844,False,extreme,2024-03-18 12:20:00,1.08717,target,44,2.0,0,0.0,2.0,2.0434782608694646,0.08695652173912204
EURUSD,NY,2024-03-19,Tuesday,1,1.08767,1.08517,0.0024999999999999467,long,2024-03-19 04:10:00,1.08347,2024-03-19 08:30:00,2024-03-19 08:35:00,1.08517,1.08347,1.08857,0.0017000000000000348,False,extreme,2024-03-19 23:55:00,1.087,end_of_day,185,1.076470588235271,0,0.0,1.076470588235271,1.141176470588243,0.14117647058824298
EURUSD,NY,2024-03-20,Wednesday,1,1.08721,1.0865,0.0007099999999999884,long,2024-03-20 04:00:00,1.08365,2024-03-20 13:50:00,2024-03-20 13:55:00,1.08661,1.08621,1.0874100000000004,0.000400000000000178,True,swing,2024-03-20 14:00:00,1.0874100000000004,target,2,2.0,0,0.0,2.0,5.499999999997502,0.5750000000001804
EURUSD,NY,2024-03-22,Friday,1,1.08421,1.08211,0.0020999999999999908,long,2024-03-22 04:10:00,1.08082,2024-03-22 05:15:00,2024-03-22 05:20:00,1.08211,1.08082,1.08469,0.0012900000000000134,False,extreme,2024-03-22 12:20:00,1.08082,stop,85,-1.0,0,0.0,-1.0,0.813953488372081,1.0620155038758583
EURUSD,NY,2024-03-25,Monday,1,1.08231,1.08107,0.0012400000000001299,long,2024-03-25 04:35:00,1.08073,2024-03-25 04:50:00,2024-03-25 04:55:00,1.08114,1.08073,1.08196,0.00041000000000002146,False,extreme,2024-03-25 05:40:00,1.08196,target,10,2.0,0,0.0,2.0,2.146341463414502,0.024390243902597534
EURUSD,NY,2024-03-26,Tuesday,1,1.08529,1.08365,0.0016400000000000858,short,2024-03-26 05:25:00,1.0856,2024-03-26 05:35:00,2024-03-26 05:40:00,1.08528,1.0856,1.0846400000000003,0.00031999999999987594,False,extreme,2024-03-26 06:00:00,1.0856,stop,5,-1.0,0,0.0,-1.0,0.43750000000026024,1.2187500000001301
EURUSD,NY,2024-03-26,Tuesday,2,1.08529,1.08365,0.0016400000000000858,short,2024-03-26 05:45:00,1.08644,2024-03-26 08:20:00,2024-03-26 08:25:00,1.08504,1.08644,1.0822399999999999,0.0014000000000000679,False,extreme,2024-03-26 21:35:00,1.0822399999999999,target,159,2.0,0,0.0,2.0,2.0428571428571045,0.585714285714288
EURUSD,NY,2024-03-27,Wednesday,1,1.0834,1.08231,0.0010899999999998133,long,2024-03-27 04:00:00,1.08214,2024-03-27 04:05:00,2024-03-27 04:10:00,1.08277,1.08214,1.0840299999999998,0.0006299999999999084,False,extreme,2024-03-27 07:55:00,1.08214,stop,46,-1.0,0,0.0,-1.0,1.8412698412701882,1.5238095238098595
EURUSD,NY,2024-03-27,Wednesday,2,1.0834,1.08231,0.0010899999999998133,long,2024-03-27 07:50:00,1.08109,2024-03-27 12:00:00,2024-03-27 12:05:00,1.08235,1.08109,1.0848699999999996,0.0012599999999998168,False,extreme,2024-03-27 18:45:00,1.08109,stop,81,-1.0,0,0.0,-1.0,0.44444444444460107,1.0158730158731222
EURUSD,NY,2024-03-27,Wednesday,3,1.0834,1.08231,0.0010899999999998133,long,2024-03-27 18:00:00,1.08082,2024-03-27 22:15:00,2024-03-27 22:20:00,1.08246,1.08082,1.0857400000000001,0.0016400000000000858,False,extreme,2024-03-27 23:55:00,1.08218,end_of_day,20,-0.17073170731709958,0,0.0,-0.17073170731709958,0.09146341463419917,0.21951219512188846
EURUSD,NY,2024-03-28,Thursday,1,1.08268,1.08004,0.0026400000000001977,long,2024-03-28 04:00:00,1.07752,2024-03-28 08:55:00,2024-03-28 09:00:00,1.08084,1.07752,1.08748,0.0033199999999999896,False,extreme,2024-03-28 22:05:00,1.07752,stop,158,-1.0,0,0.0,-1.0,0.31325301204817263,1.0391566265060133
EURUSD,NY,2024-04-01,Monday,1,1.07922,1.07828,0.0009400000000001629,long,2024-04-01 06:15:00,1.07807,2024-04-01 06:35:00,2024-04-01 06:40:00,1.07828,1.07807,1.0786999999999995,0.00020999999999982144,False,extreme,2024-04-01 06:40:00,1.07807,stop,1,-1.0,0,0.0,-1.0,0.0,1.0476190476194
EURUSD,NY,2024-04-01,Monday,2,1.07922,1.07828,0.0009400000000001629,long,2024-04-01 06:40:00,1.07798,2024-04-01 07:10:00,2024-04-01 07:15:00,1.0785,1.07798,1.0795400000000002,0.000520000000000076,False,extreme,2024-04-01 08:10:00,1.07798,stop,12,-1.0,0,0.0,-1.0,0.5192307692306789,1.0576923076922502
EURUSD,NY,2024-04-02,Tuesday,1,1.07429,1.07247,0.0018199999999999328,short,2024-04-02 06:25:00,1.07431,2024-04-02 06:30:00,2024-04-02 06:35:00,1.07405,1.07431,1.0735299999999997,0.000260000000000149,False,extreme,2024-04-02 06:55:00,1.07431,stop,5,-1.0,0,0.0,-1.0,0.6153846153840241,2.0769230769218288
EURUSD,NY,2024-04-03,Wednesday,1,1.07782,1.07641,0.0014099999999999113,short,2024-04-03 07:10:00,1.07865,2024-04-03 08:25:00,2024-04-03 08:30:00,1.07776,1.07865,1.07598,0.0008900000000000574,False,extreme,2024-04-03 09:00:00,1.07865,stop,7,-1.0,0,0.0,-1.0,0.4943820224718737,1.0449438202245116
EURUSD,NY,2024-04-04,Thursday,1,1.08585,1.08391,0.0019400000000000528,short,2024-04-04 04:25:00,1.08606,2024-04-04 04:35:00,2024-04-04 04:40:00,1.08575,1.08606,1.08513,0.00031000000000003247,False,extreme,2024-04-04 04:50:00,1.08606,stop,3,-1.0,0,0.0,-1.0,0.48387096774218963,1.032258064516337
EURUSD,NY,2024-04-04,Thursday,2,1.08585,1.08391,0.0019400000000000528,short,2024-04-04 04:50:00,1.08627,2024-04-04 05:05:00,2024-04-04 05:10:00,1.08571,1.08627,1.0845899999999997,0.000560000000000116,False,extreme,2024-04-04 05:45:00,1.08627,stop,8,-1.0,0,0.0,-1.0,0.2857142857141158,1.5357142857141157
EURUSD,NY,2024-04-04,Thursday,3,1.08585,1.08391,0.0019400000000000528,short,2024-04-04 05:30:00,1.08657,2024-04-04 06:00:00,2024-04-04 06:05:00,1.08575,1.08657,1.08411,0.0008200000000000429,False,extreme,2024-04-04 08:45:00,1.08657,stop,33,-1.0,0,0.0,-1.0,0.8170731707316017,1.1951219512194264
EURUSD,NY,2024-04-04,Thursday,4,1.08585,1.08391,0.0019400000000000528,short,2024-04-04 08:40:00,1.08766,2024-04-04 14:00:00,2024-04-04 14:05:00,1.08583,1.08766,1.08217,0.0018299999999999983,False,extreme,2024-04-04 23:55:00,1.0827,end_of_day,119,1.710382513661246,0,0.0,1.710382513661246,1.9344262295082524,0.010928961748584152
EURUSD,NY,2024-04-05,Friday,1,1.08411,1.08226,0.0018499999999999073,short,2024-04-05 04:25:00,1.08465,2024-04-05 04:50:00,2024-04-05 04:55:00,1.08384,1.08465,1.08222,0.0008099999999999774,False,extreme,2024-04-05 08:25:00,1.08465,stop,43,-1.0,0,0.0,-1.0,0.9382716049381397,1.185185185185307
EURUSD,NY,2024-04-05,Friday,2,1.08411,1.08226,0.0018499999999999073,long,2024-04-05 08:30:00,1.07915,2024-04-05 10:40:00,2024-04-05 10:45:00,1.08248,1.07915,1.0891400000000002,0.003330000000000055,False,extreme,2024-04-05 16:55:00,1.08367,friday_close,75,0.35735735735729207,0,0.0,0.35735735735729207,0.5945945945945459,0.30030030030032895
EURUSD,NY,2024-04-08,Monday,1,1.08379,1.08284,0.0009500000000000064,long,2024-04-08 04:25:00,1.08272,2024-04-08 04:30:00,2024-04-08 04:35:00,1.08297,1.08272,1.0834700000000002,0.0002500000000000835,False,extreme,2024-04-08 04:40:00,1.08272,stop,2,-1.0,0,0.0,-1.0,0.5199999999996803,1.0399999999993605
EURUSD,NY,2024-04-08,Monday,2,1.08379,1.08284,0.0009500000000000064,long,2024-04-08 04:40:00,1.08211,2024-04-08 05:45:00,2024-04-08 05:50:00,1.08287,1.08211,1.0843900000000002,0.0007600000000000939,False,extreme,2024-04-08 09:30:00,1.0843900000000002,target,45,2.0,0,0.0,2.0,2.276315789473415,0.9342105263156588
EURUSD,NY,2024-04-09,Tuesday,1,1.08628,1.08513,0.0011499999999999844,long,2024-04-09 04:00:00,1.08493,2024-04-09 04:05:00,2024-04-09 04:10:00,1.08525,1.08493,1.0858900000000002,0.000320000000000098,False,extreme,2024-04-09 05:05:00,1.0858900000000002,target,12,2.0,0,0.0,2.0,2.187499999999089,0.031250000000195156
EURUSD,NY,2024-04-09,Tuesday,2,1.08628,1.08513,0.0011499999999999844,short,2024-04-09 05:25:00,1.08648,2024-04-09 05:35:00,2024-04-09 05:40:00,1.08607,1.08648,1.0852500000000005,0.0004099999999997994,False,extreme,2024-04-09 05:40:00,1.08648,stop,1,-1.0,0,0.0,-1.0,0.0,1.1951219512198028
EURUSD,NY,2024-04-09,Tuesday,3,1.08628,1.08513,0.0011499999999999844,short,2024-04-09 05:40:00,1.0873,2024-04-09 07:35:00,2024-04-09 07:40:00,1.0861,1.0873,1.0837000000000003,0.0011999999999998678,False,extreme,2024-04-09 08:30:00,1.0873,stop,11,-1.0,0,0.0,-1.0,0.14166666666668518,1.1000000000001111
EURUSD,NY,2024-04-09,Tuesday,4,1.08628,1.08513,0.0011499999999999844,short,2024-04-09 08:00:00,1.08851,2024-04-09 10:35:00,2024-04-09 10:40:00,1.08625,1.08851,1.0817299999999996,0.0022600000000001508,False,extreme,2024-04-09 23:55:00,1.08532,end_of_day,160,0.41150442477867843,0,0.0,0.41150442477867843,0.650442477876001,0.03539823008852862
EURUSD,NY,2024-04-10,Wednesday,1,1.08572,1.0848,0.0009200000000000319,short,2024-04-10 04:25:00,1.08595,2024-04-10 04:30:00,2024-04-10 04:35:00,1.08572,1.08595,1.0852600000000001,0.00022999999999995246,False,extreme,2024-04-10 04:55:00,1.08595,stop,5,-1.0,0,0.0,-1.0,1.2608695652181887,1.5217391304354122
EURUSD,NY,2024-04-10,Wednesday,2,1.08572,1.0848,0.0009200000000000319,short,2024-04-10 04:45:00,1.08666,2024-04-10 07:50:00,2024-04-10 07:55:00,1.08559,1.08666,1.0834500000000002,0.0010699999999999044,False,extreme,2024-04-10 08:30:00,1.0834500000000002,target,8,2.0,0,0.0,2.0,6.5140186915895,0.8130841121495366
EURUSD,NY,2024-04-11,Thursday,1,1.07473,1.07267,0.0020599999999999508,short,2024-04-11 04:05:00,1.07496,2024-04-11 04:20:00,2024-04-11 04:25:00,1.0747,1.07496,1.0741800000000001,0.00025999999999992696,False,extreme,2024-04-11 04:40:00,1.07496,stop,4,-1.0,0,0.0,-1.0,0.6923076923081521,1.0769230769236025
EURUSD,NY,2024-04-11,Thursday,2,1.07473,1.07267,0.0020599999999999508,short,2024-04-11 04:40:00,1.07498,2024-04-11 04:45:00,2024-04-11 04:50:00,1.07399,1.07498,1.07201,0.0009900000000000464,False,extreme,2024-04-11 08:15:00,1.07201,target,42,2.0,0,0.0,2.0,2.5050505050504257,0.44444444444441955
EURUSD,NY,2024-04-11,Thursday,3,1.07473,1.07267,0.0020599999999999508,long,2024-04-11 08:15:00,1.07137,2024-04-11 08:30:00,2024-04-11 08:35:00,1.07456,1.07137,1.08094,0.003190000000000026,False,extreme,2024-04-11 10:25:00,1.07137,stop,23,-1.0,0,0.0,-1.0,0.34482758620692533,1.0877742946707942
EURUSD,NY,2024-04-11,Thursday,4,1.07473,1.07267,0.0020599999999999508,long,2024-04-11 10:10:00,1.06993,2024-04-11 13:45:00,2024-04-11 13:50:00,1.07275,1.06993,1.0783900000000002,0.0028200000000000447,False,extreme,2024-04-11 23:55:00,1.07171,end_of_day,122,-0.3687943262411828,0,0.0,-0.3687943262411828,0.251773049645382,0.43262411347517005
EURUSD,NY,2024-04-15,Monday,1,1.0665,1.06471,0.0017899999999999583,short,2024-04-15 07:10:00,1.06653,2024-04-15 07:15:00,2024-04-15 07:20:00,1.06609,1.06653,1.06521,0.00043999999999999595,False,extreme,2024-04-15 07:55:00,1.06521,target,8,2.0,0,0.0,2.0,2.068181818181761,0.4772727272728305
EURUSD,NY,2024-04-15,Monday,2,1.0665,1.06471,0.0017899999999999583,long,2024-04-15 08:30:00,1.06311,2024-04-15 08:55:00,2024-04-15 09:00:00,1.06473,1.06311,1.0679699999999999,0.0016199999999999548,False,extreme,2024-04-15 10:05:00,1.06311,stop,14,-1.0,0,0.0,-1.0,0.8395061728395468,1.2222222222221766
EURUSD,NY,2024-04-15,Monday,3,1.0665,1.06471,0.0017899999999999583,long,2024-04-15 09:20:00,1.0622,2024-04-15 12:00:00,2024-04-15 12:05:00,1.06475,1.0622,1.0698500000000002,0.0025500000000000522,False,extreme,2024-04-15 15:05:00,1.0622,stop,37,-1.0,0,0.0,-1.0,0.0,1.0039215686274765
EURUSD,NY,2024-04-16,Tuesday,1,1.06229,1.06025,0.0020400000000000418,short,2024-04-16 04:00:00,1.06248,2024-04-16 04:05:00,2024-04-16 04:10:00,1.062,1.06248,1.06104,0.00048000000000003595,False,extreme,2024-04-16 05:05:00,1.06248,stop,12,-1.0,0,0.0,-1.0,1.541666666666474,1.8749999999996532
EURUSD,NY,2024-04-16,Tuesday,2,1.06229,1.06025,0.0020400000000000418,short,2024-04-16 05:05:00,1.0635,2024-04-16 05:25:00,2024-04-16 05:30:00,1.06224,1.0635,1.0597200000000004,0.0012599999999998168,False,extreme,2024-04-16 07:35:00,1.0635,stop,26,-1.0,0,0.0,-1.0,0.23015873015886162,1.0793650793652585
EURUSD,NY,2024-04-16,Tuesday,3,1.06229,1.06025,0.0020400000000000418,short,2024-04-16 05:40:00,1.06537,2024-04-16 11:35:00,2024-04-16 11:40:00,1.06223,1.06537,1.0559500000000002,0.0031399999999999206,False,extreme,2024-04-16 23:55:00,1.06273,end_of_day,148,-0.1592356687897954,0,0.0,-0.1592356687897954,0.6687898089172114,0.4267515923566658
EURUSD,NY,2024-04-17,Wednesday,1,1.06378,1.06063,0.003149999999999986,short,2024-04-17 04:20:00,1.06491,2024-04-17 05:00:00,2024-04-17 05:05:00,1.06374,1.06491,1.0613999999999997,0.0011700000000001154,False,extreme,2024-04-17 07:10:00,1.06491,stop,26,-1.0,0,0.0,-1.0,0.17094017094013525,1.0170940170939375
EURUSD,NY,2024-04-17,Wednesday,2,1.06378,1.06063,0.003149999999999986,short,2024-04-17 05:10:00,1.06493,2024-04-17 07:50:00,2024-04-17 07:55:00,1.06378,1.06493,1.06148,0.0011499999999999844,False,extreme,2024-04-17 09:45:00,1.06493,stop,23,-1.0,0,0.0,-1.0,0.5478260869564495,1.3043478260870236
EURUSD,NY,2024-04-17,Wednesday,3,1.06378,1.06063,0.003149999999999986,short,2024-04-17 09:05:00,1.06528,2024-04-17 10:20:00,2024-04-17 10:25:00,1.0637,1.06528,1.0605400000000003,0.0015799999999999148,False,extreme,2024-04-17 12:30:00,1.06528,stop,26,-1.0,0,0.0,-1.0,0.4303797468354751,1.0632911392405027
EURUSD,NY,2024-04-18,Thursday,1,1.06901,1.06751,0.0015000000000000568,long,2024-04-18 05:35:00,1.067,2024-04-18 06:45:00,2024-04-18 06:50:00,1.06751,1.067,1.06853,0.0005100000000000104,False,extreme,2024-04-18 08:20:00,1.067,stop,19,-1.0,0,0.0,-1.0,0.9215686274509035,1.4901960784310908
EURUSD,NY,2024-04-19,Friday,1,1.06594,1.06272,0.0032200000000000006,short,2024-04-19 05:45:00,1.06623,2024-04-19 05:55:00,2024-04-19 06:00:00,1.06591,1.06623,1.0652699999999997,0.000320000000000098,False,extreme,2024-04-19 06:05:00,1.0652699999999997,target,2,2.0,0,0.0,2.0,2.0624999999990026,0.0
EURUSD,NY,2024-04-19,Friday,2,1.06594,1.06272,0.0032200000000000006,short,2024-04-19 08:20:00,1.06777,2024-04-19 11:45:00,2024-04-19 11:50:00,1.06594,1.06777,1.0622800000000001,0.0018299999999999983,False,extreme,2024-04-19 16:55:00,1.06561,friday_close,62,0.18032786885254853,0,0.0,0.18032786885254853,1.0437158469945793,0.05464480874316343
EURUSD,NY,2024-04-22,Monday,1,1.06694,1.06526,0.0016799999999999038,long,2024-04-22 04:10:00,1.06475,2024-04-22 04:20:00,2024-04-22 04:25:00,1.06542,1.06475,1.06676,0.0006699999999999484,False,extreme,2024-04-22 06:20:00,1.06475,stop,24,-1.0,0,0.0,-1.0,1.2388059701491796,1.0
EURUSD,NY,2024-04-22,Monday,2,1.06694,1.06526,0.0016799999999999038,long,2024-04-22 05:40:00,1.06475,2024-04-22 06:25:00,2024-04-22 06:30:00,1.06539,1.06475,1.06667,0.0006399999999999739,False,extreme,2024-04-22 07:10:00,1.06475,stop,9,-1.0,0,0.0,-1.0,0.2031249999999512,1.5781249999999947
EURUSD,NY,2024-04-22,Monday,3,1.06694,1.06526,0.0016799999999999038,long,2024-04-22 06:40:00,1.06241,2024-04-22 13:15:00,2024-04-22 13:20:00,1.06533,1.06241,1.0711700000000002,0.0029200000000000337,False,extreme,2024-04-22 23:55:00,1.06562,end_of_day,128,0.09931506849311579,0,0.0,0.09931506849311579,0.26027397260269286,0.11301369863019167
EURUSD,NY,2024-04-23,Tuesday,1,1.06951,1.06386,0.005649999999999933,short,2024-04-23 09:50:00,1.071,2024-04-23 10:00:00,2024-04-23 10:05:00,1.06935,1.071,1.0660500000000002,0.0016499999999999293,False,extreme,2024-04-23 10:35:00,1.071,stop,7,-1.0,0,0.0,-1.0,0.18181818181816958,1.0909090909091521
EURUSD,NY,2024-04-23,Tuesday,2,1.06951,1.06386,0.005649999999999933,short,2024-04-23 10:05:00,1.07115,2024-04-23 11:00:00,2024-04-23 11:05:00,1.06917,1.07115,1.0652099999999998,0.001980000000000093,False,extreme,2024-04-23 21:20:00,1.07115,stop,124,-1.0,0,0.0,-1.0,0.035353535353541014,1.0050505050504257
EURUSD,NY,2024-04-24,Wednesday,1,1.07089,1.06849,0.0023999999999999577,long,2024-04-24 04:30:00,1.06818,2024-04-24 04:35:00,2024-04-24 04:40:00,1.06852,1.06818,1.0692,0.00034000000000000696,False,extreme,2024-04-24 04:45:00,1.06818,stop,2,-1.0,0,0.0,-1.0,0.23529411764728933,1.2941176470587852
EURUSD,NY,2024-04-24,Wednesday,2,1.07089,1.06849,0.0023999999999999577,long,2024-04-24 04:40:00,1.06808,2024-04-24 05:05:00,2024-04-24 05:10:00,1.06857,1.06808,1.0695500000000002,0.0004900000000001015,False,extreme,2024-04-24 08:10:00,1.06808,stop,37,-1.0,0,0.0,-1.0,1.2857142857138326,1.448979591836411
EURUSD,NY,2024-04-24,Wednesday,3,1.07089,1.06849,0.0023999999999999577,long,2024-04-24 08:15:00,1.06815,2024-04-24 08:20:00,2024-04-24 08:25:00,1.06858,1.06815,1.0694400000000004,0.0004300000000001525,False,extreme,2024-04-24 08:40:00,1.06815,stop,4,-1.0,0,0.0,-1.0,1.6976744186038106,1.069767441860381
EURUSD,NY,2024-04-24,Wednesday,4,1.07089,1.06849,0.0023999999999999577,long,2024-04-24 08:40:00,1.0678,2024-04-24 08:50:00,2024-04-24 08:55:00,1.0688,1.0678,1.0707999999999998,0.0009999999999998899,False,extreme,2024-04-24 21:30:00,1.0707999999999998,target,152,2.0,0,0.0,2.0,2.100000000000222,0.6900000000001554
EURUSD,NY,2024-04-25,Thursday,1,1.07278,1.07053,0.0022500000000000853,short,2024-04-25 04:35:00,1.07283,2024-04-25 04:40:00,2024-04-25 04:45:00,1.0727,1.07283,1.07244,0.00012999999999996348,False,extreme,2024-04-25 04:45:00,1.07283,stop,1,-1.0,0,0.0,-1.0,0.9230769230763975,1.3076923076927018
EURUSD,NY,2024-04-25,Thursday,2,1.07278,1.07053,0.0022500000000000853,short,2024-04-25 04:45:00,1.07287,2024-04-25 04:50:00,2024-04-25 04:55:00,1.07275,1.07287,1.0725100000000003,0.00011999999999989797,False,extreme,2024-04-25 04:55:00,1.0725100000000003,target,1,2.0,0,0.0,2.0,2.0000000000018505,0.08333333333209975
EURUSD,NY,2024-04-25,Thursday,3,1.07278,1.07053,0.0022500000000000853,short,2024-04-25 05:40:00,1.07287,2024-04-25 05:50:00,2024-04-25 05:55:00,1.07261,1.07287,1.0720900000000002,0.00025999999999992696,False,extreme,2024-04-25 06:00:00,1.07287,stop,2,-1.0,0,0.0,-1.0,0.46153846153905276,1.0384615384618012
EURUSD,NY,2024-04-25,Thursday,4,1.07278,1.07053,0.0022500000000000853,short,2024-04-25 06:15:00,1.07298,2024-04-25 06:25:00,2024-04-25 06:30:00,1.07273,1.07298,1.0722299999999998,0.0002500000000000835,False,extreme,2024-04-25 07:00:00,1.0722299999999998,target,7,2.0,0,0.0,2.0,2.079999999998721,0.7600000000002842
EURUSD,NY,2024-04-25,Thursday,5,1.07278,1.07053,0.0022500000000000853,short,2024-04-25 07:20:00,1.07298,2024-04-25 07:30:00,2024-04-25 07:35:00,1.07246,1.07298,1.0714199999999998,0.000520000000000076,False,extreme,2024-04-25 08:30:00,1.07298,both_touched,12,-1.0,0,0.0,-1.0,5.749999999999253,2.999999999999573
EURUSD,NY,2024-04-25,Thursday,6,1.07278,1.07053,0.0022500000000000853,long,2024-04-25 08:30:00,1.06784,2024-04-25 10:10:00,2024-04-25 10:15:00,1.07059,1.06784,1.07609,0.00275000000000003,False,extreme,2024-04-25 23:55:00,1.07232,end_of_day,165,0.6290909090909056,0,0.0,0.6290909090909056,1.1963636363636287,0.0036363636363066754
EURUSD,NY,2024-04-26,Friday,1,1.07388,1.07212,0.0017599999999999838,short,2024-04-26 04:10:00,1.0753,2024-04-26 05:15:00,2024-04-26 05:20:00,1.07382,1.0753,1.0708600000000001,0.0014799999999999258,False,extreme,2024-04-26 09:40:00,1.0708600000000001,target,53,2.0,0,0.0,2.0,2.0472972972974595,0.18243243243243648
EURUSD,NY,2024-04-29,Monday,1,1.07338,1.07082,0.0025599999999998957,long,2024-04-29 04:40:00,1.06975,2024-04-29 05:25:00,2024-04-29 05:30:00,1.07089,1.06975,1.0731699999999997,0.0011399999999999189,False,extreme,2024-04-29 09:30:00,1.06975,stop,49,-1.0,0,0.0,-1.0,1.6140350877194691,1.4210526315790089
EURUSD,NY,2024-04-29,Monday,2,1.07338,1.07082,0.0025599999999998957,long,2024-04-29 08:55:00,1.06903,2024-04-29 10:05:00,2024-04-29 10:10:00,1.07093,1.06903,1.07473,0.0019000000000000128,False,extreme,2024-04-29 23:55:00,1.07055,end_of_day,166,-0.20000000000002338,0,0.0,-0.20000000000002338,1.0736842105263305,0.45263157894729217
EURUSD,NY,2024-04-30,Tuesday,1,1.071,1.069,0.0020000000000000018,short,2024-04-30 04:55:00,1.07354,2024-04-30 08:30:00,2024-04-30 08:35:00,1.07006,1.07354,1.0631000000000002,0.0034799999999999276,False,extreme,2024-04-30 23:55:00,1.06567,end_of_day,185,1.2614942528736228,0,0.0,1.2614942528736228,1.2844827586207088,0.5488505747126776
EURUSD,NY,2024-05-02,Thursday,1,1.07284,1.07123,0.0016100000000001113,long,2024-05-02 04:10:00,1.06743,2024-05-02 12:40:00,2024-05-02 12:45:00,1.07164,1.0702,1.0745199999999997,0.0014399999999998858,True,swing,2024-05-02 23:55:00,1.0735,end_of_day,135,1.2916666666667502,0,0.0,1.2916666666667502,1.6111111111113081,0.16666666666669236
EURUSD,NY,2024-05-06,Monday,1,1.07697,1.07594,0.0010300000000000864,short,2024-05-06 04:15:00,1.07763,2024-05-06 04:45:00,2024-05-06 04:50:00,1.07694,1.07763,1.0755599999999998,0.0006900000000000794,False,extreme,2024-05-06 08:05:00,1.07763,stop,40,-1.0,0,0.0,-1.0,0.4637681159421176,1.0869565217390464
EURUSD,NY,2024-05-06,Monday,2,1.07697,1.07594,0.0010300000000000864,short,2024-05-06 07:15:00,1.07909,2024-05-06 15:15:00,2024-05-06 15:20:00,1.07692,1.07749,1.0757800000000002,0.0005699999999999594,True,swing,2024-05-06 20:50:00,1.07749,stop,67,-1.0,0,0.0,-1.0,0.6140350877194691,1.0175438596488495
EURUSD,NY,2024-05-06,Monday,3,1.07697,1.07594,0.0010300000000000864,short,2024-05-06 20:20:00,1.0777,2024-05-06 21:20:00,2024-05-06 21:25:00,1.07688,1.0777,1.07524,0.0008200000000000429,False,extreme,2024-05-06 23:55:00,1.07689,end_of_day,31,-0.01219512195102798,0,0.0,-0.01219512195102798,0.9756097560976732,0.04878048780492428
EURUSD,NY,2024-05-07,Tuesday,1,1.07698,1.07544,0.0015400000000000968,short,2024-05-07 08:15:00,1.07875,2024-05-07 11:55:00,2024-05-07 12:00:00,1.07669,1.07875,1.0725699999999996,0.002060000000000173,False,extreme,2024-05-07 23:55:00,1.07413,end_of_day,144,1.2427184466017869,0,0.0,1.2427184466017869,1.3932038834949938,0.36407766990289586
EURUSD,NY,2024-05-08,Wednesday,1,1.07493,1.07373,0.0011999999999998678,long,2024-05-08 04:00:00,1.07351,2024-05-08 04:05:00,2024-05-08 04:10:00,1.07387,1.07351,1.0745900000000004,0.000360000000000138,False,extreme,2024-05-08 05:00:00,1.0745900000000004,target,11,2.0,0,0.0,2.0,2.4722222222208172,0.4444444444447186
EURUSD,NY,2024-05-08,Wednesday,2,1.07493,1.07373,0.0011999999999998678,short,2024-05-08 05:40:00,1.07536,2024-05-08 06:55:00,2024-05-08 07:00:00,1.0749,1.07536,1.0739799999999997,0.000460000000000127,False,extreme,2024-05-08 07:05:00,1.07536,stop,2,-1.0,0,0.0,-1.0,0.021739130434919027,1.0652173913042744
EURUSD,NY,2024-05-08,Wednesday,3,1.07493,1.07373,0.0011999999999998678,short,2024-05-08 07:00:00,1.07539,2024-05-08 07:10:00,2024-05-08 07:15:00,1.07485,1.07539,1.0737700000000001,0.0005399999999999849,False,extreme,2024-05-08 09:45:00,1.07539,stop,31,-1.0,0,0.0,-1.0,1.5925925925927906,1.018518518518229
EURUSD,NY,2024-05-08,Wednesday,4,1.07493,1.07373,0.0011999999999998678,short,2024-05-08 09:25:00,1.07549,2024-05-08 10:35:00,2024-05-08 10:40:00,1.0748,1.07549,1.0734199999999998,0.0006900000000000794,False,extreme,2024-05-08 11:45:00,1.07549,stop,14,-1.0,0,0.0,-1.0,0.5217391304346007,1.0869565217390464
EURUSD,NY,2024-05-08,Wednesday,5,1.07493,1.07373,0.0011999999999998678,short,2024-05-08 11:35:00,1.07576,2024-05-08 12:20:00,2024-05-08 12:25:00,1.07491,1.07576,1.07321,0.0008500000000000174,False,extreme,2024-05-08 23:55:00,1.07478,end_of_day,139,0.15294117647054215,0,0.0,0.15294117647054215,0.9529411764705421,0.3058823529410843
EURUSD,NY,2024-05-09,Thursday,1,1.07506,1.07297,0.0020899999999999253,long,2024-05-09 04:25:00,1.07261,2024-05-09 05:40:00,2024-05-09 05:45:00,1.07316,1.07261,1.0742599999999995,0.0005499999999998284,False,extreme,2024-05-09 07:30:00,1.07261,stop,22,-1.0,0,0.0,-1.0,1.2727272727279333,1.090909090909311
EURUSD,NY,2024-05-09,Thursday,2,1.07506,1.07297,0.0020899999999999253,long,2024-05-09 07:30:00,1.0724,2024-05-09 07:50:00,2024-05-09 07:55:00,1.07309,1.0724,1.0744700000000003,0.0006900000000000794,False,extreme,2024-05-09 08:30:00,1.0744700000000003,target,8,2.0,0,0.0,2.0,3.3478260869558643,0.5652173913044458
EURUSD,NY,2024-05-10,Friday,1,1.07842,1.07716,0.0012600000000000389,short,2024-05-10 04:15:00,1.07869,2024-05-10 04:20:00,2024-05-10 04:25:00,1.07842,1.07869,1.07788,0.00026999999999999247,False,extreme,2024-05-10 06:00:00,1.07788,target,20,2.0,0,0.0,2.0,3.185185185184759,0.7407407407406799
EURUSD,NY,2024-05-10,Friday,2,1.07842,1.07716,0.0012600000000000389,long,2024-05-10 08:40:00,1.07663,2024-05-10 09:10:00,2024-05-10 09:15:00,1.07752,1.07663,1.0793000000000001,0.0008900000000000574,False,extreme,2024-05-10 10:25:00,1.07663,stop,15,-1.0,0,0.0,-1.0,1.6853932584269213,1.483146067415621
EURUSD,NY,2024-05-10,Friday,3,1.07842,1.07716,0.0012600000000000389,long,2024-05-10 10:15:00,1.07605,2024-05-10 11:55:00,2024-05-10 12:00:00,1.07722,1.07605,1.0795600000000003,0.0011700000000001154,False,extreme,2024-05-10 16:55:00,1.07692,friday_close,60,-0.2564102564102029,0,0.0,-0.2564102564102029,0.6239316239314747,0.3076923076923953
EURUSD,NY,2024-05-13,Monday,1,1.078,1.07689,0.0011100000000001664,short,2024-05-13 04:45:00,1.0789,2024-05-13 06:30:00,2024-05-13 06:35:00,1.07797,1.0789,1.0761100000000003,0.0009299999999998754,False,extreme,2024-05-13 07:40:00,1.0789,stop,14,-1.0,0,0.0,-1.0,0.24731182795721005,1.010752688172115
EURUSD,NY,2024-05-14,Tuesday,1,1.07895,1.0783,0.0006500000000000394,long,2024-05-14 04:05:00,1.07755,2024-05-14 04:50:00,2024-05-14 04:55:00,1.07839,1.07755,1.0800699999999999,0.0008399999999999519,False,extreme,2024-05-14 08:30:00,1.07755,stop,44,-1.0,0,0.0,-1.0,1.8095238095238724,1.9880952380954238
EURUSD,NY,2024-05-15,Wednesday,1,1.08326,1.08207,0.0011899999999998023,short,2024-05-15 04:25:00,1.08348,2024-05-15 04:35:00,2024-05-15 04:40:00,1.08295,1.08348,1.0818900000000002,0.0005299999999999194,False,extreme,2024-05-15 08:05:00,1.08348,stop,42,-1.0,0,0.0,-1.0,1.4150943396229103,1.2264150943394645
EURUSD,NY,2024-05-15,Wednesday,2,1.08326,1.08207,0.0011899999999998023,short,2024-05-15 08:15:00,1.08358,2024-05-15 08:20:00,2024-05-15 08:25:00,1.08316,1.08358,1.0823199999999997,0.00042000000000008697,False,extreme,2024-05-15 08:30:00,1.08358,stop,2,-1.0,0,0.0,-1.0,1.0238095238091462,9.023809523808088
EURUSD,NY,2024-05-16,Thursday,1,1.08874,1.08732,0.0014199999999999768,long,2024-05-16 04:15:00,1.08663,2024-05-16 04:55:00,2024-05-16 05:00:00,1.08734,1.08663,1.08876,0.0007099999999999884,False,extreme,2024-05-16 07:25:00,1.08663,stop,30,-1.0,0,0.0,-1.0,0.22535211267597266,1.0845070422534506
EURUSD,NY,2024-05-16,Thursday,2,1.08874,1.08732,0.0014199999999999768,long,2024-05-16 07:15:00,1.08545,2024-05-16 11:50:00,2024-05-16 11:55:00,1.08746,1.08545,1.0914800000000002,0.0020100000000000673,False,extreme,2024-05-16 22:30:00,1.08545,stop,128,-1.0,0,0.0,-1.0,0.06467661691540255,1.004975124378142
EURUSD,NY,2024-05-17,Friday,1,1.08684,1.08555,0.0012900000000000134,long,2024-05-17 04:05:00,1.08357,2024-05-17 10:00:00,2024-05-17 10:05:00,1.08598,1.08357,1.0908,0.0024100000000000232,False,extreme,2024-05-17 16:55:00,1.0869,friday_close,83,0.3817427385892212,0,0.0,0.3817427385892212,0.7800829875519028,0.11203319502074269
EURUSD,NY,2024-05-20,Monday,1,1.08846,1.08695,0.0015099999999999003,long,2024-05-20 05:20:00,1.08665,2024-05-20 06:05:00,2024-05-20 06:10:00,1.08704,1.08665,1.0878200000000002,0.0003900000000001125,False,extreme,2024-05-20 07:10:00,1.08665,stop,13,-1.0,0,0.0,-1.0,0.8974358974358244,1.4102564102561328
EURUSD,NY,2024-05-20,Monday,2,1.08846,1.08695,0.0015099999999999003,long,2024-05-20 07:05:00,1.08544,2024-05-20 13:10:00,2024-05-20 13:15:00,1.08699,1.08544,1.0900899999999998,0.0015499999999999403,False,extreme,2024-05-20 22:00:00,1.08544,stop,106,-1.0,0,0.0,-1.0,0.05806451612912838,1.161290322580562
EURUSD,NY,2024-05-21,Tuesday,1,1.08671,1.08553,0.0011799999999999589,short,2024-05-21 04:50:00,1.08696,2024-05-21 04:55:00,2024-05-21 05:00:00,1.08668,1.08696,1.0861200000000004,0.00027999999999983594,False,extreme,2024-05-21 05:05:00,1.08696,stop,2,-1.0,0,0.0,-1.0,0.10714285714362183,1.3928571428575678
EURUSD,NY,2024-05-21,Tuesday,2,1.08671,1.08553,0.0011799999999999589,short,2024-05-21 05:00:00,1.08749,2024-05-21 06:40:00,2024-05-21 06:45:00,1.08664,1.08749,1.08494,0.0008500000000000174,False,extreme,2024-05-21 09:00:00,1.08494,target,28,2.0,0,0.0,2.0,2.78823529411757,0.517647058823514
EURUSD,NY,2024-05-21,Tuesday,3,1.08671,1.08553,0.0011799999999999589,long,2024-05-21 09:00:00,1.08427,2024-05-21 09:10:00,2024-05-21 09:15:00,1.08559,1.08427,1.08823,0.0013199999999999878,False,extreme,2024-05-21 23:55:00,1.0856,end_of_day,177,0.0075757575756390605,0,0.0,0.0075757575756390605,0.5909090909090986,0.7196969696969812
EURUSD,NY,2024-05-22,Wednesday,1,1.08636,1.08501,0.0013499999999999623,long,2024-05-22 04:25:00,1.08463,2024-05-22 04:35:00,2024-05-22 04:40:00,1.08505,1.08463,1.0858900000000002,0.00042000000000008697,False,extreme,2024-05-22 05:10:00,1.08463,stop,7,-1.0,0,0.0,-1.0,0.5714285714284959,1.5
EURUSD,NY,2024-05-23,Thursday,1,1.08345,1.08125,0.0021999999999999797,short,2024-05-23 04:05:00,1.08611,2024-05-23 09:50:00,2024-05-23 09:55:00,1.08324,1.08611,1.0775000000000001,0.002869999999999928,False,extreme,2024-05-23 23:55:00,1.08064,end_of_day,169,0.9059233449477354,0,0.0,0.9059233449477354,0.9581881533101391,0.34843205574917663
EURUSD,NY,2024-05-24,Friday,1,1.08259,1.08057,0.0020199999999999108,short,2024-05-24 04:45:00,1.08284,2024-05-24 04:50:00,2024-05-24 04:55:00,1.08258,1.08284,1.0820600000000002,0.00025999999999992696,False,extreme,2024-05-24 05:05:00,1.08284,stop,3,-1.0,0,0.0,-1.0,0.7692307692317546,1.5384615384618012
EURUSD,NY,2024-05-27,Monday,1,1.08525,1.08443,0.0008200000000000429,short,2024-05-27 04:40:00,1.08535,2024-05-27 04:45:00,2024-05-27 04:50:00,1.08513,1.08535,1.0846899999999997,0.000220000000000109,False,extreme,2024-05-27 05:20:00,1.08535,stop,7,-1.0,0,0.0,-1.0,1.4999999999989908,1.6818181818172642
EURUSD,NY,2024-05-27,Monday,2,1.08525,1.08443,0.0008200000000000429,short,2024-05-27 05:10:00,1.08674,2024-05-27 08:00:00,2024-05-27 08:05:00,1.08477,1.08616,1.08199,0.0013900000000000023,True,swing,2024-05-27 12:15:00,1.08616,stop,51,-1.0,0,0.0,-1.0,0.503597122302102,1.0215827338129313
EURUSD,NY,2024-05-28,Tuesday,1,1.08802,1.08718,0.0008399999999999519,long,2024-05-28 04:35:00,1.08671,2024-05-28 05:30:00,2024-05-28 05:35:00,1.08723,1.08671,1.0882699999999996,0.0005199999999998539,False,extreme,2024-05-28 07:00:00,1.0882699999999996,target,18,2.0,0,0.0,2.0,2.3653846153854037,0.05769230769227485
EURUSD,NY,2024-05-28,Tuesday,2,1.08802,1.08718,0.0008399999999999519,short,2024-05-28 07:00:00,1.08891,2024-05-28 08:20:00,2024-05-28 08:25:00,1.08779,1.08891,1.08555,0.0011200000000000099,False,extreme,2024-05-28 14:50:00,1.08555,target,78,2.0,0,0.0,2.0,2.0267857142856913,0.25892857142848114
EURUSD,NY,2024-05-29,Wednesday,1,1.08589,1.08441,0.0014799999999999258,long,2024-05-29 04:00:00,1.08293,2024-05-29 05:15:00,2024-05-29 05:20:00,1.08449,1.08293,1.08761,0.0015600000000000058,False,extreme,2024-05-29 10:20:00,1.08293,stop,61,-1.0,0,0.0,-1.0,0.8846153846153408,1.410256410256392
EURUSD,NY,2024-05-30,Thursday,1,1.08113,1.07884,0.0022899999999999032,short,2024-05-30 04:35:00,1.08187,2024-05-30 06:10:00,2024-05-30 06:15:00,1.08095,1.08187,1.07911,0.0009200000000000319,False,extreme,2024-05-30 06:40:00,1.08187,stop,6,-1.0,0,0.0,-1.0,0.1086956521738973,1.0652173913042902
EURUSD,NY,2024-06-03,Monday,1,1.08588,1.08399,0.0018899999999999473,long,2024-06-03 04:05:00,1.08335,2024-06-03 04:30:00,2024-06-03 04:35:00,1.08411,1.08335,1.0856299999999997,0.0007599999999998719,False,extreme,2024-06-03 05:45:00,1.08335,stop,15,-1.0,0,0.0,-1.0,0.18421052631585866,1.1578947368422898
EURUSD,NY,2024-06-03,Monday,2,1.08588,1.08399,0.0018899999999999473,long,2024-06-03 05:35:00,1.08279,2024-06-03 07:10:00,2024-06-03 07:15:00,1.08407,1.08279,1.0866300000000004,0.0012800000000001699,False,extreme,2024-06-03 10:00:00,1.0866300000000004,target,34,2.0,0,0.0,2.0,2.531249999999593,0.007812500000050144
EURUSD,NY,2024-06-04,Tuesday,1,1.09109,1.08848,0.002610000000000001,long,2024-06-04 04:00:00,1.08846,2024-06-04 04:05:00,2024-06-04 04:10:00,1.08859,1.08846,1.0888499999999999,0.00012999999999996348,False,extreme,2024-06-04 04:10:00,1.0888499999999999,target,1,2.0,0,0.0,2.0,3.000000000001708,0.07692307692189444
EURUSD,NY,2024-06-04,Tuesday,2,1.09109,1.08848,0.002610000000000001,long,2024-06-04 04:20:00,1.08589,2024-06-04 13:45:00,2024-06-04 13:50:00,1.08868,1.08589,1.0942600000000002,0.00279000000000007,False,extreme,2024-06-04 23:55:00,1.08785,end_of_day,122,-0.2974910394265547,0,0.0,-0.2974910394265547,0.035842293906805184,0.36200716845883585
EURUSD,NY,2024-06-05,Wednesday,1,1.08824,1.0871,0.001140000000000141,long,2024-06-05 06:05:00,1.08601,2024-06-05 08:05:00,2024-06-05 08:10:00,1.08723,1.08601,1.08967,0.0012199999999999989,False,extreme,2024-06-05 12:00:00,1.08601,stop,47,-1.0,0,0.0,-1.0,1.6065573770493324,1.0901639344260923
EURUSD,NY,2024-06-05,Wednesday,2,1.08824,1.0871,0.001140000000000141,long,2024-06-05 10:45:00,1.08546,2024-06-05 14:30:00,2024-06-05 14:35:00,1.08721,1.08546,1.0907099999999998,0.0017499999999999183,False,extreme,2024-06-05 23:55:00,1.08908,end_of_day,113,1.0685714285715004,0,0.0,1.0685714285715004,1.3600000000000914,0.30285714285711096
EURUSD,NY,2024-06-06,Thursday,1,1.08909,1.08759,0.0014999999999998348,long,2024-06-06 04:05:00,1.08713,2024-06-06 04:55:00,2024-06-06 05:00:00,1.08775,1.08713,1.0889900000000001,0.0006200000000000649,False,extreme,2024-06-06 07:15:00,1.08713,stop,28,-1.0,0,0.0,-1.0,0.7419354838707367,1.1290322580642735
EURUSD,NY,2024-06-06,Thursday,2,1.08909,1.08759,0.0014999999999998348,long,2024-06-06 07:00:00,1.0862,2024-06-06 08:15:00,2024-06-06 08:20:00,1.0884,1.0862,1.0928,0.0021999999999999797,False,extreme,2024-06-06 23:55:00,1.08947,end_of_day,188,0.48636363636359736,0,0.0,0.48636363636359736,0.8181818181818366,0.5454545454545914
EURUSD,NY,2024-06-07,Friday,1,1.08985,1.08879,0.001060000000000061,long,2024-06-07 04:15:00,1.08858,2024-06-07 04:25:00,2024-06-07 04:30:00,1.08898,1.08858,1.08978,0.00039999999999995595,False,extreme,2024-06-07 04:40:00,1.08858,stop,3,-1.0,0,0.0,-1.0,0.12499999999972244,1.1750000000000556
EURUSD,NY,2024-06-07,Friday,2,1.08985,1.08879,0.001060000000000061,long,2024-06-07 04:35:00,1.08833,2024-06-07 04:55:00,2024-06-07 05:00:00,1.08891,1.08833,1.09007,0.0005800000000000249,False,extreme,2024-06-07 07:55:00,1.09007,target,36,2.0,0,0.0,2.0,2.2241379310344103,0.3103448275863125
EURUSD,NY,2024-06-10,Monday,1,1.07665,1.0748,0.0018500000000001293,long,2024-06-10 05:50:00,1.07329,2024-06-10 07:20:00,2024-06-10 07:25:00,1.07482,1.07329,1.0778800000000002,0.0015300000000000313,False,extreme,2024-06-10 23:55:00,1.07687,end_of_day,199,1.3398692810456492,0,0.0,1.3398692810456492,1.372549019607809,0.9738562091504464
EURUSD,NY,2024-06-12,Wednesday,1,1.07471,1.07357,0.001140000000000141,short,2024-06-12 04:00:00,1.07541,2024-06-12 04:50:00,2024-06-12 04:55:00,1.07469,1.07541,1.0732499999999998,0.0007200000000000539,False,extreme,2024-06-12 06:30:00,1.07541,stop,20,-1.0,0,0.0,-1.0,0.3611111111109826,1.097222222222235
EURUSD,NY,2024-06-13,Thursday,1,1.08165,1.08006,0.0015899999999999803,long,2024-06-13 06:50:00,1.07807,2024-06-13 08:30:00,2024-06-13 08:35:00,1.08124,1.07807,1.0875799999999998,0.003169999999999895,False,extreme,2024-06-13 10:25:00,1.07807,stop,23,-1.0,0,0.0,-1.0,0.0,1.2744479495268697
EURUSD,NY,2024-06-14,Friday,1,1.07411,1.07062,0.003489999999999993,long,2024-06-14 04:00:00,1.07032,2024-06-14 04:05:00,2024-06-14 04:10:00,1.07113,1.07032,1.0727499999999999,0.0008099999999999774,False,extreme,2024-06-14 04:25:00,1.07032,stop,4,-1.0,0,0.0,-1.0,0.0,1.0370370370370066
EURUSD,NY,2024-06-14,Friday,2,1.07411,1.07062,0.003489999999999993,long,2024-06-14 04:25:00,1.06676,2024-06-14 15:55:00,2024-06-14 16:00:00,1.07062,1.06676,1.0783399999999999,0.0038599999999999746,False,extreme,2024-06-14 16:55:00,1.07058,friday_close,12,-0.010362694300471043,0,0.0,-0.010362694300471043,0.03626943005182122,0.06476683937820288
EURUSD,NY,2024-06-17,Monday,1,1.0709,1.06865,0.0022499999999998632,short,2024-06-17 04:25:00,1.07117,2024-06-17 04:30:00,2024-06-17 04:35:00,1.07082,1.07117,1.0701200000000004,0.00034999999999985043,False,extreme,2024-06-17 05:05:00,1.07117,stop,7,-1.0,0,0.0,-1.0,1.2285714285723892,1.4285714285718818
EURUSD,NY,2024-06-17,Monday,2,1.0709,1.06865,0.0022499999999998632,short,2024-06-17 05:00:00,1.07147,2024-06-17 06:10:00,2024-06-17 06:15:00,1.07061,1.07147,1.0688900000000003,0.0008599999999998609,False,extreme,2024-06-17 07:05:00,1.07147,stop,11,-1.0,0,0.0,-1.0,0.4534883720932274,1.0
EURUSD,NY,2024-06-17,Monday,3,1.0709,1.06865,0.0022499999999998632,short,2024-06-17 06:45:00,1.07179,2024-06-17 08:45:00,2024-06-17 08:50:00,1.0708,1.07179,1.0688199999999999,0.0009900000000000464,False,extreme,2024-06-17 09:05:00,1.07179,stop,4,-1.0,0,0.0,-1.0,0.08080808080815784,1.0909090909090093
EURUSD,NY,2024-06-18,Tuesday,1,1.07353,1.07185,0.0016800000000001258,long,2024-06-18 04:30:00,1.0715,2024-06-18 04:40:00,2024-06-18 04:45:00,1.07201,1.0715,1.07303,0.0005100000000000104,False,extreme,2024-06-18 07:00:00,1.0715,stop,28,-1.0,0,0.0,-1.0,1.0980392156864793,1.117647058823427
EURUSD,NY,2024-06-18,Tuesday,2,1.07353,1.07185,0.0016800000000001258,long,2024-06-18 06:50:00,1.07101,2024-06-18 08:30:00,2024-06-18 08:35:00,1.07292,1.07101,1.0767400000000003,0.0019100000000000783,False,extreme,2024-06-18 23:55:00,1.07379,end_of_day,185,0.4554973821988957,0,0.0,0.4554973821988957,1.6910994764396396,0.24083769633513513
EURUSD,NY,2024-06-19,Wednesday,1,1.07415,1.07249,0.0016599999999999948,short,2024-06-19 05:15:00,1.07441,2024-06-19 05:20:00,2024-06-19 05:25:00,1.07407,1.07441,1.07339,0.00034000000000000696,False,extreme,2024-06-19 05:40:00,1.07339,target,4,2.0,0,0.0,2.0,2.205882352941215,0.6470588235290661
EURUSD,NY,2024-06-19,Wednesday,2,1.07415,1.07249,0.0016599999999999948,short,2024-06-19 06:25:00,1.07469,2024-06-19 06:40:00,2024-06-19 06:45:00,1.07403,1.07469,1.0727100000000003,0.0006599999999998829,False,extreme,2024-06-19 06:50:00,1.07469,stop,2,-1.0,0,0.0,-1.0,0.0,1.3333333333335575
EURUSD,NY,2024-06-19,Wednesday,3,1.07415,1.07249,0.0016599999999999948,short,2024-06-19 06:45:00,1.07535,2024-06-19 22:30:00,2024-06-19 22:35:00,1.07407,1.07535,1.0715100000000002,0.0012799999999999478,False,extreme,2024-06-19 23:55:00,1.07419,end_of_day,17,-0.0937499999999241,0,0.0,-0.0937499999999241,0.12500000000013012,0.1093750000000271
EURUSD,NY,2024-06-20,Thursday,1,1.0745,1.07244,0.0020599999999999508,long,2024-06-20 04:00:00,1.07127,2024-06-20 05:45:00,2024-06-20 05:50:00,1.0727,1.07127,1.07556,0.0014300000000000423,False,extreme,2024-06-20 11:10:00,1.07127,stop,65,-1.0,0,0.0,-1.0,0.363636363636406,1.055944055943955
EURUSD,NY,2024-06-24,Monday,1,1.0715,1.06913,0.0023699999999999832,short,2024-06-24 04:15:00,1.0717,2024-06-24 04:25:00,2024-06-24 04:30:00,1.07145,1.0717,1.0709499999999998,0.0002500000000000835,False,extreme,2024-06-24 04:40:00,1.0717,stop,3,-1.0,0,0.0,-1.0,1.2399999999997158,1.3999999999998223
EURUSD,NY,2024-06-24,Monday,2,1.0715,1.06913,0.0023699999999999832,short,2024-06-24 04:40:00,1.0718,2024-06-24 04:55:00,2024-06-24 05:00:00,1.07135,1.0718,1.07045,0.00045000000000006146,False,extreme,2024-06-24 05:05:00,1.0718,stop,2,-1.0,0,0.0,-1.0,0.06666666666660087,1.1999999999998026
EURUSD,NY,2024-06-26,Wednesday,1,1.07118,1.06854,0.0026399999999999757,long,2024-06-26 06:10:00,1.06821,2024-06-26 06:30:00,2024-06-26 06:35:00,1.06874,1.06821,1.0697999999999999,0.0005299999999999194,False,extreme,2024-06-26 07:15:00,1.06821,stop,9,-1.0,0,0.0,-1.0,0.09433962264130391,1.0
EURUSD,NY,2024-06-26,Wednesday,2,1.07118,1.06854,0.0026399999999999757,long,2024-06-26 07:05:00,1.06797,2024-06-26 07:50:00,2024-06-26 07:55:00,1.06882,1.06797,1.0705200000000001,0.0008500000000000174,False,extreme,2024-06-26 08:45:00,1.06797,stop,11,-1.0,0,0.0,-1.0,0.7764705882351405,1.1176470588235141
EURUSD,NY,2024-06-26,Wednesday,3,1.07118,1.06854,0.0026399999999999757,long,2024-06-26 08:30:00,1.06661,2024-06-26 10:10:00,2024-06-26 10:15:00,1.06863,1.06661,1.0726699999999998,0.0020199999999999108,False,extreme,2024-06-26 23:55:00,1.06908,end_of_day,165,0.22277227722776305,0,0.0,0.22277227722776305,0.47524752475253185,0.5841584158415896
EURUSD,NY,2024-06-27,Thursday,1,1.0699,1.06883,0.0010700000000001264,long,2024-06-27 04:10:00,1.06805,2024-06-27 04:45:00,2024-06-27 04:50:00,1.06902,1.06805,1.0709600000000004,0.0009700000000001374,False,extreme,2024-06-27 08:35:00,1.0709600000000004,target,46,2.0,0,0.0,2.0,3.020618556700476,0.2886597938144519
EURUSD,NY,2024-06-27,Thursday,2,1.0699,1.06883,0.0010700000000001264,short,2024-06-27 08:15:00,1.07266,2024-06-27 20:55:00,2024-06-27 21:00:00,1.06978,1.07048,1.0683799999999997,0.000700000000000145,True,swing,2024-06-27 23:55:00,1.06922,end_of_day,36,0.7999999999996827,0,0.0,0.7999999999996827,1.757142857142268,0.18571428571419507
EURUSD,NY,2024-06-28,Friday,1,1.07041,1.06857,0.0018400000000000638,short,2024-06-28 05:40:00,1.07118,2024-06-28 07:25:00,2024-06-28 07:30:00,1.0703,1.07118,1.06854,0.0008799999999999919,False,extreme,2024-06-28 08:30:00,1.07118,stop,13,-1.0,0,0.0,-1.0,1.2272727272727044,1.874999999999937
EURUSD,NY,2024-06-28,Friday,2,1.07041,1.06857,0.0018400000000000638,short,2024-06-28 08:25:00,1.07195,2024-06-28 08:40:00,2024-06-28 08:45:00,1.07026,1.07195,1.06688,0.0016899999999999693,False,extreme,2024-06-28 10:50:00,1.07195,stop,26,-1.0,0,0.0,-1.0,0.5857988165680854,1.1656804733728183
EURUSD,NY,2024-07-01,Monday,1,1.07765,1.07515,0.0024999999999999467,long,2024-07-01 04:00:00,1.07496,2024-07-01 04:05:00,2024-07-01 04:10:00,1.07531,1.07496,1.0760100000000001,0.0003500000000000725,False,extreme,2024-07-01 04:15:00,1.0760100000000001,target,2,2.0,0,0.0,2.0,2.1999999999993656,0.6857142857141951
EURUSD,NY,2024-07-01,Monday,2,1.07765,1.07515,0.0024999999999999467,long,2024-07-01 06:10:00,1.0748,2024-07-01 06:20:00,2024-07-01 06:25:00,1.0754,1.0748,1.0765999999999998,0.0005999999999999339,False,extreme,2024-07-01 06:45:00,1.0748,stop,5,-1.0,0,0.0,-1.0,0.13333333333348135,1.099999999999926
EURUSD,NY,2024-07-01,Monday,3,1.07765,1.07515,0.0024999999999999467,long,2024-07-01 06:40:00,1.07401,2024-07-01 09:00:00,2024-07-01 09:05:00,1.07522,1.07401,1.0776400000000004,0.0012100000000001554,False,extreme,2024-07-01 10:30:00,1.07401,stop,18,-1.0,0,0.0,-1.0,1.4545454545452543,1.1322314049586095
EURUSD,NY,2024-07-02,Tuesday,1,1.07359,1.07122,0.0023699999999999832,long,2024-07-02 05:50:00,1.071,2024-07-02 06:15:00,2024-07-02 06:20:00,1.07143,1.071,1.0722900000000004,0.0004300000000001525,False,extreme,2024-07-02 07:55:00,1.0722900000000004,target,20,2.0,0,0.0,2.0,2.4418604651154023,0.6976744186048434
EURUSD,NY,2024-07-02,Tuesday,2,1.07359,1.07122,0.0023699999999999832,short,2024-07-02 09:35:00,1.07469,2024-07-02 10:00:00,2024-07-02 10:05:00,1.07359,1.07469,1.0713900000000003,0.0010999999999998789,False,extreme,2024-07-02 16:15:00,1.07469,stop,75,-1.0,0,0.0,-1.0,1.054545454545616,1.0272727272727071
EURUSD,NY,2024-07-03,Wednesday,1,1.07619,1.07364,0.0025500000000000522,short,2024-07-03 04:15:00,1.07635,2024-07-03 04:20:00,2024-07-03 04:25:00,1.07602,1.07635,1.07536,0.00032999999999994145,False,extreme,2024-07-03 04:45:00,1.07635,stop,5,-1.0,0,0.0,-1.0,0.5454545454548513,1.0606060606064684
EURUSD,NY,2024-07-03,Wednesday,2,1.07619,1.07364,0.0025500000000000522,short,2024-07-03 04:40:00,1.07637,2024-07-03 04:55:00,2024-07-03 05:00:00,1.07583,1.07637,1.07475,0.0005399999999999849,False,extreme,2024-07-03 08:15:00,1.07637,stop,40,-1.0,0,0.0,-1.0,1.0555555555555098,1.4074074074072094
EURUSD,NY,2024-07-04,Thursday,1,1.07967,1.0785,0.0011699999999998933,short,2024-07-04 04:10:00,1.08032,2024-07-04 05:35:00,2024-07-04 05:40:00,1.07962,1.08032,1.0782200000000002,0.0006999999999999229,False,extreme,2024-07-04 10:05:00,1.08032,stop,54,-1.0,0,0.0,-1.0,0.30000000000009514,1.0142857142858095
EURUSD,NY,2024-07-05,Friday,1,1.08304,1.08166,0.0013799999999999368,short,2024-07-05 06:15:00,1.08321,2024-07-05 06:20:00,2024-07-05 06:25:00,1.08289,1.08321,1.0822499999999997,0.000320000000000098,False,extreme,2024-07-05 06:45:00,1.0822499999999997,target,5,2.0,0,0.0,2.0,2.0624999999990026,0.34375000000006506
EURUSD,NY,2024-07-05,Friday,2,1.08304,1.08166,0.0013799999999999368,short,2024-07-05 08:40:00,1.08334,2024-07-05 08:45:00,2024-07-05 08:50:00,1.0824,1.08334,1.0805200000000001,0.0009399999999999409,False,extreme,2024-07-05 09:10:00,1.08334,stop,5,-1.0,0,0.0,-1.0,0.26595744680861616,1.0957446808509885
EURUSD,NY,2024-07-05,Friday,3,1.08304,1.08166,0.0013799999999999368,short,2024-07-05 09:10:00,1.08343,2024-07-05 09:15:00,2024-07-05 09:20:00,1.08267,1.08343,1.0811500000000003,0.0007599999999998719,False,extreme,2024-07-05 10:10:00,1.0811500000000003,target,11,2.0,0,0.0,2.0,2.105263157895152,0.6447368421052132
EURUSD,NY,2024-07-05,Friday,4,1.08304,1.08166,0.0013799999999999368,long,2024-07-05 10:00:00,1.08107,2024-07-05 10:20:00,2024-07-05 10:25:00,1.08169,1.08107,1.0829300000000002,0.0006200000000000649,False,extreme,2024-07-05 11:30:00,1.0829300000000002,target,14,2.0,0,0.0,2.0,2.1935483870965893,0.177419354838779
EURUSD,NY,2024-07-08,Monday,1,1.08382,1.08148,0.0023400000000000087,short,2024-07-08 04:00:00,1.08425,2024-07-08 04:25:00,2024-07-08 04:30:00,1.0836,1.08425,1.0822999999999998,0.0006500000000000394,False,extreme,2024-07-08 04:40:00,1.08425,stop,3,-1.0,0,0.0,-1.0,0.0,1.0615384615385193
EURUSD,NY,2024-07-08,Monday,2,1.08382,1.08148,0.0023400000000000087,short,2024-07-08 04:30:00,1.08431,2024-07-08 05:00:00,2024-07-08 05:05:00,1.08368,1.08431,1.0824199999999997,0.0006300000000001305,False,extreme,2024-07-08 06:40:00,1.0824199999999997,target,20,2.0,0,0.0,2.0,2.0793650793645253,0.8253968253967751
EURUSD,NY,2024-07-08,Monday,3,1.08382,1.08148,0.0023400000000000087,short,2024-07-08 08:20:00,1.08451,2024-07-08 10:30:00,2024-07-08 10:35:00,1.08371,1.08451,1.0821099999999997,0.0008000000000001339,False,extreme,2024-07-08 22:05:00,1.0821099999999997,target,139,2.0,0,0.0,2.0,2.2124999999996913,0.32500000000013185
EURUSD,NY,2024-07-09,Tuesday,1,1.08313,1.08172,0.0014099999999999113,long,2024-07-09 04:00:00,1.08153,2024-07-09 04:05:00,2024-07-09 04:10:00,1.08181,1.08153,1.0823699999999996,0.00027999999999983594,False,extreme,2024-07-09 04:50:00,1.0823699999999996,target,9,2.0,0,0.0,2.0,2.107142857144415,0.28571428571394586
EURUSD,NY,2024-07-09,Tuesday,2,1.08313,1.08172,0.0014099999999999113,long,2024-07-09 07:25:00,1.08122,2024-07-09 09:05:00,2024-07-09 09:10:00,1.08189,1.08122,1.08323,0.0006699999999999484,False,extreme,2024-07-09 10:05:00,1.08122,stop,12,-1.0,0,0.0,-1.0,1.4029850746268855,1.3880597014927896
EURUSD,NY,2024-07-09,Tuesday,3,1.08313,1.08172,0.0014099999999999113,long,2024-07-09 10:25:00,1.08128,2024-07-09 10:45:00,2024-07-09 10:50:00,1.08191,1.08128,1.0831699999999997,0.0006299999999999084,False,extreme,2024-07-09 10:55:00,1.08128,stop,2,-1.0,0,0.0,-1.0,0.07936507936525838,1.0476190476190141
EURUSD,NY,2024-07-09,Tuesday,4,1.08313,1.08172,0.0014099999999999113,long,2024-07-09 10:50:00,1.08125,2024-07-09 11:00:00,2024-07-09 11:05:00,1.0818,1.08125,1.0829000000000002,0.0005500000000000504,False,extreme,2024-07-09 11:05:00,1.08125,stop,1,-1.0,0,0.0,-1.0,0.03636363636346754,1.1636363636366132
EURUSD,NY,2024-07-09,Tuesday,5,1.08313,1.08172,0.0014099999999999113,long,2024-07-09 11:05:00,1.08056,2024-07-09 23:05:00,2024-07-09 23:10:00,1.08176,1.08056,1.0841600000000002,0.0012000000000000899,False,extreme,2024-07-09 23:55:00,1.08202,end_of_day,10,0.21666666666658957,0,0.0,0.21666666666658957,0.2999999999999075,0.033333333333364176
EURUSD,NY,2024-07-10,Wednesday,1,1.0825,1.08149,0.0010099999999999554,long,2024-07-10 04:20:00,1.08123,2024-07-10 04:25:00,2024-07-10 04:30:00,1.08157,1.08123,1.08225,0.00034000000000000696,False,extreme,2024-07-10 04:40:00,1.08123,stop,3,-1.0,0,0.0,-1.0,0.02941176470607443,1.0882352941175701
EURUSD,NY,2024-07-10,Wednesday,2,1.0825,1.08149,0.0010099999999999554,long,2024-07-10 04:35:00,1.0812,2024-07-10 04:45:00,2024-07-10 04:50:00,1.08151,1.0812,1.08213,0.00031000000000003247,False,extreme,2024-07-10 05:15:00,1.08213,target,6,2.0,0,0.0,2.0,2.645161290322442,0.322580645161221
EURUSD,NY,2024-07-10,Wednesday,3,1.0825,1.08149,0.0010099999999999554,short,2024-07-10 07:40:00,1.0827,2024-07-10 07:45:00,2024-07-10 07:50:00,1.0825,1.0827,1.0821,0.00019999999999997797,False,extreme,2024-07-10 08:20:00,1.0827,stop,7,-1.0,0,0.0,-1.0,0.7500000000005551,1.2500000000005551
EURUSD,NY,2024-07-10,Wednesday,4,1.0825,1.08149,0.0010099999999999554,short,2024-07-10 07:55:00,1.08275,2024-07-10 08:25:00,2024-07-10 08:30:00,1.0825,1.08275,1.0819999999999999,0.0002500000000000835,False,extreme,2024-07-10 08:55:00,1.08275,stop,6,-1.0,0,0.0,-1.0,0.32000000000021317,1.319999999999325
EURUSD,NY,2024-07-10,Wednesday,5,1.0825,1.08149,0.0010099999999999554,short,2024-07-10 08:40:00,1.0829,2024-07-10 09:05:00,2024-07-10 09:10:00,1.08241,1.0829,1.0814300000000003,0.0004899999999998794,False,extreme,2024-07-10 15:50:00,1.0829,stop,81,-1.0,0,0.0,-1.0,1.3469387755107498,1.0612244897958814
EURUSD,NY,2024-07-11,Thursday,1,1.08401,1.08324,0.0007699999999999374,short,2024-07-11 04:15:00,1.08405,2024-07-11 04:20:00,2024-07-11 04:25:00,1.08401,1.08405,1.0839299999999998,4.0000000000040004e-05,False,extreme,2024-07-11 04:25:00,1.08405,both_touched,1,-1.0,0,0.0,-1.0,3.2499999999958367,1.7499999999986122
EURUSD,NY,2024-07-15,Monday,1,1.08965,1.08839,0.0012600000000000389,short,2024-07-15 04:00:00,1.09225,2024-07-15 13:30:00,2024-07-15 13:35:00,1.08955,1.09072,1.0872100000000002,0.0011699999999998933,True,swing,2024-07-15 23:55:00,1.08932,end_of_day,125,0.19658119658117387,0,0.0,0.19658119658117387,0.6068376068376523,0.5470085470085746
EURUSD,NY,2024-07-16,Tuesday,1,1.09005,1.08836,0.0016899999999999693,short,2024-07-16 04:20:00,1.09029,2024-07-16 04:25:00,2024-07-16 04:30:00,1.08981,1.09029,1.0888499999999999,0.00048000000000003595,False,extreme,2024-07-16 05:00:00,1.09029,stop,7,-1.0,0,0.0,-1.0,0.6874999999998266,1.2916666666667052
EURUSD,NY,2024-07-16,Tuesday,2,1.09005,1.08836,0.0016899999999999693,short,2024-07-16 05:00:00,1.09043,2024-07-16 05:10:00,2024-07-16 05:15:00,1.09001,1.09043,1.0891699999999997,0.00042000000000008697,False,extreme,2024-07-16 08:00:00,1.09043,stop,34,-1.0,0,0.0,-1.0,1.4761904761897964,1.023809523809675
EURUSD,NY,2024-07-16,Tuesday,3,1.09005,1.08836,0.0016899999999999693,short,2024-07-16 07:45:00,1.09056,2024-07-16 08:30:00,2024-07-16 08:35:00,1.08919,1.09056,1.0864500000000004,0.0013699999999998713,False,extreme,2024-07-16 22:40:00,1.09056,stop,170,-1.0,0,0.0,-1.0,1.481751824817802,1.1021897810219285
EURUSD,NY,2024-07-18,Thursday,1,1.09383,1.09263,0.0012000000000000899,long,2024-07-18 08:50:00,1.09239,2024-07-18 08:55:00,2024-07-18 09:00:00,1.09286,1.09239,1.0937999999999999,0.00046999999999997044,False,extreme,2024-07-18 09:05:00,1.09239,stop,2,-1.0,0,0.0,-1.0,0.1276595744679846,1.5957446808512246
EURUSD,NY,2024-07-19,Friday,1,1.08906,1.08819,0.0008699999999999264,long,2024-07-19 04:15:00,1.08788,2024-07-19 04:20:00,2024-07-19 04:25:00,1.08848,1.08788,1.0896799999999998,0.0005999999999999339,False,extreme,2024-07-19 04:30:00,1.08788,stop,2,-1.0,0,0.0,-1.0,0.0,1.0
EURUSD,NY,2024-07-19,Friday,2,1.08906,1.08819,0.0008699999999999264,long,2024-07-19 04:25:00,1.08783,2024-07-19 04:40:00,2024-07-19 04:45:00,1.0882,1.08783,1.08894,0.00036999999999998145,False,extreme,2024-07-19 04:50:00,1.08783,stop,2,-1.0,0,0.0,-1.0,0.0810810810810162,1.0810810810810163
EURUSD,NY,2024-07-19,Friday,3,1.08906,1.08819,0.0008699999999999264,long,2024-07-19 04:45:00,1.08762,2024-07-19 05:45:00,2024-07-19 05:50:00,1.08845,1.08762,1.0901099999999997,0.0008299999999998864,False,extreme,2024-07-19 14:40:00,1.08762,stop,107,-1.0,0,0.0,-1.0,1.1686746987955063,1.0
EURUSD,NY,2024-07-19,Friday,4,1.08906,1.08819,0.0008699999999999264,long,2024-07-19 14:15:00,1.08757,2024-07-19 15:00:00,2024-07-19 15:05:00,1.08819,1.08757,1.0894300000000001,0.0006200000000000649,False,extreme,2024-07-19 16:55:00,1.08824,friday_close,23,0.08064516129048432,0,0.0,0.08064516129048432,0.20967741935475784,0.7903225806452422
EURUSD,NY,2024-07-22,Monday,1,1.08929,1.08789,0.0014000000000000679,short,2024-07-22 05:25:00,1.08939,2024-07-22 05:30:00,2024-07-22 05:35:00,1.0892,1.08939,1.0888199999999997,0.0001900000000001345,False,extreme,2024-07-22 05:40:00,1.08939,stop,2,-1.0,0,0.0,-1.0,0.42105263157790174,1.3157894736837186
EURUSD,NY,2024-07-22,Monday,2,1.08929,1.08789,0.0014000000000000679,short,2024-07-22 05:45:00,1.08955,2024-07-22 05:55:00,2024-07-22 06:00:00,1.0892,1.08955,1.0884999999999998,0.0003500000000000725,False,extreme,2024-07-22 07:10:00,1.0884999999999998,target,15,2.0,0,0.0,2.0,2.1999999999993656,0.25714285714321966
EURUSD,NY,2024-07-22,Monday,3,1.08929,1.08789,0.0014000000000000679,long,2024-07-22 08:45:00,1.08752,2024-07-22 09:15:00,2024-07-22 09:20:00,1.08801,1.08752,1.0889899999999997,0.0004899999999998794,False,extreme,2024-07-22 10:15:00,1.08752,stop,12,-1.0,0,0.0,-1.0,1.2857142857148682,1.408163265306178
EURUSD,NY,2024-07-22,Monday,4,1.08929,1.08789,0.0014000000000000679,long,2024-07-22 10:05:00,1.08732,2024-07-22 10:25:00,2024-07-22 10:30:00,1.0879,1.08732,1.0890600000000001,0.0005800000000000249,False,extreme,2024-07-22 13:10:00,1.0890600000000001,target,33,2.0,0,0.0,2.0,2.1551724137929646,0.3965517241382149
EURUSD,NY,2024-07-22,Monday,5,1.08929,1.08789,0.0014000000000000679,short,2024-07-22 21:15:00,1.08941,2024-07-22 21:25:00,2024-07-22 21:30:00,1.08922,1.08941,1.0888400000000003,0.00018999999999991246,False,extreme,2024-07-22 21:50:00,1.0888400000000003,target,5,2.0,0,0.0,2.0,2.3684210526329936,0.15789473684204375
EURUSD,NY,2024-07-22,Monday,6,1.08929,1.08789,0.0014000000000000679,short,2024-07-22 22:40:00,1.08938,2024-07-22 22:45:00,2024-07-22 22:50:00,1.08923,1.08938,1.0889299999999997,0.0001500000000000945,False,extreme,2024-07-22 23:15:00,1.08938,stop,6,-1.0,0,0.0,-1.0,0.7333333333317543,1.0
EURUSD,NY,2024-07-23,Tuesday,1,1.08949,1.08741,0.002080000000000082,long,2024-07-23 04:00:00,1.08681,2024-07-23 04:15:00,2024-07-23 04:20:00,1.08747,1.08681,1.0887899999999997,0.0006599999999998829,False,extreme,2024-07-23 05:50:00,1.08681,stop,19,-1.0,0,0.0,-1.0,1.181818181818396,1.1969696969696766
EURUSD,NY,2024-07-24,Wednesday,1,1.0854,1.08258,0.0028199999999998226,short,2024-07-24 08:50:00,1.08616,2024-07-24 09:15:00,2024-07-24 09:20:00,1.08539,1.08616,1.0838500000000002,0.0007699999999999374,False,extreme,2024-07-24 09:40:00,1.08616,stop,5,-1.0,0,0.0,-1.0,0.2857142857144505,1.1818181818182343
EURUSD,NY,2024-07-24,Wednesday,2,1.0854,1.08258,0.0028199999999998226,short,2024-07-24 09:25:00,1.08667,2024-07-24 10:50:00,2024-07-24 10:55:00,1.08511,1.08667,1.08199,0.0015600000000000058,False,extreme,2024-07-24 23:55:00,1.08429,end_of_day,157,0.5256410256410512,0,0.0,0.5256410256410512,1.0320512820513497,0.4294871794871448
EURUSD,NY,2024-07-25,Thursday,1,1.08532,1.08284,0.0024800000000000377,short,2024-07-25 04:05:00,1.08578,2024-07-25 04:15:00,2024-07-25 04:20:00,1.08503,1.08578,1.0835299999999999,0.0007500000000000284,False,extreme,2024-07-25 06:15:00,1.08578,stop,24,-1.0,0,0.0,-1.0,0.919999999999775,1.0133333333334202
EURUSD,NY,2024-07-25,Thursday,2,1.08532,1.08284,0.0024800000000000377,short,2024-07-25 06:00:00,1.0859,2024-07-25 06:25:00,2024-07-25 06:30:00,1.08527,1.0859,1.0840099999999997,0.0006300000000001305,False,extreme,2024-07-25 08:30:00,1.0840099999999997,target,25,2.0,0,0.0,2.0,2.3333333333326283,0.3809523809523306
EURUSD,NY,2024-07-25,Thursday,3,1.08532,1.08284,0.0024800000000000377,short,2024-07-25 10:45:00,1.08701,2024-07-25 14:05:00,2024-07-25 14:10:00,1.08513,1.08701,1.0813699999999997,0.0018800000000001038,False,extreme,2024-07-25 23:55:00,1.08584,end_of_day,118,-0.3776595744680581,0,0.0,-0.3776595744680581,0.4893617021276495,0.4946808510638543
EURUSD,NY,2024-07-26,Friday,1,1.08609,1.08449,0.0016000000000000458,long,2024-07-26 04:30:00,1.08422,2024-07-26 04:45:00,2024-07-26 04:50:00,1.08485,1.08422,1.0861100000000004,0.0006300000000001305,False,extreme,2024-07-26 07:50:00,1.0861100000000004,target,37,2.0,0,0.0,2.0,2.0476190476186447,0.0
EURUSD,NY,2024-07-26,Friday,2,1.08609,1.08449,0.0016000000000000458,short,2024-07-26 07:55:00,1.0863,2024-07-26 08:05:00,2024-07-26 08:10:00,1.08598,1.0863,1.0853399999999997,0.000320000000000098,False,extreme,2024-07-26 08:30:00,1.0853399999999997,target,5,2.0,0,0.0,2.0,3.5312499999984603,0.6875000000001301
EURUSD,NY,2024-07-26,Friday,3,1.08609,1.08449,0.0016000000000000458,short,2024-07-26 08:35:00,1.08655,2024-07-26 08:40:00,2024-07-26 08:45:00,1.08609,1.08655,1.0851700000000002,0.00045999999999990493,False,extreme,2024-07-26 09:50:00,1.08655,stop,14,-1.0,0,0.0,-1.0,0.8695652173913883,1.4130434782612473
EURUSD,NY,2024-07-26,Friday,4,1.08609,1.08449,0.0016000000000000458,short,2024-07-26 09:15:00,1.08683,2024-07-26 10:20:00,2024-07-26 10:25:00,1.08593,1.08683,1.0841300000000003,0.0008999999999999009,False,extreme,2024-07-26 16:55:00,1.08554,friday_close,79,0.43333333333350604,0,0.0,0.43333333333350604,0.855555555555827,0.8555555555555803
EURUSD,NY,2024-07-30,Tuesday,1,1.0827,1.08166,0.0010399999999999299,short,2024-07-30 04:20:00,1.08358,2024-07-30 07:55:00,2024-07-30 08:00:00,1.08244,1.08358,1.0801600000000002,0.0011399999999999189,False,extreme,2024-07-30 10:00:00,1.0801600000000002,target,25,2.0,0,0.0,2.0,2.1578947368423718,0.14912280701755753
EURUSD,NY,2024-07-30,Tuesday,2,1.0827,1.08166,0.0010399999999999299,long,2024-07-30 08:20:00,1.07983,2024-07-30 13:20:00,2024-07-30 13:25:00,1.08169,1.07983,1.08541,0.0018599999999999728,False,extreme,2024-07-30 23:55:00,1.08222,end_of_day,127,0.2849462365591006,0,0.0,0.2849462365591006,0.7204301075268368,0.47311827956989505
EURUSD,NY,2024-07-31,Wednesday,1,1.0827,1.08117,0.0015300000000000313,long,2024-07-31 04:10:00,1.08066,2024-07-31 04:15:00,2024-07-31 04:20:00,1.08133,1.08066,1.0826699999999998,0.0006699999999999484,False,extreme,2024-07-31 04:55:00,1.0826699999999998,target,8,2.0,0,0.0,2.0,2.14925373134361,0.3582089552236036
EURUSD,NY,2024-07-31,Wednesday,2,1.0827,1.08117,0.0015300000000000313,short,2024-07-31 06:00:00,1.08495,2024-07-31 10:40:00,2024-07-31 10:45:00,1.0827,1.08495,1.0781999999999998,0.0022500000000000853,False,extreme,2024-07-31 23:55:00,1.08329,end_of_day,159,-0.2622222222222525,0,0.0,-0.2622222222222525,1.1111111111110452,0.3422222222221814
EURUSD,NY,2024-08-01,Thursday,1,1.08355,1.07993,0.0036199999999999566,long,2024-08-01 04:00:00,1.07776,2024-08-01 08:30:00,2024-08-01 08:35:00,1.08052,1.07776,1.0860399999999997,0.0027599999999998737,False,extreme,2024-08-01 23:55:00,1.07932,end_of_day,185,-0.4347826086956242,0,0.0,-0.4347826086956242,0.4782608695652349,0.8985507246376555
EURUSD,NY,2024-08-05,Monday,1,1.09671,1.08928,0.007430000000000048,short,2024-08-05 04:05:00,1.09751,2024-08-05 04:10:00,2024-08-05 04:15:00,1.0967,1.09751,1.09508,0.0008099999999999774,False,extreme,2024-08-05 04:55:00,1.09508,target,9,2.0,0,0.0,2.0,2.3827160493827666,0.9506172839505665
EURUSD,NY,2024-08-05,Monday,2,1.09671,1.08928,0.007430000000000048,short,2024-08-05 08:10:00,1.10089,2024-08-05 10:00:00,2024-08-05 10:05:00,1.09651,1.10089,1.0877500000000004,0.0043799999999998285,False,extreme,2024-08-05 23:55:00,1.09542,end_of_day,167,0.2488584474886023,0,0.0,0.2488584474886023,0.5844748858447987,0.4863013698630248
EURUSD,NY,2024-08-06,Tuesday,1,1.09559,1.09221,0.0033800000000001607,long,2024-08-06 04:00:00,1.09186,2024-08-06 04:05:00,2024-08-06 04:10:00,1.09266,1.09186,1.0942599999999998,0.0007999999999999119,False,extreme,2024-08-06 05:05:00,1.09186,stop,12,-1.0,0,0.0,-1.0,1.0625000000001388,1.0125000000000832
EURUSD,NY,2024-08-06,Tuesday,2,1.09559,1.09221,0.0033800000000001607,long,2024-08-06 05:00:00,1.09038,2024-08-06 09:40:00,2024-08-06 09:45:00,1.09237,1.09038,1.0963500000000004,0.0019900000000001583,False,extreme,2024-08-06 23:55:00,1.09159,end_of_day,171,-0.39195979899494515,0,0.0,-0.39195979899494515,0.5628140703517189,0.638190954773871
EURUSD,NY,2024-08-07,Wednesday,1,1.09281,1.09055,0.0022600000000001508,short,2024-08-07 10:40:00,1.09367,2024-08-07 11:40:00,2024-08-07 11:45:00,1.09255,1.09367,1.09031,0.0011200000000000099,False,extreme,2024-08-07 23:55:00,1.09351,end_of_day,147,-0.8571428571429138,0,0.0,-0.8571428571429138,0.7053571428569995,0.9017857142858647
EURUSD,NY,2024-08-08,Thursday,1,1.09452,1.093,0.0015199999999999658,long,2024-08-08 05:45:00,1.09211,2024-08-08 07:50:00,2024-08-08 07:55:00,1.09331,1.09211,1.0957100000000002,0.0012000000000000899,False,extreme,2024-08-08 08:30:00,1.09211,stop,8,-1.0,0,0.0,-1.0,0.0,2.1499999999998614
EURUSD,NY,2024-08-09,Friday,1,1.09292,1.09177,0.0011499999999999844,long,2024-08-09 04:10:00,1.09158,2024-08-09 04:20:00,2024-08-09 04:25:00,1.0918,1.09158,1.0922400000000003,0.000220000000000109,False,extreme,2024-08-09 04:30:00,1.0922400000000003,target,2,2.0,0,0.0,2.0,2.0909090909076227,0.7272727272730943
EURUSD,NY,2024-08-09,Friday,2,1.09292,1.09177,0.0011499999999999844,long,2024-08-09 04:40:00,1.09131,2024-08-09 04:55:00,2024-08-09 05:00:00,1.09178,1.09131,1.09272,0.00046999999999997044,False,extreme,2024-08-09 07:45:00,1.09131,stop,34,-1.0,0,0.0,-1.0,1.7446808510640308,1.3617021276596046
EURUSD,NY,2024-08-09,Friday,3,1.09292,1.09177,0.0011499999999999844,long,2024-08-09 07:15:00,1.09092,2024-08-09 09:20:00,2024-08-09 09:25:00,1.09217,1.09092,1.0946700000000005,0.0012500000000001954,False,extreme,2024-08-09 16:55:00,1.09156,friday_close,91,-0.4879999999999233,0,0.0,-0.4879999999999233,0.775999999999811,0.5679999999999019
EURUSD,NY,2024-08-12,Monday,1,1.09286,1.09137,0.0014899999999999913,short,2024-08-12 06:10:00,1.093,2024-08-12 06:15:00,2024-08-12 06:20:00,1.09281,1.093,1.0924300000000002,0.00018999999999991246,False,extreme,2024-08-12 06:30:00,1.0924300000000002,target,3,2.0,0,0.0,2.0,2.000000000001169,0.7894736842102188
EURUSD,NY,2024-08-12,Monday,2,1.09286,1.09137,0.0014899999999999913,short,2024-08-12 07:00:00,1.09292,2024-08-12 07:05:00,2024-08-12 07:10:00,1.09267,1.09292,1.0921700000000003,0.00024999999999986144,False,extreme,2024-08-12 07:25:00,1.0921700000000003,target,4,2.0,0,0.0,2.0,2.000000000000888,0.5999999999998223
EURUSD,NY,2024-08-12,Monday,3,1.09286,1.09137,0.0014899999999999913,short,2024-08-12 09:40:00,1.09335,2024-08-12 09:50:00,2024-08-12 09:55:00,1.0925,1.09335,1.0908,0.0008500000000000174,False,extreme,2024-08-12 11:05:00,1.09335,stop,15,-1.0,0,0.0,-1.0,1.1411764705883736,1.2
EURUSD,NY,2024-08-12,Monday,4,1.09286,1.09137,0.0014899999999999913,short,2024-08-12 10:50:00,1.09395,2024-08-12 11:35:00,2024-08-12 11:40:00,1.09284,1.09395,1.0906200000000001,0.0011099999999999444,False,extreme,2024-08-12 23:55:00,1.0937,end_of_day,148,-0.7747747747746883,0,0.0,-0.7747747747746883,0.576576576576582,0.9099099099099153
EURUSD,NY,2024-08-13,Tuesday,1,1.09413,1.09265,0.0014800000000001479,long,2024-08-13 04:15:00,1.09139,2024-08-13 07:10:00,2024-08-13 07:15:00,1.09266,1.09139,1.0951999999999997,0.0012699999999998823,False,extreme,2024-08-13 09:25:00,1.0951999999999997,target,27,2.0,0,0.0,2.0,2.2204724409451226,0.12598425196846677
EURUSD,NY,2024-08-14,Wednesday,1,1.10079,1.09864,0.0021499999999998742,short,2024-08-14 04:20:00,1.10474,2024-08-14 21:10:00,2024-08-14 21:15:00,1.10071,1.10474,1.0926500000000001,0.004029999999999978,False,extreme,2024-08-14 23:55:00,1.10082,end_of_day,33,-0.027295285359760064,0,0.0,-0.027295285359760064,0.0942928039702355,0.10669975186102551
EURUSD,NY,2024-08-15,Thursday,1,1.10156,1.10077,0.0007900000000000684,long,2024-08-15 04:30:00,1.10056,2024-08-15 04:50:00,2024-08-15 04:55:00,1.10078,1.10056,1.1012200000000003,0.000220000000000109,False,extreme,2024-08-15 04:55:00,1.10056,stop,1,-1.0,0,0.0,-1.0,0.09090909090863214,1.1363636363634528
EURUSD,NY,2024-08-15,Thursday,2,1.10156,1.10077,0.0007900000000000684,long,2024-08-15 04:55:00,1.10034,2024-08-15 05:10:00,2024-08-15 05:15:00,1.10101,1.10034,1.10235,0.0006699999999999484,False,extreme,2024-08-15 08:30:00,1.10034,stop,40,-1.0,0,0.0,-1.0,0.641791044776065,5.82089552238853
EURUSD,NY,2024-08-16,Friday,1,1.09868,1.09763,0.0010499999999999954,short,2024-08-16 04:05:00,1.09899,2024-08-16 04:35:00,2024-08-16 04:40:00,1.09859,1.09899,1.09779,0.00039999999999995595,False,extreme,2024-08-16 05:50:00,1.09899,stop,15,-1.0,0,0.0,-1.0,1.7249999999998336,1.0250000000001664
EURUSD,NY,2024-08-16,Friday,2,1.09868,1.09763,0.0010499999999999954,short,2024-08-16 05:30:00,1.09903,2024-08-16 06:30:00,2024-08-16 06:35:00,1.09857,1.09903,1.0976500000000002,0.00045999999999990493,False,extreme,2024-08-16 06:45:00,1.09903,stop,3,-1.0,0,0.0,-1.0,0.08695652173923538,1.3043478260870824
EURUSD,NY,2024-08-16,Friday,3,1.09868,1.09763,0.0010499999999999954,short,2024-08-16 06:35:00,1.0995,2024-08-16 08:40:00,2024-08-16 08:45:00,1.09864,1.0995,1.0969200000000003,0.0008599999999998609,False,extreme,2024-08-16 09:05:00,1.0995,stop,5,-1.0,0,0.0,-1.0,0.10465116279088381,1.0
EURUSD,NY,2024-08-16,Friday,4,1.09868,1.09763,0.0010499999999999954,short,2024-08-16 08:45:00,1.10047,2024-08-16 10:40:00,2024-08-16 10:45:00,1.09855,1.10047,1.0947099999999996,0.0019200000000001438,False,extreme,2024-08-16 13:00:00,1.10047,stop,28,-1.0,0,0.0,-1.0,0.14583333333323695,1.0729166666666763
EURUSD,NY,2024-08-19,Monday,1,1.10502,1.10367,0.0013499999999999623,long,2024-08-19 05:20:00,1.10354,2024-08-19 05:25:00,2024-08-19 05:30:00,1.1038,1.10354,1.1043199999999997,0.00025999999999992696,False,extreme,2024-08-19 05:55:00,1.10354,stop,6,-1.0,0,0.0,-1.0,1.3076923076927018,1.3076923076918479
EURUSD,NY,2024-08-19,Monday,2,1.10502,1.10367,0.0013499999999999623,long,2024-08-19 05:55:00,1.10311,2024-08-19 06:35:00,2024-08-19 06:40:00,1.1037,1.10311,1.1048799999999996,0.0005899999999998684,False,extreme,2024-08-19 09:05:00,1.10311,stop,30,-1.0,0,0.0,-1.0,1.2881355932207854,1.0847457627120622
EURUSD,NY,2024-08-19,Monday,3,1.10502,1.10367,0.0013499999999999623,long,2024-08-19 09:00:00,1.10303,2024-08-19 09:15:00,2024-08-19 09:20:00,1.10369,1.10303,1.1050100000000003,0.000660000000000105,False,extreme,2024-08-19 10:05:00,1.1050100000000003,target,10,2.0,0,0.0,2.0,2.5151515151511075,0.7727272727271657
EURUSD,NY,2024-08-20,Tuesday,1,1.10871,1.1072,0.0015100000000001224,short,2024-08-20 04:35:00,1.10877,2024-08-20 04:40:00,2024-08-20 04:45:00,1.10859,1.10877,1.1082299999999998,0.000180000000000069,False,extreme,2024-08-20 04:50:00,1.1082299999999998,target,2,2.0,0,0.0,2.0,2.1666666666652277,0.33333333333292214
EURUSD,NY,2024-08-20,Tuesday,2,1.10871,1.1072,0.0015100000000001224,short,2024-08-20 08:20:00,1.10882,2024-08-20 08:25:00,2024-08-20 08:30:00,1.1087,1.10882,1.1084600000000002,0.00011999999999989797,False,extreme,2024-08-20 08:30:00,1.10882,stop,1,-1.0,0,0.0,-1.0,1.58333333333395,1.1666666666679002
EURUSD,NY,2024-08-21,Wednesday,1,1.11289,1.11105,0.0018399999999998418,long,2024-08-21 10:05:00,1.11005,2024-08-21 10:10:00,2024-08-21 10:15:00,1.11219,1.11005,1.11647,0.0021400000000000308,False,extreme,2024-08-21 14:00:00,1.11647,target,46,2.0,0,0.0,2.0,2.079439252336449,0.6355140186915926
EURUSD,NY,2024-08-22,Thursday,1,1.1165,1.11274,0.0037599999999999856,long,2024-08-22 09:45:00,1.10983,2024-08-22 21:45:00,2024-08-22 21:50:00,1.11283,1.10983,1.1188299999999998,0.0029999999999998916,False,extreme,2024-08-22 23:55:00,1.11249,end_of_day,26,-0.11333333333333975,0,0.0,-0.11333333333333975,0.01666666666670244,0.17333333333336493
EURUSD,NY,2024-08-23,Friday,1,1.1132,1.11126,0.0019400000000000528,long,2024-08-23 07:25:00,1.11111,2024-08-23 07:35:00,2024-08-23 07:40:00,1.11133,1.11111,1.1117699999999997,0.00021999999999988695,False,extreme,2024-08-23 07:45:00,1.1117699999999997,target,2,2.0,0,0.0,2.0,2.681818181819971,0.13636363636359047
EURUSD,NY,2024-08-23,Friday,2,1.1132,1.11126,0.0019400000000000528,long,2024-08-23 09:00:00,1.11091,2024-08-23 09:05:00,2024-08-23 09:10:00,1.1113,1.11091,1.1120799999999997,0.00038999999999989043,False,extreme,2024-08-23 09:10:00,1.11091,stop,1,-1.0,0,0.0,-1.0,0.0,1.0
EURUSD,NY,2024-08-23,Friday,3,1.1132,1.11126,0.0019400000000000528,long,2024-08-23 09:10:00,1.11056,2024-08-23 09:55:00,2024-08-23 10:00:00,1.11142,1.11056,1.1131400000000002,0.0008600000000000829,False,extreme,2024-08-23 10:00:00,1.1131400000000002,target,1,2.0,0,0.0,2.0,4.616279069767031,0.011627906976819242
EURUSD,NY,2024-08-26,Monday,1,1.11894,1.11759,0.0013499999999999623,long,2024-08-26 05:50:00,1.11694,2024-08-26 06:25:00,2024-08-26 06:30:00,1.11766,1.11694,1.1191000000000002,0.0007200000000000539,False,extreme,2024-08-26 06:50:00,1.11694,stop,5,-1.0,0,0.0,-1.0,0.013888888888670443,1.0138888888889788
EURUSD,NY,2024-08-26,Monday,2,1.11894,1.11759,0.0013499999999999623,long,2024-08-26 06:30:00,1.11503,2024-08-26 10:40:00,2024-08-26 10:45:00,1.11767,1.11503,1.12295,0.0026399999999999757,False,extreme,2024-08-26 23:55:00,1.11669,end_of_day,159,-0.3712121212121174,0,0.0,-0.3712121212121174,0.09090909090909856,0.9204545454545282
EURUSD,NY,2024-08-27,Tuesday,1,1.11728,1.11615,0.0011300000000000754,short,2024-08-27 04:35:00,1.11741,2024-08-27 04:50:00,2024-08-27 04:55:00,1.11702,1.11741,1.1162399999999997,0.0003900000000001125,False,extreme,2024-08-27 05:15:00,1.11741,stop,5,-1.0,0,0.0,-1.0,0.9999999999994307,2.2051282051277816
EURUSD,NY,2024-08-27,Tuesday,2,1.11728,1.11615,0.0011300000000000754,short,2024-08-27 05:10:00,1.11788,2024-08-27 05:20:00,2024-08-27 05:25:00,1.11705,1.11788,1.1153900000000003,0.0008299999999998864,False,extreme,2024-08-27 08:20:00,1.1153900000000003,target,36,2.0,0,0.0,2.0,2.0240963855425975,0.5060240963854487
EURUSD,NY,2024-08-27,Tuesday,3,1.11728,1.11615,0.0011300000000000754,long,2024-08-27 08:10:00,1.11506,2024-08-27 09:00:00,2024-08-27 09:05:00,1.1162,1.11506,1.1184800000000004,0.001140000000000141,False,extreme,2024-08-27 14:00:00,1.1184800000000004,target,60,2.0,0,0.0,2.0,2.140350877192716,0.8070175438595774
EURUSD,NY,2024-08-27,Tuesday,4,1.11728,1.11615,0.0011300000000000754,short,2024-08-27 13:10:00,1.11907,2024-08-27 21:50:00,2024-08-27 21:55:00,1.11724,1.11907,1.11358,0.0018299999999999983,False,extreme,2024-08-27 23:55:00,1.11659,end_of_day,25,0.35519125683062297,0,0.0,0.35519125683062297,0.5300546448086975,0.2950819672131068
EURUSD,NY,2024-08-28,Wednesday,1,1.1168,1.11352,0.0032799999999999496,long,2024-08-28 05:50:00,1.11332,2024-08-28 05:55:00,2024-08-28 06:00:00,1.11359,1.11332,1.11413,0.00026999999999999247,False,extreme,2024-08-28 06:00:00,1.11332,stop,1,-1.0,0,0.0,-1.0,0.6666666666661184,1.296296296296601
EURUSD,NY,2024-08-28,Wednesday,2,1.1168,1.11352,0.0032799999999999496,long,2024-08-28 06:00:00,1.11051,2024-08-28 10:45:00,2024-08-28 10:50:00,1.11363,1.11051,1.1198699999999995,0.0031199999999997896,False,extreme,2024-08-28 23:55:00,1.11358,end_of_day,157,-0.016025641025604758,0,0.0,-0.016025641025604758,0.04487179487180719,0.9903846153846229
EURUSD,NY,2024-08-30,Friday,1,1.1089,1.10719,0.0017100000000001003,short,2024-08-30 04:05:00,1.1091,2024-08-30 04:10:00,2024-08-30 04:15:00,1.10872,1.1091,1.1079599999999998,0.00038000000000004697,False,extreme,2024-08-30 04:25:00,1.1091,stop,3,-1.0,0,0.0,-1.0,0.1578947368419515,1.5789473684212678
EURUSD,NY,2024-08-30,Friday,2,1.1089,1.10719,0.0017100000000001003,short,2024-08-30 04:20:00,1.10952,2024-08-30 04:40:00,2024-08-30 04:45:00,1.10848,1.10952,1.1063999999999996,0.001040000000000152,False,extreme,2024-08-30 08:45:00,1.1063999999999996,target,49,2.0,0,0.0,2.0,2.134615384614966,0.34615384615392825
EURUSD,NY,2024-08-30,Friday,3,1.1089,1.10719,0.0017100000000001003,long,2024-08-30 08:40:00,1.10539,2024-08-30 09:50:00,2024-08-30 09:55:00,1.10734,1.10539,1.1112399999999998,0.0019499999999998963,False,extreme,2024-08-30 11:45:00,1.10539,stop,23,-1.0,0,0.0,-1.0,0.3487179487179744,1.0358974358974453
EURUSD,NY,2024-09-02,Monday,1,1.10704,1.1044,0.0026399999999999757,short,2024-09-02 04:00:00,1.10775,2024-09-02 04:45:00,2024-09-02 04:50:00,1.10677,1.10775,1.10481,0.0009799999999999809,False,extreme,2024-09-02 23:55:00,1.10582,end_of_day,230,0.9693877551020662,0,0.0,0.9693877551020662,1.0306122448979338,0.530612244898047
EURUSD,NY,2024-09-03,Tuesday,1,1.10678,1.10512,0.0016599999999999948,long,2024-09-03 04:55:00,1.10333,2024-09-03 08:40:00,2024-09-03 08:45:00,1.10512,1.10333,1.1087000000000005,0.0017900000000001803,False,extreme,2024-09-03 13:10:00,1.10333,stop,54,-1.0,0,0.0,-1.0,0.9888268156422619,1.0055865921786828
EURUSD,NY,2024-09-03,Tuesday,2,1.10678,1.10512,0.0016599999999999948,long,2024-09-03 10:10:00,1.10265,2024-09-03 21:40:00,2024-09-03 21:45:00,1.10536,1.10265,1.1107799999999999,0.00270999999999999,False,extreme,2024-09-03 23:55:00,1.10541,end_of_day,27,0.018450184501884022,0,0.0,0.018450184501884022,0.10332103321035387,0.14760147601474444
EURUSD,NY,2024-09-04,Wednesday,1,1.10629,1.10469,0.0016000000000000458,long,2024-09-04 07:15:00,1.10462,2024-09-04 07:20:00,2024-09-04 07:25:00,1.10502,1.10462,1.1058199999999998,0.00039999999999995595,False,extreme,2024-09-04 07:35:00,1.10462,stop,3,-1.0,0,0.0,-1.0,0.6250000000002776,1.1249999999997224
EURUSD,NY,2024-09-04,Wednesday,2,1.10629,1.10469,0.0016000000000000458,long,2024-09-04 07:40:00,1.10429,2024-09-04 07:55:00,2024-09-04 08:00:00,1.10504,1.10429,1.10654,0.0007500000000000284,False,extreme,2024-09-04 08:20:00,1.10429,stop,5,-1.0,0,0.0,-1.0,0.09333333333334912,1.2133333333332426
EURUSD,NY,2024-09-04,Wednesday,3,1.10629,1.10469,0.0016000000000000458,long,2024-09-04 08:15:00,1.10401,2024-09-04 08:40:00,2024-09-04 08:45:00,1.10497,1.10401,1.1068900000000002,0.0009600000000000719,False,extreme,2024-09-04 10:00:00,1.1068900000000002,target,16,2.0,0,0.0,2.0,3.812499999999711,0.4062500000000867
EURUSD,NY,2024-09-05,Thursday,1,1.10904,1.10748,0.0015600000000000058,short,2024-09-05 08:55:00,1.11083,2024-09-05 10:00:00,2024-09-05 10:05:00,1.1089,1.11083,1.10504,0.0019299999999999873,False,extreme,2024-09-05 14:00:00,1.11083,stop,48,-1.0,0,0.0,-1.0,0.6528497409326669,1.1243523316062278
EURUSD,NY,2024-09-06,Friday,1,1.1121,1.1111,0.001000000000000112,long,2024-09-06 05:10:00,1.11076,2024-09-06 05:45:00,2024-09-06 05:50:00,1.11111,1.11076,1.1118100000000002,0.0003500000000000725,False,extreme,2024-09-06 06:15:00,1.11076,stop,6,-1.0,0,0.0,-1.0,0.7714285714283902,1.0285714285716099
EURUSD,NY,2024-09-09,Monday,1,1.10803,1.10551,0.0025200000000000777,long,2024-09-09 04:15:00,1.10457,2024-09-09 05:40:00,2024-09-09 05:45:00,1.10572,1.10457,1.10802,0.0011499999999999844,False,extreme,2024-09-09 06:15:00,1.10457,stop,7,-1.0,0,0.0,-1.0,0.17391304347824407,1.00869565217397
EURUSD,NY,2024-09-10,Tuesday,1,1.10498,1.10339,0.0015899999999999803,long,2024-09-10 05:05:00,1.10325,2024-09-10 05:10:00,2024-09-10 05:15:00,1.10344,1.10325,1.1038199999999998,0.00018999999999991246,False,extreme,2024-09-10 05:25:00,1.1038199999999998,target,3,2.0,0,0.0,2.0,2.105263157895475,0.26315789473635004
EURUSD,NY,2024-09-10,Tuesday,2,1.10498,1.10339,0.0015899999999999803,long,2024-09-10 07:35:00,1.10268,2024-09-10 08:10:00,2024-09-10 08:15:00,1.10341,1.10268,1.1048699999999998,0.0007299999999998974,False,extreme,2024-09-10 08:40:00,1.10268,stop,6,-1.0,0,0.0,-1.0,0.39726027397252356,1.0
EURUSD,NY,2024-09-10,Tuesday,3,1.10498,1.10339,0.0015899999999999803,long,2024-09-10 08:40:00,1.10267,2024-09-10 09:00:00,2024-09-10 09:05:00,1.10341,1.10267,1.10489,0.0007399999999999629,False,extreme,2024-09-10 09:45:00,1.10267,stop,9,-1.0,0,0.0,-1.0,0.10810810810822165,1.1891891891892379
EURUSD,NY,2024-09-10,Tuesday,4,1.10498,1.10339,0.0015899999999999803,long,2024-09-10 09:30:00,1.10144,2024-09-10 21:30:00,2024-09-10 21:35:00,1.10353,1.10144,1.1077099999999998,0.0020899999999999253,False,extreme,2024-09-10 23:55:00,1.10386,end_of_day,29,0.15789473684218913,0,0.0,0.15789473684218913,0.4401913875598396,0.17224880382771715
EURUSD,NY,2024-09-11,Wednesday,1,1.10521,1.10381,0.0014000000000000679,short,2024-09-11 07:15:00,1.10549,2024-09-11 07:30:00,2024-09-11 07:35:00,1.10503,1.10549,1.1041099999999997,0.000460000000000127,False,extreme,2024-09-11 08:00:00,1.1041099999999997,target,6,2.0,0,0.0,2.0,2.239130434781696,0.1739130434783868
EURUSD,NY,2024-09-12,Thursday,1,1.1024,1.10061,0.0017899999999999583,short,2024-09-12 08:35:00,1.10303,2024-09-12 08:40:00,2024-09-12 08:45:00,1.10227,1.10303,1.1007500000000003,0.0007599999999998719,False,extreme,2024-09-12 08:45:00,1.10303,stop,1,-1.0,0,0.0,-1.0,0.039473684210499405,1.3157894736842874
EURUSD,NY,2024-09-12,Thursday,2,1.1024,1.10061,0.0017899999999999583,short,2024-09-12 08:45:00,1.10327,2024-09-12 08:50:00,2024-09-12 08:55:00,1.10235,1.10327,1.1005099999999999,0.0009200000000000319,False,extreme,2024-09-12 09:05:00,1.10327,stop,3,-1.0,0,0.0,-1.0,0.0,1.7934782608696676
EURUSD,NY,2024-09-13,Friday,1,1.10941,1.10732,0.0020899999999999253,short,2024-09-13 05:25:00,1.10968,2024-09-13 05:30:00,2024-09-13 05:35:00,1.1094,1.10968,1.1088399999999998,0.000280000000000058,False,extreme,2024-09-13 05:35:00,1.10968,stop,1,-1.0,0,0.0,-1.0,0.10714285714274385,1.0714285714282317
EURUSD,NY,2024-09-13,Friday,2,1.10941,1.10732,0.0020899999999999253,short,2024-09-13 05:35:00,1.1101,2024-09-13 05:55:00,2024-09-13 06:00:00,1.1092,1.1101,1.1073999999999997,0.0009000000000001229,False,extreme,2024-09-13 09:10:00,1.1101,stop,39,-1.0,0,0.0,-1.0,1.4111111111107877,1.0999999999999013
EURUSD,NY,2024-09-13,Friday,3,1.10941,1.10732,0.0020899999999999253,short,2024-09-13 09:05:00,1.11019,2024-09-13 09:25:00,2024-09-13 09:30:00,1.10934,1.11019,1.10764,0.0008500000000000174,False,extreme,2024-09-13 15:00:00,1.10764,target,67,2.0,0,0.0,2.0,2.0,0.3294117647059438
EURUSD,NY,2024-09-16,Monday,1,1.112,1.10958,0.0024200000000000887,short,2024-09-16 04:15:00,1.11232,2024-09-16 04:35:00,2024-09-16 04:40:00,1.11196,1.11232,1.1112400000000002,0.00035999999999991594,False,extreme,2024-09-16 04:45:00,1.11232,stop,2,-1.0,0,0.0,-1.0,0.02777777777796624,1.2222222222224963
EURUSD,NY,2024-09-16,Monday,2,1.112,1.10958,0.0024200000000000887,short,2024-09-16 04:40:00,1.11292,2024-09-16 05:50:00,2024-09-16 05:55:00,1.11195,1.11292,1.1100100000000002,0.0009699999999999154,False,extreme,2024-09-16 08:25:00,1.11292,stop,31,-1.0,0,0.0,-1.0,0.35051546391756355,1.0927835051547974
EURUSD,NY,2024-09-16,Monday,3,1.112,1.10958,0.0024200000000000887,short,2024-09-16 07:20:00,1.11377,2024-09-16 10:40:00,2024-09-16 10:45:00,1.11195,1.11377,1.1083100000000001,0.0018199999999999328,False,extreme,2024-09-16 23:55:00,1.1124,end_of_day,159,-0.24725274725279014,0,0.0,-0.24725274725279014,0.17582417582423615,0.7582417582417516
EURUSD,NY,2024-09-17,Tuesday,1,1.1138,1.11159,0.0022099999999998232,short,2024-09-17 04:40:00,1.11463,2024-09-17 05:40:00,2024-09-17 05:45:00,1.11358,1.11463,1.11148,0.0010499999999999954,False,extreme,2024-09-17 09:55:00,1.11148,target,51,2.0,0,0.0,2.0,2.276190476190595,0.7714285714285533
EURUSD,NY,2024-09-17,Tuesday,2,1.1138,1.11159,0.0022099999999998232,long,2024-09-17 09:55:00,1.11119,2024-09-17 10:00:00,2024-09-17 10:05:00,1.11194,1.11119,1.11344,0.0007500000000000284,False,extreme,2024-09-17 13:10:00,1.11119,stop,38,-1.0,0,0.0,-1.0,1.1866666666666983,1.093333333333053
EURUSD,NY,2024-09-17,Tuesday,3,1.1138,1.11159,0.0022099999999998232,long,2024-09-17 13:05:00,1.11112,2024-09-17 13:20:00,2024-09-17 13:25:00,1.11169,1.11112,1.11283,0.0005699999999999594,False,extreme,2024-09-17 20:50:00,1.11283,target,90,2.0,0,0.0,2.0,2.0877192982458053,0.9824561403511506
EURUSD,NY,2024-09-18,Wednesday,1,1.11315,1.11155,0.0016000000000000458,short,2024-09-18 04:05:00,1.11324,2024-09-18 04:10:00,2024-09-18 04:15:00,1.11302,1.11324,1.1125799999999997,0.000220000000000109,False,extreme,2024-09-18 04:20:00,1.11324,stop,2,-1.0,0,0.0,-1.0,1.0454545454538113,1.3636363636365472
EURUSD,NY,2024-09-18,Wednesday,2,1.11315,1.11155,0.0016000000000000458,short,2024-09-18 04:20:00,1.11332,2024-09-18 04:25:00,2024-09-18 04:30:00,1.11315,1.11332,1.11281,0.00017000000000000348,False,extreme,2024-09-18 04:30:00,1.11332,stop,1,-1.0,0,0.0,-1.0,0.41176470588242975,1.0
EURUSD,NY,2024-09-18,Wednesday,3,1.11315,1.11155,0.0016000000000000458,short,2024-09-18 04:50:00,1.1133,2024-09-18 04:55:00,2024-09-18 05:00:00,1.11297,1.1133,1.1123100000000001,0.00032999999999994145,False,extreme,2024-09-18 05:15:00,1.1133,stop,4,-1.0,0,0.0,-1.0,0.8181818181819405,1.6060606060606468
EURUSD,NY,2024-09-18,Wednesday,4,1.11315,1.11155,0.0016000000000000458,short,2024-09-18 05:15:00,1.114,2024-09-18 06:55:00,2024-09-18 07:00:00,1.11301,1.114,1.11103,0.0009900000000000464,False,extreme,2024-09-18 10:30:00,1.11103,target,43,2.0,0,0.0,2.0,2.1515151515150155,0.9898989898989242
EURUSD,NY,2024-09-18,Wednesday,5,1.11315,1.11155,0.0016000000000000458,long,2024-09-18 10:30:00,1.11083,2024-09-18 10:50:00,2024-09-18 10:55:00,1.1117,1.11083,1.1134399999999998,0.0008699999999999264,False,extreme,2024-09-18 14:00:00,1.1134399999999998,target,38,2.0,0,0.0,2.0,7.000000000000766,0.5862068965517857
EURUSD,NY,2024-09-18,Wednesday,6,1.11315,1.11155,0.0016000000000000458,short,2024-09-18 15:10:00,1.11479,2024-09-18 15:20:00,2024-09-18 15:25:00,1.11272,1.11479,1.10858,0.0020700000000000163,False,extreme,2024-09-18 20:50:00,1.10858,target,66,2.0,0,0.0,2.0,2.0579710144927037,0.5748792270531473
EURUSD,NY,2024-09-18,Wednesday,7,1.11315,1.11155,0.0016000000000000458,long,2024-09-18 19:15:00,1.10687,2024-09-18 23:40:00,2024-09-18 23:45:00,1.11166,1.10959,1.1158000000000001,0.0020700000000000163,True,swing,2024-09-18 23:55:00,1.11187,end_of_day,3,0.10144927536223178,0,0.0,0.10144927536223178,0.13526570048301145,0.08695652173916309
EURUSD,NY,2024-09-19,Thursday,1,1.11532,1.11151,0.003810000000000091,short,2024-09-19 04:20:00,1.11789,2024-09-19 08:30:00,2024-09-19 08:35:00,1.11417,1.11789,1.1067300000000002,0.0037199999999999456,False,extreme,2024-09-19 23:55:00,1.11658,end_of_day,185,-0.6478494623655474,0,0.0,-0.6478494623655474,0.6747311827957121,0.7446236559139731
EURUSD,NY,2024-09-20,Friday,1,1.11819,1.11595,0.0022400000000000198,long,2024-09-20 04:10:00,1.11525,2024-09-20 04:30:00,2024-09-20 04:35:00,1.11655,1.11525,1.1191499999999996,0.0012999999999998568,False,extreme,2024-09-20 10:00:00,1.11525,stop,66,-1.0,0,0.0,-1.0,0.8846153846154701,1.6153846153847862
EURUSD,NY,2024-09-20,Friday,2,1.11819,1.11595,0.0022400000000000198,long,2024-09-20 09:40:00,1.11362,2024-09-20 12:00:00,2024-09-20 12:05:00,1.11634,1.11362,1.1217800000000002,0.0027200000000000557,False,extreme,2024-09-20 16:55:00,1.11629,friday_close,59,-0.018382352941214885,0,0.0,-0.018382352941214885,0.45955882352939253,0.2683823529412149
EURUSD,NY,2024-09-23,Monday,1,1.11673,1.1098,0.006930000000000103,long,2024-09-23 04:00:00,1.10833,2024-09-23 05:10:00,2024-09-23 05:15:00,1.10995,1.10833,1.11319,0.0016199999999999548,False,extreme,2024-09-23 09:15:00,1.11319,target,49,2.0,0,0.0,2.0,2.0,0.006172839506213452
EURUSD,NY,2024-09-24,Tuesday,1,1.11324,1.11045,0.00279000000000007,short,2024-09-24 04:00:00,1.11461,2024-09-24 06:35:00,2024-09-24 06:40:00,1.1132,1.11461,1.1103799999999997,0.0014100000000001334,False,extreme,2024-09-24 08:40:00,1.11461,stop,25,-1.0,0,0.0,-1.0,0.6950354609928285,1.1276595744679645
EURUSD,NY,2024-09-25,Wednesday,1,1.11988,1.11859,0.0012900000000000134,long,2024-09-25 04:25:00,1.11842,2024-09-25 04:30:00,2024-09-25 04:35:00,1.11899,1.11842,1.1201299999999998,0.0005699999999999594,False,extreme,2024-09-25 04:45:00,1.11842,stop,3,-1.0,0,0.0,-1.0,0.31578947368435406,1.1754385964912213
EURUSD,NY,2024-09-25,Wednesday,2,1.11988,1.11859,0.0012900000000000134,long,2024-09-25 04:45:00,1.11823,2024-09-25 05:00:00,2024-09-25 05:05:00,1.11865,1.11823,1.1194899999999997,0.0004199999999998649,False,extreme,2024-09-25 05:15:00,1.11823,stop,3,-1.0,0,0.0,-1.0,0.33333333333350956,1.8333333333337738
EURUSD,NY,2024-09-25,Wednesday,3,1.11988,1.11859,0.0012900000000000134,long,2024-09-25 05:10:00,1.11783,2024-09-25 06:00:00,2024-09-25 06:05:00,1.11863,1.11783,1.1202299999999998,0.0007999999999999119,False,extreme,2024-09-25 08:30:00,1.1202299999999998,target,30,2.0,0,0.0,2.0,2.7125000000003054,0.6624999999999722
EURUSD,NY,2024-09-25,Wednesday,4,1.11988,1.11859,0.0012900000000000134,short,2024-09-25 09:00:00,1.12141,2024-09-25 09:55:00,2024-09-25 10:00:00,1.11953,1.12141,1.1157699999999997,0.0018800000000001038,False,extreme,2024-09-25 11:20:00,1.1157699999999997,target,17,2.0,0,0.0,2.0,2.037234042553079,0.015957446808614297
EURUSD,NY,2024-09-26,Thursday,1,1.1158,1.11337,0.002429999999999932,long,2024-09-26 04:00:00,1.11259,2024-09-26 04:10:00,2024-09-26 04:15:00,1.11366,1.11259,1.1158000000000003,0.0010700000000001264,False,extreme,2024-09-26 04:20:00,1.11259,stop,2,-1.0,0,0.0,-1.0,0.10280373831758828,1.0
EURUSD,NY,2024-09-26,Thursday,2,1.1158,1.11337,0.002429999999999932,long,2024-09-26 04:20:00,1.11259,2024-09-26 04:25:00,2024-09-26 04:30:00,1.11356,1.11259,1.1155000000000004,0.0009700000000001374,False,extreme,2024-09-26 06:35:00,1.1155000000000004,target,26,2.0,0,0.0,2.0,2.0206185567007053,0.1546391752578075
EURUSD,NY,2024-09-26,Thursday,3,1.1158,1.11337,0.002429999999999932,short,2024-09-26 07:05:00,1.116,2024-09-26 07:10:00,2024-09-26 07:15:00,1.11571,1.116,1.1151299999999997,0.0002900000000001235,False,extreme,2024-09-26 07:20:00,1.1151299999999997,target,2,2.0,0,0.0,2.0,3.0689655172402706,0.24137931034477478
EURUSD,NY,2024-09-26,Thursday,4,1.1158,1.11337,0.002429999999999932,short,2024-09-26 07:45:00,1.11617,2024-09-26 07:50:00,2024-09-26 07:55:00,1.11557,1.11617,1.1143699999999996,0.000600000000000156,False,extreme,2024-09-26 08:10:00,1.11617,stop,4,-1.0,0,0.0,-1.0,0.8999999999997409,1.133333333333062
EURUSD,NY,2024-09-26,Thursday,5,1.1158,1.11337,0.002429999999999932,short,2024-09-26 08:10:00,1.11655,2024-09-26 08:30:00,2024-09-26 08:35:00,1.11463,1.11655,1.1107900000000002,0.0019199999999999218,False,extreme,2024-09-26 10:45:00,1.11655,stop,27,-1.0,0,0.0,-1.0,1.062500000000065,1.473958333333335
EURUSD,NY,2024-09-27,Friday,1,1.11761,1.11248,0.005130000000000079,short,2024-09-27 08:40:00,1.1203,2024-09-27 10:15:00,2024-09-27 10:20:00,1.11759,1.1203,1.11217,0.00270999999999999,False,extreme,2024-09-27 16:55:00,1.11632,friday_close,80,0.4686346863469037,0,0.0,0.4686346863469037,1.088560885608863,0.5977859778597641
EURUSD,NY,2024-09-30,Monday,1,1.11756,1.11562,0.0019400000000000528,short,2024-09-30 04:00:00,1.12089,2024-09-30 09:05:00,2024-09-30 09:10:00,1.11689,1.119,1.1126699999999998,0.0021100000000000563,True,swing,2024-09-30 14:10:00,1.1126699999999998,target,61,2.0,0,0.0,2.0,2.2606635071089163,0.6919431279620748
EURUSD,NY,2024-10-01,Tuesday,1,1.11442,1.11117,0.003249999999999975,long,2024-10-01 04:00:00,1.11007,2024-10-01 04:30:00,2024-10-01 04:35:00,1.11153,1.11007,1.11445,0.0014600000000000168,False,extreme,2024-10-01 04:50:00,1.11007,stop,4,-1.0,0,0.0,-1.0,0.33561643835623,1.1780821917807698
EURUSD,NY,2024-10-01,Tuesday,2,1.11442,1.11117,0.003249999999999975,long,2024-10-01 04:40:00,1.10981,2024-10-01 05:10:00,2024-10-01 05:15:00,1.11123,1.10981,1.11407,0.0014199999999999768,False,extreme,2024-10-01 05:40:00,1.10981,stop,6,-1.0,0,0.0,-1.0,0.16901408450705768,1.20422535211261
EURUSD,NY,2024-10-02,Wednesday,1,1.10738,1.10542,0.0019599999999999618,short,2024-10-02 04:15:00,1.1083,2024-10-02 04:45:00,2024-10-02 04:50:00,1.10734,1.1083,1.1054199999999998,0.0009600000000000719,False,extreme,2024-10-02 08:40:00,1.1054199999999998,target,47,2.0,0,0.0,2.0,2.104166666666416,0.4270833333333237
EURUSD,NY,2024-10-02,Wednesday,2,1.10738,1.10542,0.0019599999999999618,long,2024-10-02 08:40:00,1.10511,2024-10-02 08:45:00,2024-10-02 08:50:00,1.10558,1.10511,1.10652,0.00046999999999997044,False,extreme,2024-10-02 09:00:00,1.10511,stop,3,-1.0,0,0.0,-1.0,0.2553191489359692,1.0212765957448215
EURUSD,NY,2024-10-02,Wednesday,3,1.10738,1.10542,0.0019599999999999618,long,2024-10-02 09:30:00,1.10471,2024-10-02 09:45:00,2024-10-02 09:50:00,1.10551,1.10471,1.1071099999999998,0.0007999999999999119,False,extreme,2024-10-02 10:15:00,1.10471,stop,6,-1.0,0,0.0,-1.0,0.40000000000016656,1.5875000000000277
EURUSD,NY,2024-10-03,Thursday,1,1.10422,1.10249,0.0017300000000000093,short,2024-10-03 04:30:00,1.10461,2024-10-03 04:40:00,2024-10-03 04:45:00,1.10384,1.10461,1.1022999999999996,0.0007700000000001594,False,extreme,2024-10-03 05:30:00,1.10461,stop,10,-1.0,0,0.0,-1.0,0.389610389610266,1.0649350649349
EURUSD,NY,2024-10-03,Thursday,2,1.10422,1.10249,0.0017300000000000093,short,2024-10-03 05:30:00,1.10466,2024-10-03 05:45:00,2024-10-03 05:50:00,1.1041,1.10466,1.1029800000000003,0.0005599999999998939,False,extreme,2024-10-03 08:30:00,1.10466,stop,33,-1.0,0,0.0,-1.0,1.5714285714288547,1.1071428571427864
EURUSD,NY,2024-10-03,Thursday,3,1.10422,1.10249,0.0017300000000000093,long,2024-10-03 10:15:00,1.1022,2024-10-03 10:20:00,2024-10-03 10:25:00,1.10272,1.1022,1.1037599999999996,0.0005199999999998539,False,extreme,2024-10-03 10:35:00,1.1022,stop,3,-1.0,0,0.0,-1.0,0.7307692307695264,1.403846153846351
EURUSD,NY,2024-10-03,Thursday,4,1.10422,1.10249,0.0017300000000000093,long,2024-10-03 10:35:00,1.10083,2024-10-03 12:35:00,2024-10-03 12:40:00,1.10301,1.10083,1.1073700000000002,0.0021800000000000708,False,extreme,2024-10-03 23:55:00,1.10271,end_of_day,136,-0.13761467889906295,0,0.0,-0.13761467889906295,0.44036697247698103,0.2293577981651049
EURUSD,NY,2024-10-04,Friday,1,1.10356,1.10253,0.0010300000000000864,long,2024-10-04 04:25:00,1.10212,2024-10-04 04:40:00,2024-10-04 04:45:00,1.10267,1.10212,1.1037700000000001,0.0005500000000000504,False,extreme,2024-10-04 05:05:00,1.10212,stop,5,-1.0,0,0.0,-1.0,0.5454545454544354,1.0181818181819355
EURUSD,NY,2024-10-04,Friday,2,1.10356,1.10253,0.0010300000000000864,long,2024-10-04 05:00:00,1.102,2024-10-04 05:25:00,2024-10-04 05:30:00,1.10257,1.102,1.10371,0.0005699999999999594,False,extreme,2024-10-04 08:30:00,1.102,stop,37,-1.0,0,0.0,-1.0,1.9649122807019115,10.614035087720248
EURUSD,NY,2024-10-07,Monday,1,1.09737,1.09582,0.0015499999999999403,short,2024-10-07 04:05:00,1.09749,2024-10-07 04:10:00,2024-10-07 04:15:00,1.09729,1.09749,1.0968900000000001,0.00019999999999997797,False,extreme,2024-10-07 04:20:00,1.09749,stop,2,-1.0,0,0.0,-1.0,1.0000000000011102,2.2999999999997778
EURUSD,NY,2024-10-07,Monday,2,1.09737,1.09582,0.0015499999999999403,short,2024-10-07 04:20:00,1.09789,2024-10-07 04:40:00,2024-10-07 04:45:00,1.0972,1.09789,1.0958199999999998,0.0006900000000000794,False,extreme,2024-10-07 05:50:00,1.0958199999999998,target,14,2.0,0,0.0,2.0,2.565217391304124,0.14492753623185142
EURUSD,NY,2024-10-07,Monday,3,1.09737,1.09582,0.0015499999999999403,short,2024-10-07 07:30:00,1.09848,2024-10-07 10:30:00,2024-10-07 10:35:00,1.09732,1.09848,1.0950000000000004,0.0011599999999998278,False,extreme,2024-10-07 12:55:00,1.09848,stop,29,-1.0,0,0.0,-1.0,0.3017241379311417,1.0
EURUSD,NY,2024-10-07,Monday,4,1.09737,1.09582,0.0015499999999999403,short,2024-10-07 10:50:00,1.0987,2024-10-07 14:40:00,2024-10-07 14:45:00,1.09727,1.0987,1.0944099999999999,0.0014300000000000423,False,extreme,2024-10-07 23:55:00,1.09833,end_of_day,111,-0.7412587412587619,0,0.0,-0.7412587412587619,0.4825174825173685,0.9860139860140501
EURUSD,NY,2024-10-08,Tuesday,1,1.09957,1.09786,0.0017099999999998783,long,2024-10-08 08:30:00,1.09715,2024-10-08 09:05:00,2024-10-08 09:10:00,1.09822,1.09715,1.1003599999999998,0.0010699999999999044,False,extreme,2024-10-08 10:30:00,1.09715,stop,17,-1.0,0,0.0,-1.0,0.15887850467291464,1.411214953271061
EURUSD,NY,2024-10-08,Tuesday,2,1.09957,1.09786,0.0017099999999998783,long,2024-10-08 10:20:00,1.0961,2024-10-08 16:10:00,2024-10-08 16:15:00,1.09789,1.0961,1.10147,0.0017899999999999583,False,extreme,2024-10-08 23:55:00,1.09678,end_of_day,93,-0.6201117318435588,0,0.0,-0.6201117318435588,0.1229050279329006,0.6703910614525798
EURUSD,NY,2024-10-09,Wednesday,1,1.09762,1.09512,0.0024999999999999467,long,2024-10-09 09:15:00,1.09464,2024-10-09 09:20:00,2024-10-09 09:25:00,1.09518,1.09464,1.09626,0.0005399999999999849,False,extreme,2024-10-09 10:40:00,1.09464,stop,16,-1.0,0,0.0,-1.0,1.4814814814813597,1.3333333333334705
EURUSD,NY,2024-10-09,Wednesday,2,1.09762,1.09512,0.0024999999999999467,long,2024-10-09 10:35:00,1.09396,2024-10-09 11:05:00,2024-10-09 11:10:00,1.09544,1.09396,1.0983999999999998,0.0014799999999999258,False,extreme,2024-10-09 13:00:00,1.09396,stop,23,-1.0,0,0.0,-1.0,0.12837837837847568,1.074324324324365
EURUSD,NY,2024-10-10,Thursday,1,1.09447,1.09332,0.0011499999999999844,long,2024-10-10 04:05:00,1.09283,2024-10-10 04:30:00,2024-10-10 04:35:00,1.09341,1.09283,1.09457,0.0005800000000000249,False,extreme,2024-10-10 05:10:00,1.09283,stop,8,-1.0,0,0.0,-1.0,0.34482758620684373,1.0517241379309883
EURUSD,NY,2024-10-10,Thursday,2,1.09447,1.09332,0.0011499999999999844,long,2024-10-10 04:55:00,1.09279,2024-10-10 05:55:00,2024-10-10 06:00:00,1.09337,1.09279,1.09453,0.0005800000000000249,False,extreme,2024-10-10 07:35:00,1.09279,stop,20,-1.0,0,0.0,-1.0,1.0517241379309883,1.1034482758619766
EURUSD,NY,2024-10-10,Thursday,3,1.09447,1.09332,0.0011499999999999844,long,2024-10-10 07:35:00,1.09273,2024-10-10 08:00:00,2024-10-10 08:05:00,1.09336,1.09273,1.0946200000000004,0.0006300000000001305,False,extreme,2024-10-10 08:30:00,1.09273,both_touched,6,-1.0,0,0.0,-1.0,3.39682539682439,3.9999999999992952
EURUSD,NY,2024-10-10,Thursday,4,1.09447,1.09332,0.0011499999999999844,long,2024-10-10 08:35:00,1.0924,2024-10-10 08:45:00,2024-10-10 08:50:00,1.09436,1.0924,1.09828,0.0019599999999999618,False,extreme,2024-10-10 10:25:00,1.0924,stop,20,-1.0,0,0.0,-1.0,0.3163265306122842,1.0816326530611944
EURUSD,NY,2024-10-10,Thursday,5,1.09447,1.09332,0.0011499999999999844,long,2024-10-10 10:20:00,1.09002,2024-10-10 15:50:00,2024-10-10 15:55:00,1.09332,1.0921,1.09576,0.0012199999999999989,True,swing,2024-10-10 23:55:00,1.09396,end_of_day,97,0.5245901639344054,0,0.0,0.5245901639344054,0.6065573770491505,0.7704918032788228
EURUSD,NY,2024-10-11,Friday,1,1.09454,1.09323,0.0013100000000001444,short,2024-10-11 04:20:00,1.09538,2024-10-11 05:40:00,2024-10-11 05:45:00,1.09446,1.09538,1.09262,0.0009200000000000319,False,extreme,2024-10-11 08:50:00,1.09262,target,38,2.0,0,0.0,2.0,2.0108695652172206,0.663043478260846
EURUSD,NY,2024-10-11,Friday,2,1.09454,1.09323,0.0013100000000001444,long,2024-10-11 08:40:00,1.09261,2024-10-11 08:55:00,2024-10-11 09:00:00,1.09331,1.09261,1.0947099999999998,0.0006999999999999229,False,extreme,2024-10-11 10:20:00,1.0947099999999998,target,17,2.0,0,0.0,2.0,2.0428571428574283,0.7142857142857143
EURUSD,NY,2024-10-11,Friday,3,1.09454,1.09323,0.0013100000000001444,short,2024-10-11 10:30:00,1.09493,2024-10-11 10:45:00,2024-10-11 10:50:00,1.09436,1.09493,1.09322,0.0005699999999999594,False,extreme,2024-10-11 11:15:00,1.09493,stop,6,-1.0,0,0.0,-1.0,0.36842105263168146,1.1578947368423718
EURUSD,NY,2024-10-11,Friday,4,1.09454,1.09323,0.0013100000000001444,short,2024-10-11 11:05:00,1.09525,2024-10-11 11:45:00,2024-10-11 11:50:00,1.09415,1.09525,1.0919499999999998,0.001100000000000101,False,extreme,2024-10-11 16:55:00,1.09366,friday_close,62,0.445454545454395,0,0.0,0.445454545454395,0.818181818181653,0.5545454545454032
EURUSD,NY,2024-10-14,Monday,1,1.09312,1.09224,0.0008799999999999919,short,2024-10-14 05:05:00,1.09367,2024-10-14 05:50:00,2024-10-14 05:55:00,1.09295,1.09367,1.0915100000000004,0.0007199999999998319,False,extreme,2024-10-14 07:25:00,1.0915100000000004,target,19,2.0,0,0.0,2.0,2.0277777777782746,0.09722222222226505
EURUSD,NY,2024-10-14,Monday,2,1.09312,1.09224,0.0008799999999999919,long,2024-10-14 07:00:00,1.09048,2024-10-14 09:45:00,2024-10-14 09:50:00,1.09254,1.09086,1.0959000000000003,0.0016800000000001258,True,swing,2024-10-14 10:10:00,1.09086,stop,5,-1.0,0,0.0,-1.0,0.11309523809517752,1.0119047619047068
EURUSD,NY,2024-10-15,Tuesday,1,1.08987,1.08851,0.0013599999999998058,short,2024-10-15 04:05:00,1.09167,2024-10-15 12:00:00,2024-10-15 12:05:00,1.08985,1.09167,1.0862100000000001,0.0018199999999999328,False,extreme,2024-10-15 23:55:00,1.0891,end_of_day,143,0.41208791208794293,0,0.0,0.41208791208794293,0.9120879120879429,0.21978021978020368
EURUSD,NY,2024-10-16,Wednesday,1,1.08932,1.08753,0.0017899999999999583,short,2024-10-16 05:25:00,1.08972,2024-10-16 06:05:00,2024-10-16 06:10:00,1.08928,1.08972,1.0884,0.00043999999999999595,False,extreme,2024-10-16 08:00:00,1.08972,stop,23,-1.0,0,0.0,-1.0,1.3409090909093089,1.2500000000001261
EURUSD,NY,2024-10-16,Wednesday,2,1.08932,1.08753,0.0017899999999999583,short,2024-10-16 07:50:00,1.09015,2024-10-16 08:35:00,2024-10-16 08:40:00,1.08922,1.09015,1.0873600000000003,0.0009299999999998754,False,extreme,2024-10-16 10:25:00,1.0873600000000003,target,22,2.0,0,0.0,2.0,2.139784946237016,0.5806451612903842
EURUSD,NY,2024-10-16,Wednesday,3,1.08932,1.08753,0.0017899999999999583,long,2024-10-16 10:30:00,1.08715,2024-10-16 10:40:00,2024-10-16 10:45:00,1.08774,1.08715,1.0889199999999997,0.0005899999999998684,False,extreme,2024-10-16 11:40:00,1.08715,stop,12,-1.0,0,0.0,-1.0,0.7118644067799672,1.1186440677966611
EURUSD,NY,2024-10-16,Wednesday,4,1.08932,1.08753,0.0017899999999999583,long,2024-10-16 11:25:00,1.08661,2024-10-16 12:15:00,2024-10-16 12:20:00,1.08758,1.08661,1.0895199999999998,0.0009699999999999154,False,extreme,2024-10-16 13:05:00,1.08661,stop,10,-1.0,0,0.0,-1.0,0.09278350515456837,1.0
EURUSD,NY,2024-10-18,Friday,1,1.08487,1.08371,0.0011600000000000499,long,2024-10-18 04:40:00,1.08347,2024-10-18 04:55:00,2024-10-18 05:00:00,1.08379,1.08347,1.0844300000000002,0.000320000000000098,False,extreme,2024-10-18 05:10:00,1.0844300000000002,target,3,2.0,0,0.0,2.0,2.343749999999371,0.40624999999976147
EURUSD,NY,2024-10-18,Friday,2,1.08487,1.08371,0.0011600000000000499,long,2024-10-18 05:25:00,1.08342,2024-10-18 05:45:00,2024-10-18 05:50:00,1.08377,1.08342,1.0844699999999996,0.00034999999999985043,False,extreme,2024-10-18 06:00:00,1.0844699999999996,target,3,2.0,0,0.0,2.0,2.085714285715518,0.028571428570993547
EURUSD,NY,2024-10-18,Friday,3,1.08487,1.08371,0.0011600000000000499,short,2024-10-18 07:45:00,1.0852,2024-10-18 07:55:00,2024-10-18 08:00:00,1.08483,1.0852,1.08409,0.00036999999999998145,False,extreme,2024-10-18 08:30:00,1.0852,stop,7,-1.0,0,0.0,-1.0,0.43243243243228646,2.6216216216221246
EURUSD,NY,2024-10-21,Monday,1,1.08663,1.08463,0.0020000000000000018,long,2024-10-21 06:05:00,1.08457,2024-10-21 06:10:00,2024-10-21 06:15:00,1.08476,1.08457,1.0851399999999998,0.00018999999999991246,False,extreme,2024-10-21 06:25:00,1.08457,stop,3,-1.0,0,0.0,-1.0,0.6842105263159125,1.2105263157897812
EURUSD,NY,2024-10-21,Monday,2,1.08663,1.08463,0.0020000000000000018,long,2024-10-21 06:25:00,1.08453,2024-10-21 06:30:00,2024-10-21 06:35:00,1.08477,1.08453,1.08525,0.00024000000000001798,False,extreme,2024-10-21 07:50:00,1.08525,target,16,2.0,0,0.0,2.0,2.3333333333327166,0.8333333333331792
EURUSD,NY,2024-10-22,Tuesday,1,1.08382,1.08182,0.0020000000000000018,long,2024-10-22 05:50:00,1.08144,2024-10-22 06:15:00,2024-10-22 06:20:00,1.08211,1.08144,1.0834499999999998,0.0006699999999999484,False,extreme,2024-10-22 08:35:00,1.08144,stop,28,-1.0,0,0.0,-1.0,1.2388059701495109,1.1791044776118018
EURUSD,NY,2024-10-23,Wednesday,1,1.08067,1.07807,0.0025999999999999357,long,2024-10-23 04:10:00,1.07794,2024-10-23 04:15:00,2024-10-23 04:20:00,1.07807,1.07794,1.0783300000000005,0.00013000000000018552,False,extreme,2024-10-23 04:25:00,1.0783300000000005,target,2,2.0,0,0.0,2.0,2.076923076920055,0.7692307692295868
EURUSD,NY,2024-10-23,Wednesday,2,1.08067,1.07807,0.0025999999999999357,long,2024-10-23 06:30:00,1.07613,2024-10-23 09:40:00,2024-10-23 09:45:00,1.07812,1.07613,1.0820999999999998,0.0019899999999999363,False,extreme,2024-10-23 23:55:00,1.07871,end_of_day,171,0.29648241206035647,0,0.0,0.29648241206035647,0.43718592964821823,0.6934673366834075
EURUSD,NY,2024-10-24,Thursday,1,1.07988,1.07707,0.002809999999999979,short,2024-10-24 04:00:00,1.0805,2024-10-24 04:05:00,2024-10-24 04:10:00,1.07985,1.0805,1.07855,0.0006500000000000394,False,extreme,2024-10-24 04:50:00,1.0805,stop,9,-1.0,0,0.0,-1.0,0.3846153846154897,1.4923076923074716
EURUSD,NY,2024-10-24,Thursday,2,1.07988,1.07707,0.002809999999999979,short,2024-10-24 04:25:00,1.08082,2024-10-24 05:15:00,2024-10-24 05:20:00,1.07985,1.08082,1.0779100000000001,0.0009699999999999154,False,extreme,2024-10-24 09:30:00,1.08082,stop,51,-1.0,0,0.0,-1.0,1.0,1.3195876288660406
EURUSD,NY,2024-10-24,Thursday,3,1.07988,1.07707,0.002809999999999979,short,2024-10-24 09:05:00,1.08113,2024-10-24 09:50:00,2024-10-24 09:55:00,1.07987,1.08113,1.0773500000000005,0.0012599999999998168,False,extreme,2024-10-24 13:00:00,1.08113,stop,38,-1.0,0,0.0,-1.0,0.18253968253984756,1.1428571428572183
EURUSD,NY,2024-10-25,Friday,1,1.08274,1.08137,0.0013700000000000934,short,2024-10-25 04:15:00,1.08373,2024-10-25 04:35:00,2024-10-25 04:40:00,1.08263,1.08373,1.0804299999999998,0.001100000000000101,False,extreme,2024-10-25 08:40:00,1.08373,stop,49,-1.0,0,0.0,-1.0,0.4727272727272984,1.1454545454544758
EURUSD,NY,2024-10-25,Friday,2,1.08274,1.08137,0.0013700000000000934,short,2024-10-25 08:30:00,1.08394,2024-10-25 09:30:00,2024-10-25 09:35:00,1.0827,1.08394,1.0802200000000002,0.0012399999999999078,False,extreme,2024-10-25 13:20:00,1.0802200000000002,target,46,2.0,0,0.0,2.0,2.000000000000179,0.854838709677532
EURUSD,NY,2024-10-29,Tuesday,1,1.08162,1.08056,0.001060000000000061,short,2024-10-29 04:05:00,1.08178,2024-10-29 04:10:00,2024-10-29 04:15:00,1.08156,1.08178,1.0811200000000003,0.00021999999999988695,False,extreme,2024-10-29 04:20:00,1.0811200000000003,target,2,2.0,0,0.0,2.0,2.681818181819971,0.13636363636359047
EURUSD,NY,2024-10-29,Tuesday,2,1.08162,1.08056,0.001060000000000061,short,2024-10-29 04:25:00,1.08263,2024-10-29 05:50:00,2024-10-29 05:55:00,1.08149,1.08263,1.0792100000000002,0.0011399999999999189,False,extreme,2024-10-29 08:25:00,1.0792100000000002,target,31,2.0,0,0.0,2.0,2.350877192982637,0.5350877192982832
EURUSD,NY,2024-10-29,Tuesday,3,1.08162,1.08056,0.001060000000000061,long,2024-10-29 07:00:00,1.07689,2024-10-29 10:20:00,2024-10-29 10:25:00,1.08077,1.07803,1.08625,0.0027399999999999647,True,swing,2024-10-29 23:55:00,1.08142,end_of_day,163,0.23722627737228022,0,0.0,0.23722627737228022,0.6715328467153604,0.8175182481752002
EURUSD,NY,2024-10-30,Wednesday,1,1.08264,1.08132,0.0013199999999999878,short,2024-10-30 04:05:00,1.08594,2024-10-30 07:45:00,2024-10-30 07:50:00,1.08237,1.08369,1.07973,0.0013199999999999878,True,swing,2024-10-30 09:50:00,1.08369,stop,25,-1.0,0,0.0,-1.0,1.1818181818181972,1.4393939393939623
EURUSD,NY,2024-10-31,Thursday,1,1.08636,1.08452,0.0018400000000000638,short,2024-10-31 05:50:00,1.08755,2024-10-31 07:30:00,2024-10-31 07:35:00,1.08598,1.08755,1.0828399999999998,0.0015700000000000713,False,extreme,2024-10-31 08:20:00,1.08755,stop,10,-1.0,0,0.0,-1.0,0.0,1.0955414012737998
EURUSD,NY,2024-10-31,Thursday,2,1.08636,1.08452,0.0018400000000000638,short,2024-10-31 07:40:00,1.08883,2024-10-31 09:50:00,2024-10-31 09:55:00,1.08609,1.08883,1.08061,0.0027399999999999647,False,extreme,2024-10-31 21:10:00,1.08883,stop,136,-1.0,0,0.0,-1.0,0.5328467153284802,1.0145985401460003
EURUSD,NY,2024-11-01,Friday,1,1.0879,1.08683,0.0010700000000001264,long,2024-11-01 04:00:00,1.08525,2024-11-01 08:00:00,2024-11-01 08:05:00,1.08688,1.08525,1.09014,0.0016300000000000203,False,extreme,2024-11-01 08:35:00,1.09014,target,7,2.0,0,0.0,2.0,2.233128834355718,0.36196319018410006
EURUSD,NY,2024-11-04,Monday,1,1.0902,1.08872,0.0014800000000001479,short,2024-11-04 06:00:00,1.09048,2024-11-04 06:20:00,2024-11-04 06:25:00,1.09014,1.09048,1.0894600000000005,0.0003399999999997849,False,extreme,2024-11-04 06:35:00,1.09048,stop,3,-1.0,0,0.0,-1.0,0.5000000000003265,1.8823529411775846
EURUSD,NY,2024-11-04,Monday,2,1.0902,1.08872,0.0014800000000001479,short,2024-11-04 06:30:00,1.09147,2024-11-04 08:20:00,2024-11-04 08:25:00,1.08987,1.09147,1.0866699999999998,0.0016000000000000458,False,extreme,2024-11-04 23:55:00,1.08754,end_of_day,187,1.4562499999999228,0,0.0,1.4562499999999228,1.7187499999998308,0.6937500000000841
EURUSD,NY,2024-11-05,Tuesday,1,1.08942,1.0875,0.0019200000000001438,short,2024-11-05 04:00:00,1.08977,2024-11-05 04:20:00,2024-11-05 04:25:00,1.08942,1.08977,1.0887200000000004,0.00034999999999985043,False,extreme,2024-11-05 06:00:00,1.08977,stop,20,-1.0,0,0.0,-1.0,1.1428571428575054,1.200000000000127
EURUSD,NY,2024-11-05,Tuesday,2,1.08942,1.0875,0.0019200000000001438,short,2024-11-05 06:00:00,1.09018,2024-11-05 08:25:00,2024-11-05 08:30:00,1.08927,1.09018,1.08745,0.0009099999999999664,False,extreme,2024-11-05 09:10:00,1.09018,stop,9,-1.0,0,0.0,-1.0,0.3406593406593889,1.230769230769287
EURUSD,NY,2024-11-06,Wednesday,1,1.07947,1.07031,0.009159999999999835,long,2024-11-06 07:25:00,1.06825,2024-11-06 08:10:00,2024-11-06 08:15:00,1.07042,1.06825,1.07476,0.0021700000000000053,False,extreme,2024-11-06 13:15:00,1.07476,target,61,2.0,0,0.0,2.0,2.2903225806452205,0.2626728110598885
EURUSD,NY,2024-11-08,Friday,1,1.07865,1.0761,0.0025500000000000522,short,2024-11-08 04:05:00,1.07884,2024-11-08 04:10:00,2024-11-08 04:15:00,1.07849,1.07884,1.0777899999999998,0.0003500000000000725,False,extreme,2024-11-08 04:15:00,1.07884,stop,1,-1.0,0,0.0,-1.0,0.3428571428567803,1.2571428571425853
EURUSD,NY,2024-11-08,Friday,2,1.07865,1.0761,0.0025500000000000522,short,2024-11-08 04:15:00,1.07894,2024-11-08 04:20:00,2024-11-08 04:25:00,1.07815,1.07894,1.0765699999999998,0.0007900000000000684,False,extreme,2024-11-08 06:15:00,1.07894,stop,23,-1.0,0,0.0,-1.0,1.8101265822783779,1.3924050632911464
EURUSD,NY,2024-11-08,Friday,3,1.07865,1.0761,0.0025500000000000522,short,2024-11-08 06:15:00,1.07976,2024-11-08 06:50:00,2024-11-08 06:55:00,1.07845,1.07976,1.0758299999999996,0.0013100000000001444,False,extreme,2024-11-08 08:30:00,1.0758299999999996,target,20,2.0,0,0.0,2.0,2.4274809160302366,0.12977099236640058
EURUSD,NY,2024-11-08,Friday,4,1.07865,1.0761,0.0025500000000000522,long,2024-11-08 08:30:00,1.07445,2024-11-08 09:20:00,2024-11-08 09:25:00,1.07624,1.07445,1.0798200000000004,0.0017900000000001803,False,extreme,2024-11-08 10:00:00,1.07445,stop,8,-1.0,0,0.0,-1.0,0.18994413407819705,1.0335195530725938
EURUSD,NY,2024-11-11,Monday,1,1.07221,1.06786,0.004350000000000076,long,2024-11-11 04:25:00,1.0668,2024-11-11 04:50:00,2024-11-11 04:55:00,1.06815,1.0668,1.0708499999999999,0.0013499999999999623,False,extreme,2024-11-11 06:00:00,1.0668,stop,14,-1.0,0,0.0,-1.0,0.525925925925932,1.0814814814815241
EURUSD,NY,2024-11-12,Tuesday,1,1.06459,1.0617,0.002889999999999837,long,2024-11-12 05:10:00,1.06111,2024-11-12 05:45:00,2024-11-12 05:50:00,1.0617,1.06111,1.0628800000000003,0.0005900000000000905,False,extreme,2024-11-12 06:25:00,1.0628800000000003,target,8,2.0,0,0.0,2.0,2.03389830508421,0.08474576271203026
EURUSD,NY,2024-11-12,Tuesday,2,1.06459,1.0617,0.002889999999999837,long,2024-11-12 07:05:00,1.06063,2024-11-12 07:45:00,2024-11-12 07:50:00,1.06185,1.06063,1.06429,0.0012199999999999989,False,extreme,2024-11-12 10:25:00,1.06063,stop,32,-1.0,0,0.0,-1.0,0.7213114754098301,1.081967213114745
EURUSD,NY,2024-11-12,Tuesday,3,1.06459,1.0617,0.002889999999999837,long,2024-11-12 10:00:00,1.0595,2024-11-12 14:00:00,2024-11-12 14:05:00,1.0617,1.0595,1.0661,0.0021999999999999797,False,extreme,2024-11-12 23:55:00,1.06179,end_of_day,119,0.0409090909090565,0,0.0,0.0409090909090565,0.563636363636327,0.3454545454545913
EURUSD,NY,2024-11-13,Wednesday,1,1.06185,1.05933,0.0025199999999998557,short,2024-11-13 04:25:00,1.06299,2024-11-13 05:30:00,2024-11-13 05:35:00,1.06157,1.06299,1.0587299999999995,0.0014200000000001989,False,extreme,2024-11-13 06:50:00,1.06299,stop,16,-1.0,0,0.0,-1.0,0.39436619718296867,1.0422535211267188
EURUSD,NY,2024-11-13,Wednesday,2,1.06185,1.05933,0.0025199999999998557,short,2024-11-13 06:45:00,1.06542,2024-11-13 09:30:00,2024-11-13 09:35:00,1.06085,1.06542,1.0517100000000001,0.004569999999999963,False,extreme,2024-11-13 23:55:00,1.05486,end_of_day,173,1.310722100656501,0,0.0,1.310722100656501,1.3851203501094573,0.15754923413563188
EURUSD,NY,2024-11-14,Thursday,1,1.05582,1.0532,0.0026200000000000667,long,2024-11-14 04:15:00,1.04964,2024-11-14 07:30:00,2024-11-14 07:35:00,1.05325,1.04964,1.0604700000000002,0.003610000000000113,False,extreme,2024-11-14 23:55:00,1.05426,end_of_day,197,0.27977839335177945,0,0.0,0.27977839335177945,1.3850415512464644,0.5650969529085811
EURUSD,NY,2024-11-15,Friday,1,1.05719,1.05336,0.00383,short,2024-11-15 04:05:00,1.05801,2024-11-15 04:20:00,2024-11-15 04:25:00,1.05708,1.05801,1.0552200000000003,0.0009299999999998754,False,extreme,2024-11-15 08:05:00,1.05801,stop,45,-1.0,0,0.0,-1.0,1.3118279569894218,1.301075268817307
EURUSD,NY,2024-11-15,Friday,2,1.05719,1.05336,0.00383,short,2024-11-15 07:50:00,1.0593,2024-11-15 08:30:00,2024-11-15 08:35:00,1.05613,1.0593,1.0497900000000002,0.003169999999999895,False,extreme,2024-11-15 16:55:00,1.05357,friday_close,101,0.8075709779180449,0,0.0,0.8075709779180449,1.416403785489039,0.5110410094637251
EURUSD,NY,2024-11-18,Monday,1,1.05563,1.05356,0.0020700000000000163,short,2024-11-18 04:20:00,1.05713,2024-11-18 05:10:00,2024-11-18 05:15:00,1.05551,1.05713,1.05227,0.0016199999999999548,False,extreme,2024-11-18 09:35:00,1.05713,stop,53,-1.0,0,0.0,-1.0,1.388888888888843,1.1543209876543767
EURUSD,NY,2024-11-19,Tuesday,1,1.05963,1.05625,0.0033800000000001607,long,2024-11-19 04:15:00,1.05237,2024-11-19 05:35:00,2024-11-19 05:40:00,1.0568,1.05237,1.0656599999999998,0.004429999999999934,False,extreme,2024-11-19 23:55:00,1.05931,end_of_day,220,0.5665914221219074,0,0.0,0.5665914221219074,0.9435665914221524,0.41760722347628326
EURUSD,NY,2024-11-20,Wednesday,1,1.05957,1.05603,0.0035399999999998766,long,2024-11-20 04:05:00,1.0558,2024-11-20 04:10:00,2024-11-20 04:15:00,1.05683,1.0558,1.0588899999999997,0.0010299999999998644,False,extreme,2024-11-20 04:25:00,1.0558,stop,3,-1.0,0,0.0,-1.0,0.009708737864142553,1.0097087378641425
EURUSD,NY,2024-11-20,Wednesday,2,1.05957,1.05603,0.0035399999999998766,long,2024-11-20 04:25:00,1.05532,2024-11-20 04:35:00,2024-11-20 04:40:00,1.0563,1.05532,1.05826,0.0009799999999999809,False,extreme,2024-11-20 05:20:00,1.05532,stop,9,-1.0,0,0.0,-1.0,0.12244897959173501,1.2244897959184828
EURUSD,NY,2024-11-20,Wednesday,3,1.05957,1.05603,0.0035399999999998766,long,2024-11-20 05:10:00,1.05421,2024-11-20 07:35:00,2024-11-20 07:40:00,1.05608,1.05421,1.0598199999999995,0.0018699999999998163,False,extreme,2024-11-20 09:20:00,1.05421,stop,21,-1.0,0,0.0,-1.0,0.37967914438505784,1.957219251337089
EURUSD,NY,2024-11-21,Thursday,1,1.05545,1.05241,0.0030399999999999316,long,2024-11-21 04:20:00,1.05138,2024-11-21 06:20:00,2024-11-21 06:25:00,1.05249,1.05138,1.0547099999999998,0.0011099999999999444,False,extreme,2024-11-21 10:50:00,1.05138,stop,54,-1.0,0,0.0,-1.0,1.7927927927930252,1.1981981981981062
EURUSD,NY,2024-11-25,Monday,1,1.04896,1.04489,0.004069999999999796,short,2024-11-25 04:50:00,1.04972,2024-11-25 04:55:00,2024-11-25 05:00:00,1.04895,1.04972,1.0474100000000002,0.0007699999999999374,False,extreme,2024-11-25 07:25:00,1.0474100000000002,target,30,2.0,0,0.0,2.0,2.000000000000288,0.961038961038991
EURUSD,NY,2024-11-25,Monday,2,1.04896,1.04489,0.004069999999999796,short,2024-11-25 07:50:00,1.04934,2024-11-25 07:55:00,2024-11-25 08:00:00,1.04887,1.04934,1.04793,0.00046999999999997044,False,extreme,2024-11-25 08:00:00,1.04934,stop,1,-1.0,0,0.0,-1.0,0.042553191489170715,1.9574468085108292
EURUSD,NY,2024-11-25,Monday,3,1.04896,1.04489,0.004069999999999796,short,2024-11-25 08:00:00,1.05303,2024-11-25 10:55:00,2024-11-25 11:00:00,1.04886,1.05303,1.04052,0.004170000000000007,False,extreme,2024-11-25 23:55:00,1.04798,end_of_day,156,0.21103117505994973,0,0.0,0.21103117505994973,1.5227817745802985,0.5299760191846622
EURUSD,NY,2024-11-26,Tuesday,1,1.04965,1.04701,0.0026399999999999757,short,2024-11-26 04:00:00,1.05191,2024-11-26 04:30:00,2024-11-26 04:35:00,1.04939,1.05191,1.0443500000000003,0.0025199999999998557,False,extreme,2024-11-26 05:45:00,1.05191,stop,15,-1.0,0,0.0,-1.0,0.023809523809504927,1.0396825396825375
EURUSD,NY,2024-11-26,Tuesday,2,1.04965,1.04701,0.0026399999999999757,short,2024-11-26 04:40:00,1.05448,2024-11-26 09:00:00,2024-11-26 09:05:00,1.04963,1.05448,1.03993,0.004850000000000021,False,extreme,2024-11-26 23:55:00,1.04786,end_of_day,179,0.364948453608256,0,0.0,0.364948453608256,0.8041237113402057,0.28247422680409595
EURUSD,NY,2024-11-27,Wednesday,1,1.05405,1.04745,0.006599999999999939,short,2024-11-27 08:30:00,1.05787,2024-11-27 10:00:00,2024-11-27 10:05:00,1.05403,1.05787,1.04635,0.0038400000000000656,False,extreme,2024-11-27 10:50:00,1.05787,stop,10,-1.0,0,0.0,-1.0,0.18750000000001085,1.0286458333332893
EURUSD,NY,2024-11-29,Friday,1,1.05973,1.0564,0.003330000000000055,long,2024-11-29 04:35:00,1.0552,2024-11-29 05:20:00,2024-11-29 05:25:00,1.05662,1.0552,1.0594599999999998,0.0014199999999999768,False,extreme,2024-11-29 07:15:00,1.0552,stop,23,-1.0,0,0.0,-1.0,0.507042253521173,1.0422535211267254
EURUSD,NY,2024-11-29,Friday,2,1.05973,1.0564,0.003330000000000055,long,2024-11-29 06:50:00,1.05482,2024-11-29 07:55:00,2024-11-29 08:00:00,1.05644,1.05482,1.05968,0.0016199999999999548,False,extreme,2024-11-29 09:10:00,1.05482,stop,15,-1.0,0,0.0,-1.0,0.25308641975310675,1.0740740740741501
EURUSD,NY,2024-11-29,Friday,3,1.05973,1.0564,0.003330000000000055,long,2024-11-29 08:25:00,1.05416,2024-11-29 12:50:00,2024-11-29 12:55:00,1.05644,1.05416,1.0610000000000002,0.0022800000000000598,False,extreme,2024-11-29 16:55:00,1.05759,friday_close,49,0.5043859649122606,2,0.008771929824561174,0.49561403508769947,0.8815789473683301,0.08771929824560208
EURUSD,NY,2024-12-02,Monday,1,1.05372,1.04959,0.004129999999999967,long,2024-12-02 09:25:00,1.04606,2024-12-02 15:15:00,2024-12-02 15:20:00,1.05144,1.04606,1.0621999999999998,0.00537999999999994,False,extreme,2024-12-02 23:55:00,1.04856,end_of_day,104,-0.5353159851301162,0,0.0,-0.5353159851301162,0.03159851301115341,0.5947955390334396
EURUSD,NY,2024-12-03,Tuesday,1,1.05279,1.04808,0.004709999999999992,short,2024-12-03 04:10:00,1.05308,2024-12-03 04:20:00,2024-12-03 04:25:00,1.05197,1.05308,1.0497500000000002,0.0011099999999999444,False,extreme,2024-12-03 10:25:00,1.0497500000000002,target,73,2.0,0,0.0,2.0,2.459459459459692,0.9099099099099153
EURUSD,NY,2024-12-03,Tuesday,2,1.05279,1.04808,0.004709999999999992,short,2024-12-03 12:55:00,1.05351,2024-12-03 13:45:00,2024-12-03 13:50:00,1.05271,1.05351,1.0511100000000002,0.0007999999999999119,False,extreme,2024-12-03 14:45:00,1.0511100000000002,target,12,2.0,0,0.0,2.0,2.0750000000002222,0.25
EURUSD,NY,2024-12-04,Wednesday,1,1.05292,1.04905,0.00387000000000004,long,2024-12-04 04:00:00,1.04825,2024-12-04 04:10:00,2024-12-04 04:15:00,1.04905,1.04825,1.0506500000000003,0.0008000000000001339,False,extreme,2024-12-04 05:05:00,1.0506500000000003,target,11,2.0,0,0.0,2.0,2.1624999999996497,0.5999999999999445
EURUSD,NY,2024-12-04,Wednesday,2,1.05292,1.04905,0.00387000000000004,long,2024-12-04 08:00:00,1.04872,2024-12-04 08:05:00,2024-12-04 08:10:00,1.04921,1.04872,1.0501899999999997,0.0004899999999998794,False,extreme,2024-12-04 08:20:00,1.04872,stop,3,-1.0,0,0.0,-1.0,1.0816326530613263,1.7346938775514829
EURUSD,NY,2024-12-04,Wednesday,3,1.05292,1.04905,0.00387000000000004,long,2024-12-04 08:15:00,1.04836,2024-12-04 08:35:00,2024-12-04 08:40:00,1.04929,1.04836,1.0511500000000003,0.0009300000000000974,False,extreme,2024-12-04 08:40:00,1.04836,stop,1,-1.0,0,0.0,-1.0,0.1290322580643929,1.3978494623655298
EURUSD,NY,2024-12-04,Wednesday,4,1.05292,1.04905,0.00387000000000004,long,2024-12-04 08:40:00,1.04723,2024-12-04 09:45:00,2024-12-04 09:50:00,1.04911,1.04723,1.0528699999999998,0.0018799999999998818,False,extreme,2024-12-04 10:15:00,1.0528699999999998,target,6,2.0,0,0.0,2.0,2.132978723404426,0.11170212765960462
EURUSD,NY,2024-12-04,Wednesday,5,1.05292,1.04905,0.00387000000000004,short,2024-12-04 10:20:00,1.05442,2024-12-04 10:30:00,2024-12-04 10:35:00,1.05261,1.05442,1.0489900000000003,0.0018099999999998673,False,extreme,2024-12-04 23:55:00,1.05182,end_of_day,161,0.4364640883978599,0,0.0,0.4364640883978599,1.2265193370167258,0.9116022099447791
EURUSD,NY,2024-12-06,Friday,1,1.05941,1.05675,0.0026599999999998847,short,2024-12-06 08:30:00,1.06298,2024-12-06 09:00:00,2024-12-06 09:05:00,1.0592,1.06298,1.0516399999999997,0.0037800000000001166,False,extreme,2024-12-06 16:55:00,1.05678,friday_close,95,0.6402116402115852,0,0.0,0.6402116402115852,1.3148148148147527,0.11111111111113069
EURUSD,NY,2024-12-09,Monday,1,1.05705,1.05337,0.0036800000000001276,short,2024-12-09 04:00:00,1.05744,2024-12-09 04:05:00,2024-12-09 04:10:00,1.05685,1.05744,1.0556700000000003,0.0005899999999998684,False,extreme,2024-12-09 04:25:00,1.05744,stop,4,-1.0,0,0.0,-1.0,0.5254237288137316,1.135593220339149
EURUSD,NY,2024-12-09,Monday,2,1.05705,1.05337,0.0036800000000001276,short,2024-12-09 04:15:00,1.05752,2024-12-09 04:40:00,2024-12-09 04:45:00,1.05647,1.05752,1.05437,0.0010499999999999954,False,extreme,2024-12-09 05:05:00,1.05752,stop,5,-1.0,0,0.0,-1.0,0.2857142857142555,1.7999999999999576
EURUSD,NY,2024-12-09,Monday,3,1.05705,1.05337,0.0036800000000001276,short,2024-12-09 05:05:00,1.05853,2024-12-09 06:55:00,2024-12-09 07:00:00,1.05689,1.05853,1.0536100000000004,0.0016399999999998638,False,extreme,2024-12-09 10:40:00,1.05853,stop,45,-1.0,0,0.0,-1.0,0.6646341463415402,1.0731707317073964
EURUSD,NY,2024-12-09,Monday,4,1.05705,1.05337,0.0036800000000001276,short,2024-12-09 08:25:00,1.05943,2024-12-09 11:50:00,2024-12-09 11:55:00,1.05683,1.05943,1.0516299999999996,0.0026000000000001577,False,extreme,2024-12-09 23:55:00,1.05576,end_of_day,145,0.4115384615383998,0,0.0,0.4115384615383998,0.8807692307691402,0.24230769230772778
EURUSD,NY,2024-12-10,Tuesday,1,1.05683,1.05378,0.003049999999999997,long,2024-12-10 04:00:00,1.04985,2024-12-10 21:20:00,2024-12-10 21:25:00,1.05381,1.04985,1.0617299999999998,0.0039599999999999635,False,extreme,2024-12-10 23:55:00,1.05247,end_of_day,31,-0.33838383838381547,0,0.0,-0.33838383838381547,0.030303030303060887,0.4444444444444444
EURUSD,NY,2024-12-11,Wednesday,1,1.05285,1.04882,0.004029999999999978,short,2024-12-11 08:40:00,1.05375,2024-12-11 08:50:00,2024-12-11 08:55:00,1.05226,1.05375,1.04928,0.0014899999999999913,False,extreme,2024-12-11 10:00:00,1.04928,target,14,2.0,0,0.0,2.0,2.1476510067113344,0.48993288590612327
EURUSD,NY,2024-12-11,Wednesday,2,1.05285,1.04882,0.004029999999999978,long,2024-12-11 10:30:00,1.04826,2024-12-11 10:40:00,2024-12-11 10:45:00,1.04883,1.04826,1.0499699999999998,0.0005699999999999594,False,extreme,2024-12-11 10:45:00,1.04826,stop,1,-1.0,0,0.0,-1.0,0.31578947368435406,1.4210526315790089
EURUSD,NY,2024-12-11,Wednesday,3,1.05285,1.04882,0.004029999999999978,long,2024-12-11 10:45:00,1.04802,2024-12-11 10:55:00,2024-12-11 11:00:00,1.04907,1.04802,1.05117,0.0010499999999999954,False,extreme,2024-12-11 11:50:00,1.05117,target,11,2.0,0,0.0,2.0,2.0285714285714045,0.5047619047618302
EURUSD,NY,2024-12-11,Wednesday,4,1.05285,1.04882,0.004029999999999978,long,2024-12-11 12:55:00,1.04863,2024-12-11 13:00:00,2024-12-11 13:05:00,1.04966,1.04863,1.0517200000000002,0.0010300000000000864,False,extreme,2024-12-11 13:45:00,1.04863,stop,9,-1.0,0,0.0,-1.0,0.3398058252427603,1.0970873786407578
EURUSD,NY,2024-12-11,Wednesday,5,1.05285,1.04882,0.004029999999999978,long,2024-12-11 13:45:00,1.04815,2024-12-11 14:25:00,2024-12-11 14:30:00,1.04896,1.04815,1.0505799999999998,0.0008099999999999774,False,extreme,2024-12-11 18:50:00,1.0505799999999998,target,53,2.0,0,0.0,2.0,2.086419753086714,0.271604938271473
EURUSD,NY,2024-12-12,Thursday,1,1.05309,1.05033,0.0027600000000000957,long,2024-12-12 05:45:00,1.04944,2024-12-12 06:30:00,2024-12-12 06:35:00,1.05066,1.04944,1.0531,0.0012199999999999989,False,extreme,2024-12-12 07:20:00,1.04944,stop,10,-1.0,0,0.0,-1.0,0.1065573770491505,1.147540983606432
EURUSD,NY,2024-12-12,Thursday,2,1.05309,1.05033,0.0027600000000000957,long,2024-12-12 06:55:00,1.04696,2024-12-12 09:40:00,2024-12-12 09:45:00,1.0505,1.04696,1.0575800000000002,0.0035400000000000986,False,extreme,2024-12-12 10:35:00,1.04696,stop,11,-1.0,0,0.0,-1.0,0.45480225988702444,1.0819209039547721
EURUSD,NY,2024-12-12,Thursday,3,1.05309,1.05033,0.0027600000000000957,long,2024-12-12 10:05:00,1.04638,2024-12-12 11:35:00,2024-12-12 11:40:00,1.05038,1.04638,1.05838,0.0040000000000000036,False,extreme,2024-12-12 20:30:00,1.04638,stop,107,-1.0,0,0.0,-1.0,0.3399999999999512,1.0075000000000491
EURUSD,NY,2024-12-16,Monday,1,1.05248,1.05003,0.0024500000000000632,long,2024-12-16 05:10:00,1.0498,2024-12-16 05:15:00,2024-12-16 05:20:00,1.05017,1.0498,1.05091,0.00036999999999998145,False,extreme,2024-12-16 05:35:00,1.0498,stop,4,-1.0,0,0.0,-1.0,0.4594594594594919,1.3513513513512703
EURUSD,NY,2024-12-16,Monday,2,1.05248,1.05003,0.0024500000000000632,long,2024-12-16 05:35:00,1.04833,2024-12-16 08:20:00,2024-12-16 08:25:00,1.05039,1.04833,1.0545099999999998,0.0020599999999999508,False,extreme,2024-12-16 09:45:00,1.04833,stop,17,-1.0,0,0.0,-1.0,0.21844660194178264,1.3883495145630733
EURUSD,NY,2024-12-16,Monday,3,1.05248,1.05003,0.0024500000000000632,long,2024-12-16 09:10:00,1.04746,2024-12-16 10:35:00,2024-12-16 10:40:00,1.05027,1.04746,1.05589,0.002809999999999979,False,extreme,2024-12-16 23:55:00,1.05083,end_of_day,160,0.19928825622772173,0,0.0,0.19928825622772173,1.1245551601423756,0.26334519572952614
EURUSD,NY,2024-12-17,Tuesday,1,1.05102,1.04852,0.0025000000000001688,long,2024-12-17 04:00:00,1.04806,2024-12-17 04:45:00,2024-12-17 04:50:00,1.04856,1.04806,1.0495599999999998,0.0004999999999999449,False,extreme,2024-12-17 05:25:00,1.04806,stop,8,-1.0,0,0.0,-1.0,0.8400000000002664,1.2599999999999556
EURUSD,NY,2024-12-17,Tuesday,2,1.05102,1.04852,0.0025000000000001688,long,2024-12-17 05:15:00,1.04793,2024-12-17 05:35:00,2024-12-17 05:40:00,1.04868,1.04793,1.0501800000000001,0.0007500000000000284,False,extreme,2024-12-17 08:30:00,1.0501800000000001,target,35,2.0,0,0.0,2.0,2.613333333333183,0.3999999999999408
EURUSD,NY,2024-12-17,Tuesday,3,1.05102,1.04852,0.0025000000000001688,short,2024-12-17 12:05:00,1.0516,2024-12-17 12:10:00,2024-12-17 12:15:00,1.04998,1.0516,1.0467399999999996,0.0016200000000001769,False,extreme,2024-12-17 23:55:00,1.05031,end_of_day,141,-0.20370370370378238,0,0.0,-0.20370370370378238,0.8950617283949339,0.49382716049385594
EURUSD,NY,2024-12-18,Wednesday,1,1.05128,1.04876,0.0025200000000000777,long,2024-12-18 08:20:00,1.04826,2024-12-18 08:30:00,2024-12-18 08:35:00,1.04881,1.04826,1.0499100000000001,0.0005500000000000504,False,extreme,2024-12-18 09:50:00,1.0499100000000001,target,16,2.0,0,0.0,2.0,2.763636363636048,0.12727272727274194
EURUSD,NY,2024-12-18,Wednesday,2,1.05128,1.04876,0.0025200000000000777,long,2024-12-18 10:15:00,1.04858,2024-12-18 10:20:00,2024-12-18 10:25:00,1.04907,1.04858,1.0500499999999997,0.0004899999999998794,False,extreme,2024-12-18 10:25:00,1.04858,stop,1,-1.0,0,0.0,-1.0,0.061224489795881375,1.0408163265308896
EURUSD,NY,2024-12-18,Wednesday,3,1.05128,1.04876,0.0025200000000000777,long,2024-12-18 10:30:00,1.04846,2024-12-18 10:35:00,2024-12-18 10:40:00,1.04881,1.04846,1.0495100000000002,0.0003500000000000725,False,extreme,2024-12-18 10:45:00,1.04846,stop,2,-1.0,0,0.0,-1.0,0.48571428571419506,3.4857142857135606
EURUSD,NY,2024-12-18,Wednesday,4,1.05128,1.04876,0.0025200000000000777,long,2024-12-18 10:40:00,1.04672,2024-12-18 13:30:00,2024-12-18 13:35:00,1.049,1.04672,1.0535599999999996,0.0022799999999998377,False,extreme,2024-12-18 14:00:00,1.04672,stop,6,-1.0,0,0.0,-1.0,0.10964912280706196,2.627192982456301
EURUSD,NY,2024-12-19,Thursday,1,1.04095,1.03762,0.003330000000000055,short,2024-12-19 04:00:00,1.04224,2024-12-19 05:00:00,2024-12-19 05:05:00,1.0407,1.04224,1.0376199999999998,0.0015400000000000968,False,extreme,2024-12-19 11:00:00,1.0376199999999998,target,72,2.0,0,0.0,2.0,2.0194805194803576,0.5779220779220788
EURUSD,NY,2024-12-19,Thursday,2,1.04095,1.03762,0.003330000000000055,long,2024-12-19 11:00:00,1.03736,2024-12-19 11:05:00,2024-12-19 11:10:00,1.03764,1.03736,1.0381999999999996,0.00027999999999983594,False,extreme,2024-12-19 11:10:00,1.03736,stop,1,-1.0,0,0.0,-1.0,0.07142857142908123,2.7857142857159283
EURUSD,NY,2024-12-19,Thursday,3,1.04095,1.03762,0.003330000000000055,long,2024-12-19 11:10:00,1.03683,2024-12-19 11:15:00,2024-12-19 11:20:00,1.0378,1.03683,1.0397400000000003,0.0009700000000001374,False,extreme,2024-12-19 11:45:00,1.03683,stop,6,-1.0,0,0.0,-1.0,0.6804123711338035,1.2680412371132888
EURUSD,NY,2024-12-19,Thursday,4,1.04095,1.03762,0.003330000000000055,long,2024-12-19 11:40:00,1.03547,2024-12-19 14:00:00,2024-12-19 14:05:00,1.03764,1.03547,1.04198,0.0021700000000000053,False,extreme,2024-12-19 23:55:00,1.03588,end_of_day,119,-0.811059907834092,0,0.0,-0.811059907834092,0.00921658986181151,0.8248847926267069
EURUSD,NY,2024-12-20,Friday,1,1.03985,1.03431,0.005539999999999878,short,2024-12-20 07:30:00,1.04003,2024-12-20 07:35:00,2024-12-20 07:40:00,1.03946,1.04003,1.0383200000000001,0.0005699999999999594,False,extreme,2024-12-20 08:25:00,1.04003,stop,10,-1.0,0,0.0,-1.0,1.2105263157896993,1.1754385964912213
EURUSD,NY,2024-12-20,Friday,2,1.03985,1.03431,0.005539999999999878,short,2024-12-20 08:25:00,1.04191,2024-12-20 09:10:00,2024-12-20 09:15:00,1.03961,1.04191,1.03501,0.0022999999999999687,False,extreme,2024-12-20 11:25:00,1.04191,stop,27,-1.0,0,0.0,-1.0,0.4347826086956102,1.0
EURUSD,NY,2024-12-23,Monday,1,1.04444,1.04073,0.003710000000000102,long,2024-12-23 05:00:00,1.04039,2024-12-23 05:10:00,2024-12-23 05:15:00,1.04089,1.04039,1.0418900000000004,0.000500000000000167,False,extreme,2024-12-23 05:25:00,1.04039,stop,3,-1.0,0,0.0,-1.0,0.1999999999999112,1.2399999999997158
EURUSD,NY,2024-12-23,Monday,2,1.04444,1.04073,0.003710000000000102,long,2024-12-23 05:15:00,1.03842,2024-12-23 11:40:00,2024-12-23 11:45:00,1.04077,1.03842,1.0454700000000001,0.0023500000000000743,False,extreme,2024-12-23 23:55:00,1.03966,end_of_day,147,-0.4723404255318763,0,0.0,-0.4723404255318763,0.43404255319148455,0.8085106382978522
EURUSD,NY,2024-12-24,Tuesday,1,1.04056,1.03902,0.0015399999999998748,long,2024-12-24 05:05:00,1.03892,2024-12-24 05:10:00,2024-12-24 05:15:00,1.03935,1.03892,1.0402099999999999,0.00042999999999993044,False,extreme,2024-12-24 06:10:00,1.0402099999999999,target,12,2.0,0,0.0,2.0,2.3255813953494737,0.6976744186046872
EURUSD,NY,2024-12-24,Tuesday,2,1.04056,1.03902,0.0015399999999998748,short,2024-12-24 09:25:00,1.04102,2024-12-24 09:50:00,2024-12-24 09:55:00,1.04051,1.04102,1.03949,0.0005100000000000104,False,extreme,2024-12-24 10:25:00,1.03949,target,7,2.0,0,0.0,2.0,2.254901960784237,0.5686274509801873
EURUSD,NY,2024-12-24,Tuesday,3,1.04056,1.03902,0.0015399999999998748,long,2024-12-24 11:10:00,1.03877,2024-12-24 11:25:00,2024-12-24 11:30:00,1.03911,1.03877,1.03979,0.00034000000000000696,False,extreme,2024-12-24 11:55:00,1.03877,stop,6,-1.0,0,0.0,-1.0,1.2352941176472894,1.0882352941175701
EURUSD,NY,2024-12-24,Tuesday,4,1.04056,1.03902,0.0015399999999998748,long,2024-12-24 11:55:00,1.03863,2024-12-24 12:05:00,2024-12-24 12:10:00,1.03926,1.03863,1.0405200000000003,0.0006300000000001305,False,extreme,2024-12-24 12:40:00,1.03863,stop,7,-1.0,0,0.0,-1.0,0.19047619047598907,1.2857142857139836
EURUSD,NY,2024-12-24,Tuesday,5,1.04056,1.03902,0.0015399999999998748,long,2024-12-24 12:35:00,1.03836,2024-12-24 13:00:00,2024-12-24 13:05:00,1.03918,1.03836,1.04082,0.0008200000000000429,False,extreme,2024-12-24 16:55:00,1.03925,end_of_day,47,0.08536585365854979,0,0.0,0.08536585365854979,1.512195121951028,0.5975609756098486
EURUSD,NY,2024-12-26,Thursday,1,1.04028,1.03904,0.0012400000000001299,short,2024-12-26 05:35:00,1.04031,2024-12-26 05:40:00,2024-12-26 05:45:00,1.04018,1.04031,1.0399200000000002,0.00012999999999996348,False,extreme,2024-12-26 07:05:00,1.0399200000000002,target,17,2.0,0,0.0,2.0,3.846153846156211,0.3076923076909938
EURUSD,NY,2024-12-26,Thursday,2,1.04028,1.03904,0.0012400000000001299,short,2024-12-26 08:10:00,1.04059,2024-12-26 08:15:00,2024-12-26 08:20:00,1.04018,1.04059,1.0393600000000005,0.0004099999999997994,False,extreme,2024-12-26 10:10:00,1.04059,stop,23,-1.0,0,0.0,-1.0,1.6585365853666991,1.6829268292687682
EURUSD,NY,2024-12-27,Friday,1,1.04257,1.04051,0.0020599999999999508,short,2024-12-27 06:15:00,1.04441,2024-12-27 10:00:00,2024-12-27 10:05:00,1.04225,1.04441,1.0379299999999996,0.002160000000000162,False,extreme,2024-12-27 16:55:00,1.04229,friday_close,83,-0.018518518518535653,0,0.0,-0.018518518518535653,0.3657407407406422,0.6250000000000385
EURUSD,NY,2024-12-30,Monday,1,1.04316,1.04094,0.0022200000000001108,short,2024-12-30 04:50:00,1.04584,2024-12-30 08:40:00,2024-12-30 08:45:00,1.04315,1.04584,1.0377699999999999,0.002690000000000081,False,extreme,2024-12-30 10:45:00,1.0377699999999999,target,25,2.0,0,0.0,2.0,2.0780669144980726,0.02230483271373501
EURUSD,NY,2024-12-30,Monday,2,1.04316,1.04094,0.0022200000000001108,long,2024-12-30 08:50:00,1.03718,2024-12-30 20:25:00,2024-12-30 20:30:00,1.04106,1.03718,1.0488200000000003,0.0038800000000001056,False,extreme,2024-12-30 23:55:00,1.04043,end_of_day,42,-0.16237113402064776,0,0.0,-0.16237113402064776,0.11082474226802029,0.1752577319587617
EURUSD,NY,2024-12-31,Tuesday,1,1.04201,1.03997,0.0020400000000000418,short,2024-12-31 04:40:00,1.04245,2024-12-31 04:55:00,2024-12-31 05:00:00,1.04186,1.04245,1.0406799999999998,0.0005900000000000905,False,extreme,2024-12-31 05:05:00,1.0406799999999998,target,2,2.0,0,0.0,2.0,2.2711864406778193,0.06779661016954894
EURUSD,NY,2025-01-03,Friday,1,1.02881,1.02647,0.0023400000000000087,short,2025-01-03 04:10:00,1.03,2025-01-03 05:05:00,2025-01-03 05:10:00,1.02874,1.03,1.02622,0.0012600000000000389,False,extreme,2025-01-03 06:45:00,1.03,stop,20,-1.0,0,0.0,-1.0,0.6507936507936648,1.2301587301586447
EURUSD,NY,2025-01-03,Friday,2,1.02881,1.02647,0.0023400000000000087,short,2025-01-03 06:10:00,1.03058,2025-01-03 10:15:00,2025-01-03 10:20:00,1.02862,1.03058,1.0247000000000002,0.0019599999999999618,False,extreme,2025-01-03 14:35:00,1.03058,stop,52,-1.0,0,0.0,-1.0,0.6683673469388622,1.0153061224489668
EURUSD,NY,2025-01-06,Monday,1,1.03525,1.03078,0.004469999999999974,short,2025-01-06 04:05:00,1.03689,2025-01-06 04:40:00,2025-01-06 04:45:00,1.03521,1.03689,1.0318499999999997,0.0016800000000001258,False,extreme,2025-01-06 06:10:00,1.03689,stop,18,-1.0,0,0.0,-1.0,1.3928571428570438,2.1904761904761023
EURUSD,NY,2025-01-07,Tuesday,1,1.04253,1.0391,0.003430000000000044,short,2025-01-07 04:00:00,1.04344,2025-01-07 04:25:00,2025-01-07 04:30:00,1.04252,1.04344,1.0406799999999998,0.0009200000000000319,False,extreme,2025-01-07 05:15:00,1.04344,stop,10,-1.0,0,0.0,-1.0,0.9130434782607856,1.0
EURUSD,NY,2025-01-07,Tuesday,2,1.04253,1.0391,0.003430000000000044,short,2025-01-07 05:10:00,1.04344,2025-01-07 05:25:00,2025-01-07 05:30:00,1.04231,1.04344,1.0400500000000004,0.0011299999999998533,False,extreme,2025-01-07 05:55:00,1.04344,stop,6,-1.0,0,0.0,-1.0,0.1946902654868474,1.008849557522183
EURUSD,NY,2025-01-07,Tuesday,3,1.04253,1.0391,0.003430000000000044,short,2025-01-07 05:35:00,1.04345,2025-01-07 06:00:00,2025-01-07 06:05:00,1.0424,1.04345,1.0403,0.0010499999999999954,False,extreme,2025-01-07 07:30:00,1.0403,target,18,2.0,0,0.0,2.0,2.1142857142856175,0.41904761904761706
EURUSD,NY,2025-01-07,Tuesday,4,1.04253,1.0391,0.003430000000000044,long,2025-01-07 07:50:00,1.03873,2025-01-07 08:00:00,2025-01-07 08:05:00,1.03931,1.03873,1.04047,0.0005800000000000249,False,extreme,2025-01-07 08:35:00,1.04047,target,7,2.0,0,0.0,2.0,2.0862068965515195,0.4482758620688203
EURUSD,NY,2025-01-07,Tuesday,5,1.04253,1.0391,0.003430000000000044,long,2025-01-07 08:45:00,1.03867,2025-01-07 08:50:00,2025-01-07 08:55:00,1.0393,1.03867,1.0405599999999997,0.0006299999999999084,False,extreme,2025-01-07 10:00:00,1.03867,stop,14,-1.0,0,0.0,-1.0,0.74603174603216,4.603174603175118
EURUSD,NY,2025-01-08,Wednesday,1,1.03577,1.03181,0.003960000000000186,long,2025-01-08 04:45:00,1.03173,2025-01-08 04:50:00,2025-01-08 04:55:00,1.03186,1.03173,1.03212,0.00012999999999996348,False,extreme,2025-01-08 04:55:00,1.03173,stop,1,-1.0,0,0.0,-1.0,1.0769230769236025,1.153846153847205
EURUSD,NY,2025-01-08,Wednesday,2,1.03577,1.03181,0.003960000000000186,long,2025-01-08 05:00:00,1.03102,2025-01-08 05:50:00,2025-01-08 05:55:00,1.03183,1.03102,1.03345,0.0008099999999999774,False,extreme,2025-01-08 06:15:00,1.03102,stop,5,-1.0,0,0.0,-1.0,0.2592592592593202,1.3703703703703398
EURUSD,NY,2025-01-08,Wednesday,3,1.03577,1.03181,0.003960000000000186,long,2025-01-08 06:05:00,1.02732,2025-01-08 14:15:00,2025-01-08 14:20:00,1.03217,1.02732,1.04187,0.004850000000000021,False,extreme,2025-01-08 23:55:00,1.03092,end_of_day,116,-0.25773195876287996,0,0.0,-0.25773195876287996,0.05360824742266512,0.34845360824741484
EURUSD,NY,2025-01-09,Thursday,1,1.03125,1.02836,0.002890000000000059,short,2025-01-09 04:15:00,1.03177,2025-01-09 04:20:00,2025-01-09 04:25:00,1.03103,1.03177,1.0295499999999995,0.000740000000000185,False,extreme,2025-01-09 08:30:00,1.03177,stop,50,-1.0,0,0.0,-1.0,1.9459459459453052,1.189189189189181
EURUSD,NY,2025-01-09,Thursday,2,1.03125,1.02836,0.002890000000000059,short,2025-01-09 08:30:00,1.03191,2025-01-09 08:45:00,2025-01-09 08:50:00,1.03124,1.03191,1.0298999999999996,0.0006700000000001705,False,extreme,2025-01-09 10:40:00,1.0298999999999996,target,23,2.0,0,0.0,2.0,2.2686567164172824,0.3582089552238163
EURUSD,NY,2025-01-13,Monday,1,1.02314,1.02075,0.002389999999999892,long,2025-01-13 04:20:00,1.01773,2025-01-13 08:20:00,2025-01-13 08:25:00,1.0208,1.01773,1.0269399999999997,0.003069999999999906,False,extreme,2025-01-13 17:50:00,1.0269399999999997,target,114,2.0,0,0.0,2.0,2.1172638436483293,0.5276872964169396
EURUSD,NY,2025-01-14,Tuesday,1,1.02749,1.02423,0.0032600000000000406,long,2025-01-14 08:25:00,1.02414,2025-01-14 08:30:00,2025-01-14 08:35:00,1.02543,1.02414,1.02801,0.0012900000000000134,False,extreme,2025-01-14 10:35:00,1.02801,target,25,2.0,2,0.015503875968992088,1.984496124031008,2.271317829457246,0.8294573643411747
EURUSD,NY,2025-01-15,Wednesday,1,1.03174,1.02867,0.003070000000000128,short,2025-01-15 08:30:00,1.03544,2025-01-15 10:05:00,2025-01-15 10:10:00,1.03158,1.03544,1.02386,0.0038599999999999746,False,extreme,2025-01-15 23:55:00,1.02871,end_of_day,166,0.7435233160621625,0,0.0,0.7435233160621625,1.4637305699481789,0.39378238341968286
EURUSD,NY,2025-01-16,Thursday,1,1.03015,1.02809,0.0020599999999999508,long,2025-01-16 07:20:00,1.02608,2025-01-16 08:50:00,2025-01-16 08:55:00,1.02826,1.02608,1.0326199999999996,0.0021799999999998487,False,extreme,2025-01-16 23:55:00,1.02937,end_of_day,181,0.5091743119266153,0,0.0,0.5091743119266153,1.4954128440368197,0.669724770642256
EURUSD,NY,2025-01-17,Friday,1,1.02989,1.02775,0.0021400000000000308,short,2025-01-17 04:00:00,1.0304,2025-01-17 04:10:00,2025-01-17 04:15:00,1.02985,1.0304,1.0287499999999998,0.0005500000000000504,False,extreme,2025-01-17 05:25:00,1.0304,stop,15,-1.0,0,0.0,-1.0,1.6545454545452416,1.1272727272727419
EURUSD,NY,2025-01-17,Friday,2,1.02989,1.02775,0.0021400000000000308,short,2025-01-17 05:15:00,1.031,2025-01-17 07:00:00,2025-01-17 07:05:00,1.02968,1.031,1.02704,0.0013199999999999878,False,extreme,2025-01-17 09:15:00,1.02704,target,27,2.0,0,0.0,2.0,2.1212121212120754,0.6742424242424739
EURUSD,NY,2025-01-17,Friday,3,1.02989,1.02775,0.0021400000000000308,long,2025-01-17 09:10:00,1.02653,2025-01-17 09:25:00,2025-01-17 09:30:00,1.02795,1.02653,1.0307899999999999,0.0014199999999999768,False,extreme,2025-01-17 10:00:00,1.0307899999999999,target,7,2.0,0,0.0,2.0,2.373239436619824,0.338028169013959
EURUSD,NY,2025-01-17,Friday,4,1.02989,1.02775,0.0021400000000000308,short,2025-01-17 10:00:00,1.03307,2025-01-17 11:00:00,2025-01-17 11:05:00,1.02943,1.03307,1.0221500000000003,0.0036399999999998656,False,extreme,2025-01-17 16:55:00,1.027,friday_close,71,0.6675824175824846,0,0.0,0.6675824175824846,0.69780219780222,0.16483516483515276
EURUSD,NY,2025-01-20,Monday,1,1.03189,1.02994,0.0019499999999998963,short,2025-01-20 05:30:00,1.03223,2025-01-20 05:40:00,2025-01-20 05:45:00,1.03179,1.03223,1.03091,0.00043999999999999595,False,extreme,2025-01-20 06:10:00,1.03223,stop,6,-1.0,0,0.0,-1.0,1.2500000000001261,1.2500000000001261
EURUSD,NY,2025-01-20,Monday,2,1.03189,1.02994,0.0019499999999998963,short,2025-01-20 06:00:00,1.03265,2025-01-20 07:20:00,2025-01-20 07:25:00,1.03187,1.03265,1.03031,0.0007800000000000029,False,extreme,2025-01-20 08:30:00,1.03265,stop,14,-1.0,0,0.0,-1.0,1.3717948717950288,10.115384615384517
EURUSD,NY,2025-01-21,Tuesday,1,1.03923,1.03502,0.004210000000000047,long,2025-01-21 04:35:00,1.0342,2025-01-21 04:50:00,2025-01-21 04:55:00,1.03519,1.0342,1.0371700000000001,0.0009900000000000464,False,extreme,2025-01-21 08:30:00,1.0371700000000001,target,44,2.0,0,0.0,2.0,2.1616161616160916,0.9090909090909907
EURUSD,NY,2025-01-21,Tuesday,2,1.03923,1.03502,0.004210000000000047,short,2025-01-21 09:25:00,1.03946,2025-01-21 09:30:00,2025-01-21 09:35:00,1.03911,1.03946,1.0384099999999998,0.0003500000000000725,False,extreme,2025-01-21 09:35:00,1.03946,stop,1,-1.0,0,0.0,-1.0,1.0285714285709755,1.285714285714195
EURUSD,NY,2025-01-21,Tuesday,3,1.03923,1.03502,0.004210000000000047,short,2025-01-21 09:35:00,1.03985,2025-01-21 09:45:00,2025-01-21 09:50:00,1.03862,1.03985,1.0361600000000004,0.0012299999999998423,False,extreme,2025-01-21 10:25:00,1.03985,stop,8,-1.0,0,0.0,-1.0,0.6097560975610768,1.0162601626017347
EURUSD,NY,2025-01-22,Wednesday,1,1.04241,1.03998,0.0024300000000001543,short,2025-01-22 04:10:00,1.04573,2025-01-22 09:05:00,2025-01-22 09:10:00,1.04227,1.04573,1.03535,0.0034600000000000186,False,extreme,2025-01-22 23:55:00,1.04108,end_of_day,178,0.3439306358381555,0,0.0,0.3439306358381555,0.7456647398843967,0.18208092485546387
EURUSD,NY,2025-01-23,Thursday,1,1.04121,1.03901,0.0021999999999999797,short,2025-01-23 04:50:00,1.04148,2025-01-23 04:55:00,2025-01-23 05:00:00,1.04117,1.04148,1.0405499999999999,0.00031000000000003247,False,extreme,2025-01-23 05:00:00,1.04148,stop,1,-1.0,0,0.0,-1.0,0.22580645161292634,1.2258064516129263
EURUSD,NY,2025-01-23,Thursday,2,1.04121,1.03901,0.0021999999999999797,short,2025-01-23 05:00:00,1.04155,2025-01-23 05:05:00,2025-01-23 05:10:00,1.0411,1.04155,1.0401999999999998,0.00045000000000006146,False,extreme,2025-01-23 05:15:00,1.04155,stop,2,-1.0,0,0.0,-1.0,0.2222222222221674,1.4444444444443347
EURUSD,NY,2025-01-23,Thursday,3,1.04121,1.03901,0.0021999999999999797,short,2025-01-23 05:10:00,1.04203,2025-01-23 05:55:00,2025-01-23 06:00:00,1.04112,1.04203,1.0393000000000001,0.0009099999999999664,False,extreme,2025-01-23 10:20:00,1.0393000000000001,target,53,2.0,0,0.0,2.0,2.681318681318778,0.7472527472527901
EURUSD,NY,2025-01-24,Friday,1,1.04953,1.04436,0.005170000000000119,short,2025-01-24 04:05:00,1.05152,2025-01-24 04:45:00,2025-01-24 04:50:00,1.04912,1.05152,1.0443200000000001,0.0023999999999999577,False,extreme,2025-01-24 10:50:00,1.05152,stop,73,-1.0,0,0.0,-1.0,1.1416666666666722,1.2333333333332932
EURUSD,NY,2025-01-24,Friday,2,1.04953,1.04436,0.005170000000000119,short,2025-01-24 10:00:00,1.05215,2025-01-24 13:55:00,2025-01-24 14:00:00,1.04952,1.05215,1.0442600000000002,0.00262999999999991,False,extreme,2025-01-24 16:55:00,1.04942,friday_close,36,0.03802281368821004,0,0.0,0.03802281368821004,0.2661596958174703,0.13307984790877736
EURUSD,NY,2025-01-27,Monday,1,1.04888,1.04538,0.0035000000000000586,short,2025-01-27 04:10:00,1.04938,2025-01-27 04:15:00,2025-01-27 04:20:00,1.04845,1.04938,1.0465900000000004,0.0009299999999998754,False,extreme,2025-01-27 05:00:00,1.04938,stop,9,-1.0,0,0.0,-1.0,0.9892473118281239,1.4193548387098545
EURUSD,NY,2025-01-27,Monday,2,1.04888,1.04538,0.0035000000000000586,short,2025-01-27 05:00:00,1.05331,2025-01-27 12:00:00,2025-01-27 12:05:00,1.04886,1.05331,1.0399599999999998,0.004450000000000065,False,extreme,2025-01-27 23:55:00,1.04337,end_of_day,143,1.23370786516852,0,0.0,1.23370786516852,1.442696629213433,0.13707865168539113
EURUSD,NY,2025-01-28,Tuesday,1,1.04442,1.04193,0.002489999999999881,long,2025-01-28 07:00:00,1.04138,2025-01-28 07:10:00,2025-01-28 07:15:00,1.04194,1.04138,1.0430600000000003,0.000560000000000116,False,extreme,2025-01-28 08:30:00,1.0430600000000003,target,16,2.0,0,0.0,2.0,2.1428571428564633,0.8571428571427439
EURUSD,NY,2025-01-29,Wednesday,1,1.04437,1.04132,0.003049999999999997,long,2025-01-29 04:05:00,1.04091,2025-01-29 04:10:00,2025-01-29 04:15:00,1.04133,1.04091,1.0421700000000003,0.00042000000000008697,False,extreme,2025-01-29 04:45:00,1.04091,stop,7,-1.0,0,0.0,-1.0,1.3095238095231299,1.047619047618821
EURUSD,NY,2025-01-29,Wednesday,2,1.04437,1.04132,0.003049999999999997,long,2025-01-29 04:45:00,1.03824,2025-01-29 10:35:00,2025-01-29 10:40:00,1.04153,1.03824,1.04811,0.003290000000000015,False,extreme,2025-01-29 23:55:00,1.04191,end_of_day,160,0.11550151975678516,0,0.0,0.11550151975678516,0.4164133738601413,0.8237082066869233
EURUSD,NY,2025-01-30,Thursday,1,1.04291,1.04095,0.0019599999999999618,long,2025-01-30 04:00:00,1.0403,2025-01-30 04:10:00,2025-01-30 04:15:00,1.04097,1.0403,1.0423099999999998,0.0006699999999999484,False,extreme,2025-01-30 04:40:00,1.0403,stop,6,-1.0,0,0.0,-1.0,0.5522388059701641,1.1343283582088513
EURUSD,NY,2025-01-30,Thursday,2,1.04291,1.04095,0.0019599999999999618,long,2025-01-30 04:35:00,1.04021,2025-01-30 05:20:00,2025-01-30 05:25:00,1.04108,1.04021,1.0428199999999999,0.0008699999999999264,False,extreme,2025-01-30 05:50:00,1.04021,stop,6,-1.0,0,0.0,-1.0,0.1724137931035715,1.7126436781610546
EURUSD,NY,2025-01-30,Thursday,3,1.04291,1.04095,0.0019599999999999618,long,2025-01-30 05:35:00,1.03903,2025-01-30 08:20:00,2025-01-30 08:25:00,1.04131,1.03903,1.04587,0.0022800000000000598,False,extreme,2025-01-30 08:55:00,1.04587,target,7,2.0,0,0.0,2.0,2.048245614035013,0.4824561403508114
EURUSD,NY,2025-01-30,Thursday,4,1.04291,1.04095,0.0019599999999999618,short,2025-01-30 10:00:00,1.04405,2025-01-30 10:35:00,2025-01-30 10:40:00,1.0429,1.04405,1.0406,0.0011499999999999844,False,extreme,2025-01-30 10:40:00,1.04405,stop,1,-1.0,0,0.0,-1.0,0.008695652173777046,1.1391304347827498
EURUSD,NY,2025-01-30,Thursday,5,1.04291,1.04095,0.0019599999999999618,short,2025-01-30 10:40:00,1.04421,2025-01-30 11:00:00,2025-01-30 11:05:00,1.04283,1.04421,1.0400699999999996,0.0013800000000001589,False,extreme,2025-01-30 15:35:00,1.0400699999999996,target,55,2.0,0,0.0,2.0,2.514492753622799,0.2898550724638637
EURUSD,NY,2025-01-30,Thursday,6,1.04291,1.04095,0.0019599999999999618,long,2025-01-30 15:35:00,1.03862,2025-01-30 16:00:00,2025-01-30 16:05:00,1.04103,1.03862,1.0458499999999995,0.002409999999999801,False,extreme,2025-01-30 17:00:00,1.03862,stop,12,-1.0,0,0.0,-1.0,0.0663900414938478,1.199170124481359
EURUSD,NY,2025-01-31,Friday,1,1.04129,1.03808,0.003210000000000157,long,2025-01-31 04:00:00,1.03653,2025-01-31 04:50:00,2025-01-31 04:55:00,1.03815,1.03653,1.0413899999999998,0.0016199999999999548,False,extreme,2025-01-31 10:00:00,1.03653,stop,62,-1.0,0,0.0,-1.0,0.85802469135805,1.3086419753086167
EURUSD,NY,2025-01-31,Friday,2,1.04129,1.03808,0.003210000000000157,long,2025-01-31 09:00:00,1.03603,2025-01-31 10:45:00,2025-01-31 10:50:00,1.03854,1.03603,1.04356,0.0025100000000000122,False,extreme,2025-01-31 16:10:00,1.03603,stop,65,-1.0,0,0.0,-1.0,1.9362549800797062,1.3984063745020348
EURUSD,NY,2025-02-03,Monday,1,1.02518,1.02129,0.003889999999999949,short,2025-02-03 04:30:00,1.02543,2025-02-03 04:40:00,2025-02-03 04:45:00,1.02417,1.02543,1.02165,0.0012600000000000389,False,extreme,2025-02-03 06:55:00,1.02543,stop,27,-1.0,0,0.0,-1.0,1.269841269841267,1.1349206349206336
EURUSD,NY,2025-02-03,Monday,2,1.02518,1.02129,0.003889999999999949,short,2025-02-03 06:55:00,1.02878,2025-02-03 09:45:00,2025-02-03 09:50:00,1.02495,1.02878,1.01729,0.00383,False,extreme,2025-02-03 10:20:00,1.02878,stop,7,-1.0,0,0.0,-1.0,0.1436031331592821,1.8668407310704933
EURUSD,NY,2025-02-04,Tuesday,1,1.03353,1.02723,0.006299999999999972,short,2025-02-04 04:00:00,1.03495,2025-02-04 05:30:00,2025-02-04 05:35:00,1.03293,1.03495,1.0288899999999996,0.002020000000000133,False,extreme,2025-02-04 09:05:00,1.03495,stop,43,-1.0,0,0.0,-1.0,0.44059405940583013,1.1683168316831607
EURUSD,NY,2025-02-05,Wednesday,1,1.04096,1.03733,0.003630000000000022,short,2025-02-05 04:15:00,1.04178,2025-02-05 04:30:00,2025-02-05 04:35:00,1.04089,1.04178,1.0391100000000004,0.0008899999999998354,False,extreme,2025-02-05 05:25:00,1.04178,stop,11,-1.0,0,0.0,-1.0,0.8202247191014095,1.146067415730323
EURUSD,NY,2025-02-05,Wednesday,2,1.04096,1.03733,0.003630000000000022,short,2025-02-05 05:15:00,1.04306,2025-02-05 08:30:00,2025-02-05 08:35:00,1.0408,1.04306,1.0362799999999996,0.0022600000000001508,False,extreme,2025-02-05 10:00:00,1.04306,stop,18,-1.0,0,0.0,-1.0,0.28761061946902483,1.5353982300884303
EURUSD,NY,2025-02-05,Wednesday,3,1.04096,1.03733,0.003630000000000022,short,2025-02-05 09:05:00,1.04427,2025-02-05 14:40:00,2025-02-05 14:45:00,1.04077,1.04427,1.0337699999999999,0.0035000000000000586,False,extreme,2025-02-05 23:55:00,1.03872,end_of_day,111,0.5857142857142431,0,0.0,0.5857142857142431,0.6428571428570931,0.04285714285716914
EURUSD,NY,2025-02-06,Thursday,1,1.03925,1.03563,0.0036199999999999566,long,2025-02-06 07:35:00,1.03526,2025-02-06 07:40:00,2025-02-06 07:45:00,1.03623,1.03526,1.0381699999999998,0.0009699999999999154,False,extreme,2025-02-06 13:00:00,1.0381699999999998,target,64,2.0,0,0.0,2.0,2.0927835051547974,0.8969072164948477
EURUSD,NY,2025-02-06,Thursday,2,1.03925,1.03563,0.0036199999999999566,short,2025-02-06 13:40:00,1.03967,2025-02-06 13:50:00,2025-02-06 13:55:00,1.03884,1.03967,1.0371799999999998,0.0008300000000001084,False,extreme,2025-02-06 23:55:00,1.03811,end_of_day,121,0.8795180722889181,0,0.0,0.8795180722889181,1.674698795180507,0.3614457831324431
EURUSD,NY,2025-02-07,Friday,1,1.04,1.03728,0.0027200000000000557,long,2025-02-07 07:25:00,1.03684,2025-02-07 07:45:00,2025-02-07 07:50:00,1.03732,1.03684,1.03828,0.00048000000000003595,False,extreme,2025-02-07 08:30:00,1.03684,both_touched,9,-1.0,0,0.0,-1.0,7.5416666666660115,4.937499999999595
EURUSD,NY,2025-02-07,Friday,2,1.04,1.03728,0.0027200000000000557,long,2025-02-07 08:30:00,1.03495,2025-02-07 08:35:00,2025-02-07 08:40:00,1.03756,1.03495,1.04278,0.002610000000000001,False,extreme,2025-02-07 10:50:00,1.03495,stop,27,-1.0,0,0.0,-1.0,0.5057471264367768,1.743295019157108
EURUSD,NY,2025-02-10,Monday,1,1.03256,1.03067,0.0018899999999999473,short,2025-02-10 04:00:00,1.03348,2025-02-10 05:10:00,2025-02-10 05:15:00,1.03256,1.03348,1.0307199999999999,0.0009200000000000319,False,extreme,2025-02-10 06:05:00,1.03348,stop,11,-1.0,0,0.0,-1.0,0.2282608695650154,1.1739130434781875
EURUSD,NY,2025-02-10,Monday,2,1.03256,1.03067,0.0018899999999999473,short,2025-02-10 05:30:00,1.03364,2025-02-10 06:50:00,2025-02-10 06:55:00,1.03243,1.03364,1.03001,0.0012099999999999334,False,extreme,2025-02-10 18:25:00,1.03001,target,139,2.0,0,0.0,2.0,2.107438016529085,0.1818181818182819
EURUSD,NY,2025-02-11,Tuesday,1,1.03199,1.02999,0.0020000000000000018,short,2025-02-11 04:05:00,1.03221,2025-02-11 04:10:00,2025-02-11 04:15:00,1.03182,1.03221,1.0310399999999997,0.0003900000000001125,False,extreme,2025-02-11 05:10:00,1.03221,stop,12,-1.0,0,0.0,-1.0,1.4358974358967498,1.3333333333331436
EURUSD,NY,2025-02-11,Tuesday,2,1.03199,1.02999,0.0020000000000000018,short,2025-02-11 05:10:00,1.03251,2025-02-11 05:35:00,2025-02-11 05:40:00,1.03163,1.03251,1.02987,0.0008799999999999919,False,extreme,2025-02-11 07:10:00,1.03251,stop,19,-1.0,0,0.0,-1.0,0.20454545454553483,1.0
EURUSD,NY,2025-02-11,Tuesday,3,1.03199,1.02999,0.0020000000000000018,short,2025-02-11 06:45:00,1.03286,2025-02-11 08:20:00,2025-02-11 08:25:00,1.03191,1.03286,1.0300100000000005,0.0009499999999997844,False,extreme,2025-02-11 09:05:00,1.03286,stop,9,-1.0,0,0.0,-1.0,0.2526315789474447,1.1157894736842942
EURUSD,NY,2025-02-12,Wednesday,1,1.03799,1.03549,0.0024999999999999467,short,2025-02-12 06:15:00,1.03857,2025-02-12 06:40:00,2025-02-12 06:45:00,1.03798,1.03857,1.0367999999999997,0.0005900000000000905,False,extreme,2025-02-12 08:15:00,1.0367999999999997,target,19,2.0,0,0.0,2.0,2.7796610169484954,0.08474576271203026
EURUSD,NY,2025-02-12,Wednesday,2,1.03799,1.03549,0.0024999999999999467,long,2025-02-12 08:30:00,1.0317,2025-02-12 10:20:00,2025-02-12 10:25:00,1.03572,1.0317,1.0437599999999998,0.0040199999999999125,False,extreme,2025-02-12 23:55:00,1.04347,end_of_day,163,1.9278606965174359,1,0.0024875621890547805,1.925373134328381,1.947761194029894,0.16666666666665747
EURUSD,NY,2025-02-13,Thursday,1,1.04401,1.04102,0.002990000000000048,long,2025-02-13 06:45:00,1.0375,2025-02-13 10:10:00,2025-02-13 10:15:00,1.04238,1.0375,1.05214,0.0048799999999999955,False,extreme,2025-02-13 13:40:00,1.0375,stop,42,-1.0,0,0.0,-1.0,0.4426229508196602,1.0368852459016535
EURUSD,NY,2025-02-13,Thursday,2,1.04401,1.04102,0.002990000000000048,long,2025-02-13 13:40:00,1.03732,2025-02-13 13:45:00,2025-02-13 13:50:00,1.04142,1.03732,1.04962,0.0040999999999999925,False,extreme,2025-02-13 23:55:00,1.04547,end_of_day,122,0.9878048780487547,1,0.002439024390243907,0.9853658536585108,1.3146341463414672,0.5926829268292528
EURUSD,NY,2025-02-14,Friday,1,1.04864,1.04474,0.0039000000000000146,short,2025-02-14 08:30:00,1.04978,2025-02-14 08:35:00,2025-02-14 08:40:00,1.04862,1.04978,1.0463000000000005,0.0011599999999998278,False,extreme,2025-02-14 09:05:00,1.04978,stop,6,-1.0,0,0.0,-1.0,0.27586206896564264,1.0689655172414585
EURUSD,NY,2025-02-17,Monday,1,1.04984,1.04711,0.0027300000000001212,long,2025-02-17 07:40:00,1.04686,2025-02-17 07:50:00,2025-02-17 07:55:00,1.04713,1.04686,1.0476699999999999,0.00026999999999999247,False,extreme,2025-02-17 08:25:00,1.04686,stop,7,-1.0,0,0.0,-1.0,1.1481481481483005,1.518518518517818
EURUSD,NY,2025-02-17,Monday,2,1.04984,1.04711,0.0027300000000001212,long,2025-02-17 08:25:00,1.04672,2025-02-17 08:35:00,2025-02-17 08:40:00,1.04718,1.04672,1.0480999999999998,0.00045999999999990493,False,extreme,2025-02-17 10:05:00,1.0480999999999998,target,18,2.0,0,0.0,2.0,2.086956521739718,0.13043478260861172
EURUSD,NY,2025-02-17,Monday,3,1.04984,1.04711,0.0027300000000001212,long,2025-02-17 20:10:00,1.04625,2025-02-17 22:30:00,2025-02-17 22:35:00,1.04713,1.04625,1.0488899999999999,0.0008799999999999919,False,extreme,2025-02-17 22:55:00,1.04625,stop,5,-1.0,0,0.0,-1.0,0.05681818181830225,1.05681818181805
EURUSD,NY,2025-02-18,Tuesday,1,1.04692,1.04523,0.0016899999999999693,long,2025-02-18 08:05:00,1.04457,2025-02-18 08:15:00,2025-02-18 08:20:00,1.04532,1.04457,1.04682,0.0007500000000000284,False,extreme,2025-02-18 08:55:00,1.04457,stop,8,-1.0,0,0.0,-1.0,0.14666666666673378,1.5333333333332544
EURUSD,NY,2025-02-18,Tuesday,2,1.04692,1.04523,0.0016899999999999693,long,2025-02-18 08:20:00,1.04417,2025-02-18 09:25:00,2025-02-18 09:30:00,1.04525,1.04417,1.04741,0.0010799999999999699,False,extreme,2025-02-18 12:45:00,1.04417,stop,40,-1.0,0,0.0,-1.0,1.56481481481483,1.1481481481480948
EURUSD,NY,2025-02-18,Tuesday,3,1.04692,1.04523,0.0016899999999999693,long,2025-02-18 12:00:00,1.04352,2025-02-18 23:10:00,2025-02-18 23:15:00,1.04523,1.04352,1.0486500000000003,0.0017100000000001003,False,extreme,2025-02-18 23:55:00,1.04524,end_of_day,9,0.0058479532162823865,0,0.0,0.0058479532162823865,0.05847953216373282,0.23391812865506112
EURUSD,NY,2025-02-19,Wednesday,1,1.04614,1.04385,0.0022900000000001253,long,2025-02-19 04:00:00,1.04349,2025-02-19 04:05:00,2025-02-19 04:10:00,1.04399,1.04349,1.0449899999999999,0.0004999999999999449,False,extreme,2025-02-19 04:40:00,1.04349,stop,7,-1.0,0,0.0,-1.0,0.7600000000001776,1.1600000000001776
EURUSD,NY,2025-02-19,Wednesday,2,1.04614,1.04385,0.0022900000000001253,long,2025-02-19 04:40:00,1.04189,2025-02-19 10:30:00,2025-02-19 10:35:00,1.04388,1.04189,1.0478599999999998,0.0019899999999999363,False,extreme,2025-02-19 11:00:00,1.04189,stop,6,-1.0,0,0.0,-1.0,0.13065326633173735,1.2512562814070156
EURUSD,NY,2025-02-20,Thursday,1,1.04422,1.04236,0.0018599999999999728,short,2025-02-20 05:50:00,1.04465,2025-02-20 06:20:00,2025-02-20 06:25:00,1.04412,1.04465,1.0430599999999997,0.0005300000000001415,False,extreme,2025-02-20 08:15:00,1.04465,stop,23,-1.0,0,0.0,-1.0,1.9433962264143196,1.433962264150738
EURUSD,NY,2025-02-21,Friday,1,1.05008,1.04681,0.003269999999999884,long,2025-02-21 05:05:00,1.04657,2025-02-21 05:15:00,2025-02-21 05:20:00,1.04702,1.04657,1.0479200000000002,0.00045000000000006146,False,extreme,2025-02-21 05:55:00,1.04657,stop,8,-1.0,0,0.0,-1.0,0.4444444444443348,1.1999999999998026
EURUSD,NY,2025-02-21,Friday,2,1.05008,1.04681,0.003269999999999884,long,2025-02-21 05:55:00,1.04633,2025-02-21 06:25:00,2025-02-21 06:30:00,1.04694,1.04633,1.04816,0.0006099999999999994,False,extreme,2025-02-21 07:10:00,1.04633,stop,9,-1.0,0,0.0,-1.0,0.7704918032786408,1.6557377049179611
EURUSD,NY,2025-02-21,Friday,3,1.05008,1.04681,0.003269999999999884,long,2025-02-21 07:05:00,1.04593,2025-02-21 07:25:00,2025-02-21 07:30:00,1.04688,1.04593,1.04878,0.0009500000000000064,False,extreme,2025-02-21 09:45:00,1.04878,target,28,2.0,0,0.0,2.0,2.5157894736840802,0.9578947368420634
EURUSD,NY,2025-02-24,Monday,1,1.05197,1.04697,0.0050000000000001155,long,2025-02-24 05:20:00,1.04683,2025-02-24 05:25:00,2025-02-24 05:30:00,1.047,1.04683,1.04734,0.00017000000000000348,False,extreme,2025-02-24 05:35:00,1.04734,target,2,2.0,0,0.0,2.0,2.058823529412149,0.8235294117648595
EURUSD,NY,2025-02-24,Monday,2,1.05197,1.04697,0.0050000000000001155,long,2025-02-24 06:20:00,1.04638,2025-02-24 06:35:00,2025-02-24 06:40:00,1.04717,1.04638,1.0487499999999996,0.0007899999999998464,False,extreme,2025-02-24 07:30:00,1.04638,stop,11,-1.0,0,0.0,-1.0,0.12658227848102332,1.3037974683545122
EURUSD,NY,2025-02-24,Monday,3,1.05197,1.04697,0.0050000000000001155,long,2025-02-24 07:20:00,1.04602,2025-02-24 08:00:00,2025-02-24 08:05:00,1.04697,1.04602,1.04887,0.0009500000000000064,False,extreme,2025-02-24 09:30:00,1.04602,stop,18,-1.0,0,0.0,-1.0,0.6210526315790384,1.242105263157843
EURUSD,NY,2025-02-24,Monday,4,1.05197,1.04697,0.0050000000000001155,long,2025-02-24 08:40:00,1.04528,2025-02-24 11:15:00,2025-02-24 11:20:00,1.04709,1.04528,1.0507100000000003,0.0018100000000000893,False,extreme,2025-02-24 23:55:00,1.04731,end_of_day,152,0.1215469613258984,0,0.0,0.1215469613258984,0.8287292817678237,0.613259668508349
EURUSD,NY,2025-02-26,Wednesday,1,1.05117,1.04872,0.002449999999999841,long,2025-02-26 07:45:00,1.04751,2025-02-26 08:10:00,2025-02-26 08:15:00,1.04875,1.04751,1.0512300000000003,0.0012400000000001299,False,extreme,2025-02-26 11:05:00,1.0512300000000003,target,35,2.0,0,0.0,2.0,2.008064516128726,0.645161290322621
EURUSD,NY,2025-02-26,Wednesday,2,1.05117,1.04872,0.002449999999999841,short,2025-02-26 11:35:00,1.05288,2025-02-26 12:30:00,2025-02-26 12:35:00,1.05,1.05288,1.04424,0.0028799999999999937,False,extreme,2025-02-26 23:55:00,1.04631,end_of_day,137,1.2812499999999927,0,0.0,1.2812499999999927,1.4201388888889437,0.263888888888845
EURUSD,NY,2025-02-27,Thursday,1,1.04803,1.04618,0.0018499999999999073,short,2025-02-27 04:10:00,1.04822,2025-02-27 04:15:00,2025-02-27 04:20:00,1.04787,1.04822,1.0471700000000004,0.00034999999999985043,False,extreme,2025-02-27 04:50:00,1.04822,stop,7,-1.0,0,0.0,-1.0,0.7714285714288796,1.6000000000003807
EURUSD,NY,2025-02-27,Thursday,2,1.04803,1.04618,0.0018499999999999073,short,2025-02-27 04:45:00,1.04852,2025-02-27 05:05:00,2025-02-27 05:10:00,1.04784,1.04852,1.0464800000000005,0.0006799999999997919,False,extreme,2025-02-27 06:00:00,1.04852,stop,11,-1.0,0,0.0,-1.0,0.6764705882356878,1.3088235294119233
EURUSD,NY,2025-02-27,Thursday,3,1.04803,1.04618,0.0018499999999999073,short,2025-02-27 05:55:00,1.04873,2025-02-27 06:20:00,2025-02-27 06:25:00,1.04796,1.04873,1.0464200000000001,0.0007699999999999374,False,extreme,2025-02-27 08:30:00,1.04873,stop,26,-1.0,0,0.0,-1.0,0.883116883116973,1.168831168831135
EURUSD,NY,2025-02-28,Friday,1,1.04044,1.03828,0.0021599999999999397,short,2025-02-28 04:00:00,1.04079,2025-02-28 04:20:00,2025-02-28 04:25:00,1.04009,1.04079,1.0386899999999997,0.000700000000000145,False,extreme,2025-02-28 07:55:00,1.04079,stop,43,-1.0,0,0.0,-1.0,1.2142857142854877,1.0
EURUSD,NY,2025-02-28,Friday,2,1.04044,1.03828,0.0021599999999999397,short,2025-02-28 07:25:00,1.04162,2025-02-28 09:00:00,2025-02-28 09:05:00,1.0404,1.04162,1.03796,0.0012199999999999989,False,extreme,2025-02-28 10:00:00,1.04162,stop,12,-1.0,0,0.0,-1.0,0.2622950819672937,1.008196721311529
EURUSD,NY,2025-02-28,Friday,3,1.04044,1.03828,0.0021599999999999397,short,2025-02-28 09:45:00,1.042,2025-02-28 10:55:00,2025-02-28 11:00:00,1.04001,1.042,1.0360300000000002,0.0019899999999999363,False,extreme,2025-02-28 14:00:00,1.0360300000000002,target,37,2.0,0,0.0,2.0,2.0150753768845213,0.5778894472361915
EURUSD,NY,2025-03-04,Tuesday,1,1.05242,1.04712,0.00529999999999986,short,2025-03-04 06:40:00,1.05596,2025-03-04 09:35:00,2025-03-04 09:40:00,1.05224,1.05596,1.0448000000000002,0.0037199999999999456,False,extreme,2025-03-04 13:10:00,1.05596,stop,43,-1.0,0,0.0,-1.0,0.69623655913982,1.3279569892473164
EURUSD,NY,2025-03-05,Wednesday,1,1.06998,1.06189,0.00808999999999993,short,2025-03-05 04:00:00,1.07144,2025-03-05 04:05:00,2025-03-05 04:10:00,1.06996,1.07144,1.0670000000000002,0.0014799999999999258,False,extreme,2025-03-05 04:30:00,1.07144,stop,5,-1.0,0,0.0,-1.0,0.2702702702702541,1.520270270270404
EURUSD,NY,2025-03-05,Wednesday,2,1.06998,1.06189,0.00808999999999993,short,2025-03-05 04:15:00,1.07221,2025-03-05 05:20:00,2025-03-05 05:25:00,1.06961,1.07221,1.0644099999999996,0.0026000000000001577,False,extreme,2025-03-05 08:45:00,1.07221,stop,41,-1.0,0,0.0,-1.0,0.7538461538460934,1.011538461538451
EURUSD,NY,2025-03-06,Thursday,1,1.08223,1.0792,0.003030000000000088,long,2025-03-06 04:15:00,1.07864,2025-03-06 04:20:00,2025-03-06 04:25:00,1.07938,1.07864,1.08086,0.0007399999999999629,False,extreme,2025-03-06 04:30:00,1.07864,stop,2,-1.0,0,0.0,-1.0,0.5135135135136027,1.1621621621623324
EURUSD,NY,2025-03-06,Thursday,2,1.08223,1.0792,0.003030000000000088,long,2025-03-06 04:30:00,1.07803,2025-03-06 04:40:00,2025-03-06 04:45:00,1.07933,1.07803,1.0819299999999996,0.0012999999999998568,False,extreme,2025-03-06 08:15:00,1.0819299999999996,target,43,2.0,0,0.0,2.0,3.9846153846159655,0.7846153846153163
EURUSD,NY,2025-03-06,Thursday,3,1.08223,1.0792,0.003030000000000088,short,2025-03-06 08:15:00,1.08451,2025-03-06 08:20:00,2025-03-06 08:25:00,1.08173,1.08451,1.07617,0.0027800000000000047,False,extreme,2025-03-06 10:00:00,1.08451,stop,20,-1.0,0,0.0,-1.0,0.4388489208633082,1.2985611510790953
EURUSD,NY,2025-03-06,Thursday,4,1.08223,1.0792,0.003030000000000088,short,2025-03-06 09:25:00,1.08534,2025-03-06 10:40:00,2025-03-06 10:45:00,1.08215,1.08534,1.07577,0.003190000000000026,False,extreme,2025-03-06 23:55:00,1.08131,end_of_day,159,0.26332288401252196,0,0.0,0.26332288401252196,1.752351097178664,0.507836990595593
EURUSD,NY,2025-03-07,Friday,1,1.08552,1.08076,0.0047600000000000975,short,2025-03-07 04:10:00,1.08714,2025-03-07 06:05:00,2025-03-07 06:10:00,1.08476,1.08714,1.0799999999999998,0.0023800000000000487,False,extreme,2025-03-07 08:30:00,1.08714,stop,29,-1.0,0,0.0,-1.0,0.26470588235289727,1.5294117647058878
EURUSD,NY,2025-03-07,Friday,2,1.08552,1.08076,0.0047600000000000975,short,2025-03-07 08:25:00,1.08889,2025-03-07 08:55:00,2025-03-07 09:00:00,1.08446,1.08889,1.0756000000000001,0.004429999999999934,False,extreme,2025-03-07 16:55:00,1.08321,friday_close,96,0.2821670428893887,0,0.0,0.2821670428893887,0.4266365688487529,0.9322799097065527
EURUSD,NY,2025-03-10,Monday,1,1.08449,1.08111,0.0033799999999999386,long,2025-03-10 04:10:00,1.0809,2025-03-10 04:15:00,2025-03-10 04:20:00,1.08166,1.0809,1.0831800000000003,0.0007600000000000939,False,extreme,2025-03-10 04:50:00,1.0809,stop,7,-1.0,0,0.0,-1.0,0.6973684210524393,1.5263157894735613
EURUSD,NY,2025-03-10,Monday,2,1.08449,1.08111,0.0033799999999999386,long,2025-03-10 04:50:00,1.0805,2025-03-10 05:00:00,2025-03-10 05:05:00,1.0815,1.0805,1.0834999999999997,0.0009999999999998899,False,extreme,2025-03-10 05:20:00,1.0834999999999997,target,4,2.0,0,0.0,2.0,2.7400000000004887,0.549999999999889
EURUSD,NY,2025-03-10,Monday,3,1.08449,1.08111,0.0033799999999999386,short,2025-03-10 05:35:00,1.08483,2025-03-10 05:40:00,2025-03-10 05:45:00,1.08424,1.08483,1.0830600000000004,0.0005899999999998684,False,extreme,2025-03-10 05:45:00,1.08483,stop,1,-1.0,0,0.0,-1.0,0.20338983050872333,2.35593220339036
EURUSD,NY,2025-03-10,Monday,4,1.08449,1.08111,0.0033799999999999386,short,2025-03-10 05:45:00,1.08747,2025-03-10 07:00:00,2025-03-10 07:05:00,1.08304,1.08747,1.0741800000000001,0.004429999999999934,False,extreme,2025-03-10 23:55:00,1.08545,end_of_day,203,-0.5440180586907583,0,0.0,-0.5440180586907583,0.4040632054176038,0.6884875846501225
EURUSD,NY,2025-03-11,Tuesday,1,1.09016,1.08356,0.006599999999999939,short,2025-03-11 04:15:00,1.09053,2025-03-11 04:20:00,2025-03-11 04:25:00,1.09002,1.09053,1.089,0.0005100000000000104,False,extreme,2025-03-11 04:45:00,1.09053,stop,5,-1.0,0,0.0,-1.0,1.1764705882351405,2.960784313725234
EURUSD,NY,2025-03-11,Tuesday,2,1.09016,1.08356,0.006599999999999939,short,2025-03-11 04:45:00,1.09211,2025-03-11 05:35:00,2025-03-11 05:40:00,1.09003,1.09211,1.0858700000000003,0.0020799999999998597,False,extreme,2025-03-11 09:20:00,1.09211,stop,45,-1.0,0,0.0,-1.0,0.9182692307693303,1.120192307692356
EURUSD,NY,2025-03-11,Tuesday,3,1.09016,1.08356,0.006599999999999939,short,2025-03-11 07:55:00,1.09308,2025-03-11 10:25:00,2025-03-11 10:30:00,1.09005,1.09308,1.0839899999999998,0.003030000000000088,False,extreme,2025-03-11 13:10:00,1.09308,stop,33,-1.0,0,0.0,-1.0,0.009900990099001195,1.0330033003300285
EURUSD,NY,2025-03-11,Tuesday,4,1.09016,1.08356,0.006599999999999939,short,2025-03-11 10:30:00,1.09474,2025-03-11 23:15:00,2025-03-11 23:20:00,1.09005,1.09474,1.0806699999999998,0.004690000000000083,False,extreme,2025-03-11 23:55:00,1.08973,end_of_day,8,0.0682302771854734,0,0.0,0.0682302771854734,0.09381663113006145,0.002132196162060839
EURUSD,NY,2025-03-12,Wednesday,1,1.09089,1.08875,0.0021399999999998087,short,2025-03-12 04:20:00,1.09132,2025-03-12 04:30:00,2025-03-12 04:35:00,1.09086,1.09132,1.0899399999999997,0.000460000000000127,False,extreme,2025-03-12 04:35:00,1.09132,stop,1,-1.0,0,0.0,-1.0,0.0,1.543478260869114
EURUSD,NY,2025-03-12,Wednesday,2,1.09089,1.08875,0.0021399999999998087,short,2025-03-12 04:35:00,1.09184,2025-03-12 04:45:00,2025-03-12 04:50:00,1.0908,1.09184,1.0887200000000001,0.0010399999999999299,False,extreme,2025-03-12 04:50:00,1.09184,stop,1,-1.0,0,0.0,-1.0,0.1730769230770011,1.1634615384615528
EURUSD,NY,2025-03-12,Wednesday,3,1.09089,1.08875,0.0021399999999998087,short,2025-03-12 04:50:00,1.09262,2025-03-12 06:35:00,2025-03-12 06:40:00,1.09056,1.09262,1.08644,0.0020599999999999508,False,extreme,2025-03-12 08:30:00,1.09262,stop,23,-1.0,0,0.0,-1.0,0.8737864077670228,1.1893203883495738
EURUSD,NY,2025-03-12,Wednesday,4,1.09089,1.08875,0.0021399999999998087,long,2025-03-12 08:50:00,1.08762,2025-03-12 09:10:00,2025-03-12 09:15:00,1.08932,1.08762,1.0927200000000001,0.0017000000000000348,False,extreme,2025-03-12 09:55:00,1.08762,stop,9,-1.0,0,0.0,-1.0,0.18823529411757023,1.0294117647059438
EURUSD,NY,2025-03-12,Wednesday,5,1.09089,1.08875,0.0021399999999998087,long,2025-03-12 09:35:00,1.08757,2025-03-12 10:15:00,2025-03-12 10:20:00,1.08899,1.08757,1.0918299999999999,0.0014199999999999768,False,extreme,2025-03-12 11:10:00,1.0918299999999999,target,11,2.0,0,0.0,2.0,2.028169014084536,0.3309859154929423
EURUSD,NY,2025-03-12,Wednesday,6,1.09089,1.08875,0.0021399999999998087,short,2025-03-12 10:55:00,1.0928,2025-03-12 12:45:00,2025-03-12 12:50:00,1.09082,1.0928,1.0868599999999997,0.001980000000000093,False,extreme,2025-03-12 23:55:00,1.08852,end_of_day,134,1.1616161616160914,0,0.0,1.1616161616160914,1.4393939393937696,0.30808080808079336
EURUSD,NY,2025-03-13,Thursday,1,1.08935,1.08599,0.0033600000000000296,long,2025-03-13 07:55:00,1.08447,2025-03-13 08:25:00,2025-03-13 08:30:00,1.08614,1.08447,1.0894800000000002,0.0016700000000000603,False,extreme,2025-03-13 08:40:00,1.08447,stop,3,-1.0,0,0.0,-1.0,0.8622754491016968,1.4491017964071864
EURUSD,NY,2025-03-13,Thursday,2,1.08935,1.08599,0.0033600000000000296,long,2025-03-13 08:30:00,1.08225,2025-03-13 10:05:00,2025-03-13 10:10:00,1.08605,1.08225,1.09365,0.0038000000000000256,False,extreme,2025-03-13 23:55:00,1.08456,end_of_day,166,-0.3921052631578898,0,0.0,-0.3921052631578898,0.46578947368422036,0.6894736842105392
EURUSD,NY,2025-03-14,Friday,1,1.08515,1.08307,0.002080000000000082,short,2025-03-14 04:20:00,1.08568,2025-03-14 04:40:00,2025-03-14 04:45:00,1.08502,1.08568,1.0837000000000003,0.0006599999999998829,False,extreme,2025-03-14 05:30:00,1.08568,stop,10,-1.0,0,0.0,-1.0,0.5303030303032342,1.1060606060606468
EURUSD,NY,2025-03-17,Monday,1,1.0894,1.08686,0.0025399999999999867,short,2025-03-17 05:40:00,1.08975,2025-03-17 05:50:00,2025-03-17 05:55:00,1.08938,1.08975,1.08864,0.00036999999999998145,False,extreme,2025-03-17 05:55:00,1.08975,stop,1,-1.0,0,0.0,-1.0,0.40540540540568115,1.8108108108107621
EURUSD,NY,2025-03-17,Monday,2,1.0894,1.08686,0.0025399999999999867,short,2025-03-17 05:55:00,1.09119,2025-03-17 08:35:00,2025-03-17 08:40:00,1.08923,1.09119,1.0853099999999996,0.001960000000000184,False,extreme,2025-03-17 10:25:00,1.09119,stop,22,-1.0,0,0.0,-1.0,0.24489795918355556,1.0102040816326057
EURUSD,NY,2025-03-18,Tuesday,1,1.09366,1.09036,0.0033000000000000806,short,2025-03-18 04:00:00,1.09547,2025-03-18 06:30:00,2025-03-18 06:35:00,1.09335,1.09547,1.0891100000000002,0.0021199999999998997,False,extreme,2025-03-18 23:55:00,1.09383,end_of_day,209,-0.22641509433965032,0,0.0,-0.22641509433965032,1.9339622641510312,0.867924528301958
EURUSD,NY,2025-03-19,Wednesday,1,1.09383,1.08732,0.006510000000000016,long,2025-03-19 13:15:00,1.08606,2025-03-19 14:00:00,2025-03-19 14:05:00,1.08923,1.08606,1.0955699999999997,0.003169999999999895,False,extreme,2025-03-19 23:55:00,1.09098,end_of_day,119,0.5520504731861824,0,0.0,0.5520504731861824,0.7981072555205764,0.3438485804415929
EURUSD,NY,2025-03-20,Thursday,1,1.09106,1.08647,0.004589999999999872,long,2025-03-20 05:00:00,1.08612,2025-03-20 05:05:00,2025-03-20 05:10:00,1.08668,1.08612,1.0878000000000003,0.000560000000000116,False,extreme,2025-03-20 05:10:00,1.08612,stop,1,-1.0,0,0.0,-1.0,0.125,1.7142857142854877
EURUSD,NY,2025-03-21,Friday,1,1.08418,1.08201,0.0021700000000000053,short,2025-03-21 07:10:00,1.08441,2025-03-21 07:15:00,2025-03-21 07:20:00,1.0838,1.08441,1.08258,0.0006099999999999994,False,extreme,2025-03-21 07:40:00,1.08441,stop,5,-1.0,0,0.0,-1.0,0.04918032786917469,1.065573770491505
EURUSD,NY,2025-03-21,Friday,2,1.08418,1.08201,0.0021700000000000053,short,2025-03-21 07:40:00,1.08613,2025-03-21 08:35:00,2025-03-21 08:40:00,1.08383,1.08613,1.0792300000000001,0.0022999999999999687,False,extreme,2025-03-21 16:55:00,1.08124,friday_close,100,1.1260869565217946,0,0.0,1.1260869565217946,1.782608695652195,0.3695652173913169
EURUSD,NY,2025-03-24,Monday,1,1.085,1.08171,0.003290000000000015,short,2025-03-24 04:20:00,1.08584,2025-03-24 04:30:00,2025-03-24 04:35:00,1.08437,1.08584,1.0814300000000003,0.0014699999999998603,False,extreme,2025-03-24 09:45:00,1.0814300000000003,target,63,2.0,0,0.0,2.0,2.496598639456062,0.761904761904841
EURUSD,NY,2025-03-24,Monday,2,1.085,1.08171,0.003290000000000015,long,2025-03-24 09:45:00,1.07904,2025-03-24 10:20:00,2025-03-24 10:25:00,1.08183,1.07904,1.0874100000000002,0.00279000000000007,False,extreme,2025-03-24 12:40:00,1.07904,stop,28,-1.0,0,0.0,-1.0,0.07168458781361037,1.311827956989213
EURUSD,NY,2025-03-25,Tuesday,1,1.0809,1.07852,0.0023800000000000487,long,2025-03-25 04:05:00,1.07771,2025-03-25 04:30:00,2025-03-25 04:35:00,1.07887,1.07771,1.08119,0.0011600000000000499,False,extreme,2025-03-25 06:10:00,1.08119,target,20,2.0,0,0.0,2.0,2.129310344827471,0.21551724137937306
EURUSD,NY,2025-03-25,Tuesday,2,1.0809,1.07852,0.0023800000000000487,short,2025-03-25 06:10:00,1.08302,2025-03-25 10:05:00,2025-03-25 10:10:00,1.08068,1.08302,1.076,0.0023400000000000087,False,extreme,2025-03-25 23:55:00,1.07862,end_of_day,166,0.8803418803419509,0,0.0,0.8803418803419509,1.2307692307692235,0.5769230769230587
EURUSD,NY,2025-03-26,Wednesday,1,1.07915,1.07779,0.0013600000000000279,short,2025-03-26 04:05:00,1.0794,2025-03-26 04:10:00,2025-03-26 04:15:00,1.07881,1.0794,1.0776300000000003,0.0005899999999998684,False,extreme,2025-03-26 04:45:00,1.0794,stop,7,-1.0,0,0.0,-1.0,0.44067796610204574,1.4576271186441572
EURUSD,NY,2025-03-26,Wednesday,2,1.07915,1.07779,0.0013600000000000279,short,2025-03-26 04:45:00,1.08028,2025-03-26 06:30:00,2025-03-26 06:35:00,1.07889,1.08028,1.07611,0.0013900000000000023,False,extreme,2025-03-26 13:20:00,1.07611,target,82,2.0,0,0.0,2.0,2.4316546762589444,0.6402877697842129
EURUSD,NY,2025-03-26,Wednesday,3,1.07915,1.07779,0.0013600000000000279,long,2025-03-26 13:15:00,1.0733,2025-03-26 22:30:00,2025-03-26 22:35:00,1.07795,1.07609,1.08167,0.0018599999999999728,True,swing,2025-03-26 23:55:00,1.07782,end_of_day,17,-0.06989247311826095,0,0.0,-0.06989247311826095,0.03763440860215888,0.3440860215053674
EURUSD,NY,2025-03-27,Thursday,1,1.0787,1.07541,0.003290000000000015,short,2025-03-27 07:00:00,1.07996,2025-03-27 07:25:00,2025-03-27 07:30:00,1.07845,1.07996,1.0754299999999997,0.0015100000000001224,False,extreme,2025-03-27 11:30:00,1.07996,stop,49,-1.0,0,0.0,-1.0,0.5298013245032099,1.9271523178807646
EURUSD,NY,2025-03-28,Friday,1,1.07999,1.07818,0.0018100000000000893,long,2025-03-28 04:20:00,1.07645,2025-03-28 08:45:00,2025-03-28 08:50:00,1.07828,1.07645,1.08194,0.0018299999999999983,False,extreme,2025-03-28 10:00:00,1.08194,target,15,2.0,0,0.0,2.0,2.0054644808743527,0.016393442622936894
EURUSD,NY,2025-03-31,Monday,1,1.08494,1.08208,0.0028600000000000847,long,2025-03-31 04:15:00,1.08117,2025-03-31 04:35:00,2025-03-31 04:40:00,1.0821,1.08117,1.0839600000000003,0.0009300000000000974,False,extreme,2025-03-31 06:05:00,1.08117,stop,18,-1.0,0,0.0,-1.0,1.0215053763439859,1.129032258064393
EURUSD,NY,2025-03-31,Monday,2,1.08494,1.08208,0.0028600000000000847,long,2025-03-31 05:45:00,1.08055,2025-03-31 07:00:00,2025-03-31 07:05:00,1.08237,1.08055,1.0860100000000004,0.0018200000000001548,False,extreme,2025-03-31 08:45:00,1.08055,stop,21,-1.0,0,0.0,-1.0,0.3076923076922232,1.049450549450503
EURUSD,NY,2025-03-31,Monday,3,1.08494,1.08208,0.0028600000000000847,long,2025-03-31 07:55:00,1.0784,2025-03-31 20:10:00,2025-03-31 20:15:00,1.08231,1.0784,1.0901300000000003,0.00391000000000008,False,extreme,2025-03-31 23:55:00,1.0827,end_of_day,45,0.09974424552426661,0,0.0,0.09974424552426661,0.1329923273656888,0.15856777493607474
EURUSD,NY,2025-04-01,Tuesday,1,1.08301,1.07991,0.0031000000000001027,long,2025-04-01 06:05:00,1.07903,2025-04-01 06:15:00,2025-04-01 06:20:00,1.07996,1.07903,1.0818200000000002,0.0009300000000000974,False,extreme,2025-04-01 07:20:00,1.07903,stop,13,-1.0,0,0.0,-1.0,0.9892473118278877,1.0322580645160981
EURUSD,NY,2025-04-01,Tuesday,2,1.08301,1.07991,0.0031000000000001027,long,2025-04-01 06:55:00,1.07783,2025-04-01 10:05:00,2025-04-01 10:10:00,1.08049,1.07783,1.0858099999999997,0.0026599999999998847,False,extreme,2025-04-01 23:55:00,1.07958,end_of_day,166,-0.3421052631578969,0,0.0,-0.3421052631578969,0.281954887218068,0.7406015037594409
EURUSD,NY,2025-04-02,Wednesday,1,1.07975,1.07802,0.0017300000000000093,short,2025-04-02 04:30:00,1.08018,2025-04-02 04:40:00,2025-04-02 04:45:00,1.07971,1.08018,1.07877,0.00046999999999997044,False,extreme,2025-04-02 05:00:00,1.08018,stop,4,-1.0,0,0.0,-1.0,0.14893617021280617,1.0638297872339924
EURUSD,NY,2025-04-02,Wednesday,2,1.07975,1.07802,0.0017300000000000093,short,2025-04-02 05:00:00,1.0803,2025-04-02 05:25:00,2025-04-02 05:30:00,1.07974,1.0803,1.0786199999999997,0.000560000000000116,False,extreme,2025-04-02 05:35:00,1.0803,stop,2,-1.0,0,0.0,-1.0,0.053571428571371926,1.017857142857256
EURUSD,NY,2025-04-02,Wednesday,3,1.07975,1.07802,0.0017300000000000093,short,2025-04-02 05:30:00,1.08083,2025-04-02 06:05:00,2025-04-02 06:10:00,1.07969,1.08083,1.0774100000000002,0.0011399999999999189,False,extreme,2025-04-02 08:25:00,1.08083,stop,28,-1.0,0,0.0,-1.0,0.9561403508772921,1.140350877192938
EURUSD,NY,2025-04-03,Thursday,1,1.09901,1.09057,0.008440000000000003,short,2025-04-03 04:20:00,1.09951,2025-04-03 04:25:00,2025-04-03 04:30:00,1.09885,1.09951,1.0975300000000003,0.0006599999999998829,False,extreme,2025-04-03 04:35:00,1.09951,stop,2,-1.0,0,0.0,-1.0,0.25757575757580853,3.2424242424245278
EURUSD,NY,2025-04-04,Friday,1,1.11078,1.09998,0.010800000000000143,long,2025-04-04 04:00:00,1.09753,2025-04-04 04:05:00,2025-04-04 04:10:00,1.10021,1.09753,1.10557,0.0026800000000000157,False,extreme,2025-04-04 05:05:00,1.09753,stop,12,-1.0,0,0.0,-1.0,0.2835820895522722,1.0559701492536835
EURUSD,NY,2025-04-04,Friday,2,1.11078,1.09998,0.010800000000000143,long,2025-04-04 04:50:00,1.09646,2025-04-04 06:15:00,2025-04-04 06:20:00,1.10032,1.09646,1.10804,0.0038599999999999746,False,extreme,2025-04-04 08:20:00,1.10804,target,25,2.0,0,0.0,2.0,2.059585492228025,0.049222797927438784
EURUSD,NY,2025-04-04,Friday,3,1.11078,1.09998,0.010800000000000143,long,2025-04-04 10:00:00,1.09882,2025-04-04 10:05:00,2025-04-04 10:10:00,1.10008,1.09882,1.1026,0.0012600000000000389,False,extreme,2025-04-04 10:20:00,1.09882,stop,3,-1.0,0,0.0,-1.0,1.103174603174571,1.1349206349206336
EURUSD,NY,2025-04-04,Friday,4,1.11078,1.09998,0.010800000000000143,long,2025-04-04 10:20:00,1.09601,2025-04-04 11:40:00,2025-04-04 11:45:00,1.09993,1.09601,1.1077700000000004,0.003920000000000146,False,extreme,2025-04-04 13:05:00,1.09601,stop,17,-1.0,0,0.0,-1.0,0.5229591836734206,1.3316326530611757
EURUSD,NY,2025-04-07,Monday,1,1.105,1.0948,0.010199999999999987,long,2025-04-07 07:20:00,1.09353,2025-04-07 07:45:00,2025-04-07 07:50:00,1.09506,1.09353,1.09812,0.0015300000000000313,False,extreme,2025-04-07 08:45:00,1.09812,target,12,2.0,0,0.0,2.0,2.3594771241830323,0.7254901960783802
EURUSD,NY,2025-04-07,Monday,2,1.105,1.0948,0.010199999999999987,long,2025-04-07 09:45:00,1.09355,2025-04-07 10:10:00,2025-04-07 10:15:00,1.09645,1.09355,1.1022499999999997,0.0028999999999999027,False,extreme,2025-04-07 10:35:00,1.09355,stop,5,-1.0,0,0.0,-1.0,0.21034482758621376,1.0310344827585953
EURUSD,NY,2025-04-07,Monday,3,1.105,1.0948,0.010199999999999987,long,2025-04-07 10:35:00,1.09004,2025-04-07 20:50:00,2025-04-07 20:55:00,1.09488,1.09004,1.1045600000000004,0.0048400000000001775,False,extreme,2025-04-07 23:55:00,1.09634,end_of_day,37,0.30165289256197586,0,0.0,0.30165289256197586,0.6487603305784722,0.22933884297523258
EURUSD,NY,2025-04-08,Tuesday,1,1.09918,1.09215,0.007030000000000092,long,2025-04-08 05:15:00,1.09111,2025-04-08 05:40:00,2025-04-08 05:45:00,1.09255,1.09111,1.0954299999999997,0.0014399999999998858,False,extreme,2025-04-08 08:10:00,1.0954299999999997,target,30,2.0,0,0.0,2.0,2.0625000000002602,0.8333333333333076
EURUSD,NY,2025-04-08,Tuesday,2,1.09918,1.09215,0.007030000000000092,long,2025-04-08 10:00:00,1.09171,2025-04-08 10:05:00,2025-04-08 10:10:00,1.09234,1.09171,1.0936000000000003,0.0006300000000001305,False,extreme,2025-04-08 10:10:00,1.09171,stop,1,-1.0,0,0.0,-1.0,0.0634920634917614,1.793650793650542
EURUSD,NY,2025-04-08,Tuesday,3,1.09918,1.09215,0.007030000000000092,long,2025-04-08 10:10:00,1.08883,2025-04-08 12:45:00,2025-04-08 12:50:00,1.09288,1.08883,1.1009800000000003,0.004050000000000109,False,extreme,2025-04-08 20:55:00,1.1009800000000003,target,98,2.0,0,0.0,2.0,2.1679012345678452,0.10123456790123714
EURUSD,NY,2025-04-09,Wednesday,1,1.10896,1.10093,0.008029999999999982,long,2025-04-09 04:00:00,1.09979,2025-04-09 04:05:00,2025-04-09 04:10:00,1.10106,1.09979,1.1035999999999997,0.0012699999999998823,False,extreme,2025-04-09 05:40:00,1.1035999999999997,target,19,2.0,0,0.0,2.0,2.0866141732285723,0.5039370078740419
EURUSD,NY,2025-04-09,Wednesday,2,1.10896,1.10093,0.008029999999999982,short,2025-04-09 08:35:00,1.10951,2025-04-09 08:40:00,2025-04-09 08:45:00,1.10798,1.10951,1.10492,0.0015300000000000313,False,extreme,2025-04-09 09:40:00,1.10492,target,12,2.0,0,0.0,2.0,2.137254901960665,0.13071895424834895
EURUSD,NY,2025-04-09,Wednesday,3,1.10896,1.10093,0.008029999999999982,long,2025-04-09 13:20:00,1.09459,2025-04-09 13:45:00,2025-04-09 13:50:00,1.10185,1.09459,1.11637,0.007260000000000044,False,extreme,2025-04-09 14:00:00,1.09459,stop,3,-1.0,0,0.0,-1.0,0.011019283746567427,1.0399449035812534
EURUSD,NY,2025-04-10,Thursday,1,1.10308,1.09626,0.006820000000000048,short,2025-04-10 04:20:00,1.10478,2025-04-10 04:40:00,2025-04-10 04:45:00,1.10289,1.10478,1.0991099999999996,0.0018900000000001693,False,extreme,2025-04-10 04:50:00,1.10478,stop,2,-1.0,0,0.0,-1.0,0.12698412698412512,1.005291005290922
EURUSD,NY,2025-04-11,Friday,1,1.13689,1.12469,0.012199999999999989,short,2025-04-11 04:00:00,1.14174,2025-04-11 04:05:00,2025-04-11 04:10:00,1.13537,1.14174,1.12263,0.006369999999999987,False,extreme,2025-04-11 04:35:00,1.14174,stop,6,-1.0,0,0.0,-1.0,0.07064364207222329,1.1067503924646807
EURUSD,NY,2025-04-11,Friday,2,1.13689,1.12469,0.012199999999999989,short,2025-04-11 04:10:00,1.14736,2025-04-11 06:00:00,2025-04-11 06:05:00,1.13578,1.14736,1.1126200000000002,0.011579999999999924,False,extreme,2025-04-11 16:55:00,1.13552,friday_close,131,0.02245250431778313,0,0.0,0.02245250431778313,0.7003454231433606,0.46891191709845265
EURUSD,NY,2025-04-14,Monday,1,1.14246,1.13529,0.007170000000000121,long,2025-04-14 08:55:00,1.1296,2025-04-14 10:30:00,2025-04-14 10:35:00,1.13608,1.1296,1.14904,0.006480000000000041,False,extreme,2025-04-14 23:55:00,1.13475,end_of_day,161,-0.20524691358025385,0,0.0,-0.20524691358025385,0.3256172839506239,0.6913580246913598
EURUSD,NY,2025-04-15,Tuesday,1,1.13679,1.13207,0.0047200000000000575,short,2025-04-15 04:00:00,1.13789,2025-04-15 04:05:00,2025-04-15 04:10:00,1.13647,1.13789,1.1336300000000001,0.0014199999999999768,False,extreme,2025-04-15 05:10:00,1.1336300000000001,target,13,2.0,0,0.0,2.0,2.225352112676129,0.5140845070421897
EURUSD,NY,2025-04-15,Tuesday,2,1.13679,1.13207,0.0047200000000000575,long,2025-04-15 07:35:00,1.13141,2025-04-15 07:40:00,2025-04-15 07:45:00,1.13212,1.13141,1.13354,0.0007099999999999884,False,extreme,2025-04-15 08:10:00,1.13354,target,6,2.0,0,0.0,2.0,2.0563380281690713,0.732394366197302
EURUSD,NY,2025-04-15,Tuesday,3,1.13679,1.13207,0.0047200000000000575,long,2025-04-15 08:55:00,1.13088,2025-04-15 09:05:00,2025-04-15 09:10:00,1.13218,1.13088,1.1347799999999997,0.0012999999999998568,False,extreme,2025-04-15 09:20:00,1.13088,stop,3,-1.0,0,0.0,-1.0,0.007692307692358933,1.2076923076924955
EURUSD,NY,2025-04-15,Tuesday,4,1.13679,1.13207,0.0047200000000000575,long,2025-04-15 09:10:00,1.13051,2025-04-15 09:45:00,2025-04-15 09:50:00,1.13255,1.13051,1.13663,0.0020400000000000418,False,extreme,2025-04-15 10:05:00,1.13051,stop,4,-1.0,0,0.0,-1.0,0.01960784313727411,1.3088235294117134
EURUSD,NY,2025-04-15,Tuesday,5,1.13679,1.13207,0.0047200000000000575,long,2025-04-15 09:50:00,1.12856,2025-04-15 10:45:00,2025-04-15 10:50:00,1.13244,1.12856,1.1401999999999997,0.0038799999999998835,False,extreme,2025-04-15 11:55:00,1.12856,stop,14,-1.0,0,0.0,-1.0,0.1314432989690788,1.0902061855670317
EURUSD,NY,2025-04-15,Tuesday,6,1.13679,1.13207,0.0047200000000000575,long,2025-04-15 11:05:00,1.12642,2025-04-15 21:00:00,2025-04-15 21:05:00,1.13219,1.12642,1.1437300000000001,0.005770000000000053,False,extreme,2025-04-15 23:55:00,1.13432,end_of_day,35,0.3691507798960045,0,0.0,0.3691507798960045,0.3708838821490487,0.06585788561525883
EURUSD,NY,2025-04-16,Wednesday,1,1.13921,1.13329,0.005920000000000147,short,2025-04-16 15:00:00,1.14128,2025-04-16 15:50:00,2025-04-16 15:55:00,1.13917,1.14128,1.13495,0.0021100000000000563,False,extreme,2025-04-16 23:55:00,1.13642,end_of_day,97,1.3033175355450033,0,0.0,1.3033175355450033,1.7298578199051344,0.8341232227487853
EURUSD,NY,2025-04-17,Thursday,1,1.1379,1.13434,0.0035600000000000076,short,2025-04-17 04:30:00,1.13886,2025-04-17 04:55:00,2025-04-17 05:00:00,1.13786,1.13886,1.1358600000000003,0.0009999999999998899,False,extreme,2025-04-17 06:55:00,1.1358600000000003,target,24,2.0,0,0.0,2.0,2.1100000000002885,0.2299999999999778
EURUSD,NY,2025-04-17,Thursday,2,1.1379,1.13434,0.0035600000000000076,long,2025-04-17 08:30:00,1.13401,2025-04-17 08:35:00,2025-04-17 08:40:00,1.13522,1.13401,1.1376399999999998,0.0012099999999999334,False,extreme,2025-04-17 08:55:00,1.13401,stop,4,-1.0,0,0.0,-1.0,0.595041322314127,1.0578512396694366
EURUSD,NY,2025-04-17,Thursday,3,1.1379,1.13434,0.0035600000000000076,short,2025-04-17 10:20:00,1.13858,2025-04-17 10:25:00,2025-04-17 10:30:00,1.13779,1.13858,1.1362100000000004,0.0007899999999998464,False,extreme,2025-04-17 10:50:00,1.1362100000000004,target,5,2.0,0,0.0,2.0,3.6835443037981443,0.24050632911386002
EURUSD,NY,2025-04-17,Thursday,4,1.1379,1.13434,0.0035600000000000076,long,2025-04-17 13:10:00,1.13424,2025-04-17 13:15:00,2025-04-17 13:20:00,1.13451,1.13424,1.13505,0.00026999999999999247,False,extreme,2025-04-17 13:25:00,1.13424,stop,2,-1.0,0,0.0,-1.0,1.0370370370372808,1.4814814814813597
EURUSD,NY,2025-04-17,Thursday,5,1.1379,1.13434,0.0035600000000000076,short,2025-04-17 20:25:00,1.13828,2025-04-17 20:30:00,2025-04-17 20:35:00,1.1379,1.13828,1.1371399999999998,0.00038000000000004697,False,extreme,2025-04-17 20:50:00,1.1371399999999998,target,4,2.0,8,0.2105263157894477,1.7894736842105523,4.447368421052001,0.7631578947370727
EURUSD,NY,2025-04-21,Monday,1,1.15676,1.1499,0.006860000000000088,short,2025-04-21 05:10:00,1.15732,2025-04-21 05:15:00,2025-04-21 05:20:00,1.15652,1.15732,1.1549200000000002,0.0007999999999999119,False,extreme,2025-04-21 05:20:00,1.15732,stop,1,-1.0,0,0.0,-1.0,0.0,1.0125000000000832
EURUSD,NY,2025-04-21,Monday,2,1.15676,1.1499,0.006860000000000088,short,2025-04-21 05:20:00,1.15733,2025-04-21 05:25:00,2025-04-21 05:30:00,1.15598,1.15733,1.15328,0.0013499999999999623,False,extreme,2025-04-21 06:25:00,1.15328,target,12,2.0,0,0.0,2.0,2.0,0.6888888888889803
EURUSD,NY,2025-04-21,Monday,3,1.15676,1.1499,0.006860000000000088,long,2025-04-21 10:40:00,1.14816,2025-04-21 11:35:00,2025-04-21 11:40:00,1.15013,1.14816,1.1540700000000002,0.0019700000000000273,False,extreme,2025-04-21 23:55:00,1.15347,end_of_day,148,1.6954314720811434,0,0.0,1.6954314720811434,1.9796954314719484,0.9746192893401611
EURUSD,NY,2025-04-22,Tuesday,1,1.15474,1.14835,0.006390000000000118,long,2025-04-22 08:05:00,1.14561,2025-04-22 10:40:00,2025-04-22 10:45:00,1.14857,1.14561,1.1544900000000002,0.0029600000000000737,False,extreme,2025-04-22 12:00:00,1.14561,stop,16,-1.0,0,0.0,-1.0,0.1824324324324228,1.209459459459476
EURUSD,NY,2025-04-23,Wednesday,1,1.14088,1.1371,0.0037799999999998946,short,2025-04-23 04:50:00,1.14399,2025-04-23 06:10:00,2025-04-23 06:15:00,1.14056,1.14399,1.1337,0.003430000000000044,False,extreme,2025-04-23 09:55:00,1.1337,target,45,2.0,0,0.0,2.0,2.116618075801735,0.41107871720113504
EURUSD,NY,2025-04-23,Wednesday,2,1.14088,1.1371,0.0037799999999998946,long,2025-04-23 09:45:00,1.13281,2025-04-23 10:45:00,2025-04-23 10:50:00,1.13751,1.13281,1.1469099999999999,0.0046999999999999265,False,extreme,2025-04-23 13:15:00,1.13281,stop,30,-1.0,0,0.0,-1.0,0.17659574468082964,1.004255319148964
EURUSD,NY,2025-04-24,Thursday,1,1.13805,1.13308,0.004969999999999919,short,2025-04-24 04:00:00,1.1393,2025-04-24 04:20:00,2025-04-24 04:25:00,1.13752,1.1393,1.1339600000000003,0.0017799999999998928,False,extreme,2025-04-24 06:05:00,1.1393,stop,21,-1.0,0,0.0,-1.0,0.6797752808990046,1.0955056179775358
EURUSD,NY,2025-04-24,Thursday,2,1.13805,1.13308,0.004969999999999919,short,2025-04-24 05:50:00,1.13947,2025-04-24 06:55:00,2025-04-24 07:00:00,1.13794,1.13947,1.1348799999999999,0.0015300000000000313,False,extreme,2025-04-24 11:40:00,1.1348799999999999,target,57,2.0,0,0.0,2.0,2.0849673202614123,0.7124183006536033
EURUSD,NY,2025-04-24,Thursday,3,1.13805,1.13308,0.004969999999999919,short,2025-04-24 15:15:00,1.13979,2025-04-24 19:15:00,2025-04-24 19:20:00,1.1379,1.13979,1.1341199999999996,0.0018900000000001693,False,extreme,2025-04-24 23:30:00,1.1341199999999996,target,51,2.0,0,0.0,2.0,2.15343915343897,0.0052910052910394795
EURUSD,NY,2025-04-25,Friday,1,1.13682,1.1316,0.005220000000000002,short,2025-04-25 10:25:00,1.13807,2025-04-25 11:00:00,2025-04-25 11:05:00,1.13663,1.13807,1.1337500000000003,0.0014399999999998858,False,extreme,2025-04-25 11:50:00,1.13807,stop,10,-1.0,0,0.0,-1.0,0.5833333333333461,1.111111111111231
EURUSD,NY,2025-04-25,Friday,2,1.13682,1.1316,0.005220000000000002,short,2025-04-25 11:30:00,1.13888,2025-04-25 13:20:00,2025-04-25 13:25:00,1.13654,1.13888,1.1318600000000005,0.0023399999999997867,False,extreme,2025-04-25 16:55:00,1.13595,friday_close,43,0.2521367521368138,0,0.0,0.2521367521368138,0.3547008547009334,0.7435897435897485
EURUSD,NY,2025-04-28,Monday,1,1.13808,1.13294,0.005139999999999922,short,2025-04-28 10:35:00,1.14138,2025-04-28 10:55:00,2025-04-28 11:00:00,1.13786,1.14138,1.1308200000000002,0.0035199999999999676,False,extreme,2025-04-28 12:55:00,1.14138,stop,24,-1.0,0,0.0,-1.0,0.21590909090911958,1.2443181818181446
EURUSD,NY,2025-04-29,Tuesday,1,1.14122,1.13742,0.0037999999999998035,long,2025-04-29 08:00:00,1.13702,2025-04-29 08:20:00,2025-04-29 08:25:00,1.1386,1.13702,1.1417600000000003,0.0015800000000001369,False,extreme,2025-04-29 12:25:00,1.1417600000000003,target,49,2.0,0,0.0,2.0,2.09493670886053,0.4430379746835977
EURUSD,NY,2025-04-29,Tuesday,2,1.14122,1.13742,0.0037999999999998035,short,2025-04-29 12:20:00,1.14191,2025-04-29 12:30:00,2025-04-29 12:35:00,1.14104,1.14191,1.1393000000000002,0.0008699999999999264,False,extreme,2025-04-29 13:10:00,1.1393000000000002,target,8,2.0,0,0.0,2.0,2.1724137931035714,0.758620689655102
EURUSD,NY,2025-04-29,Tuesday,3,1.14122,1.13742,0.0037999999999998035,long,2025-04-29 21:45:00,1.1355,2025-04-29 23:10:00,2025-04-29 23:15:00,1.13749,1.1355,1.1414699999999998,0.0019899999999999363,False,extreme,2025-04-29 23:55:00,1.13687,end_of_day,9,-0.31155778894465463,0,0.0,-0.31155778894465463,0.24623115577895335,0.4070351758793987
EURUSD,NY,2025-04-30,Wednesday,1,1.13996,1.13659,0.003370000000000095,long,2025-04-30 04:25:00,1.13623,2025-04-30 04:30:00,2025-04-30 04:35:00,1.13704,1.13623,1.13866,0.0008099999999999774,False,extreme,2025-04-30 05:55:00,1.13623,stop,17,-1.0,0,0.0,-1.0,1.1358024691358735,1.2469135802468934
EURUSD,NY,2025-04-30,Wednesday,2,1.13996,1.13659,0.003370000000000095,long,2025-04-30 05:50:00,1.13603,2025-04-30 06:10:00,2025-04-30 06:15:00,1.13685,1.13603,1.1384899999999996,0.0008199999999998209,False,extreme,2025-04-30 07:00:00,1.13603,stop,10,-1.0,0,0.0,-1.0,0.15853658536611454,1.5243902439027395
EURUSD,NY,2025-04-30,Wednesday,3,1.13996,1.13659,0.003370000000000095,long,2025-04-30 06:55:00,1.1356,2025-04-30 07:15:00,2025-04-30 07:20:00,1.13665,1.1356,1.13875,0.0010499999999999954,False,extreme,2025-04-30 08:45:00,1.13875,target,18,2.0,0,0.0,2.0,2.1238095238094896,0.20952380952370278
EURUSD,NY,2025-04-30,Wednesday,4,1.13996,1.13659,0.003370000000000095,long,2025-04-30 09:05:00,1.13616,2025-04-30 09:10:00,2025-04-30 09:15:00,1.13684,1.13616,1.1382,0.0006800000000000139,False,extreme,2025-04-30 09:20:00,1.13616,stop,2,-1.0,0,0.0,-1.0,0.5147058823527106,1.0147058823530373
EURUSD,NY,2025-04-30,Wednesday,5,1.13996,1.13659,0.003370000000000095,long,2025-04-30 09:20:00,1.13615,2025-04-30 09:30:00,2025-04-30 09:35:00,1.13688,1.13615,1.1383399999999997,0.0007299999999998974,False,extreme,2025-04-30 10:00:00,1.13615,stop,6,-1.0,0,0.0,-1.0,1.205479452055257,2.109589041096015
EURUSD,NY,2025-04-30,Wednesday,6,1.13996,1.13659,0.003370000000000095,long,2025-04-30 10:00:00,1.13498,2025-04-30 10:55:00,2025-04-30 11:00:00,1.1367,1.13498,1.14014,0.0017199999999999438,False,extreme,2025-04-30 11:20:00,1.13498,stop,5,-1.0,0,0.0,-1.0,0.47093023255814176,1.5348837209302686
EURUSD,NY,2025-05-01,Thursday,1,1.13145,1.12876,0.002690000000000081,short,2025-05-01 04:00:00,1.1331,2025-05-01 05:55:00,2025-05-01 06:00:00,1.13144,1.1331,1.12812,0.0016599999999999948,False,extreme,2025-05-01 06:50:00,1.1331,stop,11,-1.0,0,0.0,-1.0,0.14457831325302334,1.0421686746988041
EURUSD,NY,2025-05-01,Thursday,2,1.13145,1.12876,0.002690000000000081,short,2025-05-01 06:00:00,1.13411,2025-05-01 08:10:00,2025-05-01 08:15:00,1.13141,1.13411,1.1260100000000002,0.0026999999999999247,False,extreme,2025-05-01 23:55:00,1.13128,end_of_day,189,0.048148148148135964,0,0.0,0.048148148148135964,1.7851851851852523,0.925925925925932
EURUSD,NY,2025-05-02,Friday,1,1.13379,1.13012,0.003670000000000062,short,2025-05-02 05:30:00,1.13551,2025-05-02 06:30:00,2025-05-02 06:35:00,1.13378,1.13551,1.13032,0.0017300000000000093,False,extreme,2025-05-02 09:25:00,1.13551,stop,35,-1.0,0,0.0,-1.0,1.9132947976878072,1.1445086705202787
EURUSD,NY,2025-05-02,Friday,2,1.13379,1.13012,0.003670000000000062,short,2025-05-02 09:20:00,1.1381,2025-05-02 11:25:00,2025-05-02 11:30:00,1.13373,1.1381,1.12499,0.004369999999999985,False,extreme,2025-05-02 16:55:00,1.12994,friday_close,66,0.8672768878718474,0,0.0,0.8672768878718474,1.0228832951945055,0.10068649885583465
EURUSD,NY,2025-05-05,Monday,1,1.13475,1.13132,0.003429999999999822,short,2025-05-05 07:05:00,1.13577,2025-05-05 07:30:00,2025-05-05 07:35:00,1.13431,1.13577,1.13139,0.0014600000000000168,False,extreme,2025-05-05 08:20:00,1.13577,stop,10,-1.0,0,0.0,-1.0,0.20547945205476953,1.0
EURUSD,NY,2025-05-05,Monday,2,1.13475,1.13132,0.003429999999999822,short,2025-05-05 08:20:00,1.13649,2025-05-05 10:00:00,2025-05-05 10:05:00,1.13458,1.13649,1.1307599999999998,0.0019100000000000783,False,extreme,2025-05-05 12:05:00,1.1307599999999998,target,25,2.0,0,0.0,2.0,2.403141361256379,0.37172774869107816
EURUSD,NY,2025-05-05,Monday,3,1.13475,1.13132,0.003429999999999822,long,2025-05-05 12:00:00,1.12973,2025-05-05 15:00:00,2025-05-05 15:05:00,1.13133,1.12973,1.13453,0.0016000000000000458,False,extreme,2025-05-05 20:15:00,1.12973,stop,63,-1.0,0,0.0,-1.0,0.4812500000000859,1.4562499999999228
EURUSD,NY,2025-05-05,Monday,4,1.13475,1.13132,0.003429999999999822,long,2025-05-05 19:55:00,1.128,2025-05-05 22:25:00,2025-05-05 22:30:00,1.13132,1.128,1.1379600000000005,0.0033200000000002117,False,extreme,2025-05-05 23:55:00,1.13151,end_of_day,18,0.05722891566262059,0,0.0,0.05722891566262059,0.1265060240963368,0.2891566265060273
EURUSD,NY,2025-05-06,Tuesday,1,1.1348,1.13135,0.003449999999999953,short,2025-05-06 04:15:00,1.13497,2025-05-06 04:20:00,2025-05-06 04:25:00,1.13451,1.13497,1.1335899999999997,0.000460000000000127,False,extreme,2025-05-06 04:30:00,1.1335899999999997,target,2,2.0,0,0.0,2.0,2.5217391304337125,0.4565217391304033
EURUSD,NY,2025-05-06,Tuesday,2,1.1348,1.13135,0.003449999999999953,long,2025-05-06 05:50:00,1.13054,2025-05-06 06:00:00,2025-05-06 06:05:00,1.13167,1.13054,1.1339299999999997,0.0011299999999998533,False,extreme,2025-05-06 08:30:00,1.1339299999999997,target,30,2.0,0,0.0,2.0,2.035398230088732,0.3982300884956813
EURUSD,NY,2025-05-06,Tuesday,3,1.1348,1.13135,0.003449999999999953,short,2025-05-06 09:45:00,1.13576,2025-05-06 10:00:00,2025-05-06 10:05:00,1.13437,1.13576,1.13159,0.0013900000000000023,False,extreme,2025-05-06 10:15:00,1.13576,stop,3,-1.0,0,0.0,-1.0,0.007194244604363666,1.8848920863308203
EURUSD,NY,2025-05-06,Tuesday,4,1.1348,1.13135,0.003449999999999953,short,2025-05-06 10:20:00,1.13541,2025-05-06 10:25:00,2025-05-06 10:30:00,1.1346,1.13541,1.13298,0.0008099999999999774,False,extreme,2025-05-06 10:30:00,1.13541,stop,1,-1.0,0,0.0,-1.0,0.07407407407401316,1.358024691357913
EURUSD,NY,2025-05-06,Tuesday,5,1.1348,1.13135,0.003449999999999953,short,2025-05-06 10:30:00,1.13625,2025-05-06 10:50:00,2025-05-06 10:55:00,1.13429,1.13625,1.13037,0.0019599999999999618,False,extreme,2025-05-06 13:05:00,1.13625,stop,27,-1.0,0,0.0,-1.0,0.6173469387754882,1.0765306122449476
EURUSD,NY,2025-05-06,Tuesday,6,1.1348,1.13135,0.003449999999999953,short,2025-05-06 12:50:00,1.13812,2025-05-06 18:05:00,2025-05-06 18:10:00,1.13368,1.13812,1.1248,0.0044399999999999995,False,extreme,2025-05-06 23:55:00,1.1346,end_of_day,70,-0.20720720720721442,0,0.0,-0.20720720720721442,0.25675675675673854,0.33558558558558366
EURUSD,NY,2025-05-07,Wednesday,1,1.13782,1.13429,0.003530000000000033,long,2025-05-07 12:00:00,1.1337,2025-05-07 12:20:00,2025-05-07 12:25:00,1.13459,1.1337,1.13637,0.0008900000000000574,False,extreme,2025-05-07 13:30:00,1.1337,stop,14,-1.0,0,0.0,-1.0,0.932584269662983,1.0786516853932697
EURUSD,NY,2025-05-07,Wednesday,2,1.13782,1.13429,0.003530000000000033,long,2025-05-07 13:15:00,1.13363,2025-05-07 13:35:00,2025-05-07 13:40:00,1.13458,1.13363,1.13648,0.0009500000000000064,False,extreme,2025-05-07 13:45:00,1.13363,stop,2,-1.0,0,0.0,-1.0,0.010526315789542573,1.1473684210524273
EURUSD,NY,2025-05-07,Wednesday,3,1.13782,1.13429,0.003530000000000033,long,2025-05-07 13:40:00,1.13349,2025-05-07 14:00:00,2025-05-07 14:05:00,1.13501,1.13349,1.13805,0.0015199999999999658,False,extreme,2025-05-07 14:40:00,1.13349,stop,8,-1.0,0,0.0,-1.0,0.9868421052630714,1.09868421052638
EURUSD,NY,2025-05-09,Friday,1,1.12584,1.12185,0.003989999999999938,short,2025-05-09 09:05:00,1.1267,2025-05-09 09:20:00,2025-05-09 09:25:00,1.12582,1.1267,1.12406,0.0008799999999999919,False,extreme,2025-05-09 09:45:00,1.1267,stop,5,-1.0,0,0.0,-1.0,0.06818181818176083,1.0681818181817608
EURUSD,NY,2025-05-09,Friday,2,1.12584,1.12185,0.003989999999999938,short,2025-05-09 09:25:00,1.12929,2025-05-09 13:00:00,2025-05-09 13:05:00,1.1257,1.12929,1.11852,0.003589999999999982,False,extreme,2025-05-09 16:55:00,1.12497,friday_close,47,0.20334261838437354,0,0.0,0.20334261838437354,0.27019498607240117,0.2618384401114673
EURUSD,NY,2025-05-12,Monday,1,1.12358,1.10977,0.0138100000000001,long,2025-05-12 04:10:00,1.10826,2025-05-12 04:20:00,2025-05-12 04:25:00,1.1113,1.10826,1.1173799999999998,0.0030399999999999316,False,extreme,2025-05-12 06:35:00,1.10826,stop,27,-1.0,0,0.0,-1.0,1.0625000000000457,1.0328947368421024
EURUSD,NY,2025-05-12,Monday,2,1.12358,1.10977,0.0138100000000001,long,2025-05-12 06:15:00,1.10721,2025-05-12 07:15:00,2025-05-12 07:20:00,1.10986,1.10721,1.1151600000000002,0.002650000000000041,False,extreme,2025-05-12 14:05:00,1.10721,stop,82,-1.0,0,0.0,-1.0,1.3547169811320476,1.0905660377358544
EURUSD,NY,2025-05-12,Monday,3,1.12358,1.10977,0.0138100000000001,long,2025-05-12 12:45:00,1.10655,2025-05-12 19:40:00,2025-05-12 19:45:00,1.10977,1.10655,1.11621,0.0032200000000000006,False,extreme,2025-05-12 23:55:00,1.11165,end_of_day,51,0.5838509316770507,0,0.0,0.5838509316770507,0.5993788819875736,0.1211180124223262
EURUSD,NY,2025-05-13,Tuesday,1,1.11245,1.11016,0.0022899999999999032,long,2025-05-13 06:05:00,1.1097,2025-05-13 06:20:00,2025-05-13 06:25:00,1.11056,1.1097,1.1122800000000002,0.0008600000000000829,False,extreme,2025-05-13 08:30:00,1.1122800000000002,target,26,2.0,0,0.0,2.0,2.825581395348486,0.8372093023255633
EURUSD,NY,2025-05-13,Tuesday,2,1.11245,1.11016,0.0022899999999999032,short,2025-05-13 08:40:00,1.11313,2025-05-13 08:50:00,2025-05-13 08:55:00,1.11242,1.11313,1.111,0.0007099999999999884,False,extreme,2025-05-13 09:00:00,1.11313,stop,2,-1.0,0,0.0,-1.0,0.0,1.6197183098591594
EURUSD,NY,2025-05-14,Wednesday,1,1.12167,1.11802,0.003649999999999931,short,2025-05-14 04:00:00,1.12659,2025-05-14 07:15:00,2025-05-14 07:20:00,1.12159,1.12659,1.1115900000000003,0.004999999999999893,False,extreme,2025-05-14 23:55:00,1.11968,end_of_day,200,0.3820000000000238,0,0.0,0.3820000000000238,1.0260000000000375,0.39200000000000074
EURUSD,NY,2025-05-15,Thursday,1,1.1228,1.11855,0.004250000000000087,long,2025-05-15 07:30:00,1.11795,2025-05-15 07:35:00,2025-05-15 07:40:00,1.11856,1.11795,1.11978,0.0006099999999999994,False,extreme,2025-05-15 08:30:00,1.11978,target,11,2.0,0,0.0,2.0,4.377049180327791,0.7213114754098301
EURUSD,NY,2025-05-15,Thursday,2,1.1228,1.11855,0.004250000000000087,long,2025-05-15 10:35:00,1.11758,2025-05-15 10:45:00,2025-05-15 10:50:00,1.11856,1.11758,1.12052,0.0009799999999999809,False,extreme,2025-05-15 11:40:00,1.11758,stop,11,-1.0,0,0.0,-1.0,1.1632653061223888,1.2959183673470707
EURUSD,NY,2025-05-15,Thursday,3,1.1228,1.11855,0.004250000000000087,long,2025-05-15 11:20:00,1.11729,2025-05-15 11:55:00,2025-05-15 12:00:00,1.1188,1.11729,1.1218200000000003,0.0015100000000001224,False,extreme,2025-05-15 12:55:00,1.11729,stop,12,-1.0,0,0.0,-1.0,0.17880794701984806,1.0132450331125213
EURUSD,NY,2025-05-15,Thursday,4,1.1228,1.11855,0.004250000000000087,long,2025-05-15 12:05:00,1.11704,2025-05-15 16:00:00,2025-05-15 16:05:00,1.11861,1.11704,1.1217500000000002,0.0015700000000000713,False,extreme,2025-05-15 23:55:00,1.12005,end_of_day,95,0.9171974522291849,0,0.0,0.9171974522291849,1.4394904458597617,0.42675159235677707
EURUSD,NY,2025-05-16,Friday,1,1.12197,1.11964,0.0023299999999999432,long,2025-05-16 05:55:00,1.11882,2025-05-16 06:45:00,2025-05-16 06:50:00,1.11966,1.11882,1.1213400000000004,0.0008400000000001739,False,extreme,2025-05-16 09:35:00,1.11882,stop,34,-1.0,0,0.0,-1.0,1.38095238095189,1.0
EURUSD,NY,2025-05-16,Friday,2,1.12197,1.11964,0.0023299999999999432,long,2025-05-16 09:25:00,1.11882,2025-05-16 09:40:00,2025-05-16 09:45:00,1.11969,1.11882,1.1214300000000004,0.0008700000000001484,False,extreme,2025-05-16 10:00:00,1.11882,stop,4,-1.0,0,0.0,-1.0,1.0229885057467627,1.586206896551636
EURUSD,NY,2025-05-19,Monday,1,1.1245,1.11765,0.006850000000000023,short,2025-05-19 04:05:00,1.12509,2025-05-19 04:35:00,2025-05-19 04:40:00,1.12431,1.12509,1.12275,0.0007800000000000029,False,extreme,2025-05-19 04:50:00,1.12509,stop,3,-1.0,0,0.0,-1.0,0.3461538461538352,1.794871794871875
EURUSD,NY,2025-05-19,Monday,2,1.1245,1.11765,0.006850000000000023,short,2025-05-19 04:45:00,1.12884,2025-05-19 10:00:00,2025-05-19 10:05:00,1.12433,1.12884,1.11531,0.004510000000000014,False,extreme,2025-05-19 23:55:00,1.12451,end_of_day,167,-0.03991130820395707,0,0.0,-0.03991130820395707,0.5587583148558913,0.3680709534368048
EURUSD,NY,2025-05-20,Tuesday,1,1.12778,1.12404,0.0037400000000000766,long,2025-05-20 08:10:00,1.12238,2025-05-20 09:45:00,2025-05-20 09:50:00,1.12434,1.12238,1.1282599999999998,0.0019599999999999618,False,extreme,2025-05-20 15:45:00,1.1282599999999998,target,72,2.0,0,0.0,2.0,2.0000000000001132,0.0
EURUSD,NY,2025-05-21,Wednesday,1,1.13532,1.13143,0.003890000000000171,short,2025-05-21 06:20:00,1.1362,2025-05-21 06:40:00,2025-05-21 06:45:00,1.13524,1.1362,1.1333199999999999,0.0009600000000000719,False,extreme,2025-05-21 07:35:00,1.1333199999999999,target,11,2.0,0,0.0,2.0,2.281249999999971,0.010416666666734128
EURUSD,NY,2025-05-21,Wednesday,2,1.13532,1.13143,0.003890000000000171,short,2025-05-21 13:20:00,1.13629,2025-05-21 13:30:00,2025-05-21 13:35:00,1.13449,1.13629,1.13089,0.0018000000000000238,False,extreme,2025-05-21 23:55:00,1.13332,end_of_day,125,0.6499999999999322,0,0.0,0.6499999999999322,1.8722222222222502,0.22777777777778668
EURUSD,NY,2025-05-22,Thursday,1,1.13421,1.12953,0.0046800000000000175,long,2025-05-22 05:25:00,1.1291,2025-05-22 05:35:00,2025-05-22 05:40:00,1.12975,1.1291,1.13105,0.0006500000000000394,False,extreme,2025-05-22 06:00:00,1.1291,stop,5,-1.0,0,0.0,-1.0,0.9230769230767654,1.046153846153804
EURUSD,NY,2025-05-22,Thursday,2,1.13421,1.12953,0.0046800000000000175,long,2025-05-22 05:55:00,1.12903,2025-05-22 06:10:00,2025-05-22 06:15:00,1.12959,1.12903,1.1307100000000003,0.000560000000000116,False,extreme,2025-05-22 07:25:00,1.1307100000000003,target,15,2.0,0,0.0,2.0,2.3392857142850914,0.8392857142858842
EURUSD,NY,2025-05-22,Thursday,3,1.13421,1.12953,0.0046800000000000175,long,2025-05-22 08:35:00,1.1285,2025-05-22 09:00:00,2025-05-22 09:05:00,1.13061,1.1285,1.1348299999999996,0.0021099999999998342,False,extreme,2025-05-22 09:45:00,1.1285,stop,9,-1.0,0,0.0,-1.0,0.1374407582939082,1.0047393364929225
EURUSD,NY,2025-05-22,Thursday,4,1.13421,1.12953,0.0046800000000000175,long,2025-05-22 09:45:00,1.12815,2025-05-22 10:05:00,2025-05-22 10:10:00,1.12973,1.12815,1.1328899999999997,0.0015799999999999148,False,extreme,2025-05-22 10:50:00,1.12815,stop,9,-1.0,0,0.0,-1.0,0.018987341772277313,1.386075949367109
EURUSD,NY,2025-05-22,Thursday,5,1.13421,1.12953,0.0046800000000000175,long,2025-05-22 10:10:00,1.12559,2025-05-22 20:45:00,2025-05-22 20:50:00,1.12964,1.12559,1.1377399999999998,0.004049999999999887,False,extreme,2025-05-22 23:55:00,1.13116,end_of_day,38,0.37530864197531066,0,0.0,0.37530864197531066,0.5555555555555921,0.05679012345677997
EURUSD,NY,2025-05-23,Friday,1,1.13442,1.13079,0.003630000000000022,short,2025-05-23 05:00:00,1.13578,2025-05-23 07:10:00,2025-05-23 07:15:00,1.13419,1.13578,1.13101,0.0015899999999999803,False,extreme,2025-05-23 07:20:00,1.13578,stop,2,-1.0,0,0.0,-1.0,0.056603773584858234,1.90566037735843
EURUSD,NY,2025-05-23,Friday,2,1.13442,1.13079,0.003630000000000022,short,2025-05-23 07:15:00,1.13755,2025-05-23 07:40:00,2025-05-23 07:45:00,1.1334,1.13755,1.1250999999999998,0.004150000000000098,False,extreme,2025-05-23 16:55:00,1.1364,friday_close,111,-0.7228915662650706,0,0.0,-0.7228915662650706,0.8771084337348867,0.8530120481927747
EURUSD,NY,2025-05-26,Monday,1,1.14185,1.13886,0.002990000000000048,long,2025-05-26 04:20:00,1.13838,2025-05-26 04:25:00,2025-05-26 04:30:00,1.13897,1.13838,1.1401500000000002,0.0005900000000000905,False,extreme,2025-05-26 04:55:00,1.13838,stop,6,-1.0,0,0.0,-1.0,0.7627118644067669,1.1186440677966165
EURUSD,NY,2025-05-26,Monday,2,1.14185,1.13886,0.002990000000000048,long,2025-05-26 04:45:00,1.1369,2025-05-26 18:00:00,2025-05-26 18:05:00,1.13934,1.1369,1.14422,0.0024399999999999977,False,extreme,2025-05-26 23:55:00,1.13938,end_of_day,71,0.01639344262296723,0,0.0,0.01639344262296723,0.5696721311475424,0.2581967213114381
EURUSD,NY,2025-05-27,Tuesday,1,1.1398,1.13373,0.00607000000000002,long,2025-05-27 11:05:00,1.13263,2025-05-27 11:25:00,2025-05-27 11:30:00,1.13383,1.13263,1.1362299999999996,0.0011999999999998678,False,extreme,2025-05-27 11:55:00,1.13263,stop,6,-1.0,0,0.0,-1.0,0.0,1.25
EURUSD,NY,2025-05-27,Tuesday,2,1.1398,1.13373,0.00607000000000002,long,2025-05-27 11:30:00,1.13233,2025-05-27 14:50:00,2025-05-27 14:55:00,1.13374,1.13233,1.1365599999999998,0.0014099999999999113,False,extreme,2025-05-27 17:10:00,1.13233,stop,28,-1.0,0,0.0,-1.0,0.09929078014187077,1.0
EURUSD,NY,2025-05-27,Tuesday,3,1.1398,1.13373,0.00607000000000002,long,2025-05-27 15:50:00,1.13225,2025-05-27 19:35:00,2025-05-27 19:40:00,1.13374,1.13225,1.13672,0.0014899999999999913,False,extreme,2025-05-27 21:05:00,1.13225,stop,18,-1.0,0,0.0,-1.0,0.5167785234898938,1.3154362416107201
EURUSD,NY,2025-05-27,Tuesday,4,1.1398,1.13373,0.00607000000000002,long,2025-05-27 20:50:00,1.13174,2025-05-27 21:20:00,2025-05-27 21:25:00,1.13382,1.13174,1.1379800000000002,0.002080000000000082,False,extreme,2025-05-27 21:45:00,1.13174,stop,5,-1.0,0,0.0,-1.0,0.004807692307616862,1.0
EURUSD,NY,2025-05-28,Wednesday,1,1.13312,1.12956,0.0035600000000000076,short,2025-05-28 04:00:00,1.13344,2025-05-28 04:05:00,2025-05-28 04:10:00,1.13284,1.13344,1.1316400000000002,0.0005999999999999339,False,extreme,2025-05-28 05:00:00,1.13344,stop,11,-1.0,0,0.0,-1.0,1.700000000000222,1.2833333333333703
EURUSD,NY,2025-05-28,Wednesday,2,1.13312,1.12956,0.0035600000000000076,short,2025-05-28 04:55:00,1.13361,2025-05-28 05:05:00,2025-05-28 05:10:00,1.13287,1.13361,1.1313900000000001,0.0007399999999999629,False,extreme,2025-05-28 05:15:00,1.13361,stop,2,-1.0,0,0.0,-1.0,0.06756756756771354,1.2162162162161432
EURUSD,NY,2025-05-28,Wednesday,3,1.13312,1.12956,0.0035600000000000076,short,2025-05-28 05:10:00,1.13407,2025-05-28 06:45:00,2025-05-28 06:50:00,1.13278,1.13407,1.1301999999999999,0.0012900000000000134,False,extreme,2025-05-28 09:10:00,1.1301999999999999,target,29,2.0,0,0.0,2.0,2.3410852713176507,0.36434108527146325
EURUSD,NY,2025-05-28,Wednesday,4,1.13312,1.12956,0.0035600000000000076,long,2025-05-28 11:15:00,1.12874,2025-05-28 11:25:00,2025-05-28 11:30:00,1.12957,1.12874,1.1312299999999997,0.0008299999999998864,False,extreme,2025-05-28 11:35:00,1.12874,stop,2,-1.0,0,0.0,-1.0,0.09638554216878428,1.060240963855557
EURUSD,NY,2025-05-28,Wednesday,5,1.13312,1.12956,0.0035600000000000076,long,2025-05-28 11:30:00,1.12839,2025-05-28 12:15:00,2025-05-28 12:20:00,1.12968,1.12839,1.13226,0.0012900000000000134,False,extreme,2025-05-28 19:05:00,1.12839,stop,82,-1.0,0,0.0,-1.0,0.3100775193798076,1.0
EURUSD,NY,2025-05-29,Thursday,1,1.12828,1.12311,0.005169999999999897,short,2025-05-29 06:10:00,1.12915,2025-05-29 07:15:00,2025-05-29 07:20:00,1.12802,1.12915,1.1257599999999999,0.0011300000000000754,False,extreme,2025-05-29 08:15:00,1.12915,stop,12,-1.0,0,0.0,-1.0,1.0796460176990421,1.424778761061754
EURUSD,NY,2025-05-30,Friday,1,1.13547,1.13279,0.0026800000000000157,long,2025-05-30 04:55:00,1.13232,2025-05-30 05:00:00,2025-05-30 05:05:00,1.13297,1.13232,1.1342700000000001,0.0006500000000000394,False,extreme,2025-05-30 08:05:00,1.1342700000000001,target,37,2.0,0,0.0,2.0,2.599999999999795,0.9846153846152847
EURUSD,NY,2025-05-30,Friday,2,1.13547,1.13279,0.0026800000000000157,short,2025-05-30 08:35:00,1.13587,2025-05-30 08:45:00,2025-05-30 08:50:00,1.13429,1.13587,1.1311300000000002,0.0015799999999999148,False,extreme,2025-05-30 13:15:00,1.13587,stop,54,-1.0,0,0.0,-1.0,1.9113924050634086,1.310126582278562
EURUSD,NY,2025-05-30,Friday,3,1.13547,1.13279,0.0026800000000000157,short,2025-05-30 13:10:00,1.13672,2025-05-30 15:30:00,2025-05-30 15:35:00,1.13533,1.13672,1.13255,0.0013900000000000023,False,extreme,2025-05-30 16:55:00,1.13478,friday_close,17,0.3956834532374457,0,0.0,0.3956834532374457,0.5971223021581906,0.24460431654676718
EURUSD,NY,2025-06-02,Monday,1,1.14369,1.13601,0.007680000000000131,short,2025-06-02 10:05:00,1.14498,2025-06-02 10:55:00,2025-06-02 11:00:00,1.14349,1.14498,1.1405099999999995,0.0014900000000002134,False,extreme,2025-06-02 19:15:00,1.14498,stop,100,-1.0,0,0.0,-1.0,1.5503355704694506,1.1140939597313806
EURUSD,NY,2025-06-02,Monday,2,1.14369,1.13601,0.007680000000000131,short,2025-06-02 17:50:00,1.14547,2025-06-02 21:00:00,2025-06-02 21:05:00,1.14365,1.14547,1.1400100000000002,0.0018199999999999328,False,extreme,2025-06-02 23:55:00,1.14199,end_of_day,35,0.9120879120879429,0,0.0,0.9120879120879429,1.1208791208791853,0.11538461538464354
EURUSD,NY,2025-06-03,Tuesday,1,1.14325,1.14121,0.0020400000000000418,long,2025-06-03 04:05:00,1.14056,2025-06-03 04:30:00,2025-06-03 04:35:00,1.14147,1.14056,1.14329,0.0009099999999999664,False,extreme,2025-06-03 05:00:00,1.14056,stop,6,-1.0,0,0.0,-1.0,0.29670329670329937,1.3956043956043178
EURUSD,NY,2025-06-03,Tuesday,2,1.14325,1.14121,0.0020400000000000418,long,2025-06-03 04:55:00,1.14017,2025-06-03 05:10:00,2025-06-03 05:15:00,1.14127,1.14017,1.1434700000000002,0.001100000000000101,False,extreme,2025-06-03 06:20:00,1.14017,stop,14,-1.0,0,0.0,-1.0,0.5,1.0272727272727016
EURUSD,NY,2025-06-04,Wednesday,1,1.13969,1.1357,0.00399000000000016,short,2025-06-04 04:35:00,1.1404,2025-06-04 05:00:00,2025-06-04 05:05:00,1.13966,1.1404,1.1381799999999995,0.000740000000000185,False,extreme,2025-06-04 05:45:00,1.1381799999999995,target,9,2.0,0,0.0,2.0,2.027027027026297,0.0540540540540946
EURUSD,NY,2025-06-04,Wednesday,2,1.13969,1.1357,0.00399000000000016,short,2025-06-04 08:15:00,1.141,2025-06-04 08:30:00,2025-06-04 08:35:00,1.13958,1.141,1.13674,0.0014199999999999768,False,extreme,2025-06-04 08:45:00,1.141,stop,3,-1.0,0,0.0,-1.0,0.021126760563362663,1.007042253521173
EURUSD,NY,2025-06-05,Thursday,1,1.14251,1.14046,0.0020499999999998852,short,2025-06-05 06:15:00,1.14328,2025-06-05 06:45:00,2025-06-05 06:50:00,1.14211,1.14328,1.1397699999999997,0.0011700000000001154,False,extreme,2025-06-05 08:15:00,1.14328,stop,18,-1.0,0,0.0,-1.0,0.6581196581195398,1.1709401709401352
EURUSD,NY,2025-06-05,Thursday,2,1.14251,1.14046,0.0020499999999998852,short,2025-06-05 08:15:00,1.1449,2025-06-05 09:00:00,2025-06-05 09:05:00,1.14236,1.1449,1.13728,0.0025399999999999867,False,extreme,2025-06-05 09:10:00,1.1449,stop,2,-1.0,0,0.0,-1.0,0.003937007874041561,1.5669291338582256
EURUSD,NY,2025-06-06,Friday,1,1.14425,1.14214,0.0021100000000000563,long,2025-06-06 04:45:00,1.14111,2025-06-06 06:30:00,2025-06-06 06:35:00,1.14218,1.14111,1.1443199999999998,0.0010699999999999044,False,extreme,2025-06-06 08:05:00,1.14111,stop,19,-1.0,0,0.0,-1.0,0.6728971962617928,1.0280373831775487
EURUSD,NY,2025-06-09,Monday,1,1.14298,1.14111,0.0018700000000000383,short,2025-06-09 04:35:00,1.14363,2025-06-09 04:55:00,2025-06-09 05:00:00,1.14284,1.14363,1.1412600000000004,0.0007899999999998464,False,extreme,2025-06-09 05:10:00,1.14363,stop,3,-1.0,0,0.0,-1.0,0.12658227848102332,1.2405063291141412
EURUSD,NY,2025-06-09,Monday,2,1.14298,1.14111,0.0018700000000000383,short,2025-06-09 05:00:00,1.14393,2025-06-09 05:55:00,2025-06-09 06:00:00,1.14261,1.14393,1.13997,0.0013199999999999878,False,extreme,2025-06-09 08:50:00,1.13997,target,35,2.0,0,0.0,2.0,2.386363636363648,0.2196969696970653
EURUSD,NY,2025-06-09,Monday,3,1.14298,1.14111,0.0018700000000000383,long,2025-06-09 08:05:00,1.13866,2025-06-09 11:00:00,2025-06-09 11:05:00,1.14135,1.13866,1.1467300000000002,0.002690000000000081,False,extreme,2025-06-09 22:05:00,1.13866,stop,133,-1.0,0,0.0,-1.0,0.8215613382898723,1.014869888475851
EURUSD,NY,2025-06-10,Tuesday,1,1.14149,1.1373,0.004189999999999916,short,2025-06-10 05:35:00,1.14169,2025-06-10 05:40:00,2025-06-10 05:45:00,1.1413,1.14169,1.1405199999999998,0.0003900000000001125,False,extreme,2025-06-10 05:45:00,1.14169,stop,1,-1.0,0,0.0,-1.0,0.0,1.1025641025636062
EURUSD,NY,2025-06-10,Tuesday,2,1.14149,1.1373,0.004189999999999916,short,2025-06-10 05:45:00,1.14184,2025-06-10 06:05:00,2025-06-10 06:10:00,1.14118,1.14184,1.1398600000000003,0.0006599999999998829,False,extreme,2025-06-10 06:25:00,1.14184,stop,4,-1.0,0,0.0,-1.0,0.0151515151516171,1.7575757575758086
EURUSD,NY,2025-06-10,Tuesday,3,1.14149,1.1373,0.004189999999999916,short,2025-06-10 06:15:00,1.14477,2025-06-10 21:45:00,2025-06-10 21:50:00,1.14135,1.14477,1.1345100000000001,0.0034199999999999786,False,extreme,2025-06-10 23:55:00,1.14163,end_of_day,26,-0.0818713450291923,0,0.0,-0.0818713450291923,0.21345029239769708,0.12865497076023355
EURUSD,NY,2025-06-11,Wednesday,1,1.14239,1.14054,0.0018499999999999073,short,2025-06-11 04:05:00,1.14284,2025-06-11 04:10:00,2025-06-11 04:15:00,1.14224,1.14284,1.1410399999999996,0.000600000000000156,False,extreme,2025-06-11 04:25:00,1.14284,stop,3,-1.0,0,0.0,-1.0,0.06666666666634594,1.033333333333173
EURUSD,NY,2025-06-12,Thursday,1,1.15327,1.15058,0.002690000000000081,short,2025-06-12 04:15:00,1.16315,2025-06-12 23:10:00,2025-06-12 23:15:00,1.15297,1.15516,1.1485900000000002,0.0021899999999999142,True,swing,2025-06-12 23:55:00,1.15374,end_of_day,9,-0.3515981735159669,0,0.0,-0.3515981735159669,0.09132420091323552,0.6164383561643905
EURUSD,NY,2025-06-13,Friday,1,1.15605,1.1512,0.004850000000000021,long,2025-06-13 06:35:00,1.15042,2025-06-13 06:40:00,2025-06-13 06:45:00,1.15123,1.15042,1.15285,0.0008099999999999774,False,extreme,2025-06-13 06:45:00,1.15042,stop,1,-1.0,0,0.0,-1.0,0.0,2.8888888888889803
EURUSD,NY,2025-06-13,Friday,2,1.15605,1.1512,0.004850000000000021,long,2025-06-13 06:45:00,1.14889,2025-06-13 08:10:00,2025-06-13 08:15:00,1.15154,1.14889,1.15684,0.002650000000000041,False,extreme,2025-06-13 11:35:00,1.15684,target,41,2.0,0,0.0,2.0,2.0452830188678854,0.5320754716980715
EURUSD,NY,2025-06-13,Friday,3,1.15605,1.1512,0.004850000000000021,short,2025-06-13 11:25:00,1.15696,2025-06-13 11:50:00,2025-06-13 11:55:00,1.15568,1.15696,1.1531200000000001,0.0012799999999999478,False,extreme,2025-06-13 16:55:00,1.15512,friday_close,61,0.4375000000001084,0,0.0,0.4375000000001084,1.8125000000001519,0.7265624999999323
EURUSD,NY,2025-06-16,Monday,1,1.15865,1.15272,0.005929999999999991,short,2025-06-16 09:00:00,1.16148,2025-06-16 11:15:00,2025-06-16 11:20:00,1.15828,1.16148,1.1518799999999998,0.0032000000000000917,False,extreme,2025-06-16 23:55:00,1.15622,end_of_day,152,0.6437499999999662,0,0.0,0.6437499999999662,1.259374999999957,0.26562499999999784
EURUSD,NY,2025-06-18,Wednesday,1,1.15234,1.14965,0.002689999999999859,long,2025-06-18 06:50:00,1.14918,2025-06-18 07:05:00,2025-06-18 07:10:00,1.14981,1.14918,1.1510699999999998,0.0006299999999999084,False,extreme,2025-06-18 08:10:00,1.1510699999999998,target,13,2.0,0,0.0,2.0,2.3333333333338033,0.7301587301586854
EURUSD,NY,2025-06-18,Wednesday,2,1.15234,1.14965,0.002689999999999859,long,2025-06-18 09:30:00,1.14844,2025-06-18 10:00:00,2025-06-18 10:05:00,1.15193,1.14844,1.1589099999999999,0.003489999999999993,False,extreme,2025-06-18 14:45:00,1.14844,stop,57,-1.0,0,0.0,-1.0,0.3151862464183676,1.0143266475644366
EURUSD,NY,2025-06-19,Thursday,1,1.14769,1.14463,0.0030600000000000627,short,2025-06-19 04:50:00,1.14794,2025-06-19 04:55:00,2025-06-19 05:00:00,1.14766,1.14794,1.1470999999999998,0.000280000000000058,False,extreme,2025-06-19 05:00:00,1.14794,stop,1,-1.0,0,0.0,-1.0,0.4642857142854877,1.0357142857145123
EURUSD,NY,2025-06-19,Thursday,2,1.14769,1.14463,0.0030600000000000627,short,2025-06-19 05:00:00,1.14799,2025-06-19 05:05:00,2025-06-19 05:10:00,1.14741,1.14799,1.14625,0.0005800000000000249,False,extreme,2025-06-19 07:20:00,1.14799,stop,27,-1.0,0,0.0,-1.0,1.1206896551724337,1.7413793103446757
EURUSD,NY,2025-06-19,Thursday,3,1.14769,1.14463,0.0030600000000000627,short,2025-06-19 07:20:00,1.14875,2025-06-19 08:10:00,2025-06-19 08:15:00,1.14725,1.14875,1.1442500000000004,0.0014999999999998348,False,extreme,2025-06-19 15:05:00,1.14875,stop,83,-1.0,0,0.0,-1.0,1.193333333333585,1.0199999999999851
EURUSD,NY,2025-06-20,Friday,1,1.15323,1.15101,0.0022199999999998887,short,2025-06-20 06:10:00,1.15349,2025-06-20 06:15:00,2025-06-20 06:20:00,1.1531,1.15349,1.1523200000000002,0.00038999999999989043,False,extreme,2025-06-20 06:30:00,1.1523200000000002,target,3,2.0,0,0.0,2.0,2.205128205129037,0.0
EURUSD,NY,2025-06-20,Friday,2,1.15323,1.15101,0.0022199999999998887,long,2025-06-20 08:45:00,1.15059,2025-06-20 08:50:00,2025-06-20 08:55:00,1.15118,1.15059,1.1523600000000003,0.0005900000000000905,False,extreme,2025-06-20 10:20:00,1.15059,stop,18,-1.0,0,0.0,-1.0,1.6271186440672927,1.4406779661015034
EURUSD,NY,2025-06-20,Friday,3,1.15323,1.15101,0.0022199999999998887,long,2025-06-20 10:15:00,1.14951,2025-06-20 10:55:00,2025-06-20 11:00:00,1.15134,1.14951,1.155,0.0018299999999999983,False,extreme,2025-06-20 16:55:00,1.15212,friday_close,72,0.4262295081967233,0,0.0,0.4262295081967233,1.677595628415251,0.1311475409836165
EURUSD,NY,2025-06-23,Monday,1,1.15212,1.14851,0.003610000000000113,long,2025-06-23 04:50:00,1.14537,2025-06-23 09:40:00,2025-06-23 09:45:00,1.14875,1.14537,1.1555099999999998,0.0033799999999999386,False,extreme,2025-06-23 12:45:00,1.1555099999999998,target,37,2.0,0,0.0,2.0,2.0739644970414464,0.08875739644969598
EURUSD,NY,2025-06-24,Tuesday,1,1.16225,1.15801,0.0042400000000000215,short,2025-06-24 10:20:00,1.16416,2025-06-24 10:45:00,2025-06-24 10:50:00,1.1622,1.16416,1.1582799999999995,0.001960000000000184,False,extreme,2025-06-24 23:55:00,1.16119,end_of_day,158,0.5153061224489085,1,0.005102040816326052,0.5102040816325825,1.2755102040814859,0.739795918367366
EURUSD,NY,2025-06-25,Wednesday,1,1.16227,1.15899,0.0032799999999999496,short,2025-06-25 11:00:00,1.16267,2025-06-25 11:05:00,2025-06-25 11:10:00,1.1621,1.16267,1.1609599999999995,0.0005700000000001815,False,extreme,2025-06-25 11:20:00,1.16267,stop,3,-1.0,0,0.0,-1.0,0.017543859648842603,1.122807017543846
EURUSD,NY,2025-06-25,Wednesday,2,1.16227,1.15899,0.0032799999999999496,short,2025-06-25 11:10:00,1.16297,2025-06-25 11:45:00,2025-06-25 11:50:00,1.16217,1.16297,1.1605699999999997,0.0008000000000001339,False,extreme,2025-06-25 12:00:00,1.16297,stop,3,-1.0,0,0.0,-1.0,0.6124999999997467,1.0
EURUSD,NY,2025-06-26,Thursday,1,1.17135,1.16719,0.0041599999999999415,short,2025-06-26 04:05:00,1.17449,2025-06-26 07:00:00,2025-06-26 07:05:00,1.17126,1.17449,1.1647999999999998,0.003230000000000066,False,extreme,2025-06-26 23:55:00,1.16957,end_of_day,203,0.5232198142414658,0,0.0,0.5232198142414658,0.990712074303345,0.857585139318849
EURUSD,NY,2025-06-27,Friday,1,1.1727,1.16835,0.004350000000000076,short,2025-06-27 08:30:00,1.17541,2025-06-27 09:25:00,2025-06-27 09:30:00,1.17238,1.17541,1.1663199999999998,0.003030000000000088,False,extreme,2025-06-27 16:55:00,1.17208,friday_close,90,0.09900990099008522,0,0.0,0.09900990099008522,1.1881188118811692,0.47854785478544853
EURUSD,NY,2025-06-30,Monday,1,1.17507,1.17121,0.0038599999999999746,long,2025-06-30 08:35:00,1.17077,2025-06-30 08:40:00,2025-06-30 08:45:00,1.17125,1.17077,1.1722099999999995,0.0004799999999998139,False,extreme,2025-06-30 10:00:00,1.1722099999999995,target,16,2.0,0,0.0,2.0,2.083333333334374,0.35416666666681124
EURUSD,NY,2025-06-30,Monday,2,1.17507,1.17121,0.0038599999999999746,short,2025-06-30 11:15:00,1.17551,2025-06-30 11:20:00,2025-06-30 11:25:00,1.17443,1.17551,1.1722700000000001,0.0010799999999999699,False,extreme,2025-06-30 11:45:00,1.17551,stop,5,-1.0,0,0.0,-1.0,0.23148148148156525,2.212962962962925
EURUSD,NY,2025-07-01,Tuesday,1,1.17941,1.17673,0.0026800000000000157,short,2025-07-01 04:35:00,1.17984,2025-07-01 04:40:00,2025-07-01 04:45:00,1.17928,1.17984,1.1781600000000003,0.0005599999999998939,False,extreme,2025-07-01 04:50:00,1.17984,stop,2,-1.0,0,0.0,-1.0,0.0714285714286564,4.3928571428578085
EURUSD,NY,2025-07-01,Tuesday,2,1.17941,1.17673,0.0026800000000000157,short,2025-07-01 04:45:00,1.18298,2025-07-01 10:00:00,2025-07-01 10:05:00,1.1788,1.18298,1.1704400000000004,0.0041799999999998505,False,extreme,2025-07-01 23:55:00,1.18003,end_of_day,167,-0.2942583732057144,0,0.0,-0.2942583732057144,0.6339712918660613,0.5287081339712685
EURUSD,NY,2025-07-02,Wednesday,1,1.18012,1.17712,0.0030000000000001137,long,2025-07-02 05:25:00,1.17671,2025-07-02 05:30:00,2025-07-02 05:35:00,1.17716,1.17671,1.17806,0.00045000000000006146,False,extreme,2025-07-02 06:10:00,1.17806,target,8,2.0,0,0.0,2.0,2.0666666666666007,0.9777777777776352
EURUSD,NY,2025-07-02,Wednesday,2,1.18012,1.17712,0.0030000000000001137,long,2025-07-02 06:45:00,1.1747,2025-07-02 08:15:00,2025-07-02 08:20:00,1.17759,1.1747,1.1833699999999996,0.002889999999999837,False,extreme,2025-07-02 23:55:00,1.17918,end_of_day,188,0.550173010380647,0,0.0,0.550173010380647,1.1833910034602668,0.8754325259515792
EURUSD,NY,2025-07-03,Thursday,1,1.181,1.17867,0.0023299999999999432,long,2025-07-03 07:55:00,1.17815,2025-07-03 08:15:00,2025-07-03 08:20:00,1.1787,1.17815,1.1798000000000002,0.0005500000000000504,False,extreme,2025-07-03 08:30:00,1.17815,stop,3,-1.0,0,0.0,-1.0,0.4727272727270966,12.690909090907901
EURUSD,NY,2025-07-04,Friday,1,1.17856,1.17677,0.0017899999999999583,long,2025-07-04 08:05:00,1.17639,2025-07-04 09:00:00,2025-07-04 09:05:00,1.17681,1.17639,1.1776499999999996,0.0004199999999998649,False,extreme,2025-07-04 09:40:00,1.1776499999999996,target,8,2.0,0,0.0,2.0,2.1428571428581247,0.09523809523769243
EURUSD,NY,2025-07-04,Friday,2,1.17856,1.17677,0.0017899999999999583,short,2025-07-04 10:00:00,1.17876,2025-07-04 10:05:00,2025-07-04 10:10:00,1.17829,1.17876,1.1773500000000001,0.00046999999999997044,False,extreme,2025-07-04 13:00:00,1.1773500000000001,target,35,2.0,0,0.0,2.0,2.23404255319162,0.5531914893615815
EURUSD,NY,2025-07-07,Monday,1,1.17737,1.17453,0.0028399999999999537,long,2025-07-07 04:00:00,1.16868,2025-07-07 20:10:00,2025-07-07 20:15:00,1.1747,1.17353,1.1770400000000003,0.0011700000000001154,True,swing,2025-07-07 21:10:00,1.17353,stop,12,-1.0,0,0.0,-1.0,0.07692307692300393,1.222222222222138
EURUSD,NY,2025-07-07,Monday,2,1.17737,1.17453,0.0028399999999999537,long,2025-07-07 20:50:00,1.17309,2025-07-07 22:25:00,2025-07-07 22:30:00,1.17477,1.17309,1.1781300000000003,0.0016800000000001258,False,extreme,2025-07-07 23:55:00,1.17469,end_of_day,18,-0.04761904761909168,0,0.0,-0.04761904761909168,0.07142857142850534,0.6369047619047894
EURUSD,NY,2025-07-08,Tuesday,1,1.17654,1.17318,0.0033600000000000296,long,2025-07-08 06:25:00,1.17233,2025-07-08 07:00:00,2025-07-08 07:05:00,1.17324,1.17233,1.17506,0.0009099999999999664,False,extreme,2025-07-08 07:55:00,1.17233,stop,11,-1.0,0,0.0,-1.0,0.6813186813185338,1.197802197802281
EURUSD,NY,2025-07-09,Wednesday,1,1.17286,1.17013,0.0027300000000001212,long,2025-07-09 07:50:00,1.16896,2025-07-09 08:10:00,2025-07-09 08:15:00,1.17015,1.16896,1.17253,0.0011900000000000244,False,extreme,2025-07-09 19:20:00,1.17253,target,134,2.0,0,0.0,2.0,2.1260504201679575,0.09243697478995987
EURUSD,NY,2025-07-09,Wednesday,2,1.17286,1.17013,0.0027300000000001212,short,2025-07-09 19:35:00,1.17308,2025-07-09 19:40:00,2025-07-09 19:45:00,1.17286,1.17308,1.1724200000000002,0.00021999999999988695,False,extreme,2025-07-09 19:55:00,1.17308,stop,3,-1.0,0,0.0,-1.0,0.45454545454563805,5.136363636366618
EURUSD,NY,2025-07-11,Friday,1,1.16958,1.16691,0.0026700000000001722,short,2025-07-11 07:05:00,1.17013,2025-07-11 07:15:00,2025-07-11 07:20:00,1.1694,1.17013,1.1679400000000002,0.0007299999999998974,False,extreme,2025-07-11 09:35:00,1.17013,stop,28,-1.0,0,0.0,-1.0,1.5890410958907026,1.3150684931509682
EURUSD,NY,2025-07-11,Friday,2,1.16958,1.16691,0.0026700000000001722,short,2025-07-11 09:35:00,1.17141,2025-07-11 09:50:00,2025-07-11 09:55:00,1.16924,1.17141,1.1649,0.0021700000000000053,False,extreme,2025-07-11 16:55:00,1.16852,friday_close,85,0.3317972350230655,0,0.0,0.3317972350230655,0.8479262672811333,0.5437788018432977
EURUSD,NY,2025-07-14,Monday,1,1.16874,1.16543,0.003309999999999924,short,2025-07-14 04:05:00,1.1689,2025-07-14 04:10:00,2025-07-14 04:15:00,1.16834,1.1689,1.1672199999999997,0.000560000000000116,False,extreme,2025-07-14 05:30:00,1.1689,stop,16,-1.0,0,0.0,-1.0,0.7142857142854877,1.2142857142854877
EURUSD,NY,2025-07-14,Monday,2,1.16874,1.16543,0.003309999999999924,short,2025-07-14 05:30:00,1.16903,2025-07-14 05:40:00,2025-07-14 05:45:00,1.16871,1.16903,1.1680699999999997,0.000320000000000098,False,extreme,2025-07-14 05:55:00,1.16903,stop,3,-1.0,0,0.0,-1.0,0.9999999999993061,1.5937499999995446
EURUSD,NY,2025-07-14,Monday,3,1.16874,1.16543,0.003309999999999924,short,2025-07-14 05:55:00,1.16971,2025-07-14 08:25:00,2025-07-14 08:30:00,1.16856,1.16971,1.16626,0.0011499999999999844,False,extreme,2025-07-14 12:15:00,1.16626,target,46,2.0,0,0.0,2.0,2.2173913043479017,0.8956521739129377
EURUSD,NY,2025-07-15,Tuesday,1,1.16928,1.16719,0.0020900000000001473,long,2025-07-15 07:35:00,1.16645,2025-07-15 08:30:00,2025-07-15 08:35:00,1.16891,1.16645,1.1738299999999997,0.0024599999999999067,False,extreme,2025-07-15 08:35:00,1.16645,stop,1,-1.0,2,0.008130081300813318,-1.0081300813008134,0.06910569105691461,1.0325203252032857
EURUSD,NY,2025-07-15,Tuesday,2,1.16928,1.16719,0.0020900000000001473,long,2025-07-15 08:35:00,1.16622,2025-07-15 08:50:00,2025-07-15 08:55:00,1.16796,1.16622,1.1714400000000003,0.0017400000000000748,False,extreme,2025-07-15 09:20:00,1.16622,stop,6,-1.0,0,0.0,-1.0,0.3160919540228763,1.0402298850574778
EURUSD,NY,2025-07-16,Wednesday,1,1.16285,1.16104,0.0018099999999998673,long,2025-07-16 06:15:00,1.1609,2025-07-16 06:20:00,2025-07-16 06:25:00,1.16116,1.1609,1.1616799999999998,0.00025999999999992696,False,extreme,2025-07-16 06:30:00,1.1616799999999998,target,2,2.0,0,0.0,2.0,2.1153846153854037,0.15384615384635092
EURUSD,NY,2025-07-16,Wednesday,2,1.16285,1.16104,0.0018099999999998673,long,2025-07-16 07:25:00,1.16087,2025-07-16 07:30:00,2025-07-16 07:35:00,1.16108,1.16087,1.1614999999999995,0.00020999999999982144,False,extreme,2025-07-16 07:45:00,1.16087,stop,3,-1.0,0,0.0,-1.0,0.9523809523827146,1.0
EURUSD,NY,2025-07-16,Wednesday,3,1.16285,1.16104,0.0018099999999998673,short,2025-07-16 11:15:00,1.17215,2025-07-16 14:55:00,2025-07-16 15:00:00,1.16282,1.16562,1.1572199999999997,0.0028000000000001357,True,swing,2025-07-16 23:55:00,1.16193,end_of_day,108,0.31785714285714795,0,0.0,0.31785714285714795,0.5285714285713765,0.5107142857142761
EURUSD,NY,2025-07-17,Thursday,1,1.16274,1.15734,0.005400000000000071,long,2025-07-17 07:45:00,1.15703,2025-07-17 07:55:00,2025-07-17 08:00:00,1.15745,1.15703,1.1582900000000003,0.00042000000000008697,False,extreme,2025-07-17 08:10:00,1.1582900000000003,target,3,2.0,0,0.0,2.0,2.5952380952371135,0.1428571428575205
EURUSD,NY,2025-07-17,Thursday,2,1.16274,1.15734,0.005400000000000071,short,2025-07-17 21:45:00,1.16343,2025-07-17 22:00:00,2025-07-17 22:05:00,1.16269,1.16343,1.16121,0.0007399999999999629,False,extreme,2025-07-17 23:55:00,1.16238,end_of_day,23,0.4189189189189838,0,0.0,0.4189189189189838,0.6756756756756351,0.6486486486487297
EURUSD,NY,2025-07-18,Friday,1,1.16313,1.1612,0.0019299999999999873,short,2025-07-18 04:00:00,1.16719,2025-07-18 12:20:00,2025-07-18 12:25:00,1.1631,1.16571,1.15788,0.002610000000000001,True,swing,2025-07-18 16:55:00,1.1621,friday_close,55,0.38314176245215,0,0.0,0.38314176245215,0.5363984674329759,0.2758620689655378
EURUSD,NY,2025-07-21,Monday,1,1.16475,1.16229,0.0024599999999999067,short,2025-07-21 04:35:00,1.16522,2025-07-21 04:50:00,2025-07-21 04:55:00,1.16423,1.16522,1.1622500000000004,0.0009899999999998244,False,extreme,2025-07-21 07:05:00,1.16522,stop,27,-1.0,0,0.0,-1.0,0.8787878787881847,1.3737373737374212
EURUSD,NY,2025-07-22,Tuesday,1,1.16947,1.16818,0.0012900000000000134,short,2025-07-22 04:30:00,1.17095,2025-07-22 08:15:00,2025-07-22 08:20:00,1.16911,1.17095,1.1654300000000004,0.0018399999999998418,False,extreme,2025-07-22 10:45:00,1.17095,stop,30,-1.0,0,0.0,-1.0,0.657608695652315,1.3423913043479265
EURUSD,NY,2025-07-23,Wednesday,1,1.17529,1.17273,0.0025599999999998957,long,2025-07-23 06:50:00,1.17231,2025-07-23 07:20:00,2025-07-23 07:25:00,1.17274,1.17231,1.1735999999999998,0.00042999999999993044,False,extreme,2025-07-23 08:30:00,1.17231,stop,14,-1.0,0,0.0,-1.0,1.3720930232562463,1.6976744186046873
EURUSD,NY,2025-07-23,Wednesday,2,1.17529,1.17273,0.0025599999999998957,long,2025-07-23 08:25:00,1.17109,2025-07-23 10:00:00,2025-07-23 10:05:00,1.17331,1.17109,1.1777500000000003,0.0022200000000001108,False,extreme,2025-07-23 19:20:00,1.1777500000000003,target,112,2.0,0,0.0,2.0,2.058558558558439,0.5135135135135513
EURUSD,NY,2025-07-24,Thursday,1,1.17784,1.1755,0.0023400000000000087,long,2025-07-24 05:05:00,1.17518,2025-07-24 05:15:00,2025-07-24 05:20:00,1.17552,1.17518,1.1762,0.00034000000000000696,False,extreme,2025-07-24 05:30:00,1.17518,stop,3,-1.0,0,0.0,-1.0,0.02941176470607443,1.6176470588229916
EURUSD,NY,2025-07-24,Thursday,2,1.17784,1.1755,0.0023400000000000087,long,2025-07-24 05:20:00,1.17434,2025-07-24 07:55:00,2025-07-24 08:00:00,1.1756,1.17434,1.17812,0.0012600000000000389,False,extreme,2025-07-24 08:30:00,1.17434,stop,7,-1.0,0,0.0,-1.0,0.22222222222226137,1.1111111111111307
EURUSD,NY,2025-07-24,Thursday,3,1.17784,1.1755,0.0023400000000000087,long,2025-07-24 08:20:00,1.17304,2025-07-24 09:10:00,2025-07-24 09:15:00,1.17572,1.17304,1.1810800000000001,0.0026800000000000157,False,extreme,2025-07-24 17:00:00,1.17304,stop,94,-1.0,0,0.0,-1.0,1.1753731343283462,1.033582089552293
EURUSD,NY,2025-07-24,Thursday,4,1.17784,1.1755,0.0023400000000000087,long,2025-07-24 16:30:00,1.17295,2025-07-24 19:45:00,2025-07-24 19:50:00,1.17551,1.17295,1.1806300000000003,0.0025600000000001177,False,extreme,2025-07-24 23:55:00,1.17425,end_of_day,50,-0.49218749999999256,0,0.0,-0.49218749999999256,0.14453124999998612,0.8203124999999587
EURUSD,NY,2025-07-25,Friday,1,1.17608,1.17341,0.00266999999999995,long,2025-07-25 05:05:00,1.1733,2025-07-25 05:10:00,2025-07-25 05:15:00,1.17361,1.1733,1.17423,0.00031000000000003247,False,extreme,2025-07-25 06:20:00,1.1733,stop,14,-1.0,0,0.0,-1.0,1.258064516128547,1.677419354838779
EURUSD,NY,2025-07-25,Friday,2,1.17608,1.17341,0.00266999999999995,long,2025-07-25 06:15:00,1.17309,2025-07-25 06:25:00,2025-07-25 06:30:00,1.1735,1.17309,1.17432,0.00041000000000002146,False,extreme,2025-07-25 06:45:00,1.17309,stop,4,-1.0,0,0.0,-1.0,0.4878048780487012,1.1951219512191555
EURUSD,NY,2025-07-25,Friday,3,1.17608,1.17341,0.00266999999999995,long,2025-07-25 06:45:00,1.17029,2025-07-25 10:20:00,2025-07-25 10:25:00,1.17353,1.17029,1.1800099999999998,0.0032399999999999096,False,extreme,2025-07-25 16:55:00,1.17394,friday_close,79,0.12654320987655338,0,0.0,0.12654320987655338,0.3611111111111568,0.46296296296299344
EURUSD,NY,2025-07-28,Monday,1,1.17582,1.16705,0.008770000000000167,long,2025-07-28 05:35:00,1.16583,2025-07-28 05:45:00,2025-07-28 05:50:00,1.16714,1.16583,1.1697600000000004,0.0013100000000001444,False,extreme,2025-07-28 06:20:00,1.16583,stop,7,-1.0,0,0.0,-1.0,0.04580152671751326,1.2442748091601836
EURUSD,NY,2025-07-29,Tuesday,1,1.15904,1.15266,0.006380000000000052,long,2025-07-29 08:55:00,1.15223,2025-07-29 09:00:00,2025-07-29 09:05:00,1.15279,1.15223,1.1539099999999998,0.0005599999999998939,False,extreme,2025-07-29 09:10:00,1.15223,stop,2,-1.0,0,0.0,-1.0,0.5178571428574614,1.6071428571429847
EURUSD,NY,2025-07-29,Tuesday,2,1.15904,1.15266,0.006380000000000052,long,2025-07-29 09:05:00,1.15189,2025-07-29 09:20:00,2025-07-29 09:25:00,1.15293,1.15189,1.1550099999999999,0.0010399999999999299,False,extreme,2025-07-29 10:00:00,1.1550099999999999,target,8,2.0,0,0.0,2.0,2.1923076923078977,0.961538461538634
EURUSD,NY,2025-07-29,Tuesday,3,1.15904,1.15266,0.006380000000000052,long,2025-07-29 10:55:00,1.15217,2025-07-29 11:05:00,2025-07-29 11:10:00,1.15311,1.15217,1.1549900000000004,0.0009400000000001629,False,extreme,2025-07-29 13:15:00,1.1549900000000004,target,26,2.0,0,0.0,2.0,3.127659574467482,0.3936170212765078
EURUSD,NY,2025-07-30,Wednesday,1,1.15686,1.15402,0.0028399999999999537,long,2025-07-30 06:35:00,1.15321,2025-07-30 06:50:00,2025-07-30 06:55:00,1.15403,1.15321,1.1556699999999995,0.0008199999999998209,False,extreme,2025-07-30 07:05:00,1.15321,stop,3,-1.0,0,0.0,-1.0,0.37804878048792706,1.2073170731707812
EURUSD,NY,2025-07-31,Thursday,1,1.1461,1.14194,0.0041599999999999415,long,2025-07-31 09:05:00,1.14061,2025-07-31 10:10:00,2025-07-31 10:15:00,1.14221,1.14061,1.14541,0.0016000000000000458,False,extreme,2025-07-31 21:50:00,1.14061,stop,140,-1.0,0,0.0,-1.0,1.7374999999999532,1.0687499999998933
EURUSD,NY,2025-07-31,Thursday,2,1.1461,1.14194,0.0041599999999999415,long,2025-07-31 21:30:00,1.1405,2025-07-31 23:10:00,2025-07-31 23:15:00,1.1422,1.1405,1.1456000000000002,0.0017000000000000348,False,extreme,2025-07-31 23:55:00,1.14181,end_of_day,9,-0.22941176470594382,0,0.0,-0.22941176470594382,0.017647058823514045,0.5
EURUSD,NY,2025-08-01,Friday,1,1.1438,1.14125,0.00254999999999983,long,2025-08-01 04:40:00,1.13931,2025-08-01 06:30:00,2025-08-01 06:35:00,1.14161,1.13931,1.14621,0.0022999999999999687,False,extreme,2025-08-01 08:25:00,1.13931,stop,23,-1.0,0,0.0,-1.0,0.27826086956520985,1.0608695652174047
EURUSD,NY,2025-08-04,Monday,1,1.15855,1.15505,0.0035000000000000586,short,2025-08-04 08:30:00,1.15878,2025-08-04 08:35:00,2025-08-04 08:40:00,1.15817,1.15878,1.15695,0.0006099999999999994,False,extreme,2025-08-04 08:45:00,1.15878,stop,2,-1.0,0,0.0,-1.0,0.5081967213115292,1.0983606557379855
EURUSD,NY,2025-08-04,Monday,2,1.15855,1.15505,0.0035000000000000586,short,2025-08-04 09:10:00,1.15881,2025-08-04 09:15:00,2025-08-04 09:20:00,1.1585,1.15881,1.1578800000000005,0.00030999999999981043,False,extreme,2025-08-04 09:25:00,1.15881,stop,2,-1.0,0,0.0,-1.0,1.3225806451621684,1.06451612903272
EURUSD,NY,2025-08-04,Monday,3,1.15855,1.15505,0.0035000000000000586,short,2025-08-04 09:25:00,1.15883,2025-08-04 09:30:00,2025-08-04 09:35:00,1.15819,1.15883,1.15691,0.0006399999999999739,False,extreme,2025-08-04 10:10:00,1.15691,target,8,2.0,0,0.0,2.0,2.4062500000002496,0.12499999999978316
EURUSD,NY,2025-08-04,Monday,4,1.15855,1.15505,0.0035000000000000586,short,2025-08-04 20:00:00,1.15878,2025-08-04 20:15:00,2025-08-04 20:20:00,1.15832,1.15878,1.1574000000000002,0.00045999999999990493,False,extreme,2025-08-04 20:45:00,1.1574000000000002,target,6,2.0,0,0.0,2.0,2.152173913044024,0.0
EURUSD,NY,2025-08-05,Tuesday,1,1.15623,1.15332,0.00291000000000019,long,2025-08-05 04:45:00,1.15313,2025-08-05 04:55:00,2025-08-05 05:00:00,1.15368,1.15313,1.1547800000000001,0.0005500000000000504,False,extreme,2025-08-05 05:00:00,1.15313,stop,1,-1.0,0,0.0,-1.0,0.16363636363620948,1.2363636363635482
EURUSD,NY,2025-08-05,Tuesday,2,1.15623,1.15332,0.00291000000000019,long,2025-08-05 05:00:00,1.153,2025-08-05 05:05:00,2025-08-05 05:10:00,1.15353,1.153,1.1545899999999998,0.0005299999999999194,False,extreme,2025-08-05 05:50:00,1.1545899999999998,target,9,2.0,0,0.0,2.0,2.094339622642142,0.49056603773578583
EURUSD,NY,2025-08-05,Tuesday,3,1.15623,1.15332,0.00291000000000019,long,2025-08-05 07:35:00,1.15277,2025-08-05 07:45:00,2025-08-05 07:50:00,1.15365,1.15277,1.15541,0.0008799999999999919,False,extreme,2025-08-05 09:35:00,1.15541,target,22,2.0,0,0.0,2.0,2.0340909090908803,0.7159090909092457
EURUSD,NY,2025-08-06,Wednesday,1,1.15881,1.15713,0.0016799999999999038,long,2025-08-06 04:30:00,1.15704,2025-08-06 04:35:00,2025-08-06 04:40:00,1.15744,1.15704,1.15824,0.00039999999999995595,False,extreme,2025-08-06 05:20:00,1.15824,target,9,2.0,0,0.0,2.0,2.0749999999999447,0.47500000000038856
EURUSD,NY,2025-08-07,Thursday,1,1.16913,1.16632,0.002809999999999979,short,2025-08-07 04:00:00,1.16989,2025-08-07 04:05:00,2025-08-07 04:10:00,1.16882,1.16989,1.1666799999999997,0.0010700000000001264,False,extreme,2025-08-07 06:05:00,1.1666799999999997,target,24,2.0,0,0.0,2.0,2.0280373831773355,0.3457943925233063
EURUSD,NY,2025-08-07,Thursday,2,1.16913,1.16632,0.002809999999999979,long,2025-08-07 06:25:00,1.16614,2025-08-07 06:30:00,2025-08-07 06:35:00,1.16644,1.16614,1.1670399999999999,0.00029999999999996696,False,extreme,2025-08-07 06:55:00,1.1670399999999999,target,5,2.0,0,0.0,2.0,2.200000000000592,0.5666666666667407
EURUSD,NY,2025-08-07,Thursday,3,1.16913,1.16632,0.002809999999999979,long,2025-08-07 07:05:00,1.1611,2025-08-07 16:15:00,2025-08-07 16:20:00,1.16654,1.1611,1.1774199999999997,0.005439999999999889,False,extreme,2025-08-07 23:55:00,1.16598,end_of_day,92,-0.10294117647057083,0,0.0,-0.10294117647057083,0.25735294117648827,0.19301470588235603
EURUSD,NY,2025-08-08,Friday,1,1.16645,1.16388,0.002569999999999961,long,2025-08-08 04:45:00,1.16345,2025-08-08 05:00:00,2025-08-08 05:05:00,1.16435,1.16345,1.1661499999999998,0.0008999999999999009,False,extreme,2025-08-08 05:15:00,1.16345,stop,3,-1.0,0,0.0,-1.0,0.011111111111185125,1.0888888888889876
EURUSD,NY,2025-08-08,Friday,2,1.16645,1.16388,0.002569999999999961,long,2025-08-08 05:10:00,1.163,2025-08-08 05:45:00,2025-08-08 05:50:00,1.164,1.163,1.1659999999999997,0.0009999999999998899,False,extreme,2025-08-08 06:40:00,1.163,stop,11,-1.0,0,0.0,-1.0,0.750000000000111,1.1299999999999777
EURUSD,NY,2025-08-08,Friday,3,1.16645,1.16388,0.002569999999999961,long,2025-08-08 06:20:00,1.16287,2025-08-08 07:00:00,2025-08-08 07:05:00,1.16398,1.16287,1.1662,0.0011099999999999444,False,extreme,2025-08-08 10:20:00,1.1662,target,40,2.0,0,0.0,2.0,2.0900900900900847,0.18918918918923786
EURUSD,NY,2025-08-08,Friday,4,1.16645,1.16388,0.002569999999999961,short,2025-08-08 11:20:00,1.16676,2025-08-08 11:25:00,2025-08-08 11:30:00,1.16644,1.16676,1.1657999999999997,0.000320000000000098,False,extreme,2025-08-08 12:05:00,1.1657999999999997,target,8,2.0,0,0.0,2.0,2.437499999999263,0.9375000000003035
EURUSD,NY,2025-08-08,Friday,5,1.16645,1.16388,0.002569999999999961,short,2025-08-08 13:25:00,1.16668,2025-08-08 13:50:00,2025-08-08 13:55:00,1.16617,1.16668,1.16515,0.0005100000000000104,False,extreme,2025-08-08 14:45:00,1.16515,target,11,2.0,0,0.0,2.0,2.647058823529284,0.23529411764728933
EURUSD,NY,2025-08-11,Monday,1,1.16756,1.16459,0.002969999999999917,long,2025-08-11 04:00:00,1.16441,2025-08-11 04:05:00,2025-08-11 04:10:00,1.16507,1.16441,1.1663900000000003,0.000660000000000105,False,extreme,2025-08-11 05:15:00,1.16441,stop,14,-1.0,0,0.0,-1.0,1.4696969696966078,1.2878787878786095
EURUSD,NY,2025-08-11,Monday,2,1.16756,1.16459,0.002969999999999917,long,2025-08-11 05:25:00,1.16383,2025-08-11 06:15:00,2025-08-11 06:20:00,1.16466,1.16383,1.1663200000000002,0.0008300000000001084,False,extreme,2025-08-11 07:20:00,1.16383,stop,13,-1.0,0,0.0,-1.0,0.15662650602403191,1.0722891566264352
EURUSD,NY,2025-08-12,Tuesday,1,1.1629,1.1608,0.0020999999999999908,long,2025-08-12 05:25:00,1.16003,2025-08-12 06:00:00,2025-08-12 06:05:00,1.16104,1.16003,1.1630600000000004,0.0010100000000001774,False,extreme,2025-08-12 07:45:00,1.16003,stop,21,-1.0,0,0.0,-1.0,0.2772277227720661,1.158415841584069
EURUSD,NY,2025-08-12,Tuesday,2,1.1629,1.1608,0.0020999999999999908,long,2025-08-12 07:15:00,1.15985,2025-08-12 08:00:00,2025-08-12 08:05:00,1.161,1.15985,1.1633,0.0011499999999999844,False,extreme,2025-08-12 08:30:00,1.1633,target,6,2.0,0,0.0,2.0,3.504347826086985,0.9304347826088182
EURUSD,NY,2025-08-12,Tuesday,3,1.1629,1.1608,0.0020999999999999908,short,2025-08-12 08:30:00,1.16558,2025-08-12 09:20:00,2025-08-12 09:25:00,1.16249,1.16558,1.15631,0.003090000000000037,False,extreme,2025-08-12 09:40:00,1.16558,stop,4,-1.0,0,0.0,-1.0,0.2394822006472343,1.1456310679611112
EURUSD,NY,2025-08-13,Wednesday,1,1.17128,1.16765,0.003630000000000022,short,2025-08-13 04:15:00,1.17303,2025-08-13 07:05:00,2025-08-13 07:10:00,1.17119,1.17303,1.1675099999999998,0.0018400000000000638,False,extreme,2025-08-13 23:55:00,1.17037,end_of_day,202,0.44565217391305134,0,0.0,0.44565217391305134,1.032608695652145,0.635869565217432
EURUSD,NY,2025-08-14,Thursday,1,1.17068,1.16779,0.002889999999999837,long,2025-08-14 04:05:00,1.16727,2025-08-14 04:10:00,2025-08-14 04:15:00,1.16802,1.16727,1.1695200000000001,0.0007500000000000284,False,extreme,2025-08-14 04:50:00,1.16727,stop,8,-1.0,0,0.0,-1.0,0.6933333333331123,1.266666666666627
EURUSD,NY,2025-08-14,Thursday,2,1.17068,1.16779,0.002889999999999837,long,2025-08-14 04:40:00,1.16679,2025-08-14 05:05:00,2025-08-14 05:10:00,1.16795,1.16679,1.1702700000000001,0.0011600000000000499,False,extreme,2025-08-14 08:30:00,1.16679,stop,41,-1.0,0,0.0,-1.0,1.5517241379309883,2.612068965517205
EURUSD,NY,2025-08-14,Thursday,3,1.17068,1.16779,0.002889999999999837,long,2025-08-14 08:30:00,1.16492,2025-08-14 08:40:00,2025-08-14 08:45:00,1.16783,1.16492,1.1736499999999999,0.002909999999999968,False,extreme,2025-08-14 09:45:00,1.16492,stop,13,-1.0,0,0.0,-1.0,0.18900343642613623,1.0068728522336459
EURUSD,NY,2025-08-15,Friday,1,1.16843,1.1659,0.0025300000000001432,short,2025-08-15 05:05:00,1.16914,2025-08-15 06:20:00,2025-08-15 06:25:00,1.16842,1.16914,1.16698,0.0007200000000000539,False,extreme,2025-08-15 07:05:00,1.16914,stop,9,-1.0,0,0.0,-1.0,0.5138888888888247,1.0694444444442774
EURUSD,NY,2025-08-15,Friday,2,1.16843,1.1659,0.0025300000000001432,short,2025-08-15 06:45:00,1.16919,2025-08-15 07:45:00,2025-08-15 07:50:00,1.16836,1.16919,1.1667000000000003,0.0008299999999998864,False,extreme,2025-08-15 08:10:00,1.16919,stop,5,-1.0,0,0.0,-1.0,0.2289156626507958,1.0481927710843921
EURUSD,NY,2025-08-15,Friday,3,1.16843,1.1659,0.0025300000000001432,short,2025-08-15 07:55:00,1.16923,2025-08-15 08:30:00,2025-08-15 08:35:00,1.16798,1.16923,1.16548,0.0012499999999999734,False,extreme,2025-08-15 08:35:00,1.16923,stop,1,-1.0,0,0.0,-1.0,0.015999999999927524,1.2159999999999986
EURUSD,NY,2025-08-18,Monday,1,1.17103,1.16804,0.002990000000000048,long,2025-08-18 04:00:00,1.1671,2025-08-18 04:20:00,2025-08-18 04:25:00,1.16825,1.1671,1.17055,0.0011499999999999844,False,extreme,2025-08-18 08:35:00,1.1671,stop,51,-1.0,0,0.0,-1.0,0.5304347826087024,1.417391304347863
EURUSD,NY,2025-08-18,Monday,2,1.17103,1.16804,0.002990000000000048,long,2025-08-18 07:55:00,1.16662,2025-08-18 10:05:00,2025-08-18 10:10:00,1.16823,1.16662,1.1714500000000003,0.0016100000000001113,False,extreme,2025-08-18 10:45:00,1.16662,stop,8,-1.0,0,0.0,-1.0,0.02484472049677962,1.3726708074533494
EURUSD,NY,2025-08-19,Tuesday,1,1.16844,1.1651,0.0033399999999998986,short,2025-08-19 06:15:00,1.16929,2025-08-19 07:25:00,2025-08-19 07:30:00,1.16827,1.16929,1.1662299999999999,0.0010200000000000209,False,extreme,2025-08-19 11:35:00,1.1662299999999999,target,50,2.0,0,0.0,2.0,2.117647058823427,0.5294117647058567
EURUSD,NY,2025-08-20,Wednesday,1,1.16467,1.16232,0.0023500000000000743,short,2025-08-20 06:05:00,1.16575,2025-08-20 06:45:00,2025-08-20 06:50:00,1.16461,1.16575,1.1623299999999996,0.001140000000000141,False,extreme,2025-08-20 08:30:00,1.16575,stop,21,-1.0,0,0.0,-1.0,0.5175438596489434,2.017543859648846
EURUSD,NY,2025-08-20,Wednesday,2,1.16467,1.16232,0.0023500000000000743,short,2025-08-20 08:00:00,1.16737,2025-08-20 20:20:00,2025-08-20 20:25:00,1.16467,1.16737,1.1592700000000002,0.0026999999999999247,False,extreme,2025-08-20 23:55:00,1.16462,end_of_day,43,0.018518518518558114,0,0.0,0.018518518518558114,0.20740740740745614,0.14814814814813596
EURUSD,NY,2025-08-21,Thursday,1,1.16612,1.1625,0.0036199999999999566,long,2025-08-21 09:50:00,1.16155,2025-08-21 10:05:00,2025-08-21 10:10:00,1.16256,1.16155,1.16458,0.0010099999999999554,False,extreme,2025-08-21 10:40:00,1.16155,stop,7,-1.0,0,0.0,-1.0,0.3960396039603699,1.6534653465347862
EURUSD,NY,2025-08-22,Friday,1,1.1599,1.15831,0.0015899999999999803,short,2025-08-22 04:55:00,1.16025,2025-08-22 05:10:00,2025-08-22 05:15:00,1.15989,1.16025,1.1591700000000003,0.00035999999999991594,False,extreme,2025-08-22 07:05:00,1.16025,stop,23,-1.0,0,0.0,-1.0,1.5277777777782746,1.083333333333282
EURUSD,NY,2025-08-22,Friday,2,1.1599,1.15831,0.0015899999999999803,short,2025-08-22 07:00:00,1.16028,2025-08-22 07:20:00,2025-08-22 07:25:00,1.15981,1.16028,1.15887,0.00046999999999997044,False,extreme,2025-08-22 07:35:00,1.16028,stop,3,-1.0,0,0.0,-1.0,0.6808510638300386,1.5319148936172324
EURUSD,NY,2025-08-25,Monday,1,1.17205,1.16943,0.0026200000000000667,long,2025-08-25 05:50:00,1.16899,2025-08-25 06:05:00,2025-08-25 06:10:00,1.16957,1.16899,1.17073,0.0005800000000000249,False,extreme,2025-08-25 06:20:00,1.16899,stop,3,-1.0,0,0.0,-1.0,0.17241379310342186,1.603448275862168
EURUSD,NY,2025-08-25,Monday,2,1.17205,1.16943,0.0026200000000000667,long,2025-08-25 06:20:00,1.16852,2025-08-25 07:15:00,2025-08-25 07:20:00,1.16957,1.16852,1.17167,0.0010499999999999954,False,extreme,2025-08-25 11:00:00,1.16852,stop,45,-1.0,0,0.0,-1.0,1.2761904761903835,1.1714285714286379
EURUSD,NY,2025-08-26,Tuesday,1,1.16447,1.16022,0.004249999999999865,short,2025-08-26 06:20:00,1.16475,2025-08-26 06:25:00,2025-08-26 06:30:00,1.16433,1.16475,1.1634900000000004,0.0004199999999998649,False,extreme,2025-08-26 07:00:00,1.16475,stop,7,-1.0,0,0.0,-1.0,1.4761904761911055,1.1428571428570673
EURUSD,NY,2025-08-26,Tuesday,2,1.16447,1.16022,0.004249999999999865,short,2025-08-26 06:55:00,1.16491,2025-08-26 07:25:00,2025-08-26 07:30:00,1.16419,1.16491,1.1627500000000004,0.0007199999999998319,False,extreme,2025-08-26 07:30:00,1.16491,stop,1,-1.0,0,0.0,-1.0,0.04166666666664097,1.1388888888892144
EURUSD,NY,2025-08-26,Tuesday,3,1.16447,1.16022,0.004249999999999865,short,2025-08-26 07:30:00,1.16606,2025-08-26 09:00:00,2025-08-26 09:05:00,1.16409,1.16606,1.16015,0.0019700000000000273,False,extreme,2025-08-26 10:20:00,1.16606,stop,16,-1.0,0,0.0,-1.0,0.17766497461932368,1.152284263959372
EURUSD,NY,2025-08-26,Tuesday,4,1.16447,1.16022,0.004249999999999865,short,2025-08-26 09:25:00,1.16654,2025-08-26 13:45:00,2025-08-26 13:50:00,1.1643,1.16654,1.1598199999999999,0.0022400000000000198,False,extreme,2025-08-26 23:55:00,1.16252,end_of_day,122,0.7946428571428023,0,0.0,0.7946428571428023,0.9508928571428332,0.2589285714285803
EURUSD,NY,2025-08-27,Wednesday,1,1.16256,1.15962,0.0029399999999999427,long,2025-08-27 04:05:00,1.1574,2025-08-27 09:05:00,2025-08-27 09:10:00,1.15972,1.1574,1.1643600000000003,0.0023200000000000998,False,extreme,2025-08-27 18:35:00,1.1643600000000003,target,114,2.0,0,0.0,2.0,2.0258620689653983,0.6465517241379277
EURUSD,NY,2025-08-28,Thursday,1,1.16497,1.16339,0.0015800000000001369,long,2025-08-28 04:25:00,1.1629,2025-08-28 04:30:00,2025-08-28 04:35:00,1.16349,1.1629,1.1646699999999996,0.0005899999999998684,False,extreme,2025-08-28 05:05:00,1.1646699999999996,target,7,2.0,0,0.0,2.0,2.406779661017447,0.033898305084599054
EURUSD,NY,2025-08-28,Thursday,2,1.16497,1.16339,0.0015800000000001369,short,2025-08-28 05:35:00,1.16547,2025-08-28 05:45:00,2025-08-28 05:50:00,1.1649,1.16547,1.1637600000000001,0.0005699999999999594,False,extreme,2025-08-28 06:10:00,1.16547,stop,5,-1.0,0,0.0,-1.0,0.2807017543858761,1.0526315789473275
EURUSD,NY,2025-08-29,Friday,1,1.16772,1.16585,0.0018700000000000383,short,2025-08-29 04:00:00,1.16784,2025-08-29 04:05:00,2025-08-29 04:10:00,1.16729,1.16784,1.1661899999999998,0.0005500000000000504,False,extreme,2025-08-29 04:30:00,1.16784,stop,5,-1.0,0,0.0,-1.0,0.6363636363633061,3.127272727272742
EURUSD,NY,2025-08-29,Friday,2,1.16772,1.16585,0.0018700000000000383,short,2025-08-29 04:25:00,1.16901,2025-08-29 04:50:00,2025-08-29 04:55:00,1.16765,1.16901,1.16493,0.0013600000000000279,False,extreme,2025-08-29 10:30:00,1.16901,stop,68,-1.0,0,0.0,-1.0,1.875,1.654411764705748
EURUSD,NY,2025-09-01,Monday,1,1.17336,1.17047,0.002890000000000059,short,2025-09-01 04:50:00,1.17363,2025-09-01 05:00:00,2025-09-01 05:05:00,1.1732,1.17363,1.1723400000000002,0.00042999999999993044,False,extreme,2025-09-01 05:15:00,1.1723400000000002,target,3,2.0,0,0.0,2.0,2.2790697674421847,0.06976744186041708
EURUSD,NY,2025-09-01,Monday,2,1.17336,1.17047,0.002890000000000059,long,2025-09-01 11:15:00,1.17012,2025-09-01 11:25:00,2025-09-01 11:30:00,1.17051,1.17012,1.1712899999999997,0.00038999999999989043,False,extreme,2025-09-01 11:40:00,1.17012,stop,3,-1.0,0,0.0,-1.0,0.1538461538466356,1.205128205128468
EURUSD,NY,2025-09-01,Monday,3,1.17336,1.17047,0.002890000000000059,long,2025-09-01 11:30:00,1.16966,2025-09-01 12:55:00,2025-09-01 13:00:00,1.17049,1.16966,1.1721500000000002,0.0008300000000001084,False,extreme,2025-09-01 22:10:00,1.16966,stop,111,-1.0,0,0.0,-1.0,1.6385542168672893,1.180722891566088
EURUSD,NY,2025-09-02,Tuesday,1,1.17066,1.16428,0.006380000000000052,long,2025-09-02 04:25:00,1.16337,2025-09-02 04:30:00,2025-09-02 04:35:00,1.16435,1.16337,1.16631,0.0009799999999999809,False,extreme,2025-09-02 05:15:00,1.16337,stop,9,-1.0,0,0.0,-1.0,1.2653061224489102,1.2346938775509764
EURUSD,NY,2025-09-02,Tuesday,2,1.17066,1.16428,0.006380000000000052,long,2025-09-02 05:05:00,1.16239,2025-09-02 07:50:00,2025-09-02 07:55:00,1.16457,1.16239,1.1689300000000002,0.0021800000000000708,False,extreme,2025-09-02 08:30:00,1.16239,stop,8,-1.0,0,0.0,-1.0,0.33486238532104295,1.1284403669724994
EURUSD,NY,2025-09-02,Tuesday,3,1.17066,1.16428,0.006380000000000052,long,2025-09-02 08:10:00,1.16129,2025-09-02 09:35:00,2025-09-02 09:40:00,1.16465,1.16129,1.17137,0.0033600000000000296,False,extreme,2025-09-02 23:55:00,1.16235,end_of_day,172,-0.6845238095237942,0,0.0,-0.6845238095237942,1.074404761904786,0.7023809523809217
EURUSD,NY,2025-09-03,Wednesday,1,1.1643,1.1608,0.0034999999999998366,short,2025-09-03 04:05:00,1.16646,2025-09-03 06:40:00,2025-09-03 06:45:00,1.16398,1.16646,1.15902,0.0024800000000000377,False,extreme,2025-09-03 10:00:00,1.16646,stop,40,-1.0,0,0.0,-1.0,0.056451612903236636,1.374999999999944
EURUSD,NY,2025-09-04,Thursday,1,1.16613,1.16442,0.0017100000000001003,long,2025-09-04 05:25:00,1.16409,2025-09-04 05:30:00,2025-09-04 05:35:00,1.16463,1.16409,1.16571,0.0005399999999999849,False,extreme,2025-09-04 05:50:00,1.16409,stop,4,-1.0,0,0.0,-1.0,0.09259259259237938,1.2222222222224506
EURUSD,NY,2025-09-04,Thursday,2,1.16613,1.16442,0.0017100000000001003,long,2025-09-04 05:35:00,1.16397,2025-09-04 06:05:00,2025-09-04 06:10:00,1.16487,1.16397,1.1666700000000003,0.0009000000000001229,False,extreme,2025-09-04 07:55:00,1.16397,stop,22,-1.0,0,0.0,-1.0,1.2222222222219208,1.044444444444483
EURUSD,NY,2025-09-04,Thursday,3,1.16613,1.16442,0.0017100000000001003,long,2025-09-04 07:40:00,1.16393,2025-09-04 08:00:00,2025-09-04 08:05:00,1.16477,1.16393,1.1664500000000004,0.0008400000000001739,False,extreme,2025-09-04 08:30:00,1.16393,stop,6,-1.0,0,0.0,-1.0,1.1785714285709754,1.1428571428569918
EURUSD,NY,2025-09-04,Thursday,4,1.16613,1.16442,0.0017100000000001003,long,2025-09-04 08:30:00,1.163,2025-09-04 08:55:00,2025-09-04 09:00:00,1.1646,1.163,1.1678000000000002,0.0016000000000000458,False,extreme,2025-09-04 23:55:00,1.16714,end_of_day,180,1.5874999999999462,0,0.0,1.5874999999999462,1.7937499999999038,0.9124999999999844
EURUSD,NY,2025-09-05,Friday,1,1.16789,1.16648,0.0014100000000001334,short,2025-09-05 04:15:00,1.16844,2025-09-05 04:30:00,2025-09-05 04:35:00,1.16776,1.16844,1.1663999999999999,0.0006800000000000139,False,extreme,2025-09-05 05:05:00,1.16844,stop,7,-1.0,0,0.0,-1.0,0.33823529411757025,1.2941176470587852
EURUSD,NY,2025-09-08,Monday,1,1.1734,1.1706,0.0027999999999999137,short,2025-09-08 04:00:00,1.17429,2025-09-08 04:20:00,2025-09-08 04:25:00,1.17335,1.17429,1.1714699999999996,0.0009400000000001629,False,extreme,2025-09-08 09:05:00,1.17429,stop,57,-1.0,0,0.0,-1.0,1.414893617020852,1.4148936170210882
EURUSD,NY,2025-09-09,Tuesday,1,1.17801,1.17478,0.003230000000000066,long,2025-09-09 04:05:00,1.17443,2025-09-09 04:20:00,2025-09-09 04:25:00,1.17498,1.17443,1.1760799999999996,0.0005499999999998284,False,extreme,2025-09-09 04:40:00,1.1760799999999996,target,4,2.0,0,0.0,2.0,2.254545454546394,0.27272727272712594
EURUSD,NY,2025-09-10,Wednesday,1,1.17184,1.16824,0.0036000000000000476,short,2025-09-10 08:30:00,1.17275,2025-09-10 08:35:00,2025-09-10 08:40:00,1.17088,1.17275,1.1671399999999998,0.0018700000000000383,False,extreme,2025-09-10 10:10:00,1.17275,stop,19,-1.0,0,0.0,-1.0,0.8502673796791165,1.048128342246066
EURUSD,NY,2025-09-10,Wednesday,2,1.17184,1.16824,0.0036000000000000476,short,2025-09-10 09:30:00,1.17284,2025-09-10 10:20:00,2025-09-10 10:25:00,1.17157,1.17284,1.1690299999999998,0.0012700000000001044,False,extreme,2025-09-10 10:45:00,1.17284,stop,5,-1.0,0,0.0,-1.0,0.055118110236227355,1.1732283464565896
EURUSD,NY,2025-09-10,Wednesday,3,1.17184,1.16824,0.0036000000000000476,short,2025-09-10 10:25:00,1.17306,2025-09-10 11:45:00,2025-09-10 11:50:00,1.17183,1.17306,1.1693699999999998,0.0012300000000000644,False,extreme,2025-09-10 15:30:00,1.1693699999999998,target,45,2.0,0,0.0,2.0,2.0325203252031026,0.03252032520328285
EURUSD,NY,2025-09-11,Thursday,1,1.16995,1.16838,0.0015700000000000713,long,2025-09-11 05:40:00,1.16772,2025-09-11 05:45:00,2025-09-11 05:50:00,1.16857,1.16772,1.1702700000000001,0.0008500000000000174,False,extreme,2025-09-11 08:15:00,1.16772,stop,30,-1.0,0,0.0,-1.0,0.6352941176470281,2.529411764705944
EURUSD,NY,2025-09-11,Thursday,2,1.16995,1.16838,0.0015700000000000713,long,2025-09-11 08:15:00,1.16642,2025-09-11 08:25:00,2025-09-11 08:30:00,1.16792,1.16642,1.1709200000000002,0.0015000000000000568,False,extreme,2025-09-11 08:30:00,1.16642,both_touched,1,-1.0,0,0.0,-1.0,2.6066666666664733,1.239999999999935
EURUSD,NY,2025-09-11,Thursday,3,1.16995,1.16838,0.0015700000000000713,short,2025-09-11 08:30:00,1.17209,2025-09-11 08:45:00,2025-09-11 08:50:00,1.16982,1.17209,1.16528,0.0022699999999999942,False,extreme,2025-09-11 09:00:00,1.17209,stop,3,-1.0,0,0.0,-1.0,0.2643171806168095,1.6960352422907132
EURUSD,NY,2025-09-12,Friday,1,1.17478,1.17209,0.002689999999999859,long,2025-09-12 04:45:00,1.17125,2025-09-12 05:20:00,2025-09-12 05:25:00,1.17218,1.17125,1.1740400000000002,0.0009300000000000974,False,extreme,2025-09-12 08:25:00,1.17125,stop,37,-1.0,0,0.0,-1.0,1.4838709677417121,1.268817204300898
EURUSD,NY,2025-09-12,Friday,2,1.17478,1.17209,0.002689999999999859,long,2025-09-12 08:00:00,1.17012,2025-09-12 10:00:00,2025-09-12 10:05:00,1.17224,1.17012,1.1764799999999997,0.0021199999999998997,False,extreme,2025-09-12 16:55:00,1.17312,friday_close,83,0.4150943396226573,0,0.0,0.4150943396226573,0.9198113207548163,0.5849056603773427
EURUSD,NY,2025-09-16,Tuesday,1,1.18018,1.17736,0.0028200000000000447,short,2025-09-16 05:05:00,1.18212,2025-09-16 08:25:00,2025-09-16 08:30:00,1.17996,1.18212,1.1756399999999996,0.002160000000000162,False,extreme,2025-09-16 09:25:00,1.18212,stop,12,-1.0,0,0.0,-1.0,0.509259259259165,1.1203703703703276
EURUSD,NY,2025-09-17,Wednesday,1,1.18597,1.18383,0.0021400000000000308,long,2025-09-17 06:10:00,1.18327,2025-09-17 06:30:00,2025-09-17 06:35:00,1.18401,1.18327,1.18549,0.0007399999999999629,False,extreme,2025-09-17 10:15:00,1.18549,target,45,2.0,0,0.0,2.0,2.1216216216218244,0.864864864864873
EURUSD,NY,2025-09-17,Wednesday,2,1.18597,1.18383,0.0021400000000000308,long,2025-09-17 14:50:00,1.18191,2025-09-17 15:00:00,2025-09-17 15:05:00,1.18493,1.18191,1.19097,0.0030200000000000227,False,extreme,2025-09-17 16:15:00,1.18191,stop,15,-1.0,0,0.0,-1.0,0.25165562913902856,1.2483443708609347
EURUSD,NY,2025-09-18,Thursday,1,1.18388,1.17805,0.005830000000000002,short,2025-09-18 05:25:00,1.18411,2025-09-18 05:30:00,2025-09-18 05:35:00,1.1838,1.18411,1.18318,0.00031000000000003247,False,extreme,2025-09-18 05:35:00,1.18411,stop,1,-1.0,0,0.0,-1.0,0.16129032258025236,3.0967741935482946
EURUSD,NY,2025-09-18,Thursday,2,1.18388,1.17805,0.005830000000000002,short,2025-09-18 05:35:00,1.18482,2025-09-18 05:55:00,2025-09-18 06:00:00,1.18379,1.18482,1.1817299999999997,0.0010300000000000864,False,extreme,2025-09-18 08:10:00,1.1817299999999997,target,27,2.0,0,0.0,2.0,2.087378640776402,0.2233009708739371
EURUSD,NY,2025-09-18,Thursday,3,1.18388,1.17805,0.005830000000000002,long,2025-09-18 09:30:00,1.17501,2025-09-18 11:00:00,2025-09-18 11:05:00,1.17833,1.17501,1.18497,0.0033199999999999896,False,extreme,2025-09-18 23:55:00,1.17816,end_of_day,155,-0.05120481927710964,0,0.0,-0.05120481927710964,0.31325301204817263,0.41867469879518276
EURUSD,NY,2025-09-19,Friday,1,1.17898,1.17574,0.0032399999999999096,long,2025-09-19 04:05:00,1.17562,2025-09-19 04:10:00,2025-09-19 04:15:00,1.1758,1.17562,1.1761599999999997,0.00017999999999984695,False,extreme,2025-09-19 04:20:00,1.17562,stop,2,-1.0,0,0.0,-1.0,0.9444444444452669,2.0555555555572003
EURUSD,NY,2025-09-19,Friday,2,1.17898,1.17574,0.0032399999999999096,long,2025-09-19 04:20:00,1.17512,2025-09-19 04:30:00,2025-09-19 04:35:00,1.17644,1.17512,1.17908,0.0013199999999999878,False,extreme,2025-09-19 07:40:00,1.17512,stop,38,-1.0,0,0.0,-1.0,0.32575757575769426,1.2727272727272116
EURUSD,NY,2025-09-19,Friday,3,1.17898,1.17574,0.0032399999999999096,long,2025-09-19 07:35:00,1.17288,2025-09-19 09:45:00,2025-09-19 09:50:00,1.17596,1.17288,1.1821199999999998,0.0030799999999999716,False,extreme,2025-09-19 16:55:00,1.17439,friday_close,86,-0.5097402597402155,0,0.0,-0.5097402597402155,0.2694805194805572,0.7207792207791913
EURUSD,NY,2025-09-23,Tuesday,1,1.18079,1.17775,0.0030399999999999316,short,2025-09-23 05:20:00,1.18125,2025-09-23 05:30:00,2025-09-23 05:35:00,1.18065,1.18125,1.17945,0.0005999999999999339,False,extreme,2025-09-23 06:25:00,1.17945,target,11,2.0,0,0.0,2.0,2.3666666666668887,0.400000000000074
EURUSD,NY,2025-09-23,Tuesday,2,1.18079,1.17775,0.0030399999999999316,short,2025-09-23 13:05:00,1.18096,2025-09-23 13:10:00,2025-09-23 13:15:00,1.18076,1.18096,1.18036,0.00019999999999997797,False,extreme,2025-09-23 13:20:00,1.18036,target,2,2.0,0,0.0,2.0,2.300000000000888,0.2499999999994449
EURUSD,NY,2025-09-23,Tuesday,3,1.18079,1.17775,0.0030399999999999316,short,2025-09-23 13:25:00,1.18179,2025-09-23 15:15:00,2025-09-23 15:20:00,1.18072,1.18179,1.1785800000000002,0.0010699999999999044,False,extreme,2025-09-23 15:50:00,1.18179,stop,7,-1.0,0,0.0,-1.0,0.009345794392585425,1.0093457943925854
EURUSD,NY,2025-09-23,Tuesday,4,1.18079,1.17775,0.0030399999999999316,short,2025-09-23 15:20:00,1.18191,2025-09-23 20:25:00,2025-09-23 20:30:00,1.18066,1.18191,1.17816,0.0012499999999999734,False,extreme,2025-09-23 23:55:00,1.17974,end_of_day,42,0.7360000000000412,0,0.0,0.7360000000000412,0.9200000000000071,0.11999999999990052
EURUSD,NY,2025-09-26,Friday,1,1.1684,1.16684,0.0015600000000000058,short,2025-09-26 04:30:00,1.16878,2025-09-26 04:40:00,2025-09-26 04:45:00,1.16836,1.16878,1.1675200000000003,0.0004199999999998649,False,extreme,2025-09-26 06:15:00,1.1675200000000003,target,19,2.0,0,0.0,2.0,2.0000000000010574,0.19047619047591355
EURUSD,NY,2025-09-26,Friday,2,1.1684,1.16684,0.0015600000000000058,long,2025-09-26 06:45:00,1.16614,2025-09-26 07:05:00,2025-09-26 07:10:00,1.16689,1.16614,1.16839,0.0007500000000000284,False,extreme,2025-09-26 08:30:00,1.16839,target,17,2.0,0,0.0,2.0,2.320000000000012,0.8399999999998461
EURUSD,NY,2025-09-26,Friday,3,1.1684,1.16684,0.0015600000000000058,short,2025-09-26 09:00:00,1.16944,2025-09-26 09:20:00,2025-09-26 09:25:00,1.16799,1.16944,1.1650900000000002,0.0014499999999999513,False,extreme,2025-09-26 10:05:00,1.16944,stop,9,-1.0,0,0.0,-1.0,0.12413793103453451,1.137931034482748
EURUSD,NY,2025-09-29,Monday,1,1.17334,1.17174,0.0016000000000000458,long,2025-09-29 04:20:00,1.17077,2025-09-29 04:35:00,2025-09-29 04:40:00,1.17195,1.17077,1.17431,0.0011799999999999589,False,extreme,2025-09-29 08:45:00,1.17431,target,50,2.0,0,0.0,2.0,2.0,0.8728813559323071
EURUSD,NY,2025-09-29,Monday,2,1.17334,1.17174,0.0016000000000000458,short,2025-09-29 08:35:00,1.17546,2025-09-29 10:30:00,2025-09-29 10:35:00,1.17314,1.17546,1.1685000000000003,0.0023199999999998777,False,extreme,2025-09-29 23:55:00,1.17237,end_of_day,161,0.33189655172422416,0,0.0,0.33189655172422416,0.8275862068966573,0.181034482758572
EURUSD,NY,2025-09-30,Tuesday,1,1.17484,1.17186,0.0029800000000002047,short,2025-09-30 04:05:00,1.17613,2025-09-30 05:20:00,2025-09-30 05:25:00,1.17465,1.17613,1.1716900000000001,0.0014799999999999258,False,extreme,2025-09-30 09:25:00,1.1716900000000001,target,49,2.0,0,0.0,2.0,2.0270270270270556,0.3783783783784757
EURUSD,NY,2025-09-30,Tuesday,2,1.17484,1.17186,0.0029800000000002047,short,2025-09-30 10:35:00,1.17508,2025-09-30 10:40:00,2025-09-30 10:45:00,1.1748,1.17508,1.1742400000000004,0.00027999999999983594,False,extreme,2025-09-30 10:45:00,1.17508,stop,1,-1.0,0,0.0,-1.0,0.3214285714292795,1.2142857142864507
EURUSD,NY,2025-09-30,Tuesday,3,1.17484,1.17186,0.0029800000000002047,short,2025-09-30 10:45:00,1.17525,2025-09-30 11:00:00,2025-09-30 11:05:00,1.17434,1.17525,1.17252,0.0009099999999999664,False,extreme,2025-09-30 12:45:00,1.17525,stop,21,-1.0,0,0.0,-1.0,1.9450549450550711,1.0
EURUSD,NY,2025-09-30,Tuesday,4,1.17484,1.17186,0.0029800000000002047,short,2025-09-30 12:35:00,1.17615,2025-09-30 13:50:00,2025-09-30 13:55:00,1.17484,1.17615,1.1722200000000003,0.0013099999999999223,False,extreme,2025-09-30 23:55:00,1.17379,end_of_day,121,0.8015267175574654,0,0.0,0.8015267175574654,1.4351145038169582,0.22900763358777462
EURUSD,NY,2025-10-01,Wednesday,1,1.17787,1.17379,0.0040800000000000836,long,2025-10-01 05:50:00,1.1716,2025-10-01 07:35:00,2025-10-01 07:40:00,1.17385,1.1716,1.1783500000000002,0.0022500000000000853,False,extreme,2025-10-01 12:40:00,1.1716,stop,61,-1.0,0,0.0,-1.0,1.3422222222221813,1.0222222222221695
EURUSD,NY,2025-10-01,Wednesday,2,1.17787,1.17379,0.0040800000000000836,long,2025-10-01 11:10:00,1.17155,2025-10-01 14:25:00,2025-10-01 14:30:00,1.17379,1.17155,1.1782699999999995,0.0022399999999997977,False,extreme,2025-10-01 23:55:00,1.17348,end_of_day,114,-0.13839285714278501,0,0.0,-0.13839285714278501,0.18750000000005576,0.6741071428571592
EURUSD,NY,2025-10-02,Thursday,1,1.17568,1.17295,0.0027300000000001212,short,2025-10-02 05:15:00,1.17583,2025-10-02 05:25:00,2025-10-02 05:30:00,1.17558,1.17583,1.1750800000000003,0.00024999999999986144,False,extreme,2025-10-02 05:50:00,1.1750800000000003,target,5,2.0,0,0.0,2.0,2.0800000000014567,0.8399999999997513
EURUSD,NY,2025-10-02,Thursday,2,1.17568,1.17295,0.0027300000000001212,short,2025-10-02 08:00:00,1.17583,2025-10-02 08:05:00,2025-10-02 08:10:00,1.17534,1.17583,1.1743600000000003,0.0004899999999998794,False,extreme,2025-10-02 08:40:00,1.1743600000000003,target,7,2.0,0,0.0,2.0,3.142857142858114,0.795918367346911
EURUSD,NY,2025-10-03,Friday,1,1.17341,1.17149,0.0019200000000001438,short,2025-10-03 04:00:00,1.17446,2025-10-03 05:15:00,2025-10-03 05:20:00,1.17333,1.17446,1.1710699999999998,0.0011300000000000754,False,extreme,2025-10-03 10:00:00,1.17446,stop,57,-1.0,0,0.0,-1.0,0.522123893805355,1.5044247787609923
EURUSD,NY,2025-10-03,Friday,2,1.17341,1.17149,0.0019200000000001438,short,2025-10-03 09:15:00,1.17591,2025-10-03 13:50:00,2025-10-03 13:55:00,1.17328,1.17591,1.1680200000000003,0.00262999999999991,False,extreme,2025-10-03 16:55:00,1.17413,friday_close,37,-0.3231939163497431,0,0.0,-0.3231939163497431,0.23193916349810656,0.4486692015209122
EURUSD,NY,2025-10-06,Monday,1,1.17275,1.16622,0.006529999999999925,long,2025-10-06 04:00:00,1.16519,2025-10-06 04:25:00,2025-10-06 04:30:00,1.16678,1.16519,1.1699599999999999,0.0015899999999999803,False,extreme,2025-10-06 09:50:00,1.1699599999999999,target,65,2.0,0,0.0,2.0,2.106918238993714,0.9622641509434279
EURUSD,NY,2025-10-07,Tuesday,1,1.17074,1.16703,0.00370999999999988,long,2025-10-07 04:45:00,1.16606,2025-10-07 06:05:00,2025-10-07 06:10:00,1.16709,1.16606,1.1691499999999997,0.0010299999999998644,False,extreme,2025-10-07 07:20:00,1.16606,stop,15,-1.0,0,0.0,-1.0,0.48543689320389394,1.019417475728285
EURUSD,NY,2025-10-07,Tuesday,2,1.17074,1.16703,0.00370999999999988,long,2025-10-07 07:05:00,1.16539,2025-10-07 11:10:00,2025-10-07 11:15:00,1.16723,1.16539,1.1709100000000001,0.0018400000000000638,False,extreme,2025-10-07 15:10:00,1.16539,stop,48,-1.0,0,0.0,-1.0,0.48369565217392746,1.0108695652173414
EURUSD,NY,2025-10-08,Wednesday,1,1.16343,1.16071,0.0027200000000000557,short,2025-10-08 04:05:00,1.16355,2025-10-08 04:10:00,2025-10-08 04:15:00,1.16313,1.16355,1.1622899999999998,0.00042000000000008697,False,extreme,2025-10-08 04:40:00,1.1622899999999998,target,6,2.0,0,0.0,2.0,2.1428571428564633,0.0
EURUSD,NY,2025-10-08,Wednesday,2,1.16343,1.16071,0.0027200000000000557,short,2025-10-08 08:10:00,1.16356,2025-10-08 08:15:00,2025-10-08 08:20:00,1.16342,1.16356,1.1631399999999998,0.000140000000000029,False,extreme,2025-10-08 08:20:00,1.16356,stop,1,-1.0,0,0.0,-1.0,0.9285714285709754,1.9285714285709754
EURUSD,NY,2025-10-08,Wednesday,3,1.16343,1.16071,0.0027200000000000557,short,2025-10-08 08:20:00,1.16379,2025-10-08 08:35:00,2025-10-08 08:40:00,1.16309,1.16379,1.1616899999999997,0.000700000000000145,False,extreme,2025-10-08 09:10:00,1.16379,stop,7,-1.0,0,0.0,-1.0,0.04285714285709754,1.2714285714283902
EURUSD,NY,2025-10-08,Wednesday,4,1.16343,1.16071,0.0027200000000000557,short,2025-10-08 09:05:00,1.16447,2025-10-08 09:20:00,2025-10-08 09:25:00,1.16331,1.16447,1.1609900000000004,0.0011599999999998278,False,extreme,2025-10-08 11:45:00,1.1609900000000004,target,29,2.0,0,0.0,2.0,2.198275862069337,0.46551724137936645
EURUSD,NY,2025-10-08,Wednesday,5,1.16343,1.16071,0.0027200000000000557,long,2025-10-08 11:50:00,1.15985,2025-10-08 13:20:00,2025-10-08 13:25:00,1.16073,1.15985,1.16249,0.0008799999999999919,False,extreme,2025-10-08 15:00:00,1.16249,target,20,2.0,0,0.0,2.0,2.079545454545472,0.8863636363636478
EURUSD,NY,2025-10-08,Wednesday,6,1.16343,1.16071,0.0027200000000000557,short,2025-10-08 18:50:00,1.16353,2025-10-08 18:55:00,2025-10-08 19:00:00,1.16338,1.16353,1.1630800000000003,0.00014999999999987246,False,extreme,2025-10-08 19:00:00,1.1630800000000003,target,1,2.0,0,0.0,2.0,2.0666666666686404,0.0
EURUSD,NY,2025-10-09,Thursday,1,1.16483,1.16064,0.004190000000000138,long,2025-10-09 04:30:00,1.16032,2025-10-09 04:40:00,2025-10-09 04:45:00,1.16117,1.16032,1.16287,0.0008500000000000174,False,extreme,2025-10-09 09:40:00,1.16032,stop,60,-1.0,0,0.0,-1.0,1.8588235294116264,2.3764705882354016
EURUSD,NY,2025-10-10,Friday,1,1.15801,1.1561,0.0019100000000000783,short,2025-10-10 04:05:00,1.15895,2025-10-10 04:50:00,2025-10-10 04:55:00,1.15796,1.15895,1.1559800000000005,0.0009899999999998244,False,extreme,2025-10-10 08:00:00,1.1559800000000005,target,38,2.0,0,0.0,2.0,2.0303030303034584,0.3939393939393532
EURUSD,NY,2025-10-14,Tuesday,1,1.15936,1.15428,0.005079999999999973,short,2025-10-14 10:55:00,1.15973,2025-10-14 11:05:00,2025-10-14 11:10:00,1.15881,1.15973,1.1569699999999998,0.0009200000000000319,False,extreme,2025-10-14 11:45:00,1.15973,stop,8,-1.0,0,0.0,-1.0,0.16304347826072527,1.0434782608696072
EURUSD,NY,2025-10-15,Wednesday,1,1.16444,1.16169,0.00275000000000003,long,2025-10-15 08:50:00,1.16139,2025-10-15 08:55:00,2025-10-15 09:00:00,1.16177,1.16139,1.16253,0.00038000000000004697,False,extreme,2025-10-15 09:00:00,1.16139,stop,1,-1.0,0,0.0,-1.0,0.10526315789482911,1.894736842105171
EURUSD,NY,2025-10-15,Wednesday,2,1.16444,1.16169,0.00275000000000003,long,2025-10-15 09:00:00,1.16105,2025-10-15 09:05:00,2025-10-15 09:10:00,1.16167,1.16105,1.16291,0.0006200000000000649,False,extreme,2025-10-15 09:45:00,1.16291,target,8,2.0,0,0.0,2.0,2.064516129031958,0.7580645161289051
EURUSD,NY,2025-10-15,Wednesday,3,1.16444,1.16169,0.00275000000000003,short,2025-10-15 16:00:00,1.16478,2025-10-15 16:15:00,2025-10-15 16:20:00,1.16436,1.16478,1.1635200000000003,0.0004199999999998649,False,extreme,2025-10-15 18:00:00,1.16478,stop,21,-1.0,0,0.0,-1.0,1.6666666666675478,1.1666666666667547
EURUSD,NY,2025-10-15,Wednesday,4,1.16444,1.16169,0.00275000000000003,short,2025-10-15 18:00:00,1.1652,2025-10-15 20:00:00,2025-10-15 20:05:00,1.16436,1.1652,1.1626800000000002,0.0008399999999999519,False,extreme,2025-10-15 20:20:00,1.1652,stop,4,-1.0,0,0.0,-1.0,0.08333333333335537,1.321428571428581
EURUSD,NY,2025-10-16,Thursday,1,1.1668,1.16431,0.0024900000000001032,short,2025-10-16 10:15:00,1.16782,2025-10-16 11:40:00,2025-10-16 11:45:00,1.16678,1.16782,1.1646999999999996,0.001040000000000152,False,extreme,2025-10-16 12:45:00,1.16782,stop,13,-1.0,0,0.0,-1.0,0.6249999999997331,1.0576923076922502
EURUSD,NY,2025-10-17,Friday,1,1.17285,1.16934,0.003509999999999902,long,2025-10-17 06:20:00,1.16919,2025-10-17 06:25:00,2025-10-17 06:30:00,1.16945,1.16919,1.1699700000000004,0.000260000000000149,False,extreme,2025-10-17 06:45:00,1.1699700000000004,target,4,2.0,0,0.0,2.0,2.499999999997865,0.7307692307693293
EURUSD,NY,2025-10-20,Monday,1,1.16757,1.16538,0.0021899999999999142,long,2025-10-20 06:15:00,1.16512,2025-10-20 06:25:00,2025-10-20 06:30:00,1.16542,1.16512,1.1660199999999998,0.00029999999999996696,False,extreme,2025-10-20 07:00:00,1.16512,stop,7,-1.0,0,0.0,-1.0,0.7666666666673329,1.1333333333334814
EURUSD,NY,2025-10-20,Monday,2,1.16757,1.16538,0.0021899999999999142,long,2025-10-20 06:55:00,1.16508,2025-10-20 07:05:00,2025-10-20 07:10:00,1.16537,1.16508,1.1659500000000003,0.0002900000000001235,False,extreme,2025-10-20 07:20:00,1.16508,stop,3,-1.0,0,0.0,-1.0,0.13793103448283783,1.0
EURUSD,NY,2025-10-20,Monday,3,1.16757,1.16538,0.0021899999999999142,long,2025-10-20 07:10:00,1.16445,2025-10-20 07:55:00,2025-10-20 08:00:00,1.16565,1.16445,1.1680500000000003,0.0012000000000000899,False,extreme,2025-10-20 13:35:00,1.16445,stop,68,-1.0,0,0.0,-1.0,0.6666666666665433,1.0083333333333873
EURUSD,NY,2025-10-20,Monday,4,1.16757,1.16538,0.0021899999999999142,long,2025-10-20 12:20:00,1.16301,2025-10-20 20:40:00,2025-10-20 20:45:00,1.16544,1.16301,1.1703,0.002429999999999932,False,extreme,2025-10-20 23:55:00,1.16348,end_of_day,39,-0.8065843621399245,0,0.0,-0.8065843621399245,0.03703703703700658,0.8888888888888888
EURUSD,NY,2025-10-21,Tuesday,1,1.16378,1.16187,0.0019100000000000783,long,2025-10-21 04:45:00,1.1613,2025-10-21 04:55:00,2025-10-21 05:00:00,1.16212,1.1613,1.1637600000000001,0.0008200000000000429,False,extreme,2025-10-21 06:10:00,1.1613,stop,15,-1.0,0,0.0,-1.0,0.7560975609756494,1.0975609756098486
EURUSD,NY,2025-10-21,Tuesday,2,1.16378,1.16187,0.0019100000000000783,long,2025-10-21 06:05:00,1.16066,2025-10-21 07:00:00,2025-10-21 07:05:00,1.1621,1.16066,1.1649799999999997,0.0014399999999998858,False,extreme,2025-10-21 08:05:00,1.16066,stop,13,-1.0,0,0.0,-1.0,0.3472222222223657,1.0
EURUSD,NY,2025-10-21,Tuesday,3,1.16378,1.16187,0.0019100000000000783,long,2025-10-21 07:40:00,1.15977,2025-10-21 12:00:00,2025-10-21 12:05:00,1.16207,1.15977,1.1666699999999999,0.0022999999999999687,False,extreme,2025-10-21 17:00:00,1.15977,stop,60,-1.0,0,0.0,-1.0,0.1565217391304969,1.4434782608695804
EURUSD,NY,2025-10-22,Wednesday,1,1.16157,1.15996,0.0016099999999998893,long,2025-10-22 04:00:00,1.159,2025-10-22 05:05:00,2025-10-22 05:10:00,1.15997,1.159,1.1619099999999998,0.0009699999999999154,False,extreme,2025-10-22 06:10:00,1.159,stop,13,-1.0,0,0.0,-1.0,0.041237113402106694,1.0103092783505838
EURUSD,NY,2025-10-22,Wednesday,2,1.16157,1.15996,0.0016099999999998893,long,2025-10-22 05:10:00,1.15769,2025-10-22 10:25:00,2025-10-22 10:30:00,1.16028,1.15769,1.1654599999999997,0.00258999999999987,False,extreme,2025-10-22 23:55:00,1.15929,end_of_day,162,-0.38223938223941933,0,0.0,-0.38223938223941933,0.7683397683397822,0.4131274131273969
EURUSD,NY,2025-10-23,Thursday,1,1.16042,1.15906,0.0013600000000000279,long,2025-10-23 06:40:00,1.15855,2025-10-23 07:30:00,2025-10-23 07:35:00,1.15914,1.15855,1.1603200000000002,0.0005900000000000905,False,extreme,2025-10-23 08:45:00,1.1603200000000002,target,15,2.0,0,0.0,2.0,2.1016949152537587,0.8474576271187971
EURUSD,NY,2025-10-23,Thursday,2,1.16042,1.15906,0.0013600000000000279,short,2025-10-23 08:50:00,1.16062,2025-10-23 08:55:00,2025-10-23 09:00:00,1.16007,1.16062,1.1589699999999998,0.0005500000000000504,False,extreme,2025-10-23 09:30:00,1.16062,stop,7,-1.0,0,0.0,-1.0,0.45454545454516093,1.4727272727270966
EURUSD,NY,2025-10-24,Friday,1,1.1628,1.16009,0.00270999999999999,short,2025-10-24 08:30:00,1.16477,2025-10-24 09:45:00,2025-10-24 09:50:00,1.16241,1.16477,1.1576899999999997,0.0023600000000001398,False,extreme,2025-10-24 16:55:00,1.16278,friday_close,86,-0.156779661016932,0,0.0,-0.156779661016932,0.24999999999992945,0.5084745762711944
EURUSD,NY,2025-10-27,Monday,1,1.16324,1.16199,0.0012499999999999734,long,2025-10-27 04:00:00,1.16178,2025-10-27 04:10:00,2025-10-27 04:15:00,1.16242,1.16178,1.1637,0.0006399999999999739,False,extreme,2025-10-27 05:40:00,1.1637,target,18,2.0,0,0.0,2.0,2.1718750000000924,0.15624999999998915
EURUSD,NY,2025-10-28,Tuesday,1,1.16681,1.16511,0.0016999999999998128,long,2025-10-28 05:05:00,1.16451,2025-10-28 05:15:00,2025-10-28 05:20:00,1.16527,1.16451,1.1667900000000002,0.0007600000000000939,False,extreme,2025-10-28 08:35:00,1.16451,stop,40,-1.0,0,0.0,-1.0,1.6052631578945369,1.0789473684209758
EURUSD,NY,2025-10-28,Tuesday,2,1.16681,1.16511,0.0016999999999998128,long,2025-10-28 08:35:00,1.16257,2025-10-28 10:20:00,2025-10-28 10:25:00,1.16559,1.16257,1.1716299999999995,0.0030199999999998006,False,extreme,2025-10-28 23:55:00,1.16372,end_of_day,163,-0.6192052980132251,0,0.0,-0.6192052980132251,0.4238410596027332,0.6291390728477279
EURUSD,NY,2025-10-29,Wednesday,1,1.16379,1.16252,0.0012700000000001044,long,2025-10-29 04:55:00,1.16189,2025-10-29 05:20:00,2025-10-29 05:25:00,1.16249,1.16189,1.16369,0.0005999999999999339,False,extreme,2025-10-29 05:35:00,1.16369,target,3,2.0,0,0.0,2.0,2.1500000000002593,0.03333333333355538
EURUSD,NY,2025-10-29,Wednesday,2,1.16379,1.16252,0.0012700000000001044,short,2025-10-29 05:45:00,1.16489,2025-10-29 07:20:00,2025-10-29 07:25:00,1.16355,1.16489,1.1608700000000003,0.0013399999999998968,False,extreme,2025-10-29 10:55:00,1.16489,stop,43,-1.0,0,0.0,-1.0,0.6044776119403282,1.194029850746229
EURUSD,NY,2025-10-29,Wednesday,3,1.16379,1.16252,0.0012700000000001044,short,2025-10-29 10:10:00,1.16661,2025-10-29 14:10:00,2025-10-29 14:15:00,1.16355,1.16509,1.1604700000000003,0.0015399999999998748,True,swing,2025-10-29 14:35:00,1.1604700000000003,target,5,2.0,0,0.0,2.0,3.1818181818185227,0.7012987012987387
EURUSD,NY,2025-10-30,Thursday,1,1.16375,1.16095,0.0028000000000001357,long,2025-10-30 04:15:00,1.16072,2025-10-30 04:20:00,2025-10-30 04:25:00,1.16131,1.16072,1.1624900000000002,0.0005900000000000905,False,extreme,2025-10-30 05:25:00,1.1624900000000002,target,13,2.0,0,0.0,2.0,2.1355932203387216,0.5084745762710525
EURUSD,NY,2025-10-30,Thursday,2,1.16375,1.16095,0.0028000000000001357,long,2025-10-30 06:50:00,1.16041,2025-10-30 07:20:00,2025-10-30 07:25:00,1.16099,1.16041,1.16215,0.0005800000000000249,False,extreme,2025-10-30 07:40:00,1.16041,stop,4,-1.0,0,0.0,-1.0,0.20689655172433594,1.396551724137832
EURUSD,NY,2025-10-31,Friday,1,1.15735,1.15551,0.0018400000000000638,short,2025-10-31 05:10:00,1.15749,2025-10-31 05:15:00,2025-10-31 05:20:00,1.15714,1.15749,1.1564400000000004,0.00034999999999985043,False,extreme,2025-10-31 05:55:00,1.15749,stop,8,-1.0,0,0.0,-1.0,1.6857142857152645,1.5714285714293872
EURUSD,NY,2025-10-31,Friday,2,1.15735,1.15551,0.0018400000000000638,short,2025-10-31 05:55:00,1.15769,2025-10-31 06:00:00,2025-10-31 06:05:00,1.15711,1.15769,1.15595,0.0005800000000000249,False,extreme,2025-10-31 07:40:00,1.15595,target,20,2.0,0,0.0,2.0,2.2413793103448674,0.5517241379307969
EURUSD,NY,2025-11-03,Monday,1,1.15414,1.15096,0.0031799999999999606,long,2025-11-03 05:05:00,1.1508,2025-11-03 05:10:00,2025-11-03 05:15:00,1.15134,1.1508,1.15242,0.0005399999999999849,False,extreme,2025-11-03 08:25:00,1.1508,stop,39,-1.0,0,0.0,-1.0,1.6666666666665295,1.3888888888889803
EURUSD,NY,2025-11-03,Monday,2,1.15414,1.15096,0.0031799999999999606,long,2025-11-03 08:20:00,1.15059,2025-11-03 08:30:00,2025-11-03 08:35:00,1.15105,1.15059,1.1519699999999997,0.00045999999999990493,False,extreme,2025-11-03 09:30:00,1.15059,stop,12,-1.0,0,0.0,-1.0,0.8913043478263178,1.1739130434784708
EURUSD,NY,2025-11-03,Monday,3,1.15414,1.15096,0.0031799999999999606,long,2025-11-03 09:25:00,1.15051,2025-11-03 09:35:00,2025-11-03 09:40:00,1.15097,1.15051,1.1518900000000003,0.000460000000000127,False,extreme,2025-11-03 10:00:00,1.1518900000000003,target,5,2.0,0,0.0,2.0,2.3260869565208893,0.9565217391301619
EURUSD,NY,2025-11-03,Monday,4,1.15414,1.15096,0.0031799999999999606,long,2025-11-03 10:35:00,1.15084,2025-11-03 10:40:00,2025-11-03 10:45:00,1.15141,1.15084,1.15255,0.0005699999999999594,False,extreme,2025-11-03 11:00:00,1.15255,target,4,2.0,0,0.0,2.0,2.140350877193133,0.01754385964923899
EURUSD,NY,2025-11-03,Monday,5,1.15414,1.15096,0.0031799999999999606,long,2025-11-03 19:05:00,1.14983,2025-11-03 20:55:00,2025-11-03 21:00:00,1.15101,1.14983,1.1533700000000005,0.001180000000000181,False,extreme,2025-11-03 23:55:00,1.15096,end_of_day,36,-0.04237288135601513,0,0.0,-0.04237288135601513,0.6525423728812029,0.4322033898304511
EURUSD,NY,2025-11-04,Tuesday,1,1.15336,1.15075,0.002610000000000001,long,2025-11-04 04:50:00,1.1499,2025-11-04 05:05:00,2025-11-04 05:10:00,1.15078,1.1499,1.15254,0.0008799999999999919,False,extreme,2025-11-04 06:35:00,1.1499,stop,18,-1.0,0,0.0,-1.0,0.23863636363641524,1.05681818181805
EURUSD,NY,2025-11-05,Wednesday,1,1.14955,1.14834,0.0012100000000001554,long,2025-11-05 04:45:00,1.14817,2025-11-05 04:50:00,2025-11-05 04:55:00,1.14834,1.14817,1.14868,0.00017000000000000348,False,extreme,2025-11-05 05:00:00,1.14817,stop,2,-1.0,0,0.0,-1.0,0.8823529411770085,3.5882352941175704
EURUSD,NY,2025-11-05,Wednesday,2,1.14955,1.14834,0.0012100000000001554,long,2025-11-05 05:00:00,1.14761,2025-11-05 05:40:00,2025-11-05 05:45:00,1.14839,1.14761,1.14995,0.0007800000000000029,False,extreme,2025-11-05 08:50:00,1.14761,stop,38,-1.0,0,0.0,-1.0,1.2435897435896304,1.0512820512821024
EURUSD,NY,2025-11-05,Wednesday,3,1.14955,1.14834,0.0012100000000001554,long,2025-11-05 08:30:00,1.14687,2025-11-05 09:30:00,2025-11-05 09:35:00,1.14847,1.14687,1.1516700000000002,0.0016000000000000458,False,extreme,2025-11-05 23:55:00,1.15071,end_of_day,173,1.3999999999998334,0,0.0,1.3999999999998334,1.5187499999999141,0.9124999999999844
EURUSD,NY,2025-11-06,Thursday,1,1.15236,1.15037,0.0019900000000001583,short,2025-11-06 07:35:00,1.15442,2025-11-06 09:50:00,2025-11-06 09:55:00,1.15227,1.15442,1.1479699999999997,0.0021500000000000963,False,extreme,2025-11-06 13:05:00,1.15442,stop,39,-1.0,0,0.0,-1.0,0.16744186046506968,1.0186046511628084
EURUSD,NY,2025-11-10,Monday,1,1.15831,1.15515,0.0031600000000000517,long,2025-11-10 10:45:00,1.15445,2025-11-10 11:10:00,2025-11-10 11:15:00,1.15521,1.15445,1.1567300000000003,0.0007600000000000939,False,extreme,2025-11-10 11:45:00,1.15445,stop,7,-1.0,0,0.0,-1.0,0.3815789473682442,1.1578947368419514
EURUSD,NY,2025-11-10,Monday,2,1.15831,1.15515,0.0031600000000000517,long,2025-11-10 11:35:00,1.15412,2025-11-10 12:35:00,2025-11-10 12:40:00,1.15528,1.15412,1.1576000000000002,0.0011600000000000499,False,extreme,2025-11-10 23:55:00,1.1558,end_of_day,136,0.4482758620688203,0,0.0,0.4482758620688203,1.0517241379309883,0.6293103448276621
EURUSD,NY,2025-11-12,Wednesday,1,1.15884,1.15712,0.0017200000000001658,long,2025-11-12 04:50:00,1.15684,2025-11-12 05:00:00,2025-11-12 05:05:00,1.15742,1.15684,1.1585799999999995,0.0005799999999998029,False,extreme,2025-11-12 05:15:00,1.15684,stop,3,-1.0,0,0.0,-1.0,0.2241379310348788,1.1896551724139515
EURUSD,NY,2025-11-12,Wednesday,2,1.15884,1.15712,0.0017200000000001658,long,2025-11-12 05:15:00,1.15651,2025-11-12 06:00:00,2025-11-12 06:05:00,1.15715,1.15651,1.1584299999999998,0.0006399999999999739,False,extreme,2025-11-12 09:10:00,1.15651,stop,38,-1.0,0,0.0,-1.0,1.3750000000000433,1.1718749999997453
EURUSD,NY,2025-11-12,Wednesday,3,1.15884,1.15712,0.0017200000000001658,long,2025-11-12 09:05:00,1.15631,2025-11-12 09:40:00,2025-11-12 09:45:00,1.15726,1.15631,1.15916,0.0009500000000000064,False,extreme,2025-11-12 10:55:00,1.15916,target,15,2.0,0,0.0,2.0,2.452631578947292,0.06315789473678798
EURUSD,NY,2025-11-12,Wednesday,4,1.15884,1.15712,0.0017200000000001658,short,2025-11-12 10:50:00,1.15978,2025-11-12 14:00:00,2025-11-12 14:05:00,1.15884,1.15978,1.1569600000000002,0.0009399999999999409,False,extreme,2025-11-12 23:55:00,1.15901,end_of_day,119,-0.18085106382980232,0,0.0,-0.18085106382980232,1.0106382978724109,0.6170212765955738
EURUSD,NY,2025-11-13,Thursday,1,1.16294,1.15803,0.004910000000000192,short,2025-11-13 04:05:00,1.16349,2025-11-13 04:20:00,2025-11-13 04:25:00,1.16292,1.16349,1.16178,0.0005699999999999594,False,extreme,2025-11-13 04:35:00,1.16178,target,3,2.0,0,0.0,2.0,3.210526315789699,0.8070175438599293
EURUSD,NY,2025-11-13,Thursday,2,1.16294,1.15803,0.004910000000000192,short,2025-11-13 10:20:00,1.1656,2025-11-13 18:05:00,2025-11-13 18:10:00,1.16292,1.1656,1.15756,0.0026800000000000157,False,extreme,2025-11-13 23:55:00,1.16421,end_of_day,70,-0.4813432835820917,0,0.0,-0.4813432835820917,0.21641791044776923,0.5895522388060177
EURUSD,NY,2025-11-14,Friday,1,1.16487,1.16204,0.00283000000000011,long,2025-11-14 05:00:00,1.16174,2025-11-14 05:10:00,2025-11-14 05:15:00,1.16207,1.16174,1.1627299999999998,0.00032999999999994145,False,extreme,2025-11-14 05:15:00,1.16174,stop,1,-1.0,0,0.0,-1.0,0.21212121212129367,1.0909090909090298
EURUSD,NY,2025-11-14,Friday,2,1.16487,1.16204,0.00283000000000011,long,2025-11-14 05:15:00,1.16089,2025-11-14 07:05:00,2025-11-14 07:10:00,1.16244,1.16089,1.1655399999999998,0.0015499999999999403,False,extreme,2025-11-14 10:45:00,1.16089,stop,44,-1.0,0,0.0,-1.0,1.8967741935485665,1.0580645161289852
EURUSD,NY,2025-11-14,Friday,3,1.16487,1.16204,0.00283000000000011,long,2025-11-14 10:35:00,1.16062,2025-11-14 15:30:00,2025-11-14 15:35:00,1.16205,1.16062,1.1649100000000001,0.0014300000000000423,False,extreme,2025-11-14 16:55:00,1.16179,friday_close,17,-0.18181818181812534,0,0.0,-0.18181818181812534,0.21678321678323306,0.3986013986013584
EURUSD,NY,2025-11-17,Monday,1,1.1615,1.15951,0.0019899999999999363,long,2025-11-17 08:05:00,1.15922,2025-11-17 08:20:00,2025-11-17 08:25:00,1.15962,1.15922,1.1604200000000005,0.000400000000000178,False,extreme,2025-11-17 08:35:00,1.15922,stop,3,-1.0,0,0.0,-1.0,0.0499999999997502,1.3999999999996668
EURUSD,NY,2025-11-17,Monday,2,1.1615,1.15951,0.0019899999999999363,long,2025-11-17 08:30:00,1.15821,2025-11-17 10:55:00,2025-11-17 11:00:00,1.15976,1.15821,1.1628599999999998,0.0015499999999999403,False,extreme,2025-11-17 17:00:00,1.15821,stop,73,-1.0,0,0.0,-1.0,0.2838709677419438,1.1677419354838303
EURUSD,NY,2025-11-17,Monday,3,1.1615,1.15951,0.0019899999999999363,long,2025-11-17 12:45:00,1.15795,2025-11-17 23:20:00,2025-11-17 23:25:00,1.16011,1.15795,1.1644299999999999,0.0021599999999999397,False,extreme,2025-11-17 23:55:00,1.15995,end_of_day,7,-0.07407407407404742,0,0.0,-0.07407407407404742,0.125,0.26851851851853753
EURUSD,NY,2025-11-18,Tuesday,1,1.16064,1.15899,0.0016499999999999293,long,2025-11-18 04:05:00,1.15881,2025-11-18 04:10:00,2025-11-18 04:15:00,1.15914,1.15881,1.1598000000000004,0.0003300000000001635,False,extreme,2025-11-18 04:15:00,1.15881,stop,1,-1.0,0,0.0,-1.0,0.4242424242423019,1.0
EURUSD,NY,2025-11-18,Tuesday,2,1.16064,1.15899,0.0016499999999999293,long,2025-11-18 04:15:00,1.15878,2025-11-18 04:25:00,2025-11-18 04:30:00,1.15932,1.15878,1.1603999999999999,0.0005399999999999849,False,extreme,2025-11-18 04:55:00,1.15878,stop,6,-1.0,0,0.0,-1.0,0.11111111111143093,1.0555555555555098
EURUSD,NY,2025-11-18,Tuesday,3,1.16064,1.15899,0.0016499999999999293,long,2025-11-18 04:45:00,1.15866,2025-11-18 05:05:00,2025-11-18 05:10:00,1.15902,1.15866,1.1597399999999998,0.00035999999999991594,False,extreme,2025-11-18 05:15:00,1.15866,stop,2,-1.0,0,0.0,-1.0,0.0,1.6944444444448385
EURUSD,NY,2025-11-18,Tuesday,4,1.16064,1.15899,0.0016499999999999293,long,2025-11-18 05:10:00,1.15796,2025-11-18 07:55:00,2025-11-18 08:00:00,1.1592,1.15796,1.1616799999999998,0.0012399999999999078,False,extreme,2025-11-18 11:00:00,1.15796,stop,37,-1.0,0,0.0,-1.0,1.2741935483871227,1.1774193548388108
EURUSD,NY,2025-11-19,Wednesday,1,1.15973,1.15712,0.002610000000000001,long,2025-11-19 04:40:00,1.15656,2025-11-19 04:50:00,2025-11-19 04:55:00,1.15736,1.15656,1.1589599999999998,0.0007999999999999119,False,extreme,2025-11-19 08:20:00,1.1589599999999998,target,42,2.0,0,0.0,2.0,2.1625000000002497,0.7625000000000832
EURUSD,NY,2025-11-20,Thursday,1,1.15234,1.15115,0.0011900000000000244,short,2025-11-20 04:20:00,1.15258,2025-11-20 04:35:00,2025-11-20 04:40:00,1.15225,1.15258,1.1515900000000001,0.00032999999999994145,False,extreme,2025-11-20 04:50:00,1.15258,stop,3,-1.0,0,0.0,-1.0,0.27272727272708924,1.4848484848490557
EURUSD,NY,2025-11-20,Thursday,2,1.15234,1.15115,0.0011900000000000244,short,2025-11-20 04:50:00,1.15295,2025-11-20 06:10:00,2025-11-20 06:15:00,1.15221,1.15295,1.15073,0.0007399999999999629,False,extreme,2025-11-20 07:55:00,1.15073,target,21,2.0,0,0.0,2.0,2.013513513513603,0.10810810810822165
EURUSD,NY,2025-11-20,Thursday,3,1.15234,1.15115,0.0011900000000000244,long,2025-11-20 07:50:00,1.15072,2025-11-20 08:00:00,2025-11-20 08:05:00,1.15149,1.15072,1.1530299999999998,0.0007699999999999374,False,extreme,2025-11-20 08:30:00,1.15072,both_touched,6,-1.0,0,0.0,-1.0,2.584415584416,2.0129870129870993
EURUSD,NY,2025-11-20,Thursday,4,1.15234,1.15115,0.0011900000000000244,short,2025-11-20 10:40:00,1.15294,2025-11-20 10:45:00,2025-11-20 10:50:00,1.15208,1.15294,1.1503599999999998,0.0008600000000000829,False,extreme,2025-11-20 11:00:00,1.15294,stop,3,-1.0,0,0.0,-1.0,0.08139534883721831,1.2441860465113967
EURUSD,NY,2025-11-24,Monday,1,1.15344,1.15098,0.0024600000000001288,short,2025-11-24 05:05:00,1.15406,2025-11-24 05:20:00,2025-11-24 05:25:00,1.15332,1.15406,1.1518399999999995,0.000740000000000185,False,extreme,2025-11-24 05:35:00,1.15406,stop,3,-1.0,0,0.0,-1.0,0.1216216216214878,1.0270270270268973
EURUSD,NY,2025-11-24,Monday,2,1.15344,1.15098,0.0024600000000001288,short,2025-11-24 05:25:00,1.15506,2025-11-24 09:20:00,2025-11-24 09:25:00,1.15298,1.15506,1.1488199999999997,0.002080000000000082,False,extreme,2025-11-24 23:55:00,1.1515,end_of_day,175,0.711538461538398,0,0.0,0.711538461538398,0.8749999999999333,0.32692307692307077
EURUSD,NY,2025-11-25,Tuesday,1,1.15337,1.15116,0.0022100000000000453,short,2025-11-25 04:15:00,1.15361,2025-11-25 04:20:00,2025-11-25 04:25:00,1.15331,1.15361,1.1527100000000001,0.00029999999999996696,False,extreme,2025-11-25 04:40:00,1.15361,stop,4,-1.0,0,0.0,-1.0,0.8333333333337034,1.199999999999852
EURUSD,NY,2025-11-25,Tuesday,2,1.15337,1.15116,0.0022100000000000453,short,2025-11-25 04:35:00,1.15367,2025-11-25 04:45:00,2025-11-25 04:50:00,1.15328,1.15367,1.1525000000000003,0.00038999999999989043,False,extreme,2025-11-25 05:05:00,1.15367,stop,4,-1.0,0,0.0,-1.0,0.28205128205150104,1.0
EURUSD,NY,2025-11-25,Tuesday,3,1.15337,1.15116,0.0022100000000000453,short,2025-11-25 05:05:00,1.15411,2025-11-25 06:05:00,2025-11-25 06:10:00,1.15337,1.15411,1.15189,0.0007399999999999629,False,extreme,2025-11-25 07:40:00,1.15411,stop,19,-1.0,0,0.0,-1.0,1.2162162162161432,3.081081081081316
EURUSD,NY,2025-11-26,Wednesday,1,1.1596,1.15659,0.003009999999999957,long,2025-11-26 08:35:00,1.15471,2025-11-26 09:30:00,2025-11-26 09:35:00,1.15678,1.15471,1.16092,0.0020700000000000163,False,extreme,2025-11-26 20:45:00,1.16092,target,135,2.0,0,0.0,2.0,2.144927536231867,0.0
EURUSD,NY,2025-11-27,Thursday,1,1.16066,1.15859,0.0020700000000000163,long,2025-11-27 04:10:00,1.15766,2025-11-27 06:00:00,2025-11-27 06:05:00,1.1586,1.15766,1.1604800000000004,0.0009400000000001629,False,extreme,2025-11-27 23:55:00,1.15898,end_of_day,215,0.40425531914867985,0,0.0,0.40425531914867985,1.7127659574463938,0.7659574468084352
EURUSD,NY,2025-11-28,Friday,1,1.1593,1.15664,0.0026600000000001067,long,2025-11-28 05:05:00,1.15657,2025-11-28 05:10:00,2025-11-28 05:15:00,1.15688,1.15657,1.1574999999999995,0.00030999999999981043,False,extreme,2025-11-28 05:15:00,1.15657,stop,1,-1.0,0,0.0,-1.0,0.25806451612944814,1.0967741935490802
EURUSD,NY,2025-11-28,Friday,2,1.1593,1.15664,0.0026600000000001067,long,2025-11-28 05:20:00,1.15626,2025-11-28 05:25:00,2025-11-28 05:30:00,1.15666,1.15626,1.15746,0.00039999999999995595,False,extreme,2025-11-28 05:35:00,1.15626,stop,2,-1.0,0,0.0,-1.0,0.12499999999972244,1.150000000000444
EURUSD,NY,2025-11-28,Friday,3,1.1593,1.15664,0.0026600000000001067,long,2025-11-28 05:30:00,1.15552,2025-11-28 06:50:00,2025-11-28 06:55:00,1.15681,1.15552,1.1593899999999995,0.0012899999999997913,False,extreme,2025-11-28 10:45:00,1.1593899999999995,target,47,2.0,0,0.0,2.0,2.0232558139538166,0.48062015503871564
EURUSD,NY,2025-12-01,Monday,1,1.16218,1.15905,0.003130000000000077,short,2025-12-01 04:45:00,1.16258,2025-12-01 05:15:00,2025-12-01 05:20:00,1.16212,1.16258,1.1612000000000002,0.00045999999999990493,False,extreme,2025-12-01 05:30:00,1.16258,stop,3,-1.0,0,0.0,-1.0,0.3913043478263178,1.434782608695694
EURUSD,NY,2025-12-01,Monday,2,1.16218,1.15905,0.003130000000000077,short,2025-12-01 05:20:00,1.16278,2025-12-01 05:40:00,2025-12-01 05:45:00,1.16212,1.16278,1.1608000000000003,0.0006599999999998829,False,extreme,2025-12-01 05:50:00,1.16278,stop,2,-1.0,0,0.0,-1.0,0.3181818181819405,1.060606060606132
EURUSD,NY,2025-12-01,Monday,3,1.16218,1.15905,0.003130000000000077,short,2025-12-01 05:50:00,1.16519,2025-12-01 12:05:00,2025-12-01 12:10:00,1.16216,1.16519,1.1561000000000003,0.003029999999999866,False,extreme,2025-12-01 23:55:00,1.16091,end_of_day,142,0.412541254125422,0,0.0,0.412541254125422,0.6765676567657418,0.2409240924092177
EURUSD,NY,2025-12-02,Tuesday,1,1.16164,1.16049,0.0011499999999999844,long,2025-12-02 05:15:00,1.15984,2025-12-02 05:45:00,2025-12-02 05:50:00,1.16064,1.15984,1.1622399999999997,0.0007999999999999119,False,extreme,2025-12-02 09:05:00,1.1622399999999997,target,40,2.0,0,0.0,2.0,2.112500000000472,0.375
EURUSD,NY,2025-12-02,Tuesday,2,1.16164,1.16049,0.0011499999999999844,short,2025-12-02 08:55:00,1.16233,2025-12-02 09:15:00,2025-12-02 09:20:00,1.16149,1.16233,1.1598099999999996,0.0008400000000001739,False,extreme,2025-12-02 10:20:00,1.1598099999999996,target,13,2.0,0,0.0,2.0,2.3690476190470524,0.535714285714248
EURUSD,NY,2025-12-02,Tuesday,3,1.16164,1.16049,0.0011499999999999844,long,2025-12-02 10:15:00,1.15932,2025-12-02 10:30:00,2025-12-02 10:35:00,1.16128,1.15932,1.1652000000000005,0.001960000000000184,False,extreme,2025-12-02 11:55:00,1.15932,stop,17,-1.0,0,0.0,-1.0,0.1581632653060109,1.1020408163265099
EURUSD,NY,2025-12-02,Tuesday,4,1.16164,1.16049,0.0011499999999999844,long,2025-12-02 11:35:00,1.15912,2025-12-02 12:30:00,2025-12-02 12:35:00,1.16064,1.15912,1.1636799999999998,0.0015199999999999658,False,extreme,2025-12-02 20:25:00,1.1636799999999998,target,95,2.0,0,0.0,2.0,2.046052631579104,0.0921052631577698
EURUSD,NY,2025-12-04,Thursday,1,1.16819,1.16531,0.0028799999999999937,long,2025-12-04 14:05:00,1.16503,2025-12-04 14:30:00,2025-12-04 14:35:00,1.16536,1.16503,1.1660199999999998,0.00032999999999994145,False,extreme,2025-12-04 15:00:00,1.16503,stop,6,-1.0,0,0.0,-1.0,0.42424242424258735,1.0909090909090298
EURUSD,NY,2025-12-04,Thursday,2,1.16819,1.16531,0.0028799999999999937,long,2025-12-04 14:45:00,1.16359,2025-12-04 20:55:00,2025-12-04 21:00:00,1.16535,1.16359,1.1688700000000005,0.0017600000000002058,False,extreme,2025-12-04 23:55:00,1.16535,end_of_day,36,0.0,0,0.0,0.0,0.05113636363631417,0.3920454545454538
EURUSD,NY,2025-12-05,Friday,1,1.16717,1.16524,0.0019299999999999873,long,2025-12-05 04:05:00,1.16495,2025-12-05 04:10:00,2025-12-05 04:15:00,1.16525,1.16495,1.1658499999999998,0.00029999999999996696,False,extreme,2025-12-05 04:25:00,1.16495,stop,3,-1.0,0,0.0,-1.0,0.9333333333336294,1.1666666666662966
EURUSD,NY,2025-12-05,Friday,2,1.16717,1.16524,0.0019299999999999873,long,2025-12-05 04:20:00,1.16482,2025-12-05 04:50:00,2025-12-05 04:55:00,1.16524,1.16482,1.1660800000000002,0.00042000000000008697,False,extreme,2025-12-05 05:40:00,1.16482,stop,10,-1.0,0,0.0,-1.0,1.0714285714279672,1.071428571428496
EURUSD,NY,2025-12-05,Friday,3,1.16717,1.16524,0.0019299999999999873,long,2025-12-05 05:25:00,1.16416,2025-12-05 08:50:00,2025-12-05 08:55:00,1.16531,1.16416,1.16761,0.0011499999999999844,False,extreme,2025-12-05 11:05:00,1.16416,stop,27,-1.0,0,0.0,-1.0,0.6086956521738542,1.5130434782609552
EURUSD,NY,2025-12-08,Monday,1,1.16721,1.16482,0.0023900000000001143,long,2025-12-08 07:30:00,1.16475,2025-12-08 07:35:00,2025-12-08 07:40:00,1.16499,1.16475,1.16547,0.00024000000000001798,False,extreme,2025-12-08 08:05:00,1.16547,target,6,2.0,0,0.0,2.0,2.291666666666705,0.4583333333335261
EURUSD,NY,2025-12-08,Monday,2,1.16721,1.16482,0.0023900000000001143,long,2025-12-08 08:30:00,1.16458,2025-12-08 08:40:00,2025-12-08 08:45:00,1.16487,1.16458,1.1654500000000003,0.0002900000000001235,False,extreme,2025-12-08 09:15:00,1.1654500000000003,target,7,2.0,0,0.0,2.0,2.0689655172402706,0.8620689655171622
EURUSD,NY,2025-12-08,Monday,3,1.16721,1.16482,0.0023900000000001143,long,2025-12-08 09:35:00,1.1646,2025-12-08 09:40:00,2025-12-08 09:45:00,1.16493,1.1646,1.16559,0.00032999999999994145,False,extreme,2025-12-08 09:50:00,1.1646,stop,2,-1.0,0,0.0,-1.0,0.06060606060579554,3.51515151515229
EURUSD,NY,2025-12-09,Tuesday,1,1.16502,1.16336,0.0016599999999999948,short,2025-12-09 04:40:00,1.16573,2025-12-09 05:10:00,2025-12-09 05:15:00,1.16484,1.16573,1.1630600000000004,0.0008899999999998354,False,extreme,2025-12-09 08:25:00,1.1630600000000004,target,39,2.0,0,0.0,2.0,2.1685393258430836,0.1685393258425845
EURUSD,NY,2025-12-09,Tuesday,2,1.16502,1.16336,0.0016599999999999948,long,2025-12-09 08:20:00,1.1629,2025-12-09 08:40:00,2025-12-09 08:45:00,1.16364,1.1629,1.16512,0.0007399999999999629,False,extreme,2025-12-09 09:30:00,1.1629,stop,10,-1.0,0,0.0,-1.0,0.32432432432436487,1.1081081081082216
EURUSD,NY,2025-12-09,Tuesday,3,1.16502,1.16336,0.0016599999999999948,long,2025-12-09 09:10:00,1.16282,2025-12-09 09:50:00,2025-12-09 09:55:00,1.16358,1.16282,1.1651000000000002,0.0007600000000000939,False,extreme,2025-12-09 10:00:00,1.16282,stop,2,-1.0,0,0.0,-1.0,0.3815789473682442,2.105263157894537
EURUSD,NY,2025-12-09,Tuesday,4,1.16502,1.16336,0.0016599999999999948,long,2025-12-09 10:00:00,1.16151,2025-12-09 10:25:00,2025-12-09 10:30:00,1.16342,1.16151,1.1672399999999996,0.0019099999999998563,False,extreme,2025-12-09 23:55:00,1.16274,end_of_day,162,-0.3560209424082948,0,0.0,-0.3560209424082948,0.3664921465969621,0.905759162303738
EURUSD,NY,2025-12-10,Wednesday,1,1.16577,1.16265,0.0031200000000000117,short,2025-12-10 12:50:00,1.16603,2025-12-10 13:10:00,2025-12-10 13:15:00,1.16574,1.16603,1.1651600000000002,0.00028999999999990145,False,extreme,2025-12-10 13:30:00,1.16603,stop,4,-1.0,0,0.0,-1.0,0.8620689655178222,1.206896551724798
EURUSD,NY,2025-12-10,Wednesday,2,1.16577,1.16265,0.0031200000000000117,short,2025-12-10 13:25:00,1.16609,2025-12-10 13:35:00,2025-12-10 13:40:00,1.16558,1.16609,1.16456,0.0005100000000000104,False,extreme,2025-12-10 14:00:00,1.16609,both_touched,5,-1.0,0,0.0,-1.0,3.3137254901959503,3.5098039215684738
EURUSD,NY,2025-12-10,Wednesday,3,1.16577,1.16265,0.0031200000000000117,short,2025-12-10 14:00:00,1.1681,2025-12-10 14:40:00,2025-12-10 14:45:00,1.16515,1.1681,1.15925,0.002950000000000008,False,extreme,2025-12-10 15:00:00,1.1681,stop,4,-1.0,0,0.0,-1.0,0.07457627118640216,1.247457627118684
EURUSD,NY,2025-12-12,Friday,1,1.17435,1.1728,0.0015499999999999403,long,2025-12-12 05:25:00,1.17244,2025-12-12 06:15:00,2025-12-12 06:20:00,1.17282,1.17244,1.17358,0.00038000000000004697,False,extreme,2025-12-12 06:25:00,1.17244,stop,2,-1.0,0,0.0,-1.0,0.10526315789482911,1.4999999999997078
EURUSD,NY,2025-12-12,Friday,2,1.17435,1.1728,0.0015499999999999403,long,2025-12-12 06:20:00,1.17223,2025-12-12 06:45:00,2025-12-12 06:50:00,1.17282,1.17223,1.1739999999999997,0.0005899999999998684,False,extreme,2025-12-12 07:10:00,1.17223,stop,5,-1.0,0,0.0,-1.0,0.1186440677966612,1.0169491525424876
EURUSD,NY,2025-12-12,Friday,3,1.17435,1.1728,0.0015499999999999403,long,2025-12-12 06:50:00,1.17196,2025-12-12 08:00:00,2025-12-12 08:05:00,1.17289,1.17196,1.1747500000000002,0.0009300000000000974,False,extreme,2025-12-12 12:40:00,1.1747500000000002,target,56,2.0,0,0.0,2.0,2.064516129031958,0.6344086021505685
EURUSD,NY,2025-12-12,Friday,4,1.17435,1.1728,0.0015499999999999403,short,2025-12-12 12:35:00,1.17499,2025-12-12 13:55:00,2025-12-12 14:00:00,1.17415,1.17499,1.1724700000000001,0.0008399999999999519,False,extreme,2025-12-12 16:55:00,1.174,friday_close,36,0.1785714285715513,1,0.011904761904762588,0.16666666666678873,0.7500000000001983,0.6071428571429044
EURUSD,NY,2025-12-16,Tuesday,1,1.17641,1.17444,0.0019700000000000273,short,2025-12-16 07:15:00,1.17947,2025-12-16 08:40:00,2025-12-16 08:45:00,1.17636,1.17947,1.1701400000000002,0.003109999999999946,False,extreme,2025-12-16 09:55:00,1.17947,stop,15,-1.0,0,0.0,-1.0,0.21543408360134472,1.1736334405144677
EURUSD,NY,2025-12-16,Tuesday,2,1.17641,1.17444,0.0019700000000000273,short,2025-12-16 11:10:00,1.1778,2025-12-16 12:55:00,2025-12-16 13:00:00,1.17638,1.1778,1.17354,0.0014199999999999768,False,extreme,2025-12-16 14:25:00,1.17354,target,18,2.0,0,0.0,2.0,2.070422535211261,0.0
EURUSD,NY,2025-12-17,Wednesday,1,1.17308,1.1703,0.0027800000000000047,short,2025-12-17 08:55:00,1.17377,2025-12-17 09:20:00,2025-12-17 09:25:00,1.17305,1.17377,1.1716099999999998,0.0007200000000000539,False,extreme,2025-12-17 09:35:00,1.17377,stop,3,-1.0,0,0.0,-1.0,0.30555555555537567,1.0138888888889788
EURUSD,NY,2025-12-18,Thursday,1,1.17496,1.17281,0.0021500000000000963,long,2025-12-18 04:10:00,1.17125,2025-12-18 08:15:00,2025-12-18 08:20:00,1.17349,1.17125,1.17797,0.0022400000000000198,False,extreme,2025-12-18 23:55:00,1.1718,end_of_day,188,-0.7544642857142654,0,0.0,-0.7544642857142654,1.2500000000000495,0.8749999999999752
EURUSD,NY,2025-12-19,Friday,1,1.17217,1.17032,0.0018499999999999073,short,2025-12-19 09:00:00,1.17378,2025-12-19 10:15:00,2025-12-19 10:20:00,1.17214,1.17378,1.1688599999999998,0.0016400000000000858,False,extreme,2025-12-19 16:55:00,1.17071,friday_close,80,0.8719512195121754,0,0.0,0.8719512195121754,1.0609756097559522,0.35365853658536256
EURUSD,NY,2025-12-22,Monday,1,1.17382,1.1713,0.0025200000000000777,short,2025-12-22 07:05:00,1.17433,2025-12-22 07:10:00,2025-12-22 07:15:00,1.17377,1.17433,1.1726499999999997,0.000560000000000116,False,extreme,2025-12-22 07:55:00,1.17433,stop,9,-1.0,0,0.0,-1.0,0.5178571428568597,1.0178571428568597
EURUSD,NY,2025-12-23,Tuesday,1,1.17845,1.17686,0.0015899999999999803,short,2025-12-23 04:00:00,1.17902,2025-12-23 04:25:00,2025-12-23 04:30:00,1.17829,1.17902,1.1768300000000003,0.0007299999999998974,False,extreme,2025-12-23 04:50:00,1.17902,stop,5,-1.0,0,0.0,-1.0,0.013698630137077969,1.1232876712330935
EURUSD,NY,2025-12-23,Tuesday,2,1.17845,1.17686,0.0015899999999999803,short,2025-12-23 04:30:00,1.1802,2025-12-23 08:45:00,2025-12-23 08:50:00,1.17819,1.1802,1.1741700000000004,0.0020099999999998452,False,extreme,2025-12-23 20:25:00,1.1802,stop,140,-1.0,0,0.0,-1.0,0.9004975124379248,1.094527363184154
EURUSD,NY,2025-12-24,Wednesday,1,1.18041,1.17797,0.0024399999999999977,long,2025-12-24 09:50:00,1.17773,2025-12-24 09:55:00,2025-12-24 10:00:00,1.17804,1.17773,1.17866,0.00031000000000003247,False,extreme,2025-12-24 10:15:00,1.17773,stop,4,-1.0,0,0.0,-1.0,0.387096774193895,1.0645161290319578
EURUSD,NY,2025-12-24,Wednesday,2,1.18041,1.17797,0.0024399999999999977,long,2025-12-24 10:20:00,1.17766,2025-12-24 10:40:00,2025-12-24 10:45:00,1.17799,1.17766,1.1786500000000004,0.0003300000000001635,False,extreme,2025-12-24 10:45:00,1.17766,stop,1,-1.0,0,0.0,-1.0,0.5454545454538114,1.0606060606057548
EURUSD,NY,2025-12-24,Wednesday,3,1.18041,1.17797,0.0024399999999999977,long,2025-12-24 10:45:00,1.17754,2025-12-24 11:00:00,2025-12-24 11:05:00,1.17806,1.17754,1.1791000000000003,0.000520000000000076,False,extreme,2025-12-24 11:15:00,1.17754,stop,3,-1.0,0,0.0,-1.0,0.0,1.0384615384617848
EURUSD,NY,2025-12-24,Wednesday,4,1.18041,1.17797,0.0024399999999999977,long,2025-12-24 11:05:00,1.17732,2025-12-24 12:00:00,2025-12-24 12:05:00,1.17811,1.17732,1.1796900000000001,0.0007900000000000684,False,extreme,2025-12-24 12:55:00,1.17732,stop,11,-1.0,0,0.0,-1.0,0.2658227848101586,1.0759493670885365
EURUSD,NY,2025-12-24,Wednesday,5,1.18041,1.17797,0.0024399999999999977,long,2025-12-24 12:50:00,1.17726,2025-12-24 14:15:00,2025-12-24 14:20:00,1.17804,1.17726,1.1796,0.0007800000000000029,False,extreme,2025-12-24 16:55:00,1.17768,end_of_day,32,-0.46153846153835204,0,0.0,-0.46153846153835204,0.20512820512812482,0.5512820512819601
EURUSD,NY,2025-12-26,Friday,1,1.17879,1.17664,0.0021500000000000963,short,2025-12-26 08:05:00,1.17968,2025-12-26 09:30:00,2025-12-26 09:35:00,1.17871,1.17968,1.1767699999999996,0.0009700000000001374,False,extreme,2025-12-26 11:20:00,1.1767699999999996,target,22,2.0,0,0.0,2.0,2.3917525773191226,0.5567010309277407
EURUSD,NY,2025-12-26,Friday,2,1.17879,1.17664,0.0021500000000000963,long,2025-12-26 11:20:00,1.17622,2025-12-26 12:05:00,2025-12-26 12:10:00,1.17691,1.17622,1.1782899999999996,0.0006899999999998574,False,extreme,2025-12-26 12:30:00,1.17622,stop,5,-1.0,0,0.0,-1.0,0.014492753623286347,1.1014492753623608
EURUSD,NY,2025-12-26,Friday,3,1.17879,1.17664,0.0021500000000000963,long,2025-12-26 12:10:00,1.17615,2025-12-26 12:40:00,2025-12-26 12:45:00,1.17687,1.17615,1.1783100000000002,0.0007200000000000539,False,extreme,2025-12-26 16:55:00,1.17696,friday_close,51,0.12499999999988436,0,0.0,0.12499999999988436,1.791666666666551,0.4583333333335261
EURUSD,NY,2025-12-29,Monday,1,1.17887,1.17539,0.0034800000000001496,long,2025-12-29 12:05:00,1.17512,2025-12-29 12:10:00,2025-12-29 12:15:00,1.17544,1.17512,1.1760800000000002,0.000320000000000098,False,extreme,2025-12-29 12:20:00,1.17512,stop,2,-1.0,0,0.0,-1.0,0.21874999999997832,1.0624999999996965
EURUSD,NY,2025-12-29,Monday,2,1.17887,1.17539,0.0034800000000001496,long,2025-12-29 12:20:00,1.17494,2025-12-29 12:30:00,2025-12-29 12:35:00,1.17542,1.17494,1.1763799999999995,0.0004799999999998139,False,extreme,2025-12-29 14:40:00,1.1763799999999995,target,26,2.0,0,0.0,2.0,2.2083333333343163,0.9791666666669847
EURUSD,NY,2025-12-30,Tuesday,1,1.17799,1.17659,0.0014000000000000679,long,2025-12-30 07:00:00,1.17622,2025-12-30 07:30:00,2025-12-30 07:35:00,1.17664,1.17622,1.1774799999999996,0.0004199999999998649,False,extreme,2025-12-30 07:40:00,1.17622,stop,2,-1.0,0,0.0,-1.0,0.3809523809528845,1.0238095238096874
EURUSD,NY,2025-12-30,Tuesday,2,1.17799,1.17659,0.0014000000000000679,long,2025-12-30 07:40:00,1.17453,2025-12-30 11:45:00,2025-12-30 11:50:00,1.17662,1.17453,1.1807999999999998,0.0020899999999999253,False,extreme,2025-12-30 14:55:00,1.17453,stop,38,-1.0,0,0.0,-1.0,0.019138755980881068,1.0047846889952468
EURUSD,NY,2025-12-31,Wednesday,1,1.17397,1.17201,0.0019599999999999618,short,2025-12-31 05:45:00,1.17438,2025-12-31 05:50:00,2025-12-31 05:55:00,1.17387,1.17438,1.17285,0.0005100000000000104,False,extreme,2025-12-31 06:35:00,1.17438,stop,9,-1.0,0,0.0,-1.0,0.47058823529414323,1.5098039215684738
EURUSD,NY,2025-12-31,Wednesday,2,1.17397,1.17201,0.0019599999999999618,short,2025-12-31 06:20:00,1.17594,2025-12-31 09:05:00,2025-12-31 09:10:00,1.17391,1.17594,1.16985,0.0020299999999999763,False,extreme,2025-12-31 16:00:00,1.17497,end_of_day,83,-0.5221674876847652,0,0.0,-0.5221674876847652,0.9310344827586056,0.6896551724138346
