symbol,window,ny_date,weekday,range_high,range_low,range_candles,range_height,valid_range,setups,trades,skipped
EURUSD,NY,2020-01-01,Wednesday,,,0,,False,0,0,0
EURUSD,NY,2020-01-02,Thursday,1.12138,1.1201,48,0.0012799999999999478,True,1,1,0
EURUSD,NY,2020-01-03,Friday,1.11716,1.11506,48,0.0020999999999999908,True,1,1,0
EURUSD,NY,2020-01-06,Monday,1.11798,1.11572,48,0.0022599999999999287,True,1,1,0
EURUSD,NY,2020-01-07,Tuesday,1.11926,1.11726,48,0.0020000000000000018,True,1,1,0
EURUSD,NY,2020-01-08,Wednesday,1.11549,1.11302,48,0.0024700000000001943,True,4,4,0
EURUSD,NY,2020-01-09,Thursday,1.11204,1.11052,48,0.0015199999999999658,True,2,2,0
EURUSD,NY,2020-01-10,Friday,1.11111,1.10933,48,0.0017800000000001148,True,2,2,0
EURUSD,NY,2020-01-13,Monday,1.1132,1.11202,48,0.0011799999999999589,True,2,2,0
EURUSD,NY,2020-01-14,Tuesday,1.11446,1.11334,48,0.0011200000000000099,True,4,4,0
EURUSD,NY,2020-01-15,Wednesday,1.1137,1.11185,48,0.0018499999999999073,True,0,0,0
EURUSD,NY,2020-01-16,Thursday,1.11638,1.11447,48,0.0019099999999998563,True,1,1,0
EURUSD,NY,2020-01-17,Friday,1.11412,1.11321,48,0.0009099999999999664,True,1,1,0
EURUSD,NY,2020-01-20,Monday,1.11023,1.10888,48,0.0013499999999999623,True,2,2,0
EURUSD,NY,2020-01-21,Tuesday,1.10994,1.10864,48,0.0012999999999998568,True,1,1,0
EURUSD,NY,2020-01-22,Wednesday,1.10862,1.1075,48,0.0011200000000000099,True,3,3,0
EURUSD,NY,2020-01-23,Thursday,1.10922,1.1081,48,0.0011200000000000099,True,5,5,0
EURUSD,NY,2020-01-24,Friday,1.10617,1.10426,48,0.0019100000000000783,True,1,1,0
EURUSD,NY,2020-01-27,Monday,1.10377,1.10254,48,0.0012299999999998423,True,1,1,0
EURUSD,NY,2020-01-28,Tuesday,1.10236,1.10128,48,0.0010799999999999699,True,1,1,0
EURUSD,NY,2020-01-29,Wednesday,1.10166,1.09998,48,0.0016800000000001258,True,4,4,0
EURUSD,NY,2020-01-30,Thursday,1.10189,1.10068,48,0.0012099999999999334,True,2,2,0
EURUSD,NY,2020-01-31,Friday,1.10304,1.1017,48,0.0013400000000001189,True,1,1,0
EURUSD,NY,2020-02-03,Monday,1.10863,1.10643,48,0.0021999999999999797,True,3,3,0
EURUSD,NY,2020-02-04,Tuesday,1.10638,1.1049,48,0.0014799999999999258,True,2,2,0
EURUSD,NY,2020-02-05,Wednesday,1.10479,1.10337,48,0.0014199999999999768,True,0,0,0
EURUSD,NY,2020-02-06,Thursday,1.1014,1.09942,48,0.0019799999999998708,True,0,0,0
EURUSD,NY,2020-02-07,Friday,1.09834,1.09566,48,0.0026800000000000157,True,1,1,0
EURUSD,NY,2020-02-10,Monday,1.09576,1.09448,48,0.0012800000000001699,True,0,0,0
EURUSD,NY,2020-02-11,Tuesday,1.09154,1.09058,48,0.0009599999999998499,True,2,2,0
EURUSD,NY,2020-02-12,Wednesday,1.09257,1.09024,48,0.0023299999999999432,True,1,1,0
EURUSD,NY,2020-02-13,Thursday,1.08878,1.08677,48,0.0020100000000000673,True,2,2,0
EURUSD,NY,2020-02-14,Friday,1.08434,1.08322,48,0.0011200000000000099,True,2,2,0
EURUSD,NY,2020-02-17,Monday,1.08464,1.0834,48,0.0012400000000001299,True,3,3,0
EURUSD,NY,2020-02-18,Tuesday,1.08372,1.0825,48,0.0012199999999999989,True,1,1,0
EURUSD,NY,2020-02-19,Wednesday,1.08071,1.07915,48,0.0015600000000000058,True,2,2,0
EURUSD,NY,2020-02-20,Thursday,1.07992,1.07778,48,0.0021400000000000308,True,2,2,0
EURUSD,NY,2020-02-21,Friday,1.08201,1.07896,48,0.003049999999999997,True,0,0,0
EURUSD,NY,2020-02-24,Monday,1.08286,1.08052,48,0.0023400000000000087,True,1,1,0
EURUSD,NY,2020-02-25,Tuesday,1.0866,1.08478,48,0.0018199999999999328,True,2,2,0
EURUSD,NY,2020-02-26,Wednesday,1.08978,1.08656,48,0.0032200000000000006,True,5,5,0
EURUSD,NY,2020-02-27,Thursday,1.0948,1.09059,48,0.004210000000000047,True,0,0,0
EURUSD,NY,2020-02-28,Friday,1.10342,1.09916,48,0.0042600000000001526,True,2,2,0
EURUSD,NY,2020-03-02,Monday,1.10932,1.10383,48,0.005489999999999995,True,1,1,0
EURUSD,NY,2020-03-03,Tuesday,1.11512,1.11066,48,0.0044599999999999085,True,3,3,0
EURUSD,NY,2020-03-04,Wednesday,1.11875,1.11434,48,0.004409999999999803,True,1,1,0
EURUSD,NY,2020-03-05,Thursday,1.11401,1.11196,48,0.0020499999999998852,True,0,0,0
EURUSD,NY,2020-03-06,Friday,1.12785,1.12191,48,0.005940000000000056,True,0,0,0
EURUSD,NY,2020-03-09,Monday,1.14756,1.1381,48,0.009460000000000024,True,3,3,0
EURUSD,NY,2020-03-10,Tuesday,1.13994,1.13323,48,0.006709999999999994,True,2,2,0
EURUSD,NY,2020-03-11,Wednesday,1.13668,1.13269,48,0.003989999999999938,True,2,2,0
EURUSD,NY,2020-03-12,Thursday,1.13197,1.12856,48,0.003409999999999913,True,0,0,0
EURUSD,NY,2020-03-13,Friday,1.12213,1.11624,48,0.005890000000000173,True,3,3,0
EURUSD,NY,2020-03-16,Monday,1.11814,1.1108,48,0.007339999999999902,True,1,1,0
EURUSD,NY,2020-03-17,Tuesday,1.11856,1.11288,48,0.005679999999999907,True,1,1,0
EURUSD,NY,2020-03-18,Wednesday,1.10451,1.09661,48,0.007900000000000018,True,3,3,0
EURUSD,NY,2020-03-19,Thursday,1.09476,1.08451,48,0.01024999999999987,True,1,1,0
EURUSD,NY,2020-03-20,Friday,1.08308,1.07272,48,0.010360000000000147,True,4,4,0
EURUSD,NY,2020-03-23,Monday,1.07688,1.06895,48,0.007929999999999993,True,3,3,0
EURUSD,NY,2020-03-24,Tuesday,1.08664,1.07758,48,0.009060000000000068,True,4,4,0
EURUSD,NY,2020-03-25,Wednesday,1.08405,1.07925,48,0.0047999999999999154,True,3,3,0
EURUSD,NY,2020-03-26,Thursday,1.09289,1.08968,48,0.003209999999999935,True,1,1,0
EURUSD,NY,2020-03-27,Friday,1.10792,1.10088,48,0.007039999999999935,True,3,3,0
EURUSD,NY,2020-03-30,Monday,1.11062,1.10605,48,0.004569999999999963,True,1,1,0
EURUSD,NY,2020-03-31,Tuesday,1.10276,1.09908,48,0.0036799999999999056,True,1,1,0
EURUSD,NY,2020-04-01,Wednesday,1.10333,1.09582,48,0.007509999999999906,True,1,1,0
EURUSD,NY,2020-04-02,Thursday,1.09645,1.09317,48,0.0032799999999999496,True,1,1,0
EURUSD,NY,2020-04-03,Friday,1.08514,1.07875,48,0.006389999999999896,True,5,5,0
EURUSD,NY,2020-04-06,Monday,1.08356,1.0807,48,0.0028600000000000847,True,3,3,0
EURUSD,NY,2020-04-07,Tuesday,1.08787,1.08114,48,0.006729999999999903,True,2,2,0
EURUSD,NY,2020-04-08,Wednesday,1.0888,1.08302,48,0.005779999999999896,True,0,0,0
EURUSD,NY,2020-04-09,Thursday,1.08823,1.0841,48,0.004129999999999967,True,2,2,0
EURUSD,NY,2020-04-10,Friday,1.09523,1.09279,48,0.0024399999999999977,True,0,0,0
EURUSD,NY,2020-04-13,Monday,1.09678,1.09331,48,0.003470000000000084,True,2,2,0
EURUSD,NY,2020-04-14,Tuesday,1.09488,1.09242,48,0.0024600000000001288,True,2,2,0
EURUSD,NY,2020-04-15,Wednesday,1.0979,1.09286,48,0.0050400000000001555,True,3,3,0
EURUSD,NY,2020-04-16,Thursday,1.0905,1.08646,48,0.0040400000000000436,True,3,3,0
EURUSD,NY,2020-04-17,Friday,1.08745,1.08199,48,0.00546000000000002,True,3,3,0
EURUSD,NY,2020-04-20,Monday,1.08724,1.08413,48,0.003109999999999946,True,1,1,0
EURUSD,NY,2020-04-21,Tuesday,1.08459,1.08268,48,0.0019099999999998563,True,5,5,0
EURUSD,NY,2020-04-22,Wednesday,1.08737,1.0845,48,0.002869999999999928,True,1,1,0
EURUSD,NY,2020-04-23,Thursday,1.08345,1.07843,48,0.0050200000000000244,True,2,2,0
EURUSD,NY,2020-04-24,Friday,1.07742,1.07272,48,0.0047000000000001485,True,0,0,0
EURUSD,NY,2020-04-27,Monday,1.08593,1.08301,48,0.0029200000000000337,True,1,1,0
EURUSD,NY,2020-04-28,Tuesday,1.08408,1.08096,48,0.0031200000000000117,True,1,1,0
EURUSD,NY,2020-04-29,Wednesday,1.08718,1.08392,48,0.0032600000000000406,True,3,3,0
EURUSD,NY,2020-04-30,Thursday,1.08912,1.08535,48,0.003770000000000051,True,2,2,0
EURUSD,NY,2020-05-01,Friday,1.09697,1.0944,48,0.002569999999999961,True,1,1,0
EURUSD,NY,2020-05-04,Monday,1.09473,1.0925,48,0.0022299999999999542,True,0,0,0
EURUSD,NY,2020-05-05,Tuesday,1.0915,1.0885,48,0.0029999999999998916,True,0,0,0
EURUSD,NY,2020-05-06,Wednesday,1.08411,1.08163,48,0.0024799999999998157,True,1,1,0
EURUSD,NY,2020-05-07,Thursday,1.08164,1.07862,48,0.0030200000000000227,True,3,3,0
EURUSD,NY,2020-05-08,Friday,1.08479,1.08241,48,0.0023799999999998267,True,3,3,0
EURUSD,NY,2020-05-11,Monday,1.08498,1.08264,48,0.0023400000000000087,True,1,1,0
EURUSD,NY,2020-05-12,Tuesday,1.08278,1.08002,48,0.0027600000000000957,True,1,1,0
EURUSD,NY,2020-05-13,Wednesday,1.08558,1.08308,48,0.0024999999999999467,True,2,2,0
EURUSD,NY,2020-05-14,Thursday,1.08139,1.07966,48,0.0017300000000000093,True,3,3,0
EURUSD,NY,2020-05-15,Friday,1.08189,1.07934,48,0.0025500000000000522,True,2,2,0
EURUSD,NY,2020-05-18,Monday,1.08284,1.08076,48,0.002080000000000082,True,2,2,0
EURUSD,NY,2020-05-19,Tuesday,1.09452,1.09076,48,0.0037599999999999856,True,1,1,0
EURUSD,NY,2020-05-20,Wednesday,1.09601,1.09375,48,0.0022599999999999287,True,2,2,0
EURUSD,NY,2020-05-21,Thursday,1.0979,1.09523,48,0.0026700000000001722,True,1,1,0
EURUSD,NY,2020-05-22,Friday,1.09348,1.09041,48,0.003069999999999906,True,4,4,0
EURUSD,NY,2020-05-25,Monday,1.08934,1.08706,48,0.0022800000000000598,True,2,2,0
EURUSD,NY,2020-05-26,Tuesday,1.09393,1.09147,48,0.0024600000000001288,True,1,1,0
EURUSD,NY,2020-05-27,Wednesday,1.09657,1.09512,48,0.0014499999999999513,True,3,3,0
EURUSD,NY,2020-05-28,Thursday,1.10306,1.09963,48,0.003429999999999822,True,1,1,0
EURUSD,NY,2020-05-29,Friday,1.1114,1.10895,48,0.002449999999999841,True,1,1,0
EURUSD,NY,2020-06-01,Monday,1.1154,1.11305,48,0.002349999999999852,True,2,2,0
EURUSD,NY,2020-06-02,Tuesday,1.1138,1.11152,48,0.0022799999999998377,True,0,0,0
EURUSD,NY,2020-06-03,Wednesday,1.12276,1.11996,48,0.0027999999999999137,True,3,3,0
EURUSD,NY,2020-06-04,Thursday,1.12213,1.11986,48,0.0022699999999999942,True,3,2,1
EURUSD,NY,2020-06-05,Friday,1.13838,1.1338,48,0.0045800000000000285,True,1,1,0
EURUSD,NY,2020-06-08,Monday,1.13084,1.12812,48,0.0027200000000000557,True,3,3,0
EURUSD,NY,2020-06-09,Tuesday,1.12962,1.12552,48,0.0040999999999999925,True,3,3,0
EURUSD,NY,2020-06-10,Wednesday,1.13698,1.1341,48,0.0028799999999999937,True,3,3,0
EURUSD,NY,2020-06-11,Thursday,1.13728,1.13253,48,0.004750000000000032,True,3,3,0
EURUSD,NY,2020-06-12,Friday,1.1322,1.12914,48,0.0030600000000000627,True,1,1,0
EURUSD,NY,2020-06-15,Monday,1.12684,1.12268,48,0.004160000000000164,True,1,1,0
EURUSD,NY,2020-06-16,Tuesday,1.13534,1.13206,48,0.0032799999999999496,True,1,1,0
EURUSD,NY,2020-06-17,Wednesday,1.1294,1.12631,48,0.003090000000000037,True,1,1,0
EURUSD,NY,2020-06-18,Thursday,1.12613,1.12402,48,0.0021100000000000563,True,1,1,0
EURUSD,NY,2020-06-19,Friday,1.12218,1.12048,48,0.0017000000000000348,True,3,2,1
EURUSD,NY,2020-06-22,Monday,1.12124,1.11883,48,0.0024100000000000232,True,1,1,0
EURUSD,NY,2020-06-23,Tuesday,1.13054,1.12567,48,0.004870000000000152,True,1,1,0
EURUSD,NY,2020-06-24,Wednesday,1.13252,1.12918,48,0.0033399999999998986,True,2,2,0
EURUSD,NY,2020-06-25,Thursday,1.12537,1.12239,48,0.0029799999999999827,True,1,1,0
EURUSD,NY,2020-06-26,Friday,1.12298,1.12052,48,0.0024600000000001288,True,5,5,0
EURUSD,NY,2020-06-29,Monday,1.1267,1.12383,48,0.002869999999999928,True,3,3,0
EURUSD,NY,2020-06-30,Tuesday,1.12443,1.1204,48,0.004029999999999978,True,4,4,0
EURUSD,NY,2020-07-01,Wednesday,1.12344,1.12152,48,0.0019199999999999218,True,2,2,0
EURUSD,NY,2020-07-02,Thursday,1.12858,1.12617,48,0.0024100000000000232,True,2,2,0
EURUSD,NY,2020-07-03,Friday,1.12468,1.12243,48,0.0022499999999998632,True,2,2,0
EURUSD,NY,2020-07-06,Monday,1.13028,1.12819,48,0.0020899999999999253,True,0,0,0
EURUSD,NY,2020-07-07,Tuesday,1.13161,1.12814,48,0.003470000000000084,True,1,1,0
EURUSD,NY,2020-07-08,Wednesday,1.12944,1.12625,48,0.003190000000000026,True,2,2,0
EURUSD,NY,2020-07-09,Thursday,1.13708,1.13253,48,0.004550000000000054,True,4,4,0
EURUSD,NY,2020-07-10,Friday,1.1281,1.1255,48,0.0026000000000001577,True,1,1,0
EURUSD,NY,2020-07-13,Monday,1.13361,1.13139,48,0.0022200000000001108,True,2,2,0
EURUSD,NY,2020-07-14,Tuesday,1.1349,1.13252,48,0.0023800000000000487,True,0,0,0
EURUSD,NY,2020-07-15,Wednesday,1.14376,1.13911,48,0.004650000000000043,True,3,3,0
EURUSD,NY,2020-07-16,Thursday,1.14108,1.13928,48,0.0018000000000000238,True,5,5,0
EURUSD,NY,2020-07-17,Friday,1.13958,1.13781,48,0.0017700000000000493,True,0,0,0
EURUSD,NY,2020-07-20,Monday,1.14671,1.14162,48,0.005089999999999817,True,2,2,0
EURUSD,NY,2020-07-21,Tuesday,1.1467,1.14231,48,0.004390000000000116,True,0,0,0
EURUSD,NY,2020-07-22,Wednesday,1.15458,1.15079,48,0.00378999999999996,True,0,0,0
EURUSD,NY,2020-07-23,Thursday,1.15984,1.15709,48,0.00275000000000003,True,2,2,0
EURUSD,NY,2020-07-24,Friday,1.16213,1.15903,48,0.0031000000000001027,True,1,1,0
EURUSD,NY,2020-07-27,Monday,1.1717,1.16896,48,0.0027399999999999647,True,1,1,0
EURUSD,NY,2020-07-28,Tuesday,1.17407,1.17058,48,0.003489999999999993,True,3,3,0
EURUSD,NY,2020-07-29,Wednesday,1.177,1.17246,48,0.0045399999999999885,True,3,3,0
EURUSD,NY,2020-07-30,Thursday,1.17768,1.17459,48,0.003090000000000037,True,2,2,0
EURUSD,NY,2020-07-31,Friday,1.19088,1.18741,48,0.003469999999999862,True,1,1,0
EURUSD,NY,2020-08-03,Monday,1.17824,1.1749,48,0.0033399999999998986,True,1,1,0
EURUSD,NY,2020-08-04,Tuesday,1.18027,1.17641,48,0.0038599999999999746,True,3,3,0
EURUSD,NY,2020-08-05,Wednesday,1.183,1.17994,48,0.0030600000000000627,True,0,0,0
EURUSD,NY,2020-08-06,Thursday,1.1916,1.18382,48,0.007779999999999898,True,2,2,0
EURUSD,NY,2020-08-07,Friday,1.18506,1.18197,48,0.003090000000000037,True,1,1,0
EURUSD,NY,2020-08-10,Monday,1.18008,1.17598,48,0.0040999999999999925,True,2,2,0
EURUSD,NY,2020-08-11,Tuesday,1.17566,1.17229,48,0.003369999999999873,True,1,1,0
EURUSD,NY,2020-08-12,Wednesday,1.17504,1.17112,48,0.003920000000000146,True,1,1,0
EURUSD,NY,2020-08-13,Thursday,1.18384,1.18006,48,0.0037799999999998946,True,4,4,0
EURUSD,NY,2020-08-14,Friday,1.18268,1.1791,48,0.0035799999999999166,True,3,3,0
EURUSD,NY,2020-08-17,Monday,1.1868,1.18438,48,0.0024200000000000887,True,2,2,0
EURUSD,NY,2020-08-18,Tuesday,1.19058,1.18826,48,0.0023199999999998777,True,1,1,0
EURUSD,NY,2020-08-19,Wednesday,1.19476,1.19223,48,0.0025300000000001432,True,1,1,0
EURUSD,NY,2020-08-20,Thursday,1.18687,1.18328,48,0.003589999999999982,True,2,2,0
EURUSD,NY,2020-08-21,Friday,1.18829,1.18327,48,0.0050200000000000244,True,0,0,0
EURUSD,NY,2020-08-24,Monday,1.18154,1.17873,48,0.002809999999999979,True,2,2,0
EURUSD,NY,2020-08-25,Tuesday,1.18297,1.17982,48,0.003149999999999986,True,3,3,0
EURUSD,NY,2020-08-26,Wednesday,1.18254,1.18008,48,0.0024599999999999067,True,1,1,0
EURUSD,NY,2020-08-27,Thursday,1.18401,1.18167,48,0.0023400000000000087,True,3,2,1
EURUSD,NY,2020-08-28,Friday,1.18999,1.18528,48,0.004710000000000214,True,1,1,0
EURUSD,NY,2020-08-31,Monday,1.1912,1.18922,48,0.001980000000000093,True,2,2,0
EURUSD,NY,2020-09-01,Tuesday,1.19968,1.19648,48,0.0032000000000000917,True,1,1,0
EURUSD,NY,2020-09-02,Wednesday,1.19135,1.1864,48,0.00495000000000001,True,3,3,0
EURUSD,NY,2020-09-03,Thursday,1.18256,1.17891,48,0.003650000000000153,True,3,3,0
EURUSD,NY,2020-09-04,Friday,1.18541,1.18334,48,0.0020700000000000163,True,3,3,0
EURUSD,NY,2020-09-07,Monday,1.18456,1.18245,48,0.0021100000000000563,True,2,2,0
EURUSD,NY,2020-09-08,Tuesday,1.18275,1.17978,48,0.002969999999999917,True,2,2,0
EURUSD,NY,2020-09-09,Wednesday,1.17828,1.17608,48,0.0021999999999999797,True,1,1,0
EURUSD,NY,2020-09-10,Thursday,1.18369,1.18161,48,0.0020799999999998597,True,3,3,0
EURUSD,NY,2020-09-11,Friday,1.18492,1.18285,48,0.0020700000000000163,True,1,1,0
EURUSD,NY,2020-09-14,Monday,1.18645,1.18429,48,0.0021599999999999397,True,3,3,0
EURUSD,NY,2020-09-15,Tuesday,1.19,1.18761,48,0.002389999999999892,True,1,1,0
EURUSD,NY,2020-09-16,Wednesday,1.18621,1.18412,48,0.0020899999999999253,True,2,2,0
EURUSD,NY,2020-09-17,Thursday,1.17951,1.17498,48,0.004530000000000145,True,1,1,0
EURUSD,NY,2020-09-18,Friday,1.18691,1.18464,48,0.0022699999999999942,True,4,4,0
EURUSD,NY,2020-09-21,Monday,1.18717,1.18312,48,0.004050000000000109,True,0,0,0
EURUSD,NY,2020-09-22,Tuesday,1.1769,1.17202,48,0.0048799999999999955,True,0,0,0
EURUSD,NY,2020-09-23,Wednesday,1.17001,1.16721,48,0.0027999999999999137,True,2,2,0
EURUSD,NY,2020-09-24,Thursday,1.16737,1.16443,48,0.0029399999999999427,True,3,3,0
EURUSD,NY,2020-09-25,Friday,1.16851,1.16621,48,0.0022999999999999687,True,0,0,0
EURUSD,NY,2020-09-28,Monday,1.16404,1.16226,48,0.0017799999999998928,True,1,1,0
EURUSD,NY,2020-09-29,Tuesday,1.16842,1.16653,48,0.0018899999999999473,True,1,1,0
EURUSD,NY,2020-09-30,Wednesday,1.17429,1.17204,48,0.0022500000000000853,True,1,1,0
EURUSD,NY,2020-10-01,Thursday,1.17578,1.17233,48,0.003449999999999953,True,1,1,0
EURUSD,NY,2020-10-02,Friday,1.17417,1.16958,48,0.004589999999999872,True,0,0,0
EURUSD,NY,2020-10-05,Monday,1.17382,1.17198,48,0.0018400000000000638,True,1,1,0
EURUSD,NY,2020-10-06,Tuesday,1.18001,1.17745,48,0.0025599999999998957,True,3,3,0
EURUSD,NY,2020-10-07,Wednesday,1.17671,1.17278,48,0.003929999999999989,True,3,3,0
EURUSD,NY,2020-10-08,Thursday,1.17817,1.17623,48,0.0019399999999998307,True,5,5,0
EURUSD,NY,2020-10-09,Friday,1.17786,1.17667,48,0.0011899999999998023,True,0,0,0
EURUSD,NY,2020-10-12,Monday,1.18268,1.18059,48,0.0020899999999999253,True,2,2,0
EURUSD,NY,2020-10-13,Tuesday,1.18033,1.17784,48,0.0024900000000001032,True,0,0,0
EURUSD,NY,2020-10-14,Wednesday,1.17473,1.17289,48,0.0018400000000000638,True,4,4,0
EURUSD,NY,2020-10-15,Thursday,1.17579,1.17316,48,0.00262999999999991,True,0,0,0
EURUSD,NY,2020-10-16,Friday,1.17202,1.16942,48,0.0026000000000001577,True,3,3,0
EURUSD,NY,2020-10-19,Monday,1.17249,1.17032,48,0.0021700000000000053,True,0,0,0
EURUSD,NY,2020-10-20,Tuesday,1.17805,1.17599,48,0.0020599999999999508,True,1,1,0
EURUSD,NY,2020-10-21,Wednesday,1.18705,1.18428,48,0.002769999999999939,True,3,3,0
EURUSD,NY,2020-10-22,Thursday,1.18669,1.18403,48,0.0026600000000001067,True,1,1,0
EURUSD,NY,2020-10-23,Friday,1.18311,1.17915,48,0.003960000000000186,True,1,1,0
EURUSD,NY,2020-10-26,Monday,1.18477,1.18281,48,0.001960000000000184,True,0,0,0
EURUSD,NY,2020-10-27,Tuesday,1.1836,1.18156,48,0.0020400000000000418,True,1,1,0
EURUSD,NY,2020-10-28,Wednesday,1.17853,1.17647,48,0.002060000000000173,True,1,1,0
EURUSD,NY,2020-10-29,Thursday,1.17575,1.17353,48,0.0022200000000001108,True,1,1,0
EURUSD,NY,2020-10-30,Friday,1.16916,1.1665,48,0.0026599999999998847,True,2,2,0
EURUSD,NY,2020-11-02,Monday,1.16437,1.16223,48,0.0021399999999998087,True,3,3,0
EURUSD,NY,2020-11-03,Tuesday,1.16888,1.16494,48,0.0039399999999998325,True,1,1,0
EURUSD,NY,2020-11-04,Wednesday,1.16956,1.16282,48,0.006739999999999968,True,2,2,0
EURUSD,NY,2020-11-05,Thursday,1.17701,1.17277,48,0.0042399999999997995,True,0,0,0
EURUSD,NY,2020-11-06,Friday,1.18535,1.18131,48,0.0040399999999998215,True,0,0,0
EURUSD,NY,2020-11-09,Monday,1.18984,1.18648,48,0.0033600000000000296,True,2,2,0
EURUSD,NY,2020-11-10,Tuesday,1.18433,1.1814,48,0.002930000000000099,True,1,1,0
EURUSD,NY,2020-11-11,Wednesday,1.18282,1.1784,48,0.0044200000000000905,True,3,3,0
EURUSD,NY,2020-11-12,Thursday,1.17923,1.17586,48,0.003370000000000095,True,1,1,0
EURUSD,NY,2020-11-13,Friday,1.18228,1.18007,48,0.0022100000000000453,True,1,1,0
EURUSD,NY,2020-11-16,Monday,1.18689,1.18443,48,0.0024599999999999067,True,5,5,0
EURUSD,NY,2020-11-17,Tuesday,1.18758,1.18427,48,0.003310000000000146,True,2,2,0
EURUSD,NY,2020-11-18,Wednesday,1.18909,1.18672,48,0.0023699999999999832,True,3,3,0
EURUSD,NY,2020-11-19,Thursday,1.18523,1.18219,48,0.0030399999999999316,True,1,1,0
EURUSD,NY,2020-11-20,Friday,1.1891,1.1866,48,0.0024999999999999467,True,1,1,0
EURUSD,NY,2020-11-23,Monday,1.1879,1.1863,48,0.0016000000000000458,True,2,2,0
EURUSD,NY,2020-11-24,Tuesday,1.1879,1.1846,48,0.0032999999999998586,True,3,3,0
EURUSD,NY,2020-11-25,Wednesday,1.19298,1.1891,48,0.0038799999999998835,True,1,1,0
EURUSD,NY,2020-11-26,Thursday,1.19409,1.19148,48,0.002610000000000001,True,1,1,0
EURUSD,NY,2020-11-27,Friday,1.19328,1.19192,48,0.0013599999999998058,True,3,3,0
EURUSD,NY,2020-11-30,Monday,1.19838,1.19623,48,0.0021500000000000963,True,6,6,0
EURUSD,NY,2020-12-01,Tuesday,1.19857,1.19542,48,0.003149999999999986,True,1,1,0
EURUSD,NY,2020-12-02,Wednesday,1.20877,1.20466,48,0.004109999999999836,True,4,4,0
EURUSD,NY,2020-12-03,Thursday,1.21395,1.21134,48,0.002610000000000001,True,2,2,0
EURUSD,NY,2020-12-04,Friday,1.21664,1.21412,48,0.0025199999999998557,True,4,4,0
EURUSD,NY,2020-12-07,Monday,1.21341,1.20906,48,0.004350000000000076,True,4,4,0
EURUSD,NY,2020-12-08,Tuesday,1.21321,1.20954,48,0.00366999999999984,True,0,0,0
EURUSD,NY,2020-12-09,Wednesday,1.21473,1.2125,48,0.0022300000000001763,True,5,5,0
EURUSD,NY,2020-12-10,Thursday,1.20994,1.20856,48,0.0013799999999999368,True,2,2,0
EURUSD,NY,2020-12-11,Friday,1.21629,1.21142,48,0.004870000000000152,True,2,2,0
EURUSD,NY,2020-12-14,Monday,1.21566,1.21312,48,0.0025399999999999867,True,3,3,0
EURUSD,NY,2020-12-15,Tuesday,1.21548,1.21316,48,0.0023199999999998777,True,2,2,0
EURUSD,NY,2020-12-16,Wednesday,1.22123,1.21526,48,0.005970000000000031,True,1,1,0
EURUSD,NY,2020-12-17,Thursday,1.2244,1.22249,48,0.0019099999999998563,True,3,3,0
EURUSD,NY,2020-12-18,Friday,1.22631,1.22393,48,0.0023800000000000487,True,2,2,0
EURUSD,NY,2020-12-21,Monday,1.22268,1.21681,48,0.005870000000000042,True,1,1,0
EURUSD,NY,2020-12-22,Tuesday,1.22298,1.22061,48,0.0023699999999999832,True,2,2,0
EURUSD,NY,2020-12-23,Wednesday,1.22009,1.2172,48,0.002889999999999837,True,2,2,0
EURUSD,NY,2020-12-24,Thursday,1.22098,1.21937,48,0.0016099999999998893,True,3,3,0
EURUSD,NY,2020-12-28,Monday,1.22405,1.22093,48,0.0031200000000000117,True,3,3,0
EURUSD,NY,2020-12-29,Tuesday,1.22581,1.22352,48,0.0022900000000001253,True,2,2,0
EURUSD,NY,2020-12-30,Wednesday,1.22908,1.22529,48,0.00378999999999996,True,1,1,0
EURUSD,NY,2020-12-31,Thursday,1.23043,1.22854,48,0.0018899999999999473,True,3,3,0
EURUSD,NY,2021-01-04,Monday,1.22864,1.22416,48,0.0044800000000000395,True,1,1,0
EURUSD,NY,2021-01-05,Tuesday,1.22788,1.22554,48,0.0023400000000000087,True,4,4,0
EURUSD,NY,2021-01-06,Wednesday,1.23454,1.22917,48,0.005369999999999875,True,2,2,0
EURUSD,NY,2021-01-07,Thursday,1.23258,1.2293,48,0.0032799999999999496,True,1,1,0
EURUSD,NY,2021-01-08,Friday,1.22692,1.22134,48,0.005579999999999918,True,2,2,0
EURUSD,NY,2021-01-11,Monday,1.21998,1.21701,48,0.002970000000000139,True,2,2,0
EURUSD,NY,2021-01-12,Tuesday,1.21753,1.214,48,0.003530000000000033,True,2,2,0
EURUSD,NY,2021-01-13,Wednesday,1.22228,1.21856,48,0.0037199999999999456,True,1,1,0
EURUSD,NY,2021-01-14,Thursday,1.21628,1.21361,48,0.00266999999999995,True,2,2,0
EURUSD,NY,2021-01-15,Friday,1.2147,1.21177,48,0.002929999999999877,True,0,0,0
EURUSD,NY,2021-01-18,Monday,1.20869,1.20658,48,0.0021100000000000563,True,4,4,0
EURUSD,NY,2021-01-19,Tuesday,1.21188,1.20854,48,0.0033400000000001207,True,2,2,0
EURUSD,NY,2021-01-20,Wednesday,1.21583,1.21307,48,0.0027599999999998737,True,1,1,0
EURUSD,NY,2021-01-21,Thursday,1.21382,1.2115,48,0.0023199999999998777,True,2,2,0
EURUSD,NY,2021-01-22,Friday,1.21838,1.21517,48,0.003209999999999935,True,1,1,0
EURUSD,NY,2021-01-25,Monday,1.21834,1.21685,48,0.0014899999999999913,True,0,0,0
EURUSD,NY,2021-01-26,Tuesday,1.21415,1.21078,48,0.003370000000000095,True,2,2,0
EURUSD,NY,2021-01-27,Wednesday,1.21659,1.21438,48,0.0022100000000000453,True,0,0,0
EURUSD,NY,2021-01-28,Thursday,1.21135,1.20807,48,0.0032799999999999496,True,2,2,0
EURUSD,NY,2021-01-29,Friday,1.21196,1.20945,48,0.0025100000000000122,True,0,0,0
EURUSD,NY,2021-02-01,Monday,1.21328,1.20883,48,0.004449999999999843,True,2,2,0
EURUSD,NY,2021-02-02,Tuesday,1.20874,1.20642,48,0.0023199999999998777,True,0,0,0
EURUSD,NY,2021-02-03,Wednesday,1.20458,1.20278,48,0.0018000000000000238,True,3,3,0
EURUSD,NY,2021-02-04,Thursday,1.20176,1.19912,48,0.0026399999999999757,True,2,2,0
EURUSD,NY,2021-02-05,Friday,1.19874,1.19554,48,0.0031999999999998696,True,1,1,0
EURUSD,NY,2021-02-08,Monday,1.20489,1.20253,48,0.0023599999999999177,True,5,5,0
EURUSD,NY,2021-02-09,Tuesday,1.20976,1.20674,48,0.0030200000000000227,True,1,1,0
EURUSD,NY,2021-02-10,Wednesday,1.21442,1.21229,48,0.0021299999999999653,True,2,2,0
EURUSD,NY,2021-02-11,Thursday,1.21328,1.2118,48,0.0014799999999999258,True,2,2,0
EURUSD,NY,2021-02-12,Friday,1.21318,1.21026,48,0.0029200000000000337,True,3,3,0
EURUSD,NY,2021-02-15,Monday,1.21451,1.21307,48,0.0014399999999998858,True,2,2,0
EURUSD,NY,2021-02-16,Tuesday,1.21572,1.21284,48,0.0028799999999999937,True,1,1,0
EURUSD,NY,2021-02-17,Wednesday,1.20951,1.2065,48,0.003010000000000179,True,3,3,0
EURUSD,NY,2021-02-18,Thursday,1.20708,1.20364,48,0.0034399999999998876,True,2,2,0
EURUSD,NY,2021-02-19,Friday,1.21337,1.20908,48,0.004290000000000127,True,2,2,0
EURUSD,NY,2021-02-22,Monday,1.21244,1.20914,48,0.0032999999999998586,True,0,0,0
EURUSD,NY,2021-02-23,Tuesday,1.21802,1.2154,48,0.0026200000000000667,True,3,3,0
EURUSD,NY,2021-02-24,Wednesday,1.21746,1.21442,48,0.0030399999999999316,True,2,2,0
EURUSD,NY,2021-02-25,Thursday,1.22086,1.21678,48,0.0040800000000000836,True,1,1,0
EURUSD,NY,2021-02-26,Friday,1.21597,1.21291,48,0.0030600000000000627,True,1,1,0
EURUSD,NY,2021-03-01,Monday,1.20928,1.205,48,0.0042799999999998395,True,2,2,0
EURUSD,NY,2021-03-02,Tuesday,1.20269,1.19992,48,0.002769999999999939,True,3,3,0
EURUSD,NY,2021-03-03,Wednesday,1.21077,1.20742,48,0.003349999999999964,True,2,2,0
EURUSD,NY,2021-03-04,Thursday,1.20625,1.20364,48,0.002610000000000001,True,2,2,0
EURUSD,NY,2021-03-05,Friday,1.19619,1.19141,48,0.0047800000000000065,True,1,1,0
EURUSD,NY,2021-03-08,Monday,1.19147,1.18755,48,0.0039199999999999235,True,2,2,0
EURUSD,NY,2021-03-09,Tuesday,1.18986,1.18514,48,0.0047199999999998354,True,2,2,0
EURUSD,NY,2021-03-10,Wednesday,1.1897,1.18689,48,0.002809999999999979,True,3,3,0
EURUSD,NY,2021-03-11,Thursday,1.19688,1.19191,48,0.004969999999999919,True,3,3,0
EURUSD,NY,2021-03-12,Friday,1.19672,1.19284,48,0.0038800000000001056,True,1,1,0
EURUSD,NY,2021-03-15,Monday,1.19543,1.19178,48,0.003649999999999931,True,1,1,0
EURUSD,NY,2021-03-16,Tuesday,1.19387,1.19156,48,0.0023100000000000342,True,1,1,0
EURUSD,NY,2021-03-17,Wednesday,1.1908,1.1891,48,0.0017000000000000348,True,2,2,0
EURUSD,NY,2021-03-18,Thursday,1.19889,1.19428,48,0.004610000000000003,True,2,2,0
EURUSD,NY,2021-03-19,Friday,1.19372,1.1911,48,0.0026199999999998447,True,0,0,0
EURUSD,NY,2021-03-22,Monday,1.18998,1.18747,48,0.0025100000000000122,True,2,2,0
EURUSD,NY,2021-03-23,Tuesday,1.19335,1.19028,48,0.003069999999999906,True,1,1,0
EURUSD,NY,2021-03-24,Wednesday,1.18492,1.18177,48,0.003149999999999986,True,5,5,0
EURUSD,NY,2021-03-25,Thursday,1.18262,1.18047,48,0.0021500000000000963,True,3,3,0
EURUSD,NY,2021-03-26,Friday,1.17893,1.17748,48,0.0014499999999999513,True,4,4,0
EURUSD,NY,2021-03-29,Monday,1.17938,1.1773,48,0.002080000000000082,True,3,3,0
EURUSD,NY,2021-03-30,Tuesday,1.17678,1.1733,48,0.0034799999999999276,True,3,3,0
EURUSD,NY,2021-03-31,Wednesday,1.17376,1.17041,48,0.003349999999999964,True,2,2,0
EURUSD,NY,2021-04-01,Thursday,1.17429,1.17126,48,0.003030000000000088,True,3,3,0
EURUSD,NY,2021-04-02,Friday,1.17817,1.17696,48,0.0012099999999999334,True,2,2,0
EURUSD,NY,2021-04-05,Monday,1.17706,1.17414,48,0.0029200000000000337,True,2,2,0
EURUSD,NY,2021-04-06,Tuesday,1.18208,1.17969,48,0.0023900000000001143,True,0,0,0
EURUSD,NY,2021-04-07,Wednesday,1.18819,1.18639,48,0.0018000000000000238,True,3,3,0
EURUSD,NY,2021-04-08,Thursday,1.18928,1.18672,48,0.0025599999999998957,True,2,2,0
EURUSD,NY,2021-04-09,Friday,1.19068,1.18845,48,0.0022299999999999542,True,2,2,0
EURUSD,NY,2021-04-12,Monday,1.18942,1.1872,48,0.0022199999999998887,True,1,1,0
EURUSD,NY,2021-04-13,Tuesday,1.19088,1.1883,48,0.0025800000000000267,True,0,0,0
EURUSD,NY,2021-04-14,Wednesday,1.19742,1.19557,48,0.0018499999999999073,True,5,5,0
EURUSD,NY,2021-04-15,Thursday,1.19903,1.19699,48,0.0020400000000000418,True,2,2,0
EURUSD,NY,2021-04-16,Friday,1.19889,1.19568,48,0.003209999999999935,True,1,1,0
EURUSD,NY,2021-04-19,Monday,1.2021,1.19553,48,0.006569999999999965,True,2,2,0
EURUSD,NY,2021-04-20,Tuesday,1.20798,1.20483,48,0.003149999999999986,True,2,2,0
EURUSD,NY,2021-04-21,Wednesday,1.20355,1.20035,48,0.0031999999999998696,True,5,5,0
EURUSD,NY,2021-04-22,Thursday,1.20496,1.20292,48,0.0020400000000000418,True,4,4,0
EURUSD,NY,2021-04-23,Friday,1.20561,1.20209,48,0.0035199999999999676,True,2,2,0
EURUSD,NY,2021-04-26,Monday,1.21155,1.20888,48,0.00266999999999995,True,1,1,0
EURUSD,NY,2021-04-27,Tuesday,1.20803,1.20651,48,0.0015199999999999658,True,4,4,0
EURUSD,NY,2021-04-28,Wednesday,1.20786,1.20562,48,0.0022400000000000198,True,0,0,0
EURUSD,NY,2021-04-29,Thursday,1.21369,1.21128,48,0.0024100000000000232,True,1,1,0
EURUSD,NY,2021-04-30,Friday,1.212,1.20999,48,0.0020100000000000673,True,0,0,0
EURUSD,NY,2021-05-03,Monday,1.20423,1.2013,48,0.002929999999999877,True,1,1,0
EURUSD,NY,2021-05-04,Tuesday,1.20427,1.20071,48,0.0035600000000000076,True,1,1,0
EURUSD,NY,2021-05-05,Wednesday,1.20254,1.19861,48,0.003929999999999989,True,0,0,0
EURUSD,NY,2021-05-06,Thursday,1.20285,1.19982,48,0.003029999999999866,True,0,0,0
EURUSD,NY,2021-05-07,Friday,1.20892,1.20528,48,0.0036400000000000876,True,1,1,0
EURUSD,NY,2021-05-10,Monday,1.21632,1.21368,48,0.0026399999999999757,True,2,2,0
EURUSD,NY,2021-05-11,Tuesday,1.21472,1.21231,48,0.0024100000000000232,True,2,2,0
EURUSD,NY,2021-05-12,Wednesday,1.21439,1.21167,48,0.0027200000000000557,True,2,2,0
EURUSD,NY,2021-05-13,Thursday,1.21062,1.20718,48,0.0034400000000001096,True,1,1,0
EURUSD,NY,2021-05-14,Friday,1.2118,1.20844,48,0.0033600000000000296,True,1,1,0
EURUSD,NY,2021-05-17,Monday,1.21464,1.21261,48,0.0020299999999999763,True,2,2,0
EURUSD,NY,2021-05-18,Tuesday,1.22054,1.21631,48,0.004229999999999956,True,1,1,0
EURUSD,NY,2021-05-19,Wednesday,1.22453,1.22164,48,0.002889999999999837,True,3,3,0
EURUSD,NY,2021-05-20,Thursday,1.22048,1.21771,48,0.002769999999999939,True,1,1,0
EURUSD,NY,2021-05-21,Friday,1.22398,1.22097,48,0.003009999999999957,True,0,0,0
EURUSD,NY,2021-05-24,Monday,1.21997,1.21788,48,0.0020899999999999253,True,3,3,0
EURUSD,NY,2021-05-25,Tuesday,1.22621,1.22205,48,0.0041599999999999415,True,1,1,0
EURUSD,NY,2021-05-26,Wednesday,1.2263,1.22329,48,0.003009999999999957,True,3,3,0
EURUSD,NY,2021-05-27,Thursday,1.22084,1.21869,48,0.0021499999999998742,True,6,6,0
EURUSD,NY,2021-05-28,Friday,1.21903,1.21716,48,0.0018700000000000383,True,2,2,0
EURUSD,NY,2021-05-31,Monday,1.22022,1.21834,48,0.0018800000000001038,True,1,1,0
EURUSD,NY,2021-06-01,Tuesday,1.22415,1.22182,48,0.0023300000000001653,True,3,3,0
EURUSD,NY,2021-06-02,Wednesday,1.2223,1.21966,48,0.0026399999999999757,True,1,1,0
EURUSD,NY,2021-06-03,Thursday,1.22081,1.21792,48,0.002890000000000059,True,0,0,0
EURUSD,NY,2021-06-04,Friday,1.2118,1.21042,48,0.0013799999999999368,True,1,1,0
EURUSD,NY,2021-06-07,Monday,1.21706,1.21451,48,0.0025500000000000522,True,1,1,0
EURUSD,NY,2021-06-08,Tuesday,1.21854,1.21643,48,0.0021100000000000563,True,3,3,0
EURUSD,NY,2021-06-09,Wednesday,1.21869,1.21756,48,0.0011300000000000754,True,2,2,0
EURUSD,NY,2021-06-10,Thursday,1.21738,1.21535,46,0.0020299999999999763,False,0,0,0
EURUSD,NY,2021-06-11,Friday,1.2193,1.21748,48,0.0018200000000001548,True,0,0,0
EURUSD,NY,2021-06-14,Monday,1.21207,1.20943,48,0.0026399999999999757,True,3,3,0
EURUSD,NY,2021-06-15,Tuesday,1.21474,1.21231,48,0.002429999999999932,True,2,2,0
EURUSD,NY,2021-06-16,Wednesday,1.21349,1.21186,48,0.0016300000000000203,True,3,3,0
EURUSD,NY,2021-06-17,Thursday,1.20064,1.19427,48,0.006369999999999987,True,2,2,0
EURUSD,NY,2021-06-18,Friday,1.1922,1.18854,48,0.0036599999999999966,True,2,2,0
EURUSD,NY,2021-06-21,Monday,1.18848,1.18514,48,0.0033399999999998986,True,0,0,0
EURUSD,NY,2021-06-22,Tuesday,1.19123,1.18918,48,0.0020500000000001073,True,1,1,0
EURUSD,NY,2021-06-23,Wednesday,1.1939,1.19116,48,0.0027399999999999647,True,3,3,0
EURUSD,NY,2021-06-24,Thursday,1.1943,1.19178,48,0.0025199999999998557,True,3,3,0
EURUSD,NY,2021-06-25,Friday,1.19508,1.19349,48,0.0015899999999999803,True,2,2,0
EURUSD,NY,2021-06-28,Monday,1.19446,1.19218,48,0.0022800000000000598,True,1,1,0
EURUSD,NY,2021-06-29,Tuesday,1.19232,1.19058,48,0.0017400000000000748,True,5,5,0
EURUSD,NY,2021-06-30,Wednesday,1.19082,1.18931,48,0.0015099999999999003,True,3,3,0
EURUSD,NY,2021-07-01,Thursday,1.18602,1.18375,48,0.0022699999999999942,True,1,1,0
EURUSD,NY,2021-07-02,Friday,1.18478,1.18223,48,0.0025500000000000522,True,4,4,0
EURUSD,NY,2021-07-05,Monday,1.18732,1.18514,48,0.0021799999999998487,True,4,4,0
EURUSD,NY,2021-07-06,Tuesday,1.1895,1.187,48,0.0024999999999999467,True,0,0,0
EURUSD,NY,2021-07-07,Wednesday,1.18345,1.18119,48,0.0022599999999999287,True,1,1,0
EURUSD,NY,2021-07-08,Thursday,1.18209,1.17916,48,0.002930000000000099,True,0,0,0
EURUSD,NY,2021-07-09,Friday,1.18429,1.1825,48,0.0017899999999999583,True,2,2,0
EURUSD,NY,2021-07-12,Monday,1.18792,1.18562,48,0.0023000000000001908,True,1,1,0
EURUSD,NY,2021-07-13,Tuesday,1.18707,1.18469,48,0.0023800000000000487,True,3,3,0
EURUSD,NY,2021-07-14,Wednesday,1.17972,1.17811,48,0.0016100000000001113,True,1,1,0
EURUSD,NY,2021-07-15,Thursday,1.18466,1.18258,48,0.002080000000000082,True,1,1,0
EURUSD,NY,2021-07-16,Friday,1.1815,1.17972,48,0.0017799999999998928,True,5,5,0
EURUSD,NY,2021-07-19,Monday,1.18087,1.17783,48,0.0030400000000001537,True,4,4,0
EURUSD,NY,2021-07-20,Tuesday,1.17934,1.17722,48,0.002120000000000122,True,3,3,0
EURUSD,NY,2021-07-21,Wednesday,1.17761,1.1752,48,0.0024100000000000232,True,1,1,0
EURUSD,NY,2021-07-22,Thursday,1.1802,1.17906,48,0.0011399999999999189,True,2,2,0
EURUSD,NY,2021-07-23,Friday,1.17792,1.17628,48,0.0016400000000000858,True,3,3,0
EURUSD,NY,2021-07-26,Monday,1.18003,1.1771,48,0.002929999999999877,True,2,2,0
EURUSD,NY,2021-07-27,Tuesday,1.18065,1.17752,48,0.003130000000000077,True,2,2,0
EURUSD,NY,2021-07-28,Wednesday,1.18232,1.18034,48,0.001980000000000093,True,6,6,0
EURUSD,NY,2021-07-29,Thursday,1.187,1.18503,48,0.0019700000000000273,True,0,0,0
EURUSD,NY,2021-07-30,Friday,1.18956,1.18752,48,0.0020400000000000418,True,1,1,0
EURUSD,NY,2021-08-02,Monday,1.18875,1.18643,48,0.0023199999999998777,True,1,1,0
EURUSD,NY,2021-08-03,Tuesday,1.1884,1.18712,48,0.0012799999999999478,True,5,5,0
EURUSD,NY,2021-08-04,Wednesday,1.188,1.18689,48,0.0011099999999999444,True,2,1,1
EURUSD,NY,2021-08-05,Thursday,1.18498,1.18303,48,0.0019499999999998963,True,5,5,0
EURUSD,NY,2021-08-06,Friday,1.183,1.18191,48,0.0010900000000000354,True,0,0,0
EURUSD,NY,2021-08-09,Monday,1.17668,1.17548,48,0.0011999999999998678,True,1,1,0
EURUSD,NY,2021-08-10,Tuesday,1.17429,1.1726,48,0.0016899999999999693,True,2,2,0
EURUSD,NY,2021-08-11,Wednesday,1.17213,1.1706,48,0.0015299999999998093,True,0,0,0
EURUSD,NY,2021-08-12,Thursday,1.17459,1.17328,48,0.0013099999999999223,True,3,3,0
EURUSD,NY,2021-08-13,Friday,1.17412,1.17303,48,0.0010900000000000354,True,1,1,0
EURUSD,NY,2021-08-16,Monday,1.17942,1.17787,48,0.0015499999999999403,True,1,1,0
EURUSD,NY,2021-08-17,Tuesday,1.17747,1.17604,48,0.0014300000000000423,True,1,1,0
EURUSD,NY,2021-08-18,Wednesday,1.17295,1.17129,48,0.0016599999999999948,True,3,3,0
EURUSD,NY,2021-08-19,Thursday,1.16843,1.16689,48,0.0015400000000000968,True,2,2,0
EURUSD,NY,2021-08-20,Friday,1.16893,1.16777,48,0.0011600000000000499,True,2,2,0
EURUSD,NY,2021-08-23,Monday,1.17262,1.17062,48,0.0020000000000000018,True,3,3,0
EURUSD,NY,2021-08-24,Tuesday,1.17469,1.17331,48,0.0013799999999999368,True,5,5,0
EURUSD,NY,2021-08-25,Wednesday,1.17452,1.17324,48,0.0012799999999999478,True,1,1,0
EURUSD,NY,2021-08-26,Thursday,1.17747,1.17565,48,0.0018199999999999328,True,5,5,0
EURUSD,NY,2021-08-27,Friday,1.17714,1.17574,48,0.0014000000000000679,True,2,2,0
EURUSD,NY,2021-08-30,Monday,1.18072,1.17936,48,0.0013600000000000279,True,2,2,0
EURUSD,NY,2021-08-31,Tuesday,1.18316,1.18166,48,0.0015000000000000568,True,1,1,0
EURUSD,NY,2021-09-01,Wednesday,1.18136,1.17937,48,0.0019899999999999363,True,1,1,0
EURUSD,NY,2021-09-02,Thursday,1.18517,1.18345,48,0.0017200000000001658,True,4,4,0
EURUSD,NY,2021-09-03,Friday,1.1882,1.18714,48,0.0010599999999998388,True,9,7,2
EURUSD,NY,2021-09-06,Monday,1.18752,1.18604,48,0.0014799999999999258,True,2,2,0
EURUSD,NY,2021-09-07,Tuesday,1.18825,1.1863,48,0.0019500000000001183,True,3,3,0
EURUSD,NY,2021-09-08,Wednesday,1.1845,1.18286,48,0.0016400000000000858,True,2,2,0
EURUSD,NY,2021-09-09,Thursday,1.18276,1.18115,48,0.0016100000000001113,True,3,3,0
EURUSD,NY,2021-09-10,Friday,1.18441,1.18248,48,0.0019299999999999873,True,2,2,0
EURUSD,NY,2021-09-13,Monday,1.1806,1.1775,48,0.0031000000000001027,True,6,6,0
EURUSD,NY,2021-09-14,Tuesday,1.183,1.18066,48,0.0023400000000000087,True,3,3,0
EURUSD,NY,2021-09-15,Wednesday,1.18185,1.17992,48,0.0019299999999999873,True,2,2,0
EURUSD,NY,2021-09-16,Thursday,1.18128,1.17779,48,0.003490000000000215,True,0,0,0
EURUSD,NY,2021-09-17,Friday,1.1785,1.1768,48,0.0017000000000000348,True,2,2,0
EURUSD,NY,2021-09-20,Monday,1.17185,1.1706,48,0.0012499999999999734,True,2,2,0
EURUSD,NY,2021-09-21,Tuesday,1.17376,1.17184,48,0.0019199999999999218,True,2,2,0
EURUSD,NY,2021-09-22,Wednesday,1.17376,1.17169,48,0.0020700000000000163,True,2,2,0
EURUSD,NY,2021-09-23,Thursday,1.17246,1.17052,48,0.0019400000000000528,True,3,3,0
EURUSD,NY,2021-09-24,Friday,1.1742,1.17312,48,0.0010799999999999699,True,1,1,0
EURUSD,NY,2021-09-27,Monday,1.1725,1.16941,48,0.003090000000000037,True,2,2,0
EURUSD,NY,2021-09-28,Tuesday,1.17034,1.16723,48,0.003109999999999946,True,1,1,0
EURUSD,NY,2021-09-29,Wednesday,1.1688,1.16565,48,0.003149999999999986,True,1,1,0
EURUSD,NY,2021-09-30,Thursday,1.16086,1.15915,48,0.0017100000000001003,True,1,1,0
EURUSD,NY,2021-10-01,Friday,1.15913,1.15745,48,0.0016799999999999038,True,2,2,0
EURUSD,NY,2021-10-04,Monday,1.16094,1.15893,48,0.0020100000000000673,True,3,3,0
EURUSD,NY,2021-10-05,Tuesday,1.1605,1.15901,48,0.0014899999999999913,True,3,3,0
EURUSD,NY,2021-10-06,Wednesday,1.15939,1.15562,48,0.003769999999999829,True,1,1,0
EURUSD,NY,2021-10-07,Thursday,1.15707,1.1549,48,0.0021700000000000053,True,1,1,0
EURUSD,NY,2021-10-08,Friday,1.15542,1.15415,48,0.0012699999999998823,True,1,1,0
EURUSD,NY,2021-10-11,Monday,1.15868,1.15698,48,0.0017000000000000348,True,2,2,0
EURUSD,NY,2021-10-12,Tuesday,1.15703,1.15555,48,0.0014799999999999258,True,1,1,0
EURUSD,NY,2021-10-13,Wednesday,1.15562,1.15456,48,0.001060000000000061,True,3,3,0
EURUSD,NY,2021-10-14,Thursday,1.16118,1.15876,48,0.0024200000000000887,True,1,1,0
EURUSD,NY,2021-10-15,Friday,1.16153,1.16042,48,0.0011099999999999444,True,5,5,0
EURUSD,NY,2021-10-18,Monday,1.15934,1.15719,48,0.0021500000000000963,True,2,2,0
EURUSD,NY,2021-10-19,Tuesday,1.16577,1.16449,48,0.0012799999999999478,True,3,3,0
EURUSD,NY,2021-10-20,Wednesday,1.16523,1.16169,48,0.0035400000000000986,True,2,2,0
EURUSD,NY,2021-10-21,Thursday,1.16653,1.16362,48,0.002909999999999968,True,4,4,0
EURUSD,NY,2021-10-22,Friday,1.16468,1.16234,48,0.0023400000000000087,True,3,3,0
EURUSD,NY,2021-10-25,Monday,1.1665,1.16412,48,0.0023800000000000487,True,0,0,0
EURUSD,NY,2021-10-26,Tuesday,1.16065,1.15941,48,0.0012399999999999078,True,2,2,0
EURUSD,NY,2021-10-27,Wednesday,1.16132,1.15954,48,0.0017799999999998928,True,4,4,0
EURUSD,NY,2021-10-28,Thursday,1.16139,1.15953,48,0.0018599999999999728,True,1,1,0
EURUSD,NY,2021-10-29,Friday,1.16773,1.16581,48,0.0019199999999999218,True,0,0,0
EURUSD,NY,2021-11-01,Monday,1.15644,1.1546,48,0.0018399999999998418,True,1,1,0
EURUSD,NY,2021-11-02,Tuesday,1.16134,1.15988,48,0.0014600000000000168,True,2,2,0
EURUSD,NY,2021-11-03,Wednesday,1.15878,1.15787,48,0.0009099999999999664,True,4,3,1
EURUSD,NY,2021-11-04,Thursday,1.1596,1.157,48,0.0025999999999999357,True,0,0,0
EURUSD,NY,2021-11-05,Friday,1.1563,1.15466,48,0.0016400000000000858,True,1,1,0
EURUSD,NY,2021-11-08,Monday,1.15739,1.15506,48,0.0023299999999999432,True,2,2,0
EURUSD,NY,2021-11-09,Tuesday,1.16066,1.15804,48,0.0026200000000000667,True,2,2,0
EURUSD,NY,2021-11-10,Wednesday,1.15851,1.15579,48,0.0027199999999998337,True,2,2,0
EURUSD,NY,2021-11-11,Thursday,1.14851,1.1454,48,0.003109999999999946,True,0,0,0
EURUSD,NY,2021-11-12,Friday,1.14561,1.14391,48,0.0017000000000000348,True,3,3,0
EURUSD,NY,2021-11-15,Monday,1.14632,1.14368,48,0.0026399999999999757,True,1,1,0
EURUSD,NY,2021-11-16,Tuesday,1.13844,1.13682,48,0.0016199999999999548,True,2,2,0
EURUSD,NY,2021-11-17,Wednesday,1.1321,1.12916,48,0.0029400000000001647,True,3,3,0
EURUSD,NY,2021-11-18,Thursday,1.13398,1.13138,48,0.0025999999999999357,True,2,2,0
EURUSD,NY,2021-11-19,Friday,1.13606,1.13232,48,0.0037400000000000766,True,0,0,0
EURUSD,NY,2021-11-22,Monday,1.12788,1.12602,48,0.0018599999999999728,True,2,2,0
EURUSD,NY,2021-11-23,Tuesday,1.12691,1.12318,48,0.003730000000000011,True,1,1,0
EURUSD,NY,2021-11-24,Wednesday,1.12553,1.12202,48,0.003509999999999902,True,0,0,0
EURUSD,NY,2021-11-25,Thursday,1.12264,1.12102,48,0.0016200000000001769,True,5,5,0
EURUSD,NY,2021-11-26,Friday,1.1279,1.12209,48,0.005809999999999871,True,2,2,0
EURUSD,NY,2021-11-29,Monday,1.12852,1.12602,48,0.0024999999999999467,True,4,4,0
EURUSD,NY,2021-11-30,Tuesday,1.13513,1.12956,48,0.005570000000000075,True,3,3,0
EURUSD,NY,2021-12-01,Wednesday,1.13597,1.13026,48,0.005709999999999882,True,0,0,0
EURUSD,NY,2021-12-02,Thursday,1.13266,1.13072,41,0.0019400000000000528,False,0,0,0
EURUSD,NY,2021-12-03,Friday,1.13024,1.12817,48,0.0020700000000000163,True,3,3,0
EURUSD,NY,2021-12-06,Monday,1.12933,1.12749,48,0.0018399999999998418,True,3,3,0
EURUSD,NY,2021-12-07,Tuesday,1.12986,1.12739,48,0.0024700000000001943,True,2,2,0
EURUSD,NY,2021-12-08,Wednesday,1.12957,1.12786,48,0.0017099999999998783,True,3,3,0
EURUSD,NY,2021-12-09,Thursday,1.1336,1.13167,48,0.0019299999999999873,True,3,3,0
EURUSD,NY,2021-12-10,Friday,1.13029,1.12848,48,0.0018100000000000893,True,2,2,0
EURUSD,NY,2021-12-13,Monday,1.12999,1.12743,48,0.0025600000000001177,True,1,1,0
EURUSD,NY,2021-12-14,Tuesday,1.12839,1.12664,48,0.0017499999999999183,True,1,1,0
EURUSD,NY,2021-12-15,Wednesday,1.12767,1.12628,48,0.0013900000000000023,True,3,3,0
EURUSD,NY,2021-12-16,Thursday,1.13187,1.12837,48,0.0034999999999998366,True,1,1,0
EURUSD,NY,2021-12-17,Friday,1.1349,1.13172,48,0.0031799999999999606,True,2,2,0
EURUSD,NY,2021-12-20,Monday,1.12706,1.12473,48,0.0023299999999999432,True,4,4,0
EURUSD,NY,2021-12-21,Tuesday,1.13026,1.1276,48,0.0026600000000001067,True,2,2,0
EURUSD,NY,2021-12-22,Wednesday,1.12764,1.12645,48,0.0011900000000000244,True,1,1,0
EURUSD,NY,2021-12-23,Thursday,1.1342,1.1312,48,0.0030000000000001137,True,1,1,0
EURUSD,NY,2021-12-24,Friday,1.13413,1.13268,48,0.0014500000000001734,True,1,1,0
EURUSD,NY,2021-12-27,Monday,1.13344,1.13104,48,0.0023999999999999577,True,1,1,0
EURUSD,NY,2021-12-28,Tuesday,1.13311,1.13158,48,0.0015300000000000313,True,3,3,0
EURUSD,NY,2021-12-29,Wednesday,1.13073,1.12816,48,0.002569999999999961,True,1,1,0
EURUSD,NY,2021-12-30,Thursday,1.13329,1.13002,48,0.003269999999999884,True,2,2,0
EURUSD,NY,2021-12-31,Friday,1.13255,1.13033,48,0.0022199999999998887,True,1,1,0
EURUSD,NY,2022-01-03,Monday,1.13501,1.1335,48,0.0015100000000001224,True,2,2,0
EURUSD,NY,2022-01-04,Tuesday,1.13071,1.12833,48,0.0023800000000000487,True,3,3,0
EURUSD,NY,2022-01-05,Wednesday,1.1311,1.12875,48,0.0023500000000000743,True,5,5,0
EURUSD,NY,2022-01-06,Thursday,1.13124,1.12847,48,0.002769999999999939,True,2,2,0
EURUSD,NY,2022-01-07,Friday,1.13153,1.12982,48,0.0017099999999998783,True,5,5,0
EURUSD,NY,2022-01-10,Monday,1.13364,1.13207,48,0.0015700000000000713,True,3,3,0
EURUSD,NY,2022-01-11,Tuesday,1.13518,1.13318,48,0.0020000000000000018,True,5,5,0
EURUSD,NY,2022-01-12,Wednesday,1.1378,1.13551,48,0.0022899999999999032,True,0,0,0
EURUSD,NY,2022-01-13,Thursday,1.14784,1.14385,48,0.003989999999999938,True,0,0,0
EURUSD,NY,2022-01-14,Friday,1.14829,1.14603,48,0.0022599999999999287,True,2,2,0
EURUSD,NY,2022-01-17,Monday,1.14344,1.1412,48,0.0022400000000000198,True,2,2,0
EURUSD,NY,2022-01-18,Tuesday,1.14059,1.13872,48,0.0018700000000000383,True,2,2,0
EURUSD,NY,2022-01-19,Wednesday,1.13428,1.13271,48,0.0015699999999998493,True,5,5,0
EURUSD,NY,2022-01-20,Thursday,1.1369,1.13456,48,0.0023400000000000087,True,3,3,0
EURUSD,NY,2022-01-21,Friday,1.13401,1.13225,48,0.0017599999999999838,True,3,3,0
EURUSD,NY,2022-01-24,Monday,1.13323,1.13107,48,0.0021599999999999397,True,2,2,0
EURUSD,NY,2022-01-25,Tuesday,1.13159,1.12921,48,0.0023800000000000487,True,1,1,0
EURUSD,NY,2022-01-26,Wednesday,1.13054,1.12844,48,0.0020999999999999908,True,4,4,0
EURUSD,NY,2022-01-27,Thursday,1.12223,1.11931,48,0.0029200000000000337,True,0,0,0
EURUSD,NY,2022-01-28,Friday,1.11551,1.11215,48,0.0033600000000000296,True,2,2,0
EURUSD,NY,2022-01-31,Monday,1.11825,1.11608,48,0.0021700000000000053,True,2,2,0
EURUSD,NY,2022-02-01,Tuesday,1.12696,1.12343,48,0.003530000000000033,True,3,3,0
EURUSD,NY,2022-02-02,Wednesday,1.12942,1.12667,48,0.00275000000000003,True,2,2,0
EURUSD,NY,2022-02-03,Thursday,1.13026,1.12881,48,0.0014499999999999513,True,3,3,0
EURUSD,NY,2022-02-04,Friday,1.14688,1.14398,48,0.0028999999999999027,True,4,4,0
EURUSD,NY,2022-02-07,Monday,1.14493,1.14257,48,0.0023599999999999177,True,4,4,0
EURUSD,NY,2022-02-08,Tuesday,1.14251,1.13962,48,0.002889999999999837,True,2,2,0
EURUSD,NY,2022-02-09,Wednesday,1.14278,1.14026,48,0.0025199999999998557,True,2,2,0
EURUSD,NY,2022-02-10,Thursday,1.14336,1.14195,48,0.0014099999999999113,True,3,2,1
EURUSD,NY,2022-02-11,Friday,1.1398,1.137,48,0.0027999999999999137,True,2,2,0
EURUSD,NY,2022-02-14,Monday,1.13524,1.1304,48,0.0048399999999999554,True,6,6,0
EURUSD,NY,2022-02-15,Tuesday,1.13492,1.13095,48,0.003970000000000029,True,3,3,0
EURUSD,NY,2022-02-16,Wednesday,1.13955,1.1348,48,0.004750000000000032,True,1,1,0
EURUSD,NY,2022-02-17,Thursday,1.1386,1.13422,48,0.0043800000000000505,True,0,0,0
EURUSD,NY,2022-02-18,Friday,1.13768,1.13613,48,0.0015499999999999403,True,1,1,0
EURUSD,NY,2022-02-21,Monday,1.13904,1.13561,48,0.003430000000000044,True,0,0,0
EURUSD,NY,2022-02-22,Tuesday,1.1328,1.12926,48,0.0035400000000000986,True,2,2,0
EURUSD,NY,2022-02-23,Wednesday,1.13474,1.1316,48,0.0031400000000001427,True,3,3,0
EURUSD,NY,2022-02-24,Thursday,1.12623,1.12208,48,0.004150000000000098,True,1,1,0
EURUSD,NY,2022-02-25,Friday,1.12258,1.11702,48,0.005560000000000009,True,3,3,0
EURUSD,NY,2022-02-28,Monday,1.12,1.11448,48,0.005520000000000191,True,2,2,0
EURUSD,NY,2022-03-01,Tuesday,1.12332,1.1194,48,0.003920000000000146,True,0,0,0
EURUSD,NY,2022-03-02,Wednesday,1.11231,1.10796,48,0.004349999999999854,True,2,2,0
EURUSD,NY,2022-03-03,Thursday,1.11065,1.10825,48,0.0023999999999999577,True,2,2,0
EURUSD,NY,2022-03-04,Friday,1.10393,1.10086,48,0.003070000000000128,True,1,1,0
EURUSD,NY,2022-03-07,Monday,1.08979,1.0854,48,0.004390000000000116,True,1,1,0
EURUSD,NY,2022-03-08,Tuesday,1.09219,1.08513,48,0.007060000000000066,True,1,1,0
EURUSD,NY,2022-03-09,Wednesday,1.09561,1.09093,48,0.0046800000000000175,True,1,1,0
EURUSD,NY,2022-03-10,Thursday,1.1072,1.10262,48,0.0045800000000000285,True,1,1,0
EURUSD,NY,2022-03-11,Friday,1.10088,1.09657,48,0.004310000000000036,True,2,2,0
EURUSD,NY,2022-03-14,Monday,1.09407,1.09013,48,0.003940000000000055,True,2,2,0
EURUSD,NY,2022-03-15,Tuesday,1.10197,1.09672,48,0.005249999999999977,True,1,1,0
EURUSD,NY,2022-03-16,Wednesday,1.09823,1.09559,48,0.0026399999999999757,True,2,2,0
EURUSD,NY,2022-03-17,Thursday,1.10459,1.10222,48,0.0023699999999999832,True,1,1,0
EURUSD,NY,2022-03-18,Friday,1.10944,1.10714,48,0.0022999999999999687,True,0,0,0
EURUSD,NY,2022-03-21,Monday,1.1056,1.10348,48,0.0021199999999998997,True,3,3,0
EURUSD,NY,2022-03-22,Tuesday,1.10028,1.0961,48,0.0041799999999998505,True,1,1,0
EURUSD,NY,2022-03-23,Wednesday,1.10399,1.10146,48,0.002529999999999921,True,2,2,0
EURUSD,NY,2022-03-24,Thursday,1.0989,1.09754,48,0.0013600000000000279,True,5,5,0
EURUSD,NY,2022-03-25,Friday,1.10378,1.10191,48,0.0018700000000000383,True,2,2,0
EURUSD,NY,2022-03-28,Monday,1.09656,1.09449,48,0.0020700000000000163,True,1,1,0
EURUSD,NY,2022-03-29,Tuesday,1.10182,1.09793,48,0.003889999999999949,True,1,1,0
EURUSD,NY,2022-03-30,Wednesday,1.11349,1.11057,48,0.0029200000000000337,True,2,2,0
EURUSD,NY,2022-03-31,Thursday,1.11758,1.115,48,0.0025800000000000267,True,0,0,0
EURUSD,NY,2022-04-01,Friday,1.10757,1.10429,48,0.0032799999999999496,True,3,3,0
EURUSD,NY,2022-04-04,Monday,1.1054,1.10274,48,0.0026599999999998847,True,1,1,0
EURUSD,NY,2022-04-05,Tuesday,1.09887,1.09623,48,0.0026399999999999757,True,2,2,0
EURUSD,NY,2022-04-06,Wednesday,1.09021,1.08746,48,0.002749999999999808,True,2,2,0
EURUSD,NY,2022-04-07,Thursday,1.09341,1.08949,48,0.0039199999999999235,True,1,1,0
EURUSD,NY,2022-04-08,Friday,1.08693,1.08482,48,0.0021100000000000563,True,3,3,0
EURUSD,NY,2022-04-11,Monday,1.09136,1.08741,48,0.00395000000000012,True,2,2,0
EURUSD,NY,2022-04-12,Tuesday,1.08832,1.08533,48,0.002990000000000048,True,1,1,0
EURUSD,NY,2022-04-13,Wednesday,1.08447,1.08151,48,0.0029600000000000737,True,1,1,0
EURUSD,NY,2022-04-14,Thursday,1.09232,1.09036,48,0.0019599999999999618,True,2,2,0
EURUSD,NY,2022-04-15,Friday,1.08119,1.08016,48,0.0010300000000000864,True,1,1,0
EURUSD,NY,2022-04-18,Monday,1.08037,1.0787,48,0.0016700000000000603,True,3,3,0
EURUSD,NY,2022-04-19,Tuesday,1.08028,1.07666,48,0.0036199999999999566,True,1,1,0
EURUSD,NY,2022-04-20,Wednesday,1.08222,1.08072,48,0.0015000000000000568,True,1,1,0
EURUSD,NY,2022-04-21,Thursday,1.09363,1.08291,48,0.010720000000000063,True,0,0,0
EURUSD,NY,2022-04-22,Friday,1.08516,1.08031,48,0.004849999999999799,True,1,1,0
EURUSD,NY,2022-04-25,Monday,1.07854,1.07069,48,0.007850000000000135,True,2,2,0
EURUSD,NY,2022-04-26,Tuesday,1.07346,1.06756,48,0.005900000000000016,True,3,3,0
EURUSD,NY,2022-04-27,Wednesday,1.06548,1.05882,48,0.006659999999999888,True,1,1,0
EURUSD,NY,2022-04-28,Thursday,1.05648,1.0482,48,0.008280000000000065,True,1,1,0
EURUSD,NY,2022-04-29,Friday,1.05787,1.05088,48,0.006990000000000052,True,1,1,0
EURUSD,NY,2022-05-02,Monday,1.05684,1.05102,48,0.005819999999999936,True,3,3,0
EURUSD,NY,2022-05-03,Tuesday,1.0528,1.04944,48,0.0033600000000000296,True,1,1,0
EURUSD,NY,2022-05-04,Wednesday,1.05285,1.05062,48,0.0022299999999999542,True,4,3,1
EURUSD,NY,2022-05-05,Thursday,1.06193,1.05847,48,0.0034600000000000186,True,0,0,0
EURUSD,NY,2022-05-06,Friday,1.05439,1.04828,48,0.006109999999999838,True,2,2,0
EURUSD,NY,2022-05-09,Monday,1.05294,1.04952,48,0.0034199999999999786,True,1,1,0
EURUSD,NY,2022-05-10,Tuesday,1.05855,1.05511,48,0.0034400000000001096,True,1,1,0
EURUSD,NY,2022-05-11,Wednesday,1.05608,1.05339,48,0.002689999999999859,True,3,3,0
EURUSD,NY,2022-05-12,Thursday,1.05256,1.04434,48,0.008219999999999894,True,0,0,0
EURUSD,NY,2022-05-13,Friday,1.04198,1.03837,48,0.003609999999999891,True,3,3,0
EURUSD,NY,2022-05-16,Monday,1.04261,1.03934,44,0.003270000000000106,False,0,0,0
EURUSD,NY,2022-05-17,Tuesday,1.04747,1.04358,48,0.003889999999999949,True,1,1,0
EURUSD,NY,2022-05-18,Wednesday,1.05406,1.05138,48,0.0026800000000000157,True,1,1,0
EURUSD,NY,2022-05-19,Thursday,1.05068,1.04652,48,0.004160000000000164,True,0,0,0
EURUSD,NY,2022-05-20,Friday,1.05935,1.05623,48,0.0031200000000000117,True,5,5,0
EURUSD,NY,2022-05-23,Monday,1.0614,1.05884,48,0.0025599999999998957,True,0,0,0
EURUSD,NY,2022-05-24,Tuesday,1.07362,1.06623,48,0.007390000000000008,True,2,2,0
EURUSD,NY,2022-05-25,Wednesday,1.07142,1.06816,48,0.0032600000000000406,True,1,1,0
EURUSD,NY,2022-05-26,Thursday,1.07026,1.06625,48,0.004010000000000069,True,1,1,0
EURUSD,NY,2022-05-27,Friday,1.07584,1.07335,48,0.002489999999999881,True,2,2,0
EURUSD,NY,2022-05-30,Monday,1.077,1.07404,48,0.0029599999999998516,True,2,2,0
EURUSD,NY,2022-05-31,Tuesday,1.07554,1.07278,48,0.0027599999999998737,True,3,3,0
EURUSD,NY,2022-06-01,Wednesday,1.07374,1.07053,48,0.003209999999999935,True,1,1,0
EURUSD,NY,2022-06-02,Thursday,1.06922,1.06497,48,0.004250000000000087,True,3,3,0
EURUSD,NY,2022-06-03,Friday,1.07607,1.0745,48,0.0015700000000000713,True,4,4,0
EURUSD,NY,2022-06-06,Monday,1.07425,1.07182,48,0.002429999999999932,True,4,4,0
EURUSD,NY,2022-06-07,Tuesday,1.06998,1.06653,48,0.003449999999999953,True,6,6,0
EURUSD,NY,2022-06-08,Wednesday,1.06952,1.06777,48,0.0017499999999999183,True,2,2,0
EURUSD,NY,2022-06-09,Thursday,1.07327,1.0702,48,0.003069999999999906,True,3,3,0
EURUSD,NY,2022-06-10,Friday,1.06423,1.06191,48,0.0023200000000000998,True,0,0,0
EURUSD,NY,2022-06-13,Monday,1.04957,1.04612,48,0.003449999999999953,True,4,4,0
EURUSD,NY,2022-06-14,Tuesday,1.0475,1.04179,48,0.005710000000000104,True,4,4,0
EURUSD,NY,2022-06-15,Wednesday,1.04946,1.04243,48,0.007030000000000092,True,3,3,0
EURUSD,NY,2022-06-16,Thursday,1.04441,1.03809,48,0.006320000000000103,True,1,1,0
EURUSD,NY,2022-06-17,Friday,1.05307,1.04941,48,0.0036599999999999966,True,3,3,0
EURUSD,NY,2022-06-20,Monday,1.0543,1.05102,48,0.0032799999999999496,True,2,2,0
EURUSD,NY,2022-06-21,Tuesday,1.05649,1.05133,48,0.005159999999999831,True,4,4,0
EURUSD,NY,2022-06-22,Wednesday,1.0514,1.0469,48,0.0044999999999999485,True,2,2,0
EURUSD,NY,2022-06-23,Thursday,1.05794,1.04986,48,0.008080000000000087,True,2,2,0
EURUSD,NY,2022-06-24,Friday,1.05468,1.05224,48,0.0024399999999999977,True,5,5,0
EURUSD,NY,2022-06-27,Monday,1.05905,1.05543,48,0.0036199999999999566,True,1,1,0
EURUSD,NY,2022-06-28,Tuesday,1.06062,1.05705,48,0.003569999999999851,True,0,0,0
EURUSD,NY,2022-06-29,Wednesday,1.05324,1.04859,48,0.004650000000000043,True,1,1,0
EURUSD,NY,2022-06-30,Thursday,1.04688,1.04299,48,0.003889999999999949,True,2,2,0
EURUSD,NY,2022-07-01,Friday,1.04705,1.04328,48,0.003770000000000051,True,1,1,0
EURUSD,NY,2022-07-04,Monday,1.04388,1.0422,48,0.0016799999999999038,True,3,3,0
EURUSD,NY,2022-07-05,Tuesday,1.0449,1.03659,48,0.00831000000000004,True,0,0,0
EURUSD,NY,2022-07-06,Wednesday,1.02765,1.02385,48,0.0038000000000000256,True,0,0,0
EURUSD,NY,2022-07-07,Thursday,1.0221,1.0182,48,0.0039000000000000146,True,4,4,0
EURUSD,NY,2022-07-08,Friday,1.01701,1.00719,48,0.00981999999999994,True,3,3,0
EURUSD,NY,2022-07-11,Monday,1.01546,1.01056,48,0.0049000000000001265,True,1,1,0
EURUSD,NY,2022-07-12,Tuesday,1.00392,1.00029,48,0.003630000000000022,True,5,5,0
EURUSD,NY,2022-07-13,Wednesday,1.00527,1.00063,48,0.0046400000000001995,True,2,2,0
EURUSD,NY,2022-07-14,Thursday,1.00464,1.00053,48,0.004110000000000058,True,6,6,0
EURUSD,NY,2022-07-15,Friday,1.00356,1.00068,48,0.0028799999999999937,True,0,0,0
EURUSD,NY,2022-07-18,Monday,1.01492,1.00814,48,0.006780000000000008,True,2,2,0
EURUSD,NY,2022-07-19,Tuesday,1.0244,1.01244,48,0.01195999999999997,True,3,3,0
EURUSD,NY,2022-07-20,Wednesday,1.02732,1.02214,48,0.005179999999999962,True,1,1,0
EURUSD,NY,2022-07-21,Thursday,1.02305,1.01904,48,0.004010000000000069,True,4,4,0
EURUSD,NY,2022-07-22,Friday,1.02136,1.01298,48,0.008380000000000054,True,1,1,0
EURUSD,NY,2022-07-25,Monday,1.02218,1.01862,48,0.0035600000000000076,True,2,2,0
EURUSD,NY,2022-07-26,Tuesday,1.02362,1.02083,48,0.00279000000000007,True,1,1,0
EURUSD,NY,2022-07-27,Wednesday,1.0159,1.01277,48,0.003130000000000077,True,3,3,0
EURUSD,NY,2022-07-28,Thursday,1.02343,1.01852,48,0.00490999999999997,True,1,1,0
EURUSD,NY,2022-07-29,Friday,1.02541,1.02078,48,0.004629999999999912,True,3,3,0
EURUSD,NY,2022-08-01,Monday,1.0241,1.02134,48,0.0027600000000000957,True,2,2,0
EURUSD,NY,2022-08-02,Tuesday,1.02797,1.02153,48,0.006440000000000001,True,3,3,0
EURUSD,NY,2022-08-03,Wednesday,1.01932,1.01542,48,0.0039000000000000146,True,4,4,0
EURUSD,NY,2022-08-04,Thursday,1.01863,1.01568,48,0.002950000000000008,True,2,2,0
EURUSD,NY,2022-08-05,Friday,1.02392,1.02226,48,0.0016599999999999948,True,1,1,0
EURUSD,NY,2022-08-08,Monday,1.02151,1.01713,48,0.0043799999999998285,True,2,2,0
EURUSD,NY,2022-08-09,Tuesday,1.0215,1.01918,48,0.0023200000000000998,True,1,1,0
EURUSD,NY,2022-08-10,Wednesday,1.02186,1.02053,48,0.0013300000000000534,True,1,1,0
EURUSD,NY,2022-08-11,Thursday,1.03324,1.02755,48,0.005689999999999973,True,3,3,0
EURUSD,NY,2022-08-12,Friday,1.03244,1.02911,48,0.003330000000000055,True,4,4,0
EURUSD,NY,2022-08-15,Monday,1.02558,1.023,48,0.0025800000000000267,True,1,1,0
EURUSD,NY,2022-08-16,Tuesday,1.01689,1.0134,48,0.003489999999999993,True,4,4,0
EURUSD,NY,2022-08-17,Wednesday,1.01864,1.01494,48,0.0037000000000000366,True,3,3,0
EURUSD,NY,2022-08-18,Thursday,1.01784,1.0146,48,0.0032400000000001317,True,2,2,0
EURUSD,NY,2022-08-19,Friday,1.00955,1.0072,48,0.002349999999999852,True,0,0,0
EURUSD,NY,2022-08-22,Monday,1.0043,0.99997,48,0.004329999999999945,True,3,3,0
EURUSD,NY,2022-08-23,Tuesday,0.99498,0.99004,48,0.0049399999999999444,True,1,1,0
EURUSD,NY,2022-08-24,Wednesday,0.99621,0.99348,48,0.00273000000000001,True,3,3,0
EURUSD,NY,2022-08-25,Thursday,1.00336,0.99852,48,0.0048400000000000665,True,3,3,0
EURUSD,NY,2022-08-26,Friday,0.99748,0.99468,48,0.0028000000000000247,True,2,2,0
EURUSD,NY,2022-08-29,Monday,0.99505,0.99141,48,0.0036399999999999766,True,0,0,0
EURUSD,NY,2022-08-30,Tuesday,1.00338,0.99823,48,0.005149999999999988,True,2,2,0
EURUSD,NY,2022-08-31,Wednesday,1.0046,0.99991,48,0.004689999999999972,True,2,2,0
EURUSD,NY,2022-09-01,Thursday,1.0033,1.00078,48,0.0025200000000000777,True,1,1,0
EURUSD,NY,2022-09-02,Friday,0.99961,0.99582,48,0.00378999999999996,True,3,3,0
EURUSD,NY,2022-09-05,Monday,0.99371,0.98781,48,0.005900000000000016,True,1,1,0
EURUSD,NY,2022-09-06,Tuesday,0.99863,0.99441,48,0.0042200000000000015,True,2,2,0
EURUSD,NY,2022-09-07,Wednesday,0.99284,0.98798,48,0.0048599999999999755,True,1,1,0
EURUSD,NY,2022-09-08,Thursday,1.00149,0.99764,48,0.00385000000000002,True,5,5,0
EURUSD,NY,2022-09-09,Friday,1.01104,1.00584,48,0.005199999999999871,True,1,1,0
EURUSD,NY,2022-09-12,Monday,1.01978,1.00736,48,0.012419999999999876,True,0,0,0
EURUSD,NY,2022-09-13,Tuesday,1.01553,1.01197,48,0.0035600000000000076,True,1,1,0
EURUSD,NY,2022-09-14,Wednesday,1.00024,0.99597,48,0.004269999999999996,True,3,3,0
EURUSD,NY,2022-09-15,Thursday,0.99791,0.99559,48,0.0023199999999999887,True,2,2,0
EURUSD,NY,2022-09-16,Friday,1.00019,0.99452,48,0.005669999999999953,True,1,1,0
EURUSD,NY,2022-09-19,Monday,0.99997,0.99662,48,0.003350000000000075,True,0,0,0
EURUSD,NY,2022-09-20,Tuesday,1.0042,1.00129,48,0.002909999999999968,True,2,2,0
EURUSD,NY,2022-09-21,Wednesday,0.99685,0.98849,48,0.008360000000000034,True,2,2,0
EURUSD,NY,2022-09-22,Thursday,0.98535,0.98132,48,0.004029999999999978,True,1,1,0
EURUSD,NY,2022-09-23,Friday,0.98382,0.97672,48,0.007099999999999995,True,1,1,0
EURUSD,NY,2022-09-26,Monday,0.97015,0.96206,48,0.00808999999999993,True,6,6,0
EURUSD,NY,2022-09-27,Tuesday,0.96707,0.96351,48,0.0035600000000000076,True,2,2,0
EURUSD,NY,2022-09-28,Wednesday,0.95873,0.95362,48,0.005109999999999948,True,2,2,0
EURUSD,NY,2022-09-29,Thursday,0.96899,0.96358,48,0.005410000000000026,True,2,2,0
EURUSD,NY,2022-09-30,Friday,0.98384,0.97902,48,0.0048200000000000465,True,2,2,0
EURUSD,NY,2022-10-03,Monday,0.98347,0.97844,48,0.005029999999999979,True,1,1,0
EURUSD,NY,2022-10-04,Tuesday,0.98961,0.9826,48,0.007009999999999961,True,1,1,0
EURUSD,NY,2022-10-05,Wednesday,0.99951,0.99364,48,0.005870000000000042,True,1,1,0
EURUSD,NY,2022-10-06,Thursday,0.99262,0.98931,48,0.003309999999999924,True,1,1,0
EURUSD,NY,2022-10-07,Friday,0.9809,0.97657,48,0.004329999999999945,True,2,2,0
EURUSD,NY,2022-10-10,Monday,0.97435,0.96991,48,0.0044399999999999995,True,1,1,0
EURUSD,NY,2022-10-11,Tuesday,0.97248,0.96706,48,0.00541999999999998,True,2,2,0
EURUSD,NY,2022-10-12,Wednesday,0.9735,0.9696,48,0.0039000000000000146,True,2,2,0
EURUSD,NY,2022-10-13,Thursday,0.97092,0.96854,48,0.0023800000000000487,True,1,1,0
EURUSD,NY,2022-10-14,Friday,0.97971,0.97526,48,0.004449999999999954,True,3,3,0
EURUSD,NY,2022-10-17,Monday,0.9757,0.97308,48,0.0026200000000000667,True,2,2,0
EURUSD,NY,2022-10-18,Tuesday,0.98736,0.98312,48,0.0042400000000000215,True,4,4,0
EURUSD,NY,2022-10-19,Wednesday,0.98463,0.98152,48,0.003110000000000057,True,2,2,0
EURUSD,NY,2022-10-20,Thursday,0.97946,0.97592,48,0.0035399999999999876,True,3,3,0
EURUSD,NY,2022-10-21,Friday,0.98024,0.97612,48,0.0041200000000000125,True,1,1,0
EURUSD,NY,2022-10-24,Monday,0.98618,0.98266,48,0.0035199999999999676,True,3,3,0
EURUSD,NY,2022-10-25,Tuesday,0.98864,0.98524,48,0.0033999999999999586,True,1,1,0
EURUSD,NY,2022-10-26,Wednesday,1.00348,0.99508,48,0.008399999999999963,True,4,4,0
EURUSD,NY,2022-10-27,Thursday,1.00838,1.00544,48,0.0029400000000001647,True,0,0,0
EURUSD,NY,2022-10-28,Friday,0.99926,0.99378,48,0.00548000000000004,True,2,2,0
EURUSD,NY,2022-10-31,Monday,0.99658,0.99282,48,0.0037599999999999856,True,1,1,0
EURUSD,NY,2022-11-01,Tuesday,0.99384,0.98997,48,0.003869999999999929,True,4,4,0
EURUSD,NY,2022-11-02,Wednesday,0.98939,0.98712,48,0.0022699999999999942,True,5,4,1
EURUSD,NY,2022-11-03,Thursday,0.9836,0.97728,48,0.006319999999999992,True,1,1,0
EURUSD,NY,2022-11-04,Friday,0.97966,0.97569,48,0.003970000000000029,True,1,1,0
EURUSD,NY,2022-11-07,Monday,0.99901,0.99241,48,0.006599999999999939,True,1,1,0
EURUSD,NY,2022-11-08,Tuesday,1.00077,0.99786,48,0.002909999999999968,True,2,2,0
EURUSD,NY,2022-11-09,Wednesday,1.00854,1.00562,48,0.0029200000000000337,True,3,3,0
EURUSD,NY,2022-11-10,Thursday,1.00431,0.99864,48,0.005670000000000064,True,1,1,0
EURUSD,NY,2022-11-11,Friday,1.02739,1.01892,48,0.008469999999999978,True,2,2,0
EURUSD,NY,2022-11-14,Monday,1.03506,1.0298,48,0.005260000000000042,True,2,2,0
EURUSD,NY,2022-11-15,Tuesday,1.04182,1.03196,48,0.00985999999999998,True,3,3,0
EURUSD,NY,2022-11-16,Wednesday,1.04208,1.03409,48,0.007989999999999942,True,2,2,0
EURUSD,NY,2022-11-17,Thursday,1.04067,1.03685,48,0.0038199999999999346,True,2,2,0
EURUSD,NY,2022-11-18,Friday,1.03862,1.03422,48,0.0044000000000001815,True,2,2,0
EURUSD,NY,2022-11-21,Monday,1.02871,1.02503,48,0.0036799999999999056,True,2,2,0
EURUSD,NY,2022-11-22,Tuesday,1.02816,1.02458,48,0.0035799999999999166,True,4,4,0
EURUSD,NY,2022-11-23,Wednesday,1.03487,1.0311,48,0.003770000000000051,True,2,2,0
EURUSD,NY,2022-11-24,Thursday,1.04465,1.04,48,0.004650000000000043,True,2,2,0
EURUSD,NY,2022-11-25,Friday,1.04278,1.04073,48,0.0020500000000001073,True,2,2,0
EURUSD,NY,2022-11-28,Monday,1.04407,1.0347,48,0.0093700000000001,True,1,1,0
EURUSD,NY,2022-11-29,Tuesday,1.0393,1.03509,48,0.004209999999999825,True,2,2,0
EURUSD,NY,2022-11-30,Wednesday,1.03704,1.03359,48,0.003449999999999953,True,4,4,0
EURUSD,NY,2022-12-01,Thursday,1.0464,1.03934,48,0.007060000000000066,True,0,0,0
EURUSD,NY,2022-12-02,Friday,1.0545,1.05129,48,0.003209999999999935,True,1,1,0
EURUSD,NY,2022-12-05,Monday,1.05848,1.05306,48,0.00541999999999998,True,3,3,0
EURUSD,NY,2022-12-06,Tuesday,1.05096,1.04757,48,0.003390000000000004,True,1,1,0
EURUSD,NY,2022-12-07,Wednesday,1.04803,1.04432,48,0.003710000000000102,True,1,1,0
EURUSD,NY,2022-12-08,Thursday,1.05306,1.0494,48,0.0036599999999999966,True,1,1,0
EURUSD,NY,2022-12-09,Friday,1.05884,1.05609,48,0.00275000000000003,True,2,2,0
EURUSD,NY,2022-12-12,Monday,1.05514,1.05082,48,0.0043199999999998795,True,2,2,0
EURUSD,NY,2022-12-13,Tuesday,1.05608,1.05315,48,0.002929999999999877,True,1,1,0
EURUSD,NY,2022-12-14,Wednesday,1.06446,1.0619,48,0.0025599999999998957,True,3,3,0
EURUSD,NY,2022-12-15,Thursday,1.06611,1.06205,48,0.0040599999999999525,True,3,3,0
EURUSD,NY,2022-12-16,Friday,1.06629,1.06254,48,0.00374999999999992,True,1,1,0
EURUSD,NY,2022-12-19,Monday,1.06478,1.06014,48,0.0046399999999999775,True,3,3,0
EURUSD,NY,2022-12-20,Tuesday,1.06345,1.0579,48,0.005549999999999944,True,6,6,0
EURUSD,NY,2022-12-21,Wednesday,1.06374,1.06076,48,0.0029799999999999827,True,6,6,0
EURUSD,NY,2022-12-22,Thursday,1.06594,1.06263,48,0.003310000000000146,True,1,1,0
EURUSD,NY,2022-12-23,Friday,1.06304,1.05991,48,0.003130000000000077,True,1,1,0
EURUSD,NY,2022-12-26,Monday,,,0,,False,0,0,0
EURUSD,NY,2022-12-27,Tuesday,1.0668,1.06383,48,0.002969999999999917,True,2,2,0
EURUSD,NY,2022-12-28,Wednesday,1.06548,1.06344,48,0.0020400000000000418,True,2,2,0
EURUSD,NY,2022-12-29,Thursday,1.06429,1.06112,48,0.003169999999999895,True,1,1,0
EURUSD,NY,2022-12-30,Friday,1.06747,1.06389,48,0.0035799999999999166,True,2,2,0
EURUSD,NY,2023-01-02,Monday,1.07027,1.06638,48,0.003889999999999949,True,3,3,0
EURUSD,NY,2023-01-03,Tuesday,1.06708,1.05511,48,0.011970000000000036,True,2,2,0
EURUSD,NY,2023-01-04,Wednesday,1.06353,1.05598,48,0.007550000000000168,True,0,0,0
EURUSD,NY,2023-01-05,Thursday,1.0628,1.05905,48,0.00374999999999992,True,0,0,0
EURUSD,NY,2023-01-06,Friday,1.0531,1.05071,48,0.002389999999999892,True,2,2,0
EURUSD,NY,2023-01-09,Monday,1.06996,1.06682,48,0.0031399999999999206,True,1,1,0
EURUSD,NY,2023-01-10,Tuesday,1.07474,1.0722,48,0.0025399999999999867,True,4,4,0
EURUSD,NY,2023-01-11,Wednesday,1.07574,1.07288,48,0.0028599999999998627,True,3,3,0
EURUSD,NY,2023-01-12,Thursday,1.07752,1.07456,48,0.0029600000000000737,True,2,2,0
EURUSD,NY,2023-01-13,Friday,1.08644,1.08316,48,0.0032800000000001717,True,1,1,0
EURUSD,NY,2023-01-16,Monday,1.08611,1.08026,48,0.005849999999999911,True,0,0,0
EURUSD,NY,2023-01-17,Tuesday,1.08386,1.0812,48,0.0026600000000001067,True,4,4,0
EURUSD,NY,2023-01-18,Wednesday,1.08514,1.07681,48,0.008329999999999949,True,3,3,0
EURUSD,NY,2023-01-19,Thursday,1.0825,1.07826,48,0.0042400000000000215,True,3,3,0
EURUSD,NY,2023-01-20,Friday,1.0859,1.08214,48,0.0037599999999999856,True,3,3,0
EURUSD,NY,2023-01-23,Monday,1.09268,1.08874,48,0.003940000000000055,True,0,0,0
EURUSD,NY,2023-01-24,Tuesday,1.0898,1.08666,48,0.0031400000000001427,True,2,2,0
EURUSD,NY,2023-01-25,Wednesday,1.09112,1.0868,48,0.0043200000000001015,True,6,6,0
EURUSD,NY,2023-01-26,Thursday,1.09296,1.09057,48,0.002389999999999892,True,2,2,0
EURUSD,NY,2023-01-27,Friday,1.08916,1.08657,48,0.00258999999999987,True,4,4,0
EURUSD,NY,2023-01-30,Monday,1.08896,1.08531,48,0.003649999999999931,True,1,1,0
EURUSD,NY,2023-01-31,Tuesday,1.08498,1.08026,48,0.0047200000000000575,True,2,2,0
EURUSD,NY,2023-02-01,Wednesday,1.08886,1.08655,48,0.0023100000000000342,True,0,0,0
EURUSD,NY,2023-02-02,Thursday,1.10248,1.09916,48,0.0033199999999999896,True,1,1,0
EURUSD,NY,2023-02-03,Friday,1.09076,1.08821,48,0.0025500000000000522,True,0,0,0
EURUSD,NY,2023-02-06,Monday,1.07982,1.07749,48,0.0023299999999999432,True,3,3,0
EURUSD,NY,2023-02-07,Tuesday,1.07438,1.06972,48,0.0046599999999998865,True,4,4,0
EURUSD,NY,2023-02-08,Wednesday,1.07598,1.0724,48,0.0035799999999999166,True,3,3,0
EURUSD,NY,2023-02-09,Thursday,1.07596,1.07242,48,0.0035400000000000986,True,2,2,0
EURUSD,NY,2023-02-10,Friday,1.07528,1.07182,48,0.0034600000000000186,True,0,0,0
EURUSD,NY,2023-02-13,Monday,1.06897,1.06632,48,0.002650000000000041,True,1,1,0
EURUSD,NY,2023-02-14,Tuesday,1.07502,1.07288,48,0.0021400000000000308,True,3,3,0
EURUSD,NY,2023-02-15,Wednesday,1.07287,1.07001,48,0.0028600000000000847,True,4,4,0
EURUSD,NY,2023-02-16,Thursday,1.07226,1.06961,48,0.002650000000000041,True,2,2,0
EURUSD,NY,2023-02-17,Friday,1.06472,1.06296,48,0.0017600000000002058,True,3,3,0
EURUSD,NY,2023-02-20,Monday,1.07047,1.06838,48,0.0020899999999999253,True,2,2,0
EURUSD,NY,2023-02-21,Tuesday,1.06885,1.06596,48,0.002890000000000059,True,2,2,0
EURUSD,NY,2023-02-22,Wednesday,1.06635,1.06429,48,0.0020599999999999508,True,2,2,0
EURUSD,NY,2023-02-23,Thursday,1.06278,1.06031,48,0.0024699999999999722,True,2,2,0
EURUSD,NY,2023-02-24,Friday,1.06024,1.05799,48,0.0022500000000000853,True,0,0,0
EURUSD,NY,2023-02-27,Monday,1.05614,1.05329,48,0.002850000000000019,True,2,2,0
EURUSD,NY,2023-02-28,Tuesday,1.06201,1.0582,48,0.003809999999999869,True,3,3,0
EURUSD,NY,2023-03-01,Wednesday,1.06489,1.0589,48,0.00598999999999994,True,2,2,0
EURUSD,NY,2023-03-02,Thursday,1.06486,1.06262,48,0.0022400000000000198,True,2,2,0
EURUSD,NY,2023-03-03,Friday,1.06292,1.06082,48,0.0020999999999999908,True,2,2,0
EURUSD,NY,2023-03-06,Monday,1.06574,1.06372,48,0.0020199999999999108,True,2,2,0
EURUSD,NY,2023-03-07,Tuesday,1.06947,1.067,48,0.0024699999999999722,True,0,0,0
EURUSD,NY,2023-03-08,Wednesday,1.0548,1.05243,48,0.0023699999999999832,True,4,4,0
EURUSD,NY,2023-03-09,Thursday,1.05634,1.05482,48,0.0015199999999999658,True,2,2,0
EURUSD,NY,2023-03-10,Friday,1.06066,1.0574,48,0.0032600000000000406,True,0,0,0
EURUSD,NY,2023-03-13,Monday,1.07372,1.07133,48,0.0023900000000001143,True,2,1,1
EURUSD,NY,2023-03-14,Tuesday,1.07156,1.06789,48,0.003670000000000062,True,3,3,0
EURUSD,NY,2023-03-15,Wednesday,1.07539,1.07277,48,0.0026200000000000667,True,0,0,0
EURUSD,NY,2023-03-16,Thursday,1.06283,1.05929,48,0.0035399999999998766,True,4,4,0
EURUSD,NY,2023-03-17,Friday,1.06693,1.06389,48,0.0030399999999999316,True,1,1,0
EURUSD,NY,2023-03-20,Monday,1.06811,1.06418,48,0.003929999999999989,True,2,2,0
EURUSD,NY,2023-03-21,Tuesday,1.07221,1.0704,48,0.0018100000000000893,True,0,0,0
EURUSD,NY,2023-03-22,Wednesday,1.07752,1.07591,48,0.0016100000000001113,True,0,0,0
EURUSD,NY,2023-03-23,Thursday,1.093,1.0895,48,0.0035000000000000586,True,2,2,0
EURUSD,NY,2023-03-24,Friday,1.08371,1.08227,48,0.0014399999999998858,True,0,0,0
EURUSD,NY,2023-03-27,Monday,1.07821,1.0745,48,0.00370999999999988,True,1,1,0
EURUSD,NY,2023-03-28,Tuesday,1.08341,1.08062,48,0.00279000000000007,True,1,1,0
EURUSD,NY,2023-03-29,Wednesday,1.0844,1.08178,48,0.0026200000000000667,True,1,1,0
EURUSD,NY,2023-03-30,Thursday,1.08578,1.08236,48,0.0034199999999999786,True,1,1,0
EURUSD,NY,2023-03-31,Friday,1.09108,1.08802,48,0.0030600000000000627,True,3,3,0
EURUSD,NY,2023-04-03,Monday,1.08419,1.07892,48,0.005269999999999886,True,0,0,0
EURUSD,NY,2023-04-04,Tuesday,1.09381,1.08828,48,0.005530000000000035,True,0,0,0
EURUSD,NY,2023-04-05,Wednesday,1.09674,1.09466,48,0.002080000000000082,True,3,3,0
EURUSD,NY,2023-04-06,Thursday,1.09173,1.08898,48,0.00275000000000003,True,2,2,0
EURUSD,NY,2023-04-07,Friday,1.09208,1.09116,48,0.0009200000000000319,True,4,4,0
EURUSD,NY,2023-04-10,Monday,1.09169,1.0891,48,0.0025900000000000922,True,1,1,0
EURUSD,NY,2023-04-11,Tuesday,1.09046,1.08808,48,0.0023800000000000487,True,3,3,0
EURUSD,NY,2023-04-12,Wednesday,1.09374,1.09159,48,0.0021499999999998742,True,0,0,0
EURUSD,NY,2023-04-13,Thursday,1.10008,1.09769,48,0.002389999999999892,True,0,0,0
EURUSD,NY,2023-04-14,Friday,1.10759,1.10594,48,0.0016500000000001513,True,2,2,0
EURUSD,NY,2023-04-17,Monday,1.09998,1.09759,48,0.002389999999999892,True,1,1,0
EURUSD,NY,2023-04-18,Tuesday,1.0971,1.09339,48,0.00370999999999988,True,5,5,0
EURUSD,NY,2023-04-19,Wednesday,1.09745,1.09466,48,0.00279000000000007,True,1,1,0
EURUSD,NY,2023-04-20,Thursday,1.09732,1.09501,48,0.0023100000000000342,True,3,3,0
EURUSD,NY,2023-04-21,Friday,1.09641,1.09381,48,0.0026000000000001577,True,2,2,0
EURUSD,NY,2023-04-24,Monday,1.09882,1.0966,48,0.0022199999999998887,True,1,1,0
EURUSD,NY,2023-04-25,Tuesday,1.10588,1.10247,48,0.003409999999999913,True,1,1,0
EURUSD,NY,2023-04-26,Wednesday,1.1026,1.09723,48,0.005370000000000097,True,0,0,0
EURUSD,NY,2023-04-27,Thursday,1.10635,1.10401,48,0.0023400000000000087,True,2,2,0
EURUSD,NY,2023-04-28,Friday,1.10364,1.09939,48,0.004249999999999865,True,2,2,0
EURUSD,NY,2023-05-01,Monday,1.10144,1.09949,48,0.0019499999999998963,True,3,3,0
EURUSD,NY,2023-05-02,Tuesday,1.10068,1.09791,48,0.0027700000000001612,True,2,2,0
EURUSD,NY,2023-05-03,Wednesday,1.10414,1.10144,48,0.0026999999999999247,True,3,3,0
EURUSD,NY,2023-05-04,Thursday,1.10917,1.10521,48,0.0039599999999999635,True,2,2,0
EURUSD,NY,2023-05-05,Friday,1.10478,1.10257,48,0.0022100000000000453,True,7,7,0
EURUSD,NY,2023-05-08,Monday,1.10506,1.10368,48,0.0013799999999999368,True,3,3,0
EURUSD,NY,2023-05-09,Tuesday,1.10008,1.09727,48,0.002809999999999979,True,1,1,0
EURUSD,NY,2023-05-10,Wednesday,1.09826,1.09624,48,0.0020199999999999108,True,1,1,0
EURUSD,NY,2023-05-11,Thursday,1.09824,1.09242,48,0.005820000000000158,True,3,3,0
EURUSD,NY,2023-05-12,Friday,1.09356,1.09062,48,0.0029400000000001647,True,1,1,0
EURUSD,NY,2023-05-15,Monday,1.08772,1.08573,48,0.0019899999999999363,True,5,5,0
EURUSD,NY,2023-05-16,Tuesday,1.08946,1.08629,48,0.003170000000000117,True,6,6,0
EURUSD,NY,2023-05-17,Wednesday,1.08677,1.08314,48,0.003630000000000022,True,3,3,0
EURUSD,NY,2023-05-18,Thursday,1.08404,1.08092,48,0.0031199999999997896,True,2,2,0
EURUSD,NY,2023-05-19,Friday,1.0792,1.07606,48,0.0031399999999999206,True,4,4,0
EURUSD,NY,2023-05-22,Monday,1.08242,1.07955,48,0.002869999999999928,True,2,2,0
EURUSD,NY,2023-05-23,Tuesday,1.0813,1.07849,48,0.002809999999999979,True,1,1,0
EURUSD,NY,2023-05-24,Wednesday,1.07894,1.07703,48,0.0019100000000000783,True,2,2,0
EURUSD,NY,2023-05-25,Thursday,1.0744,1.07142,48,0.0029799999999999827,True,2,2,0
EURUSD,NY,2023-05-26,Friday,1.07444,1.07254,48,0.0019000000000000128,True,3,3,0
EURUSD,NY,2023-05-29,Monday,1.07435,1.07247,48,0.0018799999999998818,True,1,1,0
EURUSD,NY,2023-05-30,Tuesday,1.07088,1.06725,48,0.003630000000000022,True,1,1,0
EURUSD,NY,2023-05-31,Wednesday,1.07008,1.06701,48,0.003069999999999906,True,4,4,0
EURUSD,NY,2023-06-01,Thursday,1.06916,1.06618,48,0.0029800000000002047,True,1,1,0
EURUSD,NY,2023-06-02,Friday,1.0779,1.07602,48,0.0018800000000001038,True,3,3,0
EURUSD,NY,2023-06-05,Monday,1.07038,1.06834,48,0.0020400000000000418,True,1,1,0
EURUSD,NY,2023-06-06,Tuesday,1.07328,1.07074,48,0.0025399999999999867,True,1,1,0
EURUSD,NY,2023-06-07,Wednesday,1.06956,1.06683,48,0.0027300000000001212,True,2,2,0
EURUSD,NY,2023-06-08,Thursday,1.07191,1.07011,48,0.0018000000000000238,True,0,0,0
EURUSD,NY,2023-06-09,Friday,1.0784,1.07676,48,0.0016400000000000858,True,1,1,0
EURUSD,NY,2023-06-12,Monday,1.07724,1.07391,48,0.003330000000000055,True,1,1,0
EURUSD,NY,2023-06-13,Tuesday,1.08075,1.07762,48,0.003130000000000077,True,2,2,0
EURUSD,NY,2023-06-14,Wednesday,1.07969,1.07741,48,0.0022800000000000598,True,1,1,0
EURUSD,NY,2023-06-15,Thursday,1.08289,1.08038,48,0.0025100000000000122,True,2,2,0
EURUSD,NY,2023-06-16,Friday,1.09624,1.0934,48,0.0028400000000001757,True,3,3,0
EURUSD,NY,2023-06-19,Monday,1.09414,1.09252,48,0.0016199999999999548,True,1,1,0
EURUSD,NY,2023-06-20,Tuesday,1.09462,1.09118,48,0.0034399999999998876,True,2,2,0
EURUSD,NY,2023-06-21,Wednesday,1.09198,1.09058,48,0.0013999999999998458,True,1,1,0
EURUSD,NY,2023-06-22,Thursday,1.09998,1.098,48,0.0019799999999998708,True,3,3,0
EURUSD,NY,2023-06-23,Friday,1.0937,1.08535,48,0.008349999999999858,True,1,1,0
EURUSD,NY,2023-06-26,Monday,1.09111,1.08956,48,0.0015499999999999403,True,2,2,0
EURUSD,NY,2023-06-27,Tuesday,1.09415,1.09163,48,0.0025199999999998557,True,3,3,0
EURUSD,NY,2023-06-28,Wednesday,1.0957,1.0936,48,0.0020999999999999908,True,3,3,0
EURUSD,NY,2023-06-29,Thursday,1.09206,1.08808,48,0.003980000000000095,True,2,2,0
EURUSD,NY,2023-06-30,Friday,1.08756,1.08535,48,0.0022100000000000453,True,1,1,0
EURUSD,NY,2023-07-03,Monday,1.09183,1.08703,48,0.0048000000000001375,True,1,1,0
EURUSD,NY,2023-07-04,Tuesday,1.09148,1.0894,48,0.002080000000000082,True,1,1,0
EURUSD,NY,2023-07-05,Wednesday,1.0908,1.08678,48,0.0040199999999999125,True,0,0,0
EURUSD,NY,2023-07-06,Thursday,1.08753,1.08338,48,0.004150000000000098,True,1,1,0
EURUSD,NY,2023-07-07,Friday,1.09004,1.08717,48,0.002869999999999928,True,1,1,0
EURUSD,NY,2023-07-10,Monday,1.09656,1.09452,48,0.0020400000000000418,True,1,1,0
EURUSD,NY,2023-07-11,Tuesday,1.10271,1.1006,48,0.0021100000000000563,True,2,2,0
EURUSD,NY,2023-07-12,Wednesday,1.10369,1.10205,48,0.0016400000000000858,True,4,4,0
EURUSD,NY,2023-07-13,Thursday,1.11577,1.11298,48,0.002789999999999848,True,2,2,0
EURUSD,NY,2023-07-14,Friday,1.12411,1.12042,48,0.003689999999999971,True,3,3,0
EURUSD,NY,2023-07-17,Monday,1.12451,1.12222,48,0.0022899999999999032,True,3,3,0
EURUSD,NY,2023-07-18,Tuesday,1.12757,1.12405,48,0.0035199999999999676,True,2,2,0
EURUSD,NY,2023-07-19,Wednesday,1.12372,1.1196,48,0.0041200000000001236,True,2,2,0
EURUSD,NY,2023-07-20,Thursday,1.12268,1.1198,48,0.0028799999999999937,True,0,0,0
EURUSD,NY,2023-07-21,Friday,1.11449,1.11249,48,0.0020000000000000018,True,4,4,0
EURUSD,NY,2023-07-24,Monday,1.11469,1.10747,48,0.007220000000000004,True,6,6,0
EURUSD,NY,2023-07-25,Tuesday,1.1087,1.10687,48,0.0018299999999999983,True,0,0,0
EURUSD,NY,2023-07-26,Wednesday,1.10749,1.10463,48,0.0028600000000000847,True,3,3,0
EURUSD,NY,2023-07-27,Thursday,1.11341,1.1088,48,0.004610000000000003,True,3,3,0
EURUSD,NY,2023-07-28,Friday,1.09914,1.09435,48,0.004790000000000072,True,0,0,0
EURUSD,NY,2023-07-31,Monday,1.10289,1.10052,48,0.0023699999999999832,True,3,3,0
EURUSD,NY,2023-08-01,Tuesday,1.10003,1.09703,48,0.0030000000000001137,True,3,3,0
EURUSD,NY,2023-08-02,Wednesday,1.10005,1.09815,48,0.0019000000000000128,True,2,2,0
EURUSD,NY,2023-08-03,Thursday,1.09432,1.09138,48,0.0029399999999999427,True,3,3,0
EURUSD,NY,2023-08-04,Friday,1.09584,1.09442,48,0.0014199999999999768,True,2,2,0
EURUSD,NY,2023-08-07,Monday,1.09974,1.09709,48,0.002650000000000041,True,2,2,0
EURUSD,NY,2023-08-08,Tuesday,1.10112,1.09737,48,0.003750000000000142,True,0,0,0
EURUSD,NY,2023-08-09,Wednesday,1.09848,1.09633,48,0.0021499999999998742,True,6,6,0
EURUSD,NY,2023-08-10,Thursday,1.10186,1.09786,48,0.0040000000000000036,True,3,3,0
EURUSD,NY,2023-08-11,Friday,1.10022,1.09839,48,0.0018299999999999983,True,2,2,0
EURUSD,NY,2023-08-14,Monday,1.09562,1.09262,48,0.0030000000000001137,True,3,3,0
EURUSD,NY,2023-08-15,Tuesday,1.09295,1.09069,41,0.0022600000000001508,False,0,0,0
EURUSD,NY,2023-08-16,Wednesday,1.09272,1.0906,48,0.0021199999999998997,True,3,3,0
EURUSD,NY,2023-08-17,Thursday,1.08867,1.08628,48,0.0023900000000001143,True,2,2,0
EURUSD,NY,2023-08-18,Friday,1.0888,1.08645,48,0.0023500000000000743,True,4,4,0
EURUSD,NY,2023-08-21,Monday,1.08888,1.08724,48,0.0016400000000000858,True,1,1,0
EURUSD,NY,2023-08-22,Tuesday,1.09304,1.09046,48,0.0025800000000000267,True,1,1,0
EURUSD,NY,2023-08-23,Wednesday,1.08714,1.08119,48,0.0059499999999999,True,3,3,0
EURUSD,NY,2023-08-24,Thursday,1.08766,1.0852,48,0.0024600000000001288,True,1,1,0
EURUSD,NY,2023-08-25,Friday,1.07922,1.07682,48,0.0023999999999999577,True,2,1,1
EURUSD,NY,2023-08-28,Monday,1.08208,1.08052,48,0.0015600000000000058,True,3,3,0
EURUSD,NY,2023-08-29,Tuesday,1.08365,1.08084,48,0.002809999999999979,True,4,4,0
EURUSD,NY,2023-08-30,Wednesday,1.08767,1.08558,48,0.0020899999999999253,True,0,0,0
EURUSD,NY,2023-08-31,Thursday,1.09244,1.08901,48,0.003430000000000044,True,0,0,0
EURUSD,NY,2023-09-01,Friday,1.08596,1.08282,48,0.0031400000000001427,True,1,1,0
EURUSD,NY,2023-09-04,Monday,1.08068,1.07814,48,0.0025399999999999867,True,1,1,0
EURUSD,NY,2023-09-05,Tuesday,1.0794,1.07546,48,0.0039399999999998325,True,1,1,0
EURUSD,NY,2023-09-06,Wednesday,1.07479,1.07243,48,0.0023599999999999177,True,2,2,0
EURUSD,NY,2023-09-07,Thursday,1.07304,1.07082,48,0.0022199999999998887,True,4,4,0
EURUSD,NY,2023-09-08,Friday,1.0728,1.07077,48,0.0020299999999999763,True,2,2,0
EURUSD,NY,2023-09-11,Monday,1.07414,1.07217,48,0.0019700000000000273,True,3,3,0
EURUSD,NY,2023-09-12,Tuesday,1.07466,1.07121,48,0.003449999999999953,True,5,5,0
EURUSD,NY,2023-09-13,Wednesday,1.07546,1.07311,48,0.0023500000000000743,True,3,3,0
EURUSD,NY,2023-09-14,Thursday,1.0752,1.0733,48,0.0019000000000000128,True,1,1,0
EURUSD,NY,2023-09-15,Friday,1.06675,1.06444,48,0.0023100000000000342,True,3,3,0
EURUSD,NY,2023-09-18,Monday,1.06778,1.06579,48,0.0019899999999999363,True,3,3,0
EURUSD,NY,2023-09-19,Tuesday,1.06953,1.06752,48,0.0020100000000000673,True,1,1,0
EURUSD,NY,2023-09-20,Wednesday,1.06931,1.06729,48,0.0020199999999999108,True,3,2,1
EURUSD,NY,2023-09-21,Thursday,1.06581,1.06328,48,0.002529999999999921,True,6,6,0
EURUSD,NY,2023-09-22,Friday,1.06676,1.06149,48,0.005269999999999886,True,1,1,0
EURUSD,NY,2023-09-25,Monday,1.06531,1.06317,48,0.0021400000000000308,True,2,2,0
EURUSD,NY,2023-09-26,Tuesday,1.05931,1.057,48,0.0023100000000000342,True,2,2,0
EURUSD,NY,2023-09-27,Wednesday,1.05741,1.05547,48,0.0019400000000000528,True,2,2,0
EURUSD,NY,2023-09-28,Thursday,1.0519,1.04912,48,0.0027800000000000047,True,2,2,0
EURUSD,NY,2023-09-29,Friday,1.06108,1.05743,48,0.003649999999999931,True,4,4,0
EURUSD,NY,2023-10-02,Monday,1.05919,1.05602,48,0.003170000000000117,True,0,0,0
EURUSD,NY,2023-10-03,Tuesday,1.04844,1.046,48,0.0024399999999999977,True,3,3,0
EURUSD,NY,2023-10-04,Wednesday,1.04856,1.04514,48,0.0034199999999999786,True,2,2,0
EURUSD,NY,2023-10-05,Thursday,1.05265,1.05015,48,0.0025000000000001688,True,3,3,0
EURUSD,NY,2023-10-06,Friday,1.0551,1.05315,48,0.0019499999999998963,True,4,4,0
EURUSD,NY,2023-10-09,Monday,1.05586,1.05194,48,0.0039199999999999235,True,0,0,0
EURUSD,NY,2023-10-10,Tuesday,1.05725,1.05544,48,0.0018100000000000893,True,0,0,0
EURUSD,NY,2023-10-11,Wednesday,1.06282,1.05953,48,0.003290000000000015,True,2,2,0
EURUSD,NY,2023-10-12,Thursday,1.06399,1.06201,48,0.001980000000000093,True,2,2,0
EURUSD,NY,2023-10-13,Friday,1.05579,1.05316,48,0.00262999999999991,True,1,1,0
EURUSD,NY,2023-10-16,Monday,1.05382,1.05223,48,0.0015899999999999803,True,3,3,0
EURUSD,NY,2023-10-17,Tuesday,1.05548,1.0534,48,0.002080000000000082,True,3,3,0
EURUSD,NY,2023-10-18,Wednesday,1.05942,1.05706,48,0.0023599999999999177,True,1,1,0
EURUSD,NY,2023-10-19,Thursday,1.05482,1.05282,48,0.0020000000000000018,True,1,1,0
EURUSD,NY,2023-10-20,Friday,1.05788,1.0565,48,0.0013799999999999368,True,2,2,0
EURUSD,NY,2023-10-23,Monday,1.05976,1.05715,48,0.002610000000000001,True,2,2,0
EURUSD,NY,2023-10-24,Tuesday,1.06942,1.0657,48,0.0037199999999999456,True,0,0,0
EURUSD,NY,2023-10-25,Wednesday,1.06067,1.05784,48,0.00283000000000011,True,1,1,0
EURUSD,NY,2023-10-26,Thursday,1.05495,1.05329,48,0.0016599999999999948,True,4,4,0
EURUSD,NY,2023-10-27,Friday,1.057,1.05521,48,0.0017899999999999583,True,1,1,0
EURUSD,NY,2023-10-30,Monday,1.05677,1.05531,48,0.0014600000000000168,True,1,1,0
EURUSD,NY,2023-10-31,Tuesday,1.06259,1.05908,48,0.003509999999999902,True,1,1,0
EURUSD,NY,2023-11-01,Wednesday,1.05777,1.0559,48,0.0018700000000000383,True,3,1,2
EURUSD,NY,2023-11-02,Thursday,1.06102,1.05938,48,0.0016400000000000858,True,2,2,0
EURUSD,NY,2023-11-03,Friday,1.06338,1.06248,48,0.0008999999999999009,True,2,2,0
EURUSD,NY,2023-11-06,Monday,1.07564,1.07316,48,0.0024800000000000377,True,2,2,0
EURUSD,NY,2023-11-07,Tuesday,1.07117,1.0692,48,0.0019700000000000273,True,2,2,0
EURUSD,NY,2023-11-08,Wednesday,1.0693,1.06715,48,0.0021499999999998742,True,1,1,0
EURUSD,NY,2023-11-09,Thursday,1.07102,1.06938,48,0.0016400000000000858,True,4,4,0
EURUSD,NY,2023-11-10,Friday,1.06783,1.06563,48,0.0021999999999999797,True,3,3,0
EURUSD,NY,2023-11-13,Monday,1.06974,1.06834,48,0.0013999999999998458,True,2,2,0
EURUSD,NY,2023-11-14,Tuesday,1.071,1.06929,48,0.0017099999999998783,True,1,1,0
EURUSD,NY,2023-11-15,Wednesday,1.08794,1.08648,48,0.0014600000000000168,True,3,2,1
EURUSD,NY,2023-11-16,Thursday,1.08551,1.08335,48,0.0021599999999999397,True,3,3,0
EURUSD,NY,2023-11-17,Friday,1.08563,1.08248,48,0.003149999999999986,True,2,2,0
EURUSD,NY,2023-11-20,Monday,1.09298,1.09132,48,0.0016599999999999948,True,2,2,0
EURUSD,NY,2023-11-21,Tuesday,1.0964,1.09438,48,0.002020000000000133,True,5,5,0
EURUSD,NY,2023-11-22,Wednesday,1.09199,1.08828,48,0.003710000000000102,True,2,2,0
EURUSD,NY,2023-11-23,Thursday,1.09305,1.08953,48,0.0035199999999999676,True,1,1,0
EURUSD,NY,2023-11-24,Friday,1.09194,1.09032,48,0.0016199999999999548,True,2,2,0
EURUSD,NY,2023-11-27,Monday,1.09592,1.09391,48,0.0020100000000000673,True,1,1,0
EURUSD,NY,2023-11-28,Tuesday,1.09534,1.09345,48,0.0018899999999999473,True,4,4,0
EURUSD,NY,2023-11-29,Wednesday,1.10045,1.09767,48,0.0027800000000000047,True,4,4,0
EURUSD,NY,2023-11-30,Thursday,1.09819,1.09204,48,0.0061500000000001,True,3,3,0
EURUSD,NY,2023-12-01,Friday,1.09122,1.08859,48,0.0026300000000001322,True,2,2,0
EURUSD,NY,2023-12-04,Monday,1.08766,1.085,48,0.0026600000000001067,True,3,3,0
EURUSD,NY,2023-12-05,Tuesday,1.08476,1.08042,48,0.0043400000000000105,True,0,0,0
EURUSD,NY,2023-12-06,Wednesday,1.08019,1.07752,48,0.00266999999999995,True,4,4,0
EURUSD,NY,2023-12-07,Thursday,1.07829,1.07553,48,0.0027599999999998737,True,2,2,0
EURUSD,NY,2023-12-08,Friday,1.07914,1.0773,48,0.0018400000000000638,True,1,1,0
EURUSD,NY,2023-12-11,Monday,1.07707,1.07513,48,0.0019400000000000528,True,4,4,0
EURUSD,NY,2023-12-12,Tuesday,1.07921,1.07651,48,0.0026999999999999247,True,1,1,0
EURUSD,NY,2023-12-13,Wednesday,1.07927,1.07802,48,0.0012499999999999734,True,2,2,0
EURUSD,NY,2023-12-14,Thursday,1.0908,1.08799,48,0.002809999999999979,True,3,3,0
EURUSD,NY,2023-12-15,Friday,1.09992,1.09462,48,0.005300000000000082,True,1,1,0
EURUSD,NY,2023-12-18,Monday,1.093,1.0911,48,0.0019000000000000128,True,1,1,0
EURUSD,NY,2023-12-19,Tuesday,1.09425,1.0921,48,0.0021499999999998742,True,1,1,0
EURUSD,NY,2023-12-20,Wednesday,1.09715,1.09507,48,0.002080000000000082,True,3,3,0
EURUSD,NY,2023-12-21,Thursday,1.0956,1.09392,48,0.0016799999999999038,True,1,1,0
EURUSD,NY,2023-12-22,Friday,1.1012,1.09938,48,0.0018199999999999328,True,1,1,0
EURUSD,NY,2023-12-25,Monday,,,0,,False,0,0,0
EURUSD,NY,2023-12-26,Tuesday,1.10272,1.10137,48,0.0013499999999999623,True,3,3,0
EURUSD,NY,2023-12-27,Wednesday,1.10545,1.10366,48,0.0017899999999999583,True,2,2,0
EURUSD,NY,2023-12-28,Thursday,1.11258,1.11043,48,0.0021499999999998742,True,2,2,0
EURUSD,NY,2023-12-29,Friday,1.10776,1.10582,48,0.0019400000000000528,True,2,2,0
EURUSD,NY,2024-01-01,Monday,,,0,,False,0,0,0
EURUSD,NY,2024-01-02,Tuesday,1.1039,1.10154,48,0.0023600000000001398,True,0,0,0
EURUSD,NY,2024-01-03,Wednesday,1.09654,1.09503,48,0.0015100000000001224,True,0,0,0
EURUSD,NY,2024-01-04,Thursday,1.0956,1.0921,48,0.0034999999999998366,True,2,2,0
EURUSD,NY,2024-01-05,Friday,1.0938,1.09034,48,0.0034600000000000186,True,2,2,0
EURUSD,NY,2024-01-08,Monday,1.09524,1.09296,48,0.0022800000000000598,True,4,4,0
EURUSD,NY,2024-01-09,Tuesday,1.0963,1.0939,48,0.0023999999999999577,True,4,4,0
EURUSD,NY,2024-01-10,Wednesday,1.09455,1.0923,48,0.0022499999999998632,True,1,1,0
EURUSD,NY,2024-01-11,Thursday,1.09886,1.09718,48,0.0016799999999999038,True,2,2,0
EURUSD,NY,2024-01-12,Friday,1.0983,1.0961,48,0.0021999999999999797,True,2,2,0
EURUSD,NY,2024-01-15,Monday,1.09665,1.09514,48,0.0015099999999999003,True,1,1,0
EURUSD,NY,2024-01-16,Tuesday,1.09268,1.08947,48,0.003210000000000157,True,2,2,0
EURUSD,NY,2024-01-17,Wednesday,1.08817,1.08555,48,0.0026200000000000667,True,4,4,0
EURUSD,NY,2024-01-18,Thursday,1.09068,1.08776,48,0.0029200000000000337,True,2,2,0
EURUSD,NY,2024-01-19,Friday,1.0887,1.08681,48,0.0018899999999999473,True,3,3,0
EURUSD,NY,2024-01-22,Monday,1.09096,1.08873,48,0.0022299999999999542,True,4,4,0
EURUSD,NY,2024-01-23,Tuesday,1.09162,1.08925,48,0.0023699999999999832,True,1,1,0
EURUSD,NY,2024-01-24,Wednesday,1.08797,1.08594,48,0.0020300000000001983,True,1,1,0
EURUSD,NY,2024-01-25,Thursday,1.08996,1.0875,48,0.0024600000000001288,True,1,1,0
EURUSD,NY,2024-01-26,Friday,1.0844,1.0813,48,0.0031000000000001027,True,1,1,0
EURUSD,NY,2024-01-29,Monday,1.08501,1.08332,48,0.0016899999999999693,True,2,2,0
EURUSD,NY,2024-01-30,Tuesday,1.08323,1.08119,48,0.0020399999999998197,True,1,1,0
EURUSD,NY,2024-01-31,Wednesday,1.08262,1.08062,48,0.0020000000000000018,True,4,4,0
EURUSD,NY,2024-02-01,Thursday,1.08078,1.078,48,0.0027800000000000047,True,1,1,0
EURUSD,NY,2024-02-02,Friday,1.08903,1.08724,48,0.0017899999999999583,True,1,1,0
EURUSD,NY,2024-02-05,Monday,1.07861,1.07635,48,0.0022600000000001508,True,0,0,0
EURUSD,NY,2024-02-06,Tuesday,1.07624,1.07452,48,0.0017200000000001658,True,2,2,0
EURUSD,NY,2024-02-07,Wednesday,1.07735,1.07568,48,0.0016700000000000603,True,1,1,0
EURUSD,NY,2024-02-08,Thursday,1.07889,1.07685,48,0.0020399999999998197,True,1,1,0
EURUSD,NY,2024-02-09,Friday,1.07848,1.07696,48,0.0015200000000001879,True,3,3,0
EURUSD,NY,2024-02-12,Monday,1.08057,1.07746,48,0.003109999999999946,True,3,3,0
EURUSD,NY,2024-02-13,Tuesday,1.07778,1.07624,48,0.0015399999999998748,True,3,3,0
EURUSD,NY,2024-02-14,Wednesday,1.07188,1.06951,48,0.0023699999999999832,True,1,1,0
EURUSD,NY,2024-02-15,Thursday,1.07415,1.07262,48,0.0015300000000000313,True,0,0,0
EURUSD,NY,2024-02-16,Friday,1.07715,1.07586,48,0.0012900000000000134,True,2,2,0
EURUSD,NY,2024-02-19,Monday,1.07894,1.07763,48,0.0013099999999999223,True,3,3,0
EURUSD,NY,2024-02-20,Tuesday,1.07777,1.07654,48,0.0012299999999998423,True,0,0,0
EURUSD,NY,2024-02-21,Wednesday,1.08167,1.07973,48,0.0019399999999998307,True,3,3,0
EURUSD,NY,2024-02-22,Thursday,1.08885,1.08298,48,0.005870000000000042,True,2,2,0
EURUSD,NY,2024-02-23,Friday,1.08325,1.0821,48,0.0011499999999999844,True,3,3,0
EURUSD,NY,2024-02-26,Monday,1.08369,1.0819,48,0.0017899999999999583,True,1,1,0
EURUSD,NY,2024-02-27,Tuesday,1.0866,1.08472,48,0.0018800000000001038,True,2,2,0
EURUSD,NY,2024-02-28,Wednesday,1.08332,1.08084,48,0.0024800000000000377,True,3,3,0
EURUSD,NY,2024-02-29,Thursday,1.08474,1.0826,48,0.0021400000000000308,True,4,4,0
EURUSD,NY,2024-03-01,Friday,1.082,1.08082,48,0.001180000000000181,True,2,2,0
EURUSD,NY,2024-03-04,Monday,1.08579,1.08379,48,0.0020000000000000018,True,2,2,0
EURUSD,NY,2024-03-05,Tuesday,1.08542,1.08414,48,0.0012799999999999478,True,2,2,0
EURUSD,NY,2024-03-06,Wednesday,1.08742,1.08517,48,0.0022500000000000853,True,1,1,0
EURUSD,NY,2024-03-07,Thursday,1.09057,1.08877,48,0.0018000000000000238,True,1,1,0
EURUSD,NY,2024-03-08,Friday,1.09512,1.09292,48,0.002200000000000202,True,3,3,0
EURUSD,NY,2024-03-11,Monday,1.09475,1.09355,48,0.0011999999999998678,True,2,2,0
EURUSD,NY,2024-03-12,Tuesday,1.09395,1.09316,48,0.0007900000000000684,True,3,2,1
EURUSD,NY,2024-03-13,Wednesday,1.0932,1.09209,48,0.0011099999999999444,True,0,0,0
EURUSD,NY,2024-03-14,Thursday,1.09432,1.09317,48,0.0011499999999999844,True,2,2,0
EURUSD,NY,2024-03-15,Friday,1.0885,1.08733,48,0.0011700000000001154,True,2,2,0
EURUSD,NY,2024-03-18,Monday,1.08965,1.08853,48,0.0011200000000000099,True,3,3,0
EURUSD,NY,2024-03-19,Tuesday,1.08767,1.08517,48,0.0024999999999999467,True,1,1,0
EURUSD,NY,2024-03-20,Wednesday,1.08721,1.0865,48,0.0007099999999999884,True,2,1,1
EURUSD,NY,2024-03-21,Thursday,1.09426,1.09256,48,0.0017000000000000348,True,0,0,0
EURUSD,NY,2024-03-22,Friday,1.08421,1.08211,48,0.0020999999999999908,True,1,1,0
EURUSD,NY,2024-03-25,Monday,1.08231,1.08107,48,0.0012400000000001299,True,1,1,0
EURUSD,NY,2024-03-26,Tuesday,1.08529,1.08365,48,0.0016400000000000858,True,2,2,0
EURUSD,NY,2024-03-27,Wednesday,1.0834,1.08231,48,0.0010899999999998133,True,3,3,0
EURUSD,NY,2024-03-28,Thursday,1.08268,1.08004,48,0.0026400000000001977,True,1,1,0
EURUSD,NY,2024-03-29,Friday,1.07808,1.07677,48,0.0013099999999999223,True,0,0,0
EURUSD,NY,2024-04-01,Monday,1.07922,1.07828,48,0.0009400000000001629,True,2,2,0
EURUSD,NY,2024-04-02,Tuesday,1.07429,1.07247,48,0.0018199999999999328,True,1,1,0
EURUSD,NY,2024-04-03,Wednesday,1.07782,1.07641,48,0.0014099999999999113,True,1,1,0
EURUSD,NY,2024-04-04,Thursday,1.08585,1.08391,48,0.0019400000000000528,True,4,4,0
EURUSD,NY,2024-04-05,Friday,1.08411,1.08226,48,0.0018499999999999073,True,2,2,0
EURUSD,NY,2024-04-08,Monday,1.08379,1.08284,48,0.0009500000000000064,True,2,2,0
EURUSD,NY,2024-04-09,Tuesday,1.08628,1.08513,48,0.0011499999999999844,True,4,4,0
EURUSD,NY,2024-04-10,Wednesday,1.08572,1.0848,48,0.0009200000000000319,True,2,2,0
EURUSD,NY,2024-04-11,Thursday,1.07473,1.07267,48,0.0020599999999999508,True,4,4,0
EURUSD,NY,2024-04-12,Friday,1.07175,1.06747,48,0.0042800000000000615,True,0,0,0
EURUSD,NY,2024-04-15,Monday,1.0665,1.06471,48,0.0017899999999999583,True,3,3,0
EURUSD,NY,2024-04-16,Tuesday,1.06229,1.06025,48,0.0020400000000000418,True,3,3,0
EURUSD,NY,2024-04-17,Wednesday,1.06378,1.06063,48,0.003149999999999986,True,3,3,0
EURUSD,NY,2024-04-18,Thursday,1.06901,1.06751,48,0.0015000000000000568,True,1,1,0
EURUSD,NY,2024-04-19,Friday,1.06594,1.06272,48,0.0032200000000000006,True,2,2,0
EURUSD,NY,2024-04-22,Monday,1.06694,1.06526,48,0.0016799999999999038,True,3,3,0
EURUSD,NY,2024-04-23,Tuesday,1.06951,1.06386,48,0.005649999999999933,True,2,2,0
EURUSD,NY,2024-04-24,Wednesday,1.07089,1.06849,48,0.0023999999999999577,True,4,4,0
EURUSD,NY,2024-04-25,Thursday,1.07278,1.07053,48,0.0022500000000000853,True,6,6,0
EURUSD,NY,2024-04-26,Friday,1.07388,1.07212,48,0.0017599999999999838,True,1,1,0
EURUSD,NY,2024-04-29,Monday,1.07338,1.07082,48,0.0025599999999998957,True,2,2,0
EURUSD,NY,2024-04-30,Tuesday,1.071,1.069,48,0.0020000000000000018,True,1,1,0
EURUSD,NY,2024-05-01,Wednesday,1.06619,1.06496,48,0.0012300000000000644,True,0,0,0
EURUSD,NY,2024-05-02,Thursday,1.07284,1.07123,48,0.0016100000000001113,True,1,1,0
EURUSD,NY,2024-05-03,Friday,1.07382,1.07245,48,0.0013700000000000934,True,0,0,0
EURUSD,NY,2024-05-06,Monday,1.07697,1.07594,48,0.0010300000000000864,True,3,3,0
EURUSD,NY,2024-05-07,Tuesday,1.07698,1.07544,48,0.0015400000000000968,True,1,1,0
EURUSD,NY,2024-05-08,Wednesday,1.07493,1.07373,48,0.0011999999999998678,True,5,5,0
EURUSD,NY,2024-05-09,Thursday,1.07506,1.07297,48,0.0020899999999999253,True,2,2,0
EURUSD,NY,2024-05-10,Friday,1.07842,1.07716,48,0.0012600000000000389,True,3,3,0
EURUSD,NY,2024-05-13,Monday,1.078,1.07689,48,0.0011100000000001664,True,1,1,0
EURUSD,NY,2024-05-14,Tuesday,1.07895,1.0783,48,0.0006500000000000394,True,1,1,0
EURUSD,NY,2024-05-15,Wednesday,1.08326,1.08207,48,0.0011899999999998023,True,2,2,0
EURUSD,NY,2024-05-16,Thursday,1.08874,1.08732,48,0.0014199999999999768,True,2,2,0
EURUSD,NY,2024-05-17,Friday,1.08684,1.08555,48,0.0012900000000000134,True,1,1,0
EURUSD,NY,2024-05-20,Monday,1.08846,1.08695,48,0.0015099999999999003,True,2,2,0
EURUSD,NY,2024-05-21,Tuesday,1.08671,1.08553,48,0.0011799999999999589,True,3,3,0
EURUSD,NY,2024-05-22,Wednesday,1.08636,1.08501,48,0.0013499999999999623,True,1,1,0
EURUSD,NY,2024-05-23,Thursday,1.08345,1.08125,48,0.0021999999999999797,True,1,1,0
EURUSD,NY,2024-05-24,Friday,1.08259,1.08057,48,0.0020199999999999108,True,1,1,0
EURUSD,NY,2024-05-27,Monday,1.08525,1.08443,48,0.0008200000000000429,True,2,2,0
EURUSD,NY,2024-05-28,Tuesday,1.08802,1.08718,48,0.0008399999999999519,True,2,2,0
EURUSD,NY,2024-05-29,Wednesday,1.08589,1.08441,48,0.0014799999999999258,True,1,1,0
EURUSD,NY,2024-05-30,Thursday,1.08113,1.07884,48,0.0022899999999999032,True,1,1,0
EURUSD,NY,2024-05-31,Friday,1.08256,1.08147,48,0.0010900000000000354,True,0,0,0
EURUSD,NY,2024-06-03,Monday,1.08588,1.08399,48,0.0018899999999999473,True,2,2,0
EURUSD,NY,2024-06-04,Tuesday,1.09109,1.08848,48,0.002610000000000001,True,2,2,0
EURUSD,NY,2024-06-05,Wednesday,1.08824,1.0871,48,0.001140000000000141,True,2,2,0
EURUSD,NY,2024-06-06,Thursday,1.08909,1.08759,48,0.0014999999999998348,True,2,2,0
EURUSD,NY,2024-06-07,Friday,1.08985,1.08879,48,0.001060000000000061,True,2,2,0
EURUSD,NY,2024-06-10,Monday,1.07665,1.0748,48,0.0018500000000001293,True,1,1,0
EURUSD,NY,2024-06-11,Tuesday,1.07736,1.07612,48,0.0012400000000001299,True,0,0,0
EURUSD,NY,2024-06-12,Wednesday,1.07471,1.07357,48,0.001140000000000141,True,1,1,0
EURUSD,NY,2024-06-13,Thursday,1.08165,1.08006,48,0.0015899999999999803,True,1,1,0
EURUSD,NY,2024-06-14,Friday,1.07411,1.07062,48,0.003489999999999993,True,2,2,0
EURUSD,NY,2024-06-17,Monday,1.0709,1.06865,48,0.0022499999999998632,True,3,3,0
EURUSD,NY,2024-06-18,Tuesday,1.07353,1.07185,48,0.0016800000000001258,True,2,2,0
EURUSD,NY,2024-06-19,Wednesday,1.07415,1.07249,48,0.0016599999999999948,True,3,3,0
EURUSD,NY,2024-06-20,Thursday,1.0745,1.07244,48,0.0020599999999999508,True,1,1,0
EURUSD,NY,2024-06-21,Friday,1.07206,1.06711,48,0.00495000000000001,True,0,0,0
EURUSD,NY,2024-06-24,Monday,1.0715,1.06913,48,0.0023699999999999832,True,2,2,0
EURUSD,NY,2024-06-25,Tuesday,1.07443,1.0721,48,0.0023299999999999432,True,0,0,0
EURUSD,NY,2024-06-26,Wednesday,1.07118,1.06854,48,0.0026399999999999757,True,3,3,0
EURUSD,NY,2024-06-27,Thursday,1.0699,1.06883,48,0.0010700000000001264,True,2,2,0
EURUSD,NY,2024-06-28,Friday,1.07041,1.06857,48,0.0018400000000000638,True,2,2,0
EURUSD,NY,2024-07-01,Monday,1.07765,1.07515,48,0.0024999999999999467,True,3,3,0
EURUSD,NY,2024-07-02,Tuesday,1.07359,1.07122,48,0.0023699999999999832,True,2,2,0
EURUSD,NY,2024-07-03,Wednesday,1.07619,1.07364,48,0.0025500000000000522,True,2,2,0
EURUSD,NY,2024-07-04,Thursday,1.07967,1.0785,48,0.0011699999999998933,True,1,1,0
EURUSD,NY,2024-07-05,Friday,1.08304,1.08166,48,0.0013799999999999368,True,4,4,0
EURUSD,NY,2024-07-08,Monday,1.08382,1.08148,48,0.0023400000000000087,True,3,3,0
EURUSD,NY,2024-07-09,Tuesday,1.08313,1.08172,48,0.0014099999999999113,True,5,5,0
EURUSD,NY,2024-07-10,Wednesday,1.0825,1.08149,48,0.0010099999999999554,True,5,5,0
EURUSD,NY,2024-07-11,Thursday,1.08401,1.08324,48,0.0007699999999999374,True,1,1,0
EURUSD,NY,2024-07-12,Friday,1.08763,1.08618,48,0.0014500000000001734,True,0,0,0
EURUSD,NY,2024-07-15,Monday,1.08965,1.08839,48,0.0012600000000000389,True,1,1,0
EURUSD,NY,2024-07-16,Tuesday,1.09005,1.08836,48,0.0016899999999999693,True,3,3,0
EURUSD,NY,2024-07-17,Wednesday,1.09135,1.08953,48,0.0018199999999999328,True,0,0,0
EURUSD,NY,2024-07-18,Thursday,1.09383,1.09263,48,0.0012000000000000899,True,1,1,0
EURUSD,NY,2024-07-19,Friday,1.08906,1.08819,48,0.0008699999999999264,True,4,4,0
EURUSD,NY,2024-07-22,Monday,1.08929,1.08789,48,0.0014000000000000679,True,6,6,0
EURUSD,NY,2024-07-23,Tuesday,1.08949,1.08741,48,0.002080000000000082,True,1,1,0
EURUSD,NY,2024-07-24,Wednesday,1.0854,1.08258,48,0.0028199999999998226,True,2,2,0
EURUSD,NY,2024-07-25,Thursday,1.08532,1.08284,48,0.0024800000000000377,True,3,3,0
EURUSD,NY,2024-07-26,Friday,1.08609,1.08449,48,0.0016000000000000458,True,4,4,0
EURUSD,NY,2024-07-29,Monday,1.0864,1.08435,48,0.0020500000000001073,True,0,0,0
EURUSD,NY,2024-07-30,Tuesday,1.0827,1.08166,48,0.0010399999999999299,True,2,2,0
EURUSD,NY,2024-07-31,Wednesday,1.0827,1.08117,48,0.0015300000000000313,True,2,2,0
EURUSD,NY,2024-08-01,Thursday,1.08355,1.07993,48,0.0036199999999999566,True,1,1,0
EURUSD,NY,2024-08-02,Friday,1.08089,1.07863,48,0.0022599999999999287,True,0,0,0
EURUSD,NY,2024-08-05,Monday,1.09671,1.08928,48,0.007430000000000048,True,2,2,0
EURUSD,NY,2024-08-06,Tuesday,1.09559,1.09221,48,0.0033800000000001607,True,2,2,0
EURUSD,NY,2024-08-07,Wednesday,1.09281,1.09055,48,0.0022600000000001508,True,1,1,0
EURUSD,NY,2024-08-08,Thursday,1.09452,1.093,48,0.0015199999999999658,True,1,1,0
EURUSD,NY,2024-08-09,Friday,1.09292,1.09177,48,0.0011499999999999844,True,3,3,0
EURUSD,NY,2024-08-12,Monday,1.09286,1.09137,48,0.0014899999999999913,True,4,4,0
EURUSD,NY,2024-08-13,Tuesday,1.09413,1.09265,48,0.0014800000000001479,True,1,1,0
EURUSD,NY,2024-08-14,Wednesday,1.10079,1.09864,48,0.0021499999999998742,True,1,1,0
EURUSD,NY,2024-08-15,Thursday,1.10156,1.10077,48,0.0007900000000000684,True,2,2,0
EURUSD,NY,2024-08-16,Friday,1.09868,1.09763,48,0.0010499999999999954,True,4,4,0
EURUSD,NY,2024-08-19,Monday,1.10502,1.10367,48,0.0013499999999999623,True,3,3,0
EURUSD,NY,2024-08-20,Tuesday,1.10871,1.1072,48,0.0015100000000001224,True,2,2,0
EURUSD,NY,2024-08-21,Wednesday,1.11289,1.11105,48,0.0018399999999998418,True,1,1,0
EURUSD,NY,2024-08-22,Thursday,1.1165,1.11274,48,0.0037599999999999856,True,1,1,0
EURUSD,NY,2024-08-23,Friday,1.1132,1.11126,48,0.0019400000000000528,True,3,3,0
EURUSD,NY,2024-08-26,Monday,1.11894,1.11759,48,0.0013499999999999623,True,2,2,0
EURUSD,NY,2024-08-27,Tuesday,1.11728,1.11615,48,0.0011300000000000754,True,4,4,0
EURUSD,NY,2024-08-28,Wednesday,1.1168,1.11352,48,0.0032799999999999496,True,2,2,0
EURUSD,NY,2024-08-29,Thursday,1.11401,1.11164,48,0.0023699999999999832,True,0,0,0
EURUSD,NY,2024-08-30,Friday,1.1089,1.10719,48,0.0017100000000001003,True,3,3,0
EURUSD,NY,2024-09-02,Monday,1.10704,1.1044,48,0.0026399999999999757,True,1,1,0
EURUSD,NY,2024-09-03,Tuesday,1.10678,1.10512,48,0.0016599999999999948,True,2,2,0
EURUSD,NY,2024-09-04,Wednesday,1.10629,1.10469,48,0.0016000000000000458,True,3,3,0
EURUSD,NY,2024-09-05,Thursday,1.10904,1.10748,48,0.0015600000000000058,True,2,1,1
EURUSD,NY,2024-09-06,Friday,1.1121,1.1111,48,0.001000000000000112,True,2,1,1
EURUSD,NY,2024-09-09,Monday,1.10803,1.10551,48,0.0025200000000000777,True,1,1,0
EURUSD,NY,2024-09-10,Tuesday,1.10498,1.10339,48,0.0015899999999999803,True,4,4,0
EURUSD,NY,2024-09-11,Wednesday,1.10521,1.10381,48,0.0014000000000000679,True,1,1,0
EURUSD,NY,2024-09-12,Thursday,1.1024,1.10061,48,0.0017899999999999583,True,2,2,0
EURUSD,NY,2024-09-13,Friday,1.10941,1.10732,48,0.0020899999999999253,True,3,3,0
EURUSD,NY,2024-09-16,Monday,1.112,1.10958,48,0.0024200000000000887,True,3,3,0
EURUSD,NY,2024-09-17,Tuesday,1.1138,1.11159,48,0.0022099999999998232,True,3,3,0
EURUSD,NY,2024-09-18,Wednesday,1.11315,1.11155,48,0.0016000000000000458,True,8,7,1
EURUSD,NY,2024-09-19,Thursday,1.11532,1.11151,48,0.003810000000000091,True,1,1,0
EURUSD,NY,2024-09-20,Friday,1.11819,1.11595,48,0.0022400000000000198,True,2,2,0
EURUSD,NY,2024-09-23,Monday,1.11673,1.1098,48,0.006930000000000103,True,1,1,0
EURUSD,NY,2024-09-24,Tuesday,1.11324,1.11045,48,0.00279000000000007,True,1,1,0
EURUSD,NY,2024-09-25,Wednesday,1.11988,1.11859,48,0.0012900000000000134,True,4,4,0
EURUSD,NY,2024-09-26,Thursday,1.1158,1.11337,48,0.002429999999999932,True,5,5,0
EURUSD,NY,2024-09-27,Friday,1.11761,1.11248,48,0.005130000000000079,True,1,1,0
EURUSD,NY,2024-09-30,Monday,1.11756,1.11562,48,0.0019400000000000528,True,1,1,0
EURUSD,NY,2024-10-01,Tuesday,1.11442,1.11117,48,0.003249999999999975,True,2,2,0
EURUSD,NY,2024-10-02,Wednesday,1.10738,1.10542,48,0.0019599999999999618,True,3,3,0
EURUSD,NY,2024-10-03,Thursday,1.10422,1.10249,48,0.0017300000000000093,True,4,4,0
EURUSD,NY,2024-10-04,Friday,1.10356,1.10253,48,0.0010300000000000864,True,2,2,0
EURUSD,NY,2024-10-07,Monday,1.09737,1.09582,48,0.0015499999999999403,True,4,4,0
EURUSD,NY,2024-10-08,Tuesday,1.09957,1.09786,48,0.0017099999999998783,True,2,2,0
EURUSD,NY,2024-10-09,Wednesday,1.09762,1.09512,48,0.0024999999999999467,True,2,2,0
EURUSD,NY,2024-10-10,Thursday,1.09447,1.09332,48,0.0011499999999999844,True,5,5,0
EURUSD,NY,2024-10-11,Friday,1.09454,1.09323,48,0.0013100000000001444,True,4,4,0
EURUSD,NY,2024-10-14,Monday,1.09312,1.09224,48,0.0008799999999999919,True,2,2,0
EURUSD,NY,2024-10-15,Tuesday,1.08987,1.08851,48,0.0013599999999998058,True,1,1,0
EURUSD,NY,2024-10-16,Wednesday,1.08932,1.08753,48,0.0017899999999999583,True,4,4,0
EURUSD,NY,2024-10-17,Thursday,1.08584,1.08491,48,0.0009299999999998754,True,0,0,0
EURUSD,NY,2024-10-18,Friday,1.08487,1.08371,48,0.0011600000000000499,True,3,3,0
EURUSD,NY,2024-10-21,Monday,1.08663,1.08463,48,0.0020000000000000018,True,2,2,0
EURUSD,NY,2024-10-22,Tuesday,1.08382,1.08182,48,0.0020000000000000018,True,1,1,0
EURUSD,NY,2024-10-23,Wednesday,1.08067,1.07807,48,0.0025999999999999357,True,2,2,0
EURUSD,NY,2024-10-24,Thursday,1.07988,1.07707,48,0.002809999999999979,True,3,3,0
EURUSD,NY,2024-10-25,Friday,1.08274,1.08137,48,0.0013700000000000934,True,2,2,0
EURUSD,NY,2024-10-28,Monday,1.08056,1.07821,48,0.0023500000000000743,True,0,0,0
EURUSD,NY,2024-10-29,Tuesday,1.08162,1.08056,48,0.001060000000000061,True,3,3,0
EURUSD,NY,2024-10-30,Wednesday,1.08264,1.08132,48,0.0013199999999999878,True,1,1,0
EURUSD,NY,2024-10-31,Thursday,1.08636,1.08452,48,0.0018400000000000638,True,2,2,0
EURUSD,NY,2024-11-01,Friday,1.0879,1.08683,48,0.0010700000000001264,True,2,1,1
EURUSD,NY,2024-11-04,Monday,1.0902,1.08872,48,0.0014800000000001479,True,2,2,0
EURUSD,NY,2024-11-05,Tuesday,1.08942,1.0875,48,0.0019200000000001438,True,3,2,1
EURUSD,NY,2024-11-06,Wednesday,1.07947,1.07031,48,0.009159999999999835,True,1,1,0
EURUSD,NY,2024-11-07,Thursday,1.07717,1.07375,48,0.0034199999999999786,True,0,0,0
EURUSD,NY,2024-11-08,Friday,1.07865,1.0761,48,0.0025500000000000522,True,4,4,0
EURUSD,NY,2024-11-11,Monday,1.07221,1.06786,48,0.004350000000000076,True,1,1,0
EURUSD,NY,2024-11-12,Tuesday,1.06459,1.0617,48,0.002889999999999837,True,3,3,0
EURUSD,NY,2024-11-13,Wednesday,1.06185,1.05933,48,0.0025199999999998557,True,2,2,0
EURUSD,NY,2024-11-14,Thursday,1.05582,1.0532,48,0.0026200000000000667,True,1,1,0
EURUSD,NY,2024-11-15,Friday,1.05719,1.05336,48,0.00383,True,2,2,0
EURUSD,NY,2024-11-18,Monday,1.05563,1.05356,48,0.0020700000000000163,True,1,1,0
EURUSD,NY,2024-11-19,Tuesday,1.05963,1.05625,48,0.0033800000000001607,True,1,1,0
EURUSD,NY,2024-11-20,Wednesday,1.05957,1.05603,48,0.0035399999999998766,True,3,3,0
EURUSD,NY,2024-11-21,Thursday,1.05545,1.05241,48,0.0030399999999999316,True,1,1,0
EURUSD,NY,2024-11-22,Friday,1.04979,1.04413,48,0.005659999999999998,True,0,0,0
EURUSD,NY,2024-11-25,Monday,1.04896,1.04489,48,0.004069999999999796,True,3,3,0
EURUSD,NY,2024-11-26,Tuesday,1.04965,1.04701,48,0.0026399999999999757,True,2,2,0
EURUSD,NY,2024-11-27,Wednesday,1.05405,1.04745,48,0.006599999999999939,True,1,1,0
EURUSD,NY,2024-11-28,Thursday,1.05582,1.05275,48,0.003069999999999906,True,0,0,0
EURUSD,NY,2024-11-29,Friday,1.05973,1.0564,48,0.003330000000000055,True,3,3,0
EURUSD,NY,2024-12-02,Monday,1.05372,1.04959,48,0.004129999999999967,True,1,1,0
EURUSD,NY,2024-12-03,Tuesday,1.05279,1.04808,48,0.004709999999999992,True,2,2,0
EURUSD,NY,2024-12-04,Wednesday,1.05292,1.04905,48,0.00387000000000004,True,5,5,0
EURUSD,NY,2024-12-05,Thursday,1.05465,1.05173,48,0.0029200000000000337,True,0,0,0
EURUSD,NY,2024-12-06,Friday,1.05941,1.05675,48,0.0026599999999998847,True,1,1,0
EURUSD,NY,2024-12-09,Monday,1.05705,1.05337,48,0.0036800000000001276,True,4,4,0
EURUSD,NY,2024-12-10,Tuesday,1.05683,1.05378,48,0.003049999999999997,True,1,1,0
EURUSD,NY,2024-12-11,Wednesday,1.05285,1.04882,48,0.004029999999999978,True,5,5,0
EURUSD,NY,2024-12-12,Thursday,1.05309,1.05033,48,0.0027600000000000957,True,3,3,0
EURUSD,NY,2024-12-13,Friday,1.04719,1.04531,48,0.0018800000000001038,True,0,0,0
EURUSD,NY,2024-12-16,Monday,1.05248,1.05003,48,0.0024500000000000632,True,3,3,0
EURUSD,NY,2024-12-17,Tuesday,1.05102,1.04852,48,0.0025000000000001688,True,3,3,0
EURUSD,NY,2024-12-18,Wednesday,1.05128,1.04876,48,0.0025200000000000777,True,4,4,0
EURUSD,NY,2024-12-19,Thursday,1.04095,1.03762,48,0.003330000000000055,True,4,4,0
EURUSD,NY,2024-12-20,Friday,1.03985,1.03431,48,0.005539999999999878,True,2,2,0
EURUSD,NY,2024-12-23,Monday,1.04444,1.04073,48,0.003710000000000102,True,2,2,0
EURUSD,NY,2024-12-24,Tuesday,1.04056,1.03902,48,0.0015399999999998748,True,5,5,0
EURUSD,NY,2024-12-25,Wednesday,,,0,,False,0,0,0
EURUSD,NY,2024-12-26,Thursday,1.04028,1.03904,48,0.0012400000000001299,True,2,2,0
EURUSD,NY,2024-12-27,Friday,1.04257,1.04051,48,0.0020599999999999508,True,1,1,0
EURUSD,NY,2024-12-30,Monday,1.04316,1.04094,48,0.0022200000000001108,True,2,2,0
EURUSD,NY,2024-12-31,Tuesday,1.04201,1.03997,48,0.0020400000000000418,True,1,1,0
EURUSD,NY,2025-01-01,Wednesday,,,0,,False,0,0,0
EURUSD,NY,2025-01-02,Thursday,1.03725,1.03464,48,0.002610000000000001,True,0,0,0
EURUSD,NY,2025-01-03,Friday,1.02881,1.02647,48,0.0023400000000000087,True,2,2,0
EURUSD,NY,2025-01-06,Monday,1.03525,1.03078,48,0.004469999999999974,True,1,1,0
EURUSD,NY,2025-01-07,Tuesday,1.04253,1.0391,48,0.003430000000000044,True,5,5,0
EURUSD,NY,2025-01-08,Wednesday,1.03577,1.03181,48,0.003960000000000186,True,3,3,0
EURUSD,NY,2025-01-09,Thursday,1.03125,1.02836,48,0.002890000000000059,True,2,2,0
EURUSD,NY,2025-01-10,Friday,1.03119,1.02812,48,0.003070000000000128,True,0,0,0
EURUSD,NY,2025-01-13,Monday,1.02314,1.02075,48,0.002389999999999892,True,1,1,0
EURUSD,NY,2025-01-14,Tuesday,1.02749,1.02423,48,0.0032600000000000406,True,1,1,0
EURUSD,NY,2025-01-15,Wednesday,1.03174,1.02867,48,0.003070000000000128,True,1,1,0
EURUSD,NY,2025-01-16,Thursday,1.03015,1.02809,48,0.0020599999999999508,True,1,1,0
EURUSD,NY,2025-01-17,Friday,1.02989,1.02775,48,0.0021400000000000308,True,4,4,0
EURUSD,NY,2025-01-20,Monday,1.03189,1.02994,48,0.0019499999999998963,True,2,2,0
EURUSD,NY,2025-01-21,Tuesday,1.03923,1.03502,48,0.004210000000000047,True,3,3,0
EURUSD,NY,2025-01-22,Wednesday,1.04241,1.03998,48,0.0024300000000001543,True,1,1,0
EURUSD,NY,2025-01-23,Thursday,1.04121,1.03901,48,0.0021999999999999797,True,3,3,0
EURUSD,NY,2025-01-24,Friday,1.04953,1.04436,48,0.005170000000000119,True,2,2,0
EURUSD,NY,2025-01-27,Monday,1.04888,1.04538,48,0.0035000000000000586,True,2,2,0
EURUSD,NY,2025-01-28,Tuesday,1.04442,1.04193,48,0.002489999999999881,True,1,1,0
EURUSD,NY,2025-01-29,Wednesday,1.04437,1.04132,48,0.003049999999999997,True,2,2,0
EURUSD,NY,2025-01-30,Thursday,1.04291,1.04095,48,0.0019599999999999618,True,7,6,1
EURUSD,NY,2025-01-31,Friday,1.04129,1.03808,48,0.003210000000000157,True,2,2,0
EURUSD,NY,2025-02-03,Monday,1.02518,1.02129,48,0.003889999999999949,True,2,2,0
EURUSD,NY,2025-02-04,Tuesday,1.03353,1.02723,48,0.006299999999999972,True,1,1,0
EURUSD,NY,2025-02-05,Wednesday,1.04096,1.03733,48,0.003630000000000022,True,3,3,0
EURUSD,NY,2025-02-06,Thursday,1.03925,1.03563,48,0.0036199999999999566,True,2,2,0
EURUSD,NY,2025-02-07,Friday,1.04,1.03728,48,0.0027200000000000557,True,2,2,0
EURUSD,NY,2025-02-10,Monday,1.03256,1.03067,48,0.0018899999999999473,True,2,2,0
EURUSD,NY,2025-02-11,Tuesday,1.03199,1.02999,48,0.0020000000000000018,True,3,3,0
EURUSD,NY,2025-02-12,Wednesday,1.03799,1.03549,48,0.0024999999999999467,True,2,2,0
EURUSD,NY,2025-02-13,Thursday,1.04401,1.04102,48,0.002990000000000048,True,2,2,0
EURUSD,NY,2025-02-14,Friday,1.04864,1.04474,48,0.0039000000000000146,True,1,1,0
EURUSD,NY,2025-02-17,Monday,1.04984,1.04711,48,0.0027300000000001212,True,3,3,0
EURUSD,NY,2025-02-18,Tuesday,1.04692,1.04523,48,0.0016899999999999693,True,3,3,0
EURUSD,NY,2025-02-19,Wednesday,1.04614,1.04385,48,0.0022900000000001253,True,2,2,0
EURUSD,NY,2025-02-20,Thursday,1.04422,1.04236,48,0.0018599999999999728,True,1,1,0
EURUSD,NY,2025-02-21,Friday,1.05008,1.04681,48,0.003269999999999884,True,3,3,0
EURUSD,NY,2025-02-24,Monday,1.05197,1.04697,48,0.0050000000000001155,True,4,4,0
EURUSD,NY,2025-02-25,Tuesday,1.04803,1.04564,48,0.0023900000000001143,True,0,0,0
EURUSD,NY,2025-02-26,Wednesday,1.05117,1.04872,48,0.002449999999999841,True,2,2,0
EURUSD,NY,2025-02-27,Thursday,1.04803,1.04618,48,0.0018499999999999073,True,3,3,0
EURUSD,NY,2025-02-28,Friday,1.04044,1.03828,48,0.0021599999999999397,True,3,3,0
EURUSD,NY,2025-03-03,Monday,1.04195,1.03887,48,0.0030799999999999716,True,0,0,0
EURUSD,NY,2025-03-04,Tuesday,1.05242,1.04712,48,0.00529999999999986,True,1,1,0
EURUSD,NY,2025-03-05,Wednesday,1.06998,1.06189,48,0.00808999999999993,True,2,2,0
EURUSD,NY,2025-03-06,Thursday,1.08223,1.0792,48,0.003030000000000088,True,4,4,0
EURUSD,NY,2025-03-07,Friday,1.08552,1.08076,48,0.0047600000000000975,True,2,2,0
EURUSD,NY,2025-03-10,Monday,1.08449,1.08111,48,0.0033799999999999386,True,4,4,0
EURUSD,NY,2025-03-11,Tuesday,1.09016,1.08356,48,0.006599999999999939,True,4,4,0
EURUSD,NY,2025-03-12,Wednesday,1.09089,1.08875,48,0.0021399999999998087,True,6,6,0
EURUSD,NY,2025-03-13,Thursday,1.08935,1.08599,48,0.0033600000000000296,True,2,2,0
EURUSD,NY,2025-03-14,Friday,1.08515,1.08307,48,0.002080000000000082,True,1,1,0
EURUSD,NY,2025-03-17,Monday,1.0894,1.08686,48,0.0025399999999999867,True,2,2,0
EURUSD,NY,2025-03-18,Tuesday,1.09366,1.09036,48,0.0033000000000000806,True,1,1,0
EURUSD,NY,2025-03-19,Wednesday,1.09383,1.08732,48,0.006510000000000016,True,1,1,0
EURUSD,NY,2025-03-20,Thursday,1.09106,1.08647,48,0.004589999999999872,True,1,1,0
EURUSD,NY,2025-03-21,Friday,1.08418,1.08201,48,0.0021700000000000053,True,2,2,0
EURUSD,NY,2025-03-24,Monday,1.085,1.08171,48,0.003290000000000015,True,2,2,0
EURUSD,NY,2025-03-25,Tuesday,1.0809,1.07852,48,0.0023800000000000487,True,2,2,0
EURUSD,NY,2025-03-26,Wednesday,1.07915,1.07779,48,0.0013600000000000279,True,3,3,0
EURUSD,NY,2025-03-27,Thursday,1.0787,1.07541,48,0.003290000000000015,True,1,1,0
EURUSD,NY,2025-03-28,Friday,1.07999,1.07818,48,0.0018100000000000893,True,1,1,0
EURUSD,NY,2025-03-31,Monday,1.08494,1.08208,48,0.0028600000000000847,True,3,3,0
EURUSD,NY,2025-04-01,Tuesday,1.08301,1.07991,48,0.0031000000000001027,True,2,2,0
EURUSD,NY,2025-04-02,Wednesday,1.07975,1.07802,48,0.0017300000000000093,True,3,3,0
EURUSD,NY,2025-04-03,Thursday,1.09901,1.09057,48,0.008440000000000003,True,1,1,0
EURUSD,NY,2025-04-04,Friday,1.11078,1.09998,48,0.010800000000000143,True,4,4,0
EURUSD,NY,2025-04-07,Monday,1.105,1.0948,48,0.010199999999999987,True,3,3,0
EURUSD,NY,2025-04-08,Tuesday,1.09918,1.09215,48,0.007030000000000092,True,3,3,0
EURUSD,NY,2025-04-09,Wednesday,1.10896,1.10093,48,0.008029999999999982,True,3,3,0
EURUSD,NY,2025-04-10,Thursday,1.10308,1.09626,48,0.006820000000000048,True,1,1,0
EURUSD,NY,2025-04-11,Friday,1.13689,1.12469,48,0.012199999999999989,True,2,2,0
EURUSD,NY,2025-04-14,Monday,1.14246,1.13529,48,0.007170000000000121,True,1,1,0
EURUSD,NY,2025-04-15,Tuesday,1.13679,1.13207,48,0.0047200000000000575,True,6,6,0
EURUSD,NY,2025-04-16,Wednesday,1.13921,1.13329,48,0.005920000000000147,True,1,1,0
EURUSD,NY,2025-04-17,Thursday,1.1379,1.13434,48,0.0035600000000000076,True,5,5,0
EURUSD,NY,2025-04-18,Friday,1.13765,1.13591,48,0.0017400000000000748,True,0,0,0
EURUSD,NY,2025-04-21,Monday,1.15676,1.1499,48,0.006860000000000088,True,3,3,0
EURUSD,NY,2025-04-22,Tuesday,1.15474,1.14835,48,0.006390000000000118,True,1,1,0
EURUSD,NY,2025-04-23,Wednesday,1.14088,1.1371,48,0.0037799999999998946,True,2,2,0
EURUSD,NY,2025-04-24,Thursday,1.13805,1.13308,48,0.004969999999999919,True,3,3,0
EURUSD,NY,2025-04-25,Friday,1.13682,1.1316,48,0.005220000000000002,True,2,2,0
EURUSD,NY,2025-04-28,Monday,1.13808,1.13294,48,0.005139999999999922,True,1,1,0
EURUSD,NY,2025-04-29,Tuesday,1.14122,1.13742,48,0.0037999999999998035,True,3,3,0
EURUSD,NY,2025-04-30,Wednesday,1.13996,1.13659,48,0.003370000000000095,True,6,6,0
EURUSD,NY,2025-05-01,Thursday,1.13145,1.12876,48,0.002690000000000081,True,2,2,0
EURUSD,NY,2025-05-02,Friday,1.13379,1.13012,48,0.003670000000000062,True,2,2,0
EURUSD,NY,2025-05-05,Monday,1.13475,1.13132,48,0.003429999999999822,True,4,4,0
EURUSD,NY,2025-05-06,Tuesday,1.1348,1.13135,48,0.003449999999999953,True,6,6,0
EURUSD,NY,2025-05-07,Wednesday,1.13782,1.13429,48,0.003530000000000033,True,3,3,0
EURUSD,NY,2025-05-08,Thursday,1.1331,1.12704,48,0.006059999999999954,True,0,0,0
EURUSD,NY,2025-05-09,Friday,1.12584,1.12185,48,0.003989999999999938,True,2,2,0
EURUSD,NY,2025-05-12,Monday,1.12358,1.10977,48,0.0138100000000001,True,3,3,0
EURUSD,NY,2025-05-13,Tuesday,1.11245,1.11016,48,0.0022899999999999032,True,2,2,0
EURUSD,NY,2025-05-14,Wednesday,1.12167,1.11802,48,0.003649999999999931,True,1,1,0
EURUSD,NY,2025-05-15,Thursday,1.1228,1.11855,48,0.004250000000000087,True,4,4,0
EURUSD,NY,2025-05-16,Friday,1.12197,1.11964,48,0.0023299999999999432,True,2,2,0
EURUSD,NY,2025-05-19,Monday,1.1245,1.11765,48,0.006850000000000023,True,2,2,0
EURUSD,NY,2025-05-20,Tuesday,1.12778,1.12404,48,0.0037400000000000766,True,1,1,0
EURUSD,NY,2025-05-21,Wednesday,1.13532,1.13143,48,0.003890000000000171,True,2,2,0
EURUSD,NY,2025-05-22,Thursday,1.13421,1.12953,48,0.0046800000000000175,True,5,5,0
EURUSD,NY,2025-05-23,Friday,1.13442,1.13079,48,0.003630000000000022,True,2,2,0
EURUSD,NY,2025-05-26,Monday,1.14185,1.13886,48,0.002990000000000048,True,2,2,0
EURUSD,NY,2025-05-27,Tuesday,1.1398,1.13373,48,0.00607000000000002,True,4,4,0
EURUSD,NY,2025-05-28,Wednesday,1.13312,1.12956,48,0.0035600000000000076,True,5,5,0
EURUSD,NY,2025-05-29,Thursday,1.12828,1.12311,48,0.005169999999999897,True,1,1,0
EURUSD,NY,2025-05-30,Friday,1.13547,1.13279,48,0.0026800000000000157,True,3,3,0
EURUSD,NY,2025-06-02,Monday,1.14369,1.13601,48,0.007680000000000131,True,2,2,0
EURUSD,NY,2025-06-03,Tuesday,1.14325,1.14121,48,0.0020400000000000418,True,2,2,0
EURUSD,NY,2025-06-04,Wednesday,1.13969,1.1357,48,0.00399000000000016,True,2,2,0
EURUSD,NY,2025-06-05,Thursday,1.14251,1.14046,48,0.0020499999999998852,True,2,2,0
EURUSD,NY,2025-06-06,Friday,1.14425,1.14214,48,0.0021100000000000563,True,1,1,0
EURUSD,NY,2025-06-09,Monday,1.14298,1.14111,48,0.0018700000000000383,True,3,3,0
EURUSD,NY,2025-06-10,Tuesday,1.14149,1.1373,48,0.004189999999999916,True,3,3,0
EURUSD,NY,2025-06-11,Wednesday,1.14239,1.14054,48,0.0018499999999999073,True,1,1,0
EURUSD,NY,2025-06-12,Thursday,1.15327,1.15058,48,0.002690000000000081,True,1,1,0
EURUSD,NY,2025-06-13,Friday,1.15605,1.1512,48,0.004850000000000021,True,3,3,0
EURUSD,NY,2025-06-16,Monday,1.15865,1.15272,48,0.005929999999999991,True,1,1,0
EURUSD,NY,2025-06-17,Tuesday,1.15726,1.15454,48,0.0027200000000000557,True,0,0,0
EURUSD,NY,2025-06-18,Wednesday,1.15234,1.14965,48,0.002689999999999859,True,2,2,0
EURUSD,NY,2025-06-19,Thursday,1.14769,1.14463,48,0.0030600000000000627,True,3,3,0
EURUSD,NY,2025-06-20,Friday,1.15323,1.15101,48,0.0022199999999998887,True,3,3,0
EURUSD,NY,2025-06-23,Monday,1.15212,1.14851,48,0.003610000000000113,True,1,1,0
EURUSD,NY,2025-06-24,Tuesday,1.16225,1.15801,48,0.0042400000000000215,True,1,1,0
EURUSD,NY,2025-06-25,Wednesday,1.16227,1.15899,48,0.0032799999999999496,True,2,2,0
EURUSD,NY,2025-06-26,Thursday,1.17135,1.16719,48,0.0041599999999999415,True,1,1,0
EURUSD,NY,2025-06-27,Friday,1.1727,1.16835,48,0.004350000000000076,True,1,1,0
EURUSD,NY,2025-06-30,Monday,1.17507,1.17121,48,0.0038599999999999746,True,2,2,0
EURUSD,NY,2025-07-01,Tuesday,1.17941,1.17673,48,0.0026800000000000157,True,2,2,0
EURUSD,NY,2025-07-02,Wednesday,1.18012,1.17712,48,0.0030000000000001137,True,2,2,0
EURUSD,NY,2025-07-03,Thursday,1.181,1.17867,48,0.0023299999999999432,True,1,1,0
EURUSD,NY,2025-07-04,Friday,1.17856,1.17677,48,0.0017899999999999583,True,2,2,0
EURUSD,NY,2025-07-07,Monday,1.17737,1.17453,48,0.0028399999999999537,True,2,2,0
EURUSD,NY,2025-07-08,Tuesday,1.17654,1.17318,48,0.0033600000000000296,True,1,1,0
EURUSD,NY,2025-07-09,Wednesday,1.17286,1.17013,48,0.0027300000000001212,True,2,2,0
EURUSD,NY,2025-07-10,Thursday,1.17436,1.17262,48,0.0017400000000000748,True,0,0,0
EURUSD,NY,2025-07-11,Friday,1.16958,1.16691,48,0.0026700000000001722,True,2,2,0
EURUSD,NY,2025-07-14,Monday,1.16874,1.16543,48,0.003309999999999924,True,3,3,0
EURUSD,NY,2025-07-15,Tuesday,1.16928,1.16719,48,0.0020900000000001473,True,2,2,0
EURUSD,NY,2025-07-16,Wednesday,1.16285,1.16104,48,0.0018099999999998673,True,4,3,1
EURUSD,NY,2025-07-17,Thursday,1.16274,1.15734,48,0.005400000000000071,True,2,2,0
EURUSD,NY,2025-07-18,Friday,1.16313,1.1612,48,0.0019299999999999873,True,1,1,0
EURUSD,NY,2025-07-21,Monday,1.16475,1.16229,48,0.0024599999999999067,True,1,1,0
EURUSD,NY,2025-07-22,Tuesday,1.16947,1.16818,48,0.0012900000000000134,True,1,1,0
EURUSD,NY,2025-07-23,Wednesday,1.17529,1.17273,48,0.0025599999999998957,True,2,2,0
EURUSD,NY,2025-07-24,Thursday,1.17784,1.1755,48,0.0023400000000000087,True,4,4,0
EURUSD,NY,2025-07-25,Friday,1.17608,1.17341,48,0.00266999999999995,True,3,3,0
EURUSD,NY,2025-07-28,Monday,1.17582,1.16705,48,0.008770000000000167,True,1,1,0
EURUSD,NY,2025-07-29,Tuesday,1.15904,1.15266,48,0.006380000000000052,True,3,3,0
EURUSD,NY,2025-07-30,Wednesday,1.15686,1.15402,48,0.0028399999999999537,True,1,1,0
EURUSD,NY,2025-07-31,Thursday,1.1461,1.14194,48,0.0041599999999999415,True,2,2,0
EURUSD,NY,2025-08-01,Friday,1.1438,1.14125,48,0.00254999999999983,True,1,1,0
EURUSD,NY,2025-08-04,Monday,1.15855,1.15505,48,0.0035000000000000586,True,4,4,0
EURUSD,NY,2025-08-05,Tuesday,1.15623,1.15332,48,0.00291000000000019,True,3,3,0
EURUSD,NY,2025-08-06,Wednesday,1.15881,1.15713,48,0.0016799999999999038,True,1,1,0
EURUSD,NY,2025-08-07,Thursday,1.16913,1.16632,48,0.002809999999999979,True,3,3,0
EURUSD,NY,2025-08-08,Friday,1.16645,1.16388,48,0.002569999999999961,True,5,5,0
EURUSD,NY,2025-08-11,Monday,1.16756,1.16459,48,0.002969999999999917,True,2,2,0
EURUSD,NY,2025-08-12,Tuesday,1.1629,1.1608,48,0.0020999999999999908,True,3,3,0
EURUSD,NY,2025-08-13,Wednesday,1.17128,1.16765,48,0.003630000000000022,True,1,1,0
EURUSD,NY,2025-08-14,Thursday,1.17068,1.16779,48,0.002889999999999837,True,3,3,0
EURUSD,NY,2025-08-15,Friday,1.16843,1.1659,48,0.0025300000000001432,True,3,3,0
EURUSD,NY,2025-08-18,Monday,1.17103,1.16804,48,0.002990000000000048,True,2,2,0
EURUSD,NY,2025-08-19,Tuesday,1.16844,1.1651,48,0.0033399999999998986,True,1,1,0
EURUSD,NY,2025-08-20,Wednesday,1.16467,1.16232,48,0.0023500000000000743,True,2,2,0
EURUSD,NY,2025-08-21,Thursday,1.16612,1.1625,48,0.0036199999999999566,True,1,1,0
EURUSD,NY,2025-08-22,Friday,1.1599,1.15831,48,0.0015899999999999803,True,2,2,0
EURUSD,NY,2025-08-25,Monday,1.17205,1.16943,48,0.0026200000000000667,True,2,2,0
EURUSD,NY,2025-08-26,Tuesday,1.16447,1.16022,48,0.004249999999999865,True,4,4,0
EURUSD,NY,2025-08-27,Wednesday,1.16256,1.15962,48,0.0029399999999999427,True,1,1,0
EURUSD,NY,2025-08-28,Thursday,1.16497,1.16339,48,0.0015800000000001369,True,2,2,0
EURUSD,NY,2025-08-29,Friday,1.16772,1.16585,48,0.0018700000000000383,True,2,2,0
EURUSD,NY,2025-09-01,Monday,1.17336,1.17047,48,0.002890000000000059,True,3,3,0
EURUSD,NY,2025-09-02,Tuesday,1.17066,1.16428,48,0.006380000000000052,True,3,3,0
EURUSD,NY,2025-09-03,Wednesday,1.1643,1.1608,48,0.0034999999999998366,True,1,1,0
EURUSD,NY,2025-09-04,Thursday,1.16613,1.16442,48,0.0017100000000001003,True,4,4,0
EURUSD,NY,2025-09-05,Friday,1.16789,1.16648,48,0.0014100000000001334,True,1,1,0
EURUSD,NY,2025-09-08,Monday,1.1734,1.1706,48,0.0027999999999999137,True,1,1,0
EURUSD,NY,2025-09-09,Tuesday,1.17801,1.17478,48,0.003230000000000066,True,1,1,0
EURUSD,NY,2025-09-10,Wednesday,1.17184,1.16824,48,0.0036000000000000476,True,3,3,0
EURUSD,NY,2025-09-11,Thursday,1.16995,1.16838,48,0.0015700000000000713,True,3,3,0
EURUSD,NY,2025-09-12,Friday,1.17478,1.17209,48,0.002689999999999859,True,2,2,0
EURUSD,NY,2025-09-15,Monday,1.17443,1.17161,48,0.0028200000000000447,True,0,0,0
EURUSD,NY,2025-09-16,Tuesday,1.18018,1.17736,48,0.0028200000000000447,True,1,1,0
EURUSD,NY,2025-09-17,Wednesday,1.18597,1.18383,48,0.0021400000000000308,True,3,2,1
EURUSD,NY,2025-09-18,Thursday,1.18388,1.17805,48,0.005830000000000002,True,3,3,0
EURUSD,NY,2025-09-19,Friday,1.17898,1.17574,48,0.0032399999999999096,True,3,3,0
EURUSD,NY,2025-09-22,Monday,1.17545,1.17264,48,0.0028100000000002012,True,0,0,0
EURUSD,NY,2025-09-23,Tuesday,1.18079,1.17775,48,0.0030399999999999316,True,4,4,0
EURUSD,NY,2025-09-24,Wednesday,1.18049,1.17844,48,0.0020500000000001073,True,0,0,0
EURUSD,NY,2025-09-25,Thursday,1.17534,1.17315,48,0.0021900000000001363,True,0,0,0
EURUSD,NY,2025-09-26,Friday,1.1684,1.16684,48,0.0015600000000000058,True,3,3,0
EURUSD,NY,2025-09-29,Monday,1.17334,1.17174,48,0.0016000000000000458,True,2,2,0
EURUSD,NY,2025-09-30,Tuesday,1.17484,1.17186,48,0.0029800000000002047,True,4,4,0
EURUSD,NY,2025-10-01,Wednesday,1.17787,1.17379,48,0.0040800000000000836,True,2,2,0
EURUSD,NY,2025-10-02,Thursday,1.17568,1.17295,48,0.0027300000000001212,True,2,2,0
EURUSD,NY,2025-10-03,Friday,1.17341,1.17149,48,0.0019200000000001438,True,2,2,0
EURUSD,NY,2025-10-06,Monday,1.17275,1.16622,48,0.006529999999999925,True,1,1,0
EURUSD,NY,2025-10-07,Tuesday,1.17074,1.16703,48,0.00370999999999988,True,2,2,0
EURUSD,NY,2025-10-08,Wednesday,1.16343,1.16071,48,0.0027200000000000557,True,6,6,0
EURUSD,NY,2025-10-09,Thursday,1.16483,1.16064,48,0.004190000000000138,True,1,1,0
EURUSD,NY,2025-10-10,Friday,1.15801,1.1561,48,0.0019100000000000783,True,1,1,0
EURUSD,NY,2025-10-13,Monday,1.16299,1.15976,48,0.003230000000000066,True,0,0,0
EURUSD,NY,2025-10-14,Tuesday,1.15936,1.15428,48,0.005079999999999973,True,1,1,0
EURUSD,NY,2025-10-15,Wednesday,1.16444,1.16169,48,0.00275000000000003,True,4,4,0
EURUSD,NY,2025-10-16,Thursday,1.1668,1.16431,48,0.0024900000000001032,True,1,1,0
EURUSD,NY,2025-10-17,Friday,1.17285,1.16934,48,0.003509999999999902,True,1,1,0
EURUSD,NY,2025-10-20,Monday,1.16757,1.16538,48,0.0021899999999999142,True,4,4,0
EURUSD,NY,2025-10-21,Tuesday,1.16378,1.16187,48,0.0019100000000000783,True,3,3,0
EURUSD,NY,2025-10-22,Wednesday,1.16157,1.15996,48,0.0016099999999998893,True,2,2,0
EURUSD,NY,2025-10-23,Thursday,1.16042,1.15906,48,0.0013600000000000279,True,2,2,0
EURUSD,NY,2025-10-24,Friday,1.1628,1.16009,48,0.00270999999999999,True,1,1,0
EURUSD,NY,2025-10-27,Monday,1.16324,1.16199,48,0.0012499999999999734,True,1,1,0
EURUSD,NY,2025-10-28,Tuesday,1.16681,1.16511,48,0.0016999999999998128,True,2,2,0
EURUSD,NY,2025-10-29,Wednesday,1.16379,1.16252,48,0.0012700000000001044,True,3,3,0
EURUSD,NY,2025-10-30,Thursday,1.16375,1.16095,48,0.0028000000000001357,True,2,2,0
EURUSD,NY,2025-10-31,Friday,1.15735,1.15551,48,0.0018400000000000638,True,2,2,0
EURUSD,NY,2025-11-03,Monday,1.15414,1.15096,48,0.0031799999999999606,True,5,5,0
EURUSD,NY,2025-11-04,Tuesday,1.15336,1.15075,48,0.002610000000000001,True,1,1,0
EURUSD,NY,2025-11-05,Wednesday,1.14955,1.14834,48,0.0012100000000001554,True,3,3,0
EURUSD,NY,2025-11-06,Thursday,1.15236,1.15037,48,0.0019900000000001583,True,1,1,0
EURUSD,NY,2025-11-07,Friday,1.15404,1.15296,48,0.0010799999999999699,True,0,0,0
EURUSD,NY,2025-11-10,Monday,1.15831,1.15515,48,0.0031600000000000517,True,2,2,0
EURUSD,NY,2025-11-11,Tuesday,1.15683,1.15497,48,0.0018599999999999728,True,0,0,0
EURUSD,NY,2025-11-12,Wednesday,1.15884,1.15712,48,0.0017200000000001658,True,4,4,0
EURUSD,NY,2025-11-13,Thursday,1.16294,1.15803,48,0.004910000000000192,True,2,2,0
EURUSD,NY,2025-11-14,Friday,1.16487,1.16204,48,0.00283000000000011,True,3,3,0
EURUSD,NY,2025-11-17,Monday,1.1615,1.15951,48,0.0019899999999999363,True,3,3,0
EURUSD,NY,2025-11-18,Tuesday,1.16064,1.15899,48,0.0016499999999999293,True,4,4,0
EURUSD,NY,2025-11-19,Wednesday,1.15973,1.15712,48,0.002610000000000001,True,1,1,0
EURUSD,NY,2025-11-20,Thursday,1.15234,1.15115,48,0.0011900000000000244,True,5,4,1
EURUSD,NY,2025-11-21,Friday,1.15526,1.15342,48,0.0018400000000000638,True,0,0,0
EURUSD,NY,2025-11-24,Monday,1.15344,1.15098,48,0.0024600000000001288,True,2,2,0
EURUSD,NY,2025-11-25,Tuesday,1.15337,1.15116,48,0.0022100000000000453,True,3,3,0
EURUSD,NY,2025-11-26,Wednesday,1.1596,1.15659,48,0.003009999999999957,True,1,1,0
EURUSD,NY,2025-11-27,Thursday,1.16066,1.15859,48,0.0020700000000000163,True,1,1,0
EURUSD,NY,2025-11-28,Friday,1.1593,1.15664,48,0.0026600000000001067,True,3,3,0
EURUSD,NY,2025-12-01,Monday,1.16218,1.15905,48,0.003130000000000077,True,3,3,0
EURUSD,NY,2025-12-02,Tuesday,1.16164,1.16049,48,0.0011499999999999844,True,4,4,0
EURUSD,NY,2025-12-03,Wednesday,1.16527,1.16358,48,0.0016899999999999693,True,0,0,0
EURUSD,NY,2025-12-04,Thursday,1.16819,1.16531,48,0.0028799999999999937,True,2,2,0
EURUSD,NY,2025-12-05,Friday,1.16717,1.16524,48,0.0019299999999999873,True,3,3,0
EURUSD,NY,2025-12-08,Monday,1.16721,1.16482,48,0.0023900000000001143,True,3,3,0
EURUSD,NY,2025-12-09,Tuesday,1.16502,1.16336,48,0.0016599999999999948,True,4,4,0
EURUSD,NY,2025-12-10,Wednesday,1.16577,1.16265,48,0.0031200000000000117,True,3,3,0
EURUSD,NY,2025-12-11,Thursday,1.17067,1.16822,48,0.0024500000000000632,True,0,0,0
EURUSD,NY,2025-12-12,Friday,1.17435,1.1728,48,0.0015499999999999403,True,4,4,0
EURUSD,NY,2025-12-15,Monday,1.17388,1.17264,48,0.0012400000000001299,True,0,0,0
EURUSD,NY,2025-12-16,Tuesday,1.17641,1.17444,48,0.0019700000000000273,True,3,2,1
EURUSD,NY,2025-12-17,Wednesday,1.17308,1.1703,48,0.0027800000000000047,True,1,1,0
EURUSD,NY,2025-12-18,Thursday,1.17496,1.17281,48,0.0021500000000000963,True,1,1,0
EURUSD,NY,2025-12-19,Friday,1.17217,1.17032,48,0.0018499999999999073,True,1,1,0
EURUSD,NY,2025-12-22,Monday,1.17382,1.1713,48,0.0025200000000000777,True,1,1,0
EURUSD,NY,2025-12-23,Tuesday,1.17845,1.17686,48,0.0015899999999999803,True,2,2,0
EURUSD,NY,2025-12-24,Wednesday,1.18041,1.17797,48,0.0024399999999999977,True,5,5,0
EURUSD,NY,2025-12-25,Thursday,,,0,,False,0,0,0
EURUSD,NY,2025-12-26,Friday,1.17879,1.17664,48,0.0021500000000000963,True,3,3,0
EURUSD,NY,2025-12-29,Monday,1.17887,1.17539,48,0.0034800000000001496,True,2,2,0
EURUSD,NY,2025-12-30,Tuesday,1.17799,1.17659,48,0.0014000000000000679,True,2,2,0
EURUSD,NY,2025-12-31,Wednesday,1.17397,1.17201,48,0.0019599999999999618,True,2,2,0
