symbol,window,ny_date,weekday,trade_number,range_high,range_low,range_height,direction,breakout_time,breakout_extreme,reentry_time,entry_time,entry_price,stop,target,risk,large_breakout,stop_type,exit_time,exit_price,exit_reason,bars_held,result_r,spread_points,spread_cost_r,result_r_net,mfe_r,mae_r
XAUUSD,NY,2020-01-03,Friday,1,1545.36,1538.29,7.069999999999936,short,2020-01-03 04:05:00,1551.52,2020-01-03 08:00:00,2020-01-03 08:05:00,1542.94,1551.52,1525.7800000000002,8.579999999999927,False,extreme,2020-01-03 13:35:00,1551.52,stop,67,-1.0,2,0.002331002331002351,-1.0023310023310024,0.23076923076923483,1.2389277389277356
XAUUSD,NY,2020-01-06,Monday,1,1577.84,1570.26,7.579999999999927,short,2020-01-06 04:35:00,1578.01,2020-01-06 04:40:00,2020-01-06 04:45:00,1577.28,1578.01,1575.82,0.7300000000000182,False,extreme,2020-01-06 04:50:00,1575.82,target,2,2.0,2,0.02739726027397192,1.9726027397260282,2.972602739726053,0.5342465753425895
XAUUSD,NY,2020-01-06,Monday,2,1577.84,1570.26,7.579999999999927,short,2020-01-06 06:10:00,1578.2,2020-01-06 06:15:00,2020-01-06 06:20:00,1577.63,1578.2,1576.4900000000002,0.5699999999999363,False,extreme,2020-01-06 06:30:00,1578.2,both_touched,3,-1.0,2,0.03508771929824953,-1.0350877192982495,2.5789473684213884,1.8596491228071295
XAUUSD,NY,2020-01-06,Monday,3,1577.84,1570.26,7.579999999999927,short,2020-01-06 06:30:00,1579.36,2020-01-06 07:05:00,2020-01-06 07:10:00,1577.76,1579.36,1574.5600000000002,1.599999999999909,False,extreme,2020-01-06 08:25:00,1574.5600000000002,target,16,2.0,2,0.01250000000000071,1.9874999999999994,2.156250000000151,0.4125000000000746
XAUUSD,NY,2020-01-07,Tuesday,1,1570.87,1559.04,11.829999999999927,short,2020-01-07 11:45:00,1573.16,2020-01-07 13:10:00,2020-01-07 13:15:00,1570.79,1573.16,1566.0499999999997,2.3700000000001182,False,extreme,2020-01-07 16:25:00,1573.16,stop,39,-1.0,4,0.016877637130800847,-1.0168776371308008,0.49367088607595544,1.0295358649788746
XAUUSD,NY,2020-01-08,Wednesday,1,1595.35,1580.06,15.289999999999964,long,2020-01-08 04:20:00,1579.47,2020-01-08 04:25:00,2020-01-08 04:30:00,1581.45,1579.47,1585.41,1.9800000000000182,False,extreme,2020-01-08 04:50:00,1585.41,target,5,2.0,2,0.010101010101010008,1.98989898989899,2.1666666666666283,0.26262626262625105
XAUUSD,NY,2020-01-10,Friday,1,1552.49,1546.25,6.240000000000009,short,2020-01-10 08:30:00,1556.61,2020-01-10 08:45:00,2020-01-10 08:50:00,1551.95,1556.61,1542.6300000000003,4.6599999999998545,False,extreme,2020-01-10 10:45:00,1556.61,stop,24,-1.0,2,0.004291845493562366,-1.0042918454935623,1.0858369098712668,1.154506437768251
XAUUSD,NY,2020-01-13,Monday,1,1556.46,1549.92,6.539999999999964,long,2020-01-13 04:00:00,1546.58,2020-01-13 05:30:00,2020-01-13 05:35:00,1550.37,1546.58,1557.9499999999998,3.7899999999999636,False,extreme,2020-01-13 18:45:00,1546.58,stop,147,-1.0,2,0.0052770448548813175,-1.0052770448548813,1.53034300791563,1.2216358839049937
XAUUSD,NY,2020-01-14,Tuesday,1,1545.92,1536.17,9.75,short,2020-01-14 09:50:00,1547.04,2020-01-14 10:00:00,2020-01-14 10:05:00,1544.46,1547.04,1539.3000000000002,2.5799999999999272,False,extreme,2020-01-14 13:35:00,1547.04,stop,43,-1.0,2,0.0077519379844963425,-1.0077519379844964,1.333333333333392,1.7054263565891425
XAUUSD,NY,2020-01-14,Tuesday,2,1545.92,1536.17,9.75,short,2020-01-14 13:40:00,1547.88,2020-01-14 13:45:00,2020-01-14 13:50:00,1545.65,1547.88,1541.19,2.230000000000018,False,extreme,2020-01-14 18:25:00,1547.88,stop,44,-1.0,2,0.008968609865470779,-1.0089686098654709,0.5022421524664167,1.376681614349736
XAUUSD,NY,2020-01-15,Wednesday,1,1554.27,1550.33,3.9400000000000546,long,2020-01-15 08:00:00,1549.92,2020-01-15 08:05:00,2020-01-15 08:10:00,1551.13,1549.92,1553.5500000000002,1.2100000000000364,False,extreme,2020-01-15 08:10:00,1549.92,stop,1,-1.0,2,0.016528925619834215,-1.0165289256198342,0.024793388429728773,2.264462809917295
XAUUSD,NY,2020-01-15,Wednesday,2,1554.27,1550.33,3.9400000000000546,long,2020-01-15 08:10:00,1546.97,2020-01-15 08:35:00,2020-01-15 08:40:00,1551.42,1546.97,1560.3200000000002,4.4500000000000455,False,extreme,2020-01-15 23:55:00,1555.83,end_of_day,172,0.9910112359550134,2,0.0044943820224718645,0.9865168539325415,1.521348314606722,0.5932584269663086
XAUUSD,NY,2020-01-16,Thursday,1,1556.01,1551.52,4.490000000000009,short,2020-01-16 06:50:00,1556.5,2020-01-16 07:00:00,2020-01-16 07:05:00,1555.43,1556.5,1553.2900000000002,1.0699999999999363,False,extreme,2020-01-16 07:25:00,1556.5,stop,5,-1.0,2,0.01869158878504784,-1.0186915887850478,0.05607476635530502,1.934579439252392
XAUUSD,NY,2020-01-16,Thursday,2,1556.01,1551.52,4.490000000000009,short,2020-01-16 07:10:00,1557.5,2020-01-16 08:00:00,2020-01-16 08:05:00,1555.06,1557.5,1550.1799999999998,2.4400000000000546,False,extreme,2020-01-16 10:20:00,1550.1799999999998,target,28,2.0,2,0.008196721311475226,1.9918032786885247,2.1639344262294484,0.6721311475410096
XAUUSD,NY,2020-01-16,Thursday,3,1556.01,1551.52,4.490000000000009,long,2020-01-16 10:15:00,1548.04,2020-01-16 12:10:00,2020-01-16 12:15:00,1551.58,1548.04,1558.6599999999999,3.5399999999999636,False,extreme,2020-01-16 23:55:00,1555.72,end_of_day,129,1.169491525423769,2,0.005649717514124352,1.1638418079096446,1.2090395480226035,0.6101694915253889
XAUUSD,NY,2020-01-17,Friday,1,1557.06,1554.17,2.8899999999998727,short,2020-01-17 07:15:00,1560.75,2020-01-17 08:30:00,2020-01-17 08:35:00,1556.7,1560.75,1548.6000000000001,4.0499999999999545,False,extreme,2020-01-17 13:25:00,1560.75,stop,59,-1.0,2,0.004938271604938327,-1.0049382716049384,0.6419753086420162,1.1135802469135905
XAUUSD,NY,2020-01-17,Friday,2,1557.06,1554.17,2.8899999999998727,short,2020-01-17 11:20:00,1561.28,2020-01-17 15:50:00,2020-01-17 15:55:00,1556.92,1561.28,1548.2000000000003,4.3599999999999,False,extreme,2020-01-17 16:55:00,1557.12,friday_close,13,-0.04587155963298686,2,0.0045871559633028575,-0.05045871559628971,0.13990825688076636,0.1605504587155583
XAUUSD,NY,2020-01-20,Monday,1,1562.76,1559.18,3.5799999999999272,long,2020-01-20 08:00:00,1558.32,2020-01-20 08:05:00,2020-01-20 08:10:00,1560.28,1558.32,1564.2,1.9600000000000364,False,extreme,2020-01-20 20:15:00,1564.2,target,89,2.0,2,0.010204081632652871,1.989795918367347,3.0153061224489655,0.46428571428574744
XAUUSD,NY,2020-01-21,Tuesday,1,1567.22,1552.66,14.559999999999945,long,2020-01-21 08:25:00,1552.21,2020-01-21 08:30:00,2020-01-21 08:35:00,1554.27,1552.21,1558.3899999999999,2.0599999999999454,False,extreme,2020-01-21 08:50:00,1552.21,stop,4,-1.0,2,0.009708737864077928,-1.0097087378640779,0.5048543689320345,1.6893203883495682
XAUUSD,NY,2020-01-21,Tuesday,2,1567.22,1552.66,14.559999999999945,long,2020-01-21 08:50:00,1550.79,2020-01-21 08:55:00,2020-01-21 09:00:00,1553.36,1550.79,1558.4999999999998,2.5699999999999363,False,extreme,2020-01-21 09:10:00,1550.79,stop,3,-1.0,2,0.007782101167315368,-1.0077821011673154,0.03112840466932163,1.5136186770427895
XAUUSD,NY,2020-01-21,Tuesday,3,1567.22,1552.66,14.559999999999945,long,2020-01-21 09:00:00,1546.38,2020-01-21 10:10:00,2020-01-21 10:15:00,1552.68,1546.38,1565.28,6.2999999999999545,False,extreme,2020-01-21 23:55:00,1553.04,end_of_day,153,0.057142857142841674,2,0.0031746031746031976,0.053968253968238476,1.1666666666666607,0.39365079365079936
XAUUSD,NY,2020-01-22,Wednesday,1,1556.69,1550.59,6.100000000000136,short,2020-01-22 04:00:00,1559.28,2020-01-22 06:45:00,2020-01-22 06:50:00,1556.18,1559.28,1549.9800000000002,3.099999999999909,False,extreme,2020-01-22 18:15:00,1559.28,stop,126,-1.0,2,0.0064516129032259955,-1.006451612903226,0.5096774193549035,1.2677419354838553
XAUUSD,NY,2020-01-22,Wednesday,2,1556.69,1550.59,6.100000000000136,short,2020-01-22 14:10:00,1563.79,2020-01-22 21:05:00,2020-01-22 21:10:00,1556.69,1563.79,1542.4900000000002,7.099999999999909,False,extreme,2020-01-22 23:55:00,1558.92,end_of_day,34,-0.3140845070422601,2,0.0028169014084507404,-0.31690140845071085,0.1126760563380232,0.36338028169013525
XAUUSD,NY,2020-01-23,Thursday,1,1560.94,1553.01,7.930000000000064,long,2020-01-23 06:55:00,1551.94,2020-01-23 07:00:00,2020-01-23 07:05:00,1553.73,1551.94,1557.31,1.7899999999999636,False,extreme,2020-01-23 08:20:00,1557.31,target,16,2.0,2,0.011173184357542127,1.9888268156424578,2.02793296089383,0.14525139664804257
XAUUSD,NY,2020-01-23,Thursday,2,1560.94,1553.01,7.930000000000064,short,2020-01-23 09:40:00,1564.91,2020-01-23 10:10:00,2020-01-23 10:15:00,1560.49,1564.91,1551.6499999999999,4.420000000000073,False,extreme,2020-01-23 11:20:00,1564.91,stop,14,-1.0,2,0.00452488687782798,-1.004524886877828,0.14479638009051798,1.0791855203619691
XAUUSD,NY,2020-01-23,Thursday,3,1560.94,1553.01,7.930000000000064,short,2020-01-23 10:35:00,1567.97,2020-01-23 19:00:00,2020-01-23 19:05:00,1560.8,1567.97,1546.4599999999998,7.170000000000073,False,extreme,2020-01-23 23:55:00,1559.73,end_of_day,59,0.14923291492328108,2,0.0027894002789399996,0.14644351464434108,0.19665271966524966,0.27475592747559374
XAUUSD,NY,2020-01-24,Friday,1,1561.49,1557.61,3.880000000000109,short,2020-01-24 05:00:00,1563.0,2020-01-24 05:20:00,2020-01-24 05:25:00,1561.27,1563.0,1557.81,1.7300000000000182,False,extreme,2020-01-24 07:45:00,1557.81,target,29,2.0,2,0.011560693641618375,1.9884393063583816,2.1676300578034455,0.2774566473988515
XAUUSD,NY,2020-01-24,Friday,2,1561.49,1557.61,3.880000000000109,long,2020-01-24 08:10:00,1556.56,2020-01-24 08:25:00,2020-01-24 08:30:00,1558.48,1556.56,1562.3200000000002,1.9200000000000728,False,extreme,2020-01-24 08:50:00,1562.3200000000002,target,5,2.0,2,0.010416666666666272,1.9895833333333337,2.0208333333331954,0.0
XAUUSD,NY,2020-01-24,Friday,3,1561.49,1557.61,3.880000000000109,short,2020-01-24 08:50:00,1562.36,2020-01-24 08:55:00,2020-01-24 09:00:00,1561.44,1562.36,1559.6000000000004,0.9199999999998454,False,extreme,2020-01-24 09:00:00,1562.36,stop,1,-1.0,2,0.02173913043478626,-1.0217391304347863,0.13043478260884608,1.1847826086957622
XAUUSD,NY,2020-01-24,Friday,4,1561.49,1557.61,3.880000000000109,short,2020-01-24 09:00:00,1562.53,2020-01-24 09:05:00,2020-01-24 09:10:00,1561.44,1562.53,1559.2600000000002,1.0899999999999181,False,extreme,2020-01-24 09:35:00,1562.53,stop,6,-1.0,2,0.018348623853212388,-1.0183486238532125,1.541284403669899,1.5871559633028882
XAUUSD,NY,2020-01-27,Monday,1,1580.95,1575.9,5.0499999999999545,short,2020-01-27 04:10:00,1586.3,2020-01-27 09:40:00,2020-01-27 09:45:00,1580.38,1586.3,1568.5400000000004,5.919999999999845,False,extreme,2020-01-27 23:55:00,1579.6,end_of_day,159,0.131756756756794,2,0.0033783783783784666,0.12837837837841554,0.5540540540541024,0.6841216216216318
XAUUSD,NY,2020-01-28,Tuesday,1,1581.36,1576.89,4.4699999999998,short,2020-01-28 04:00:00,1582.3,2020-01-28 04:05:00,2020-01-28 04:10:00,1580.84,1582.3,1577.9199999999998,1.4600000000000364,False,extreme,2020-01-28 07:10:00,1577.9199999999998,target,37,2.0,2,0.01369863013698596,1.986301369863014,4.041095890410765,0.4315068493151325
XAUUSD,NY,2020-01-28,Tuesday,2,1581.36,1576.89,4.4699999999998,long,2020-01-28 07:10:00,1571.66,2020-01-28 09:05:00,2020-01-28 09:10:00,1576.96,1571.66,1587.56,5.2999999999999545,False,extreme,2020-01-28 10:15:00,1571.66,stop,14,-1.0,2,0.00377358490566041,-1.0037735849056604,0.1999999999999914,1.101886792452867
XAUUSD,NY,2020-01-29,Wednesday,1,1569.96,1564.89,5.069999999999936,short,2020-01-29 04:20:00,1571.69,2020-01-29 06:00:00,2020-01-29 06:05:00,1569.73,1571.69,1565.81,1.9600000000000364,False,extreme,2020-01-29 06:15:00,1571.69,stop,3,-1.0,2,0.010204081632652871,-1.010204081632653,0.1224489795918391,1.3214285714285052
XAUUSD,NY,2020-01-29,Wednesday,2,1569.96,1564.89,5.069999999999936,short,2020-01-29 06:10:00,1572.45,2020-01-29 08:15:00,2020-01-29 08:20:00,1569.48,1572.45,1563.54,2.9700000000000273,False,extreme,2020-01-29 09:55:00,1572.45,stop,20,-1.0,2,0.006734006734006672,-1.0067340067340067,0.5454545454545803,1.0673400673400821
XAUUSD,NY,2020-01-29,Wednesday,3,1569.96,1564.89,5.069999999999936,short,2020-01-29 09:45:00,1574.49,2020-01-29 10:50:00,2020-01-29 10:55:00,1569.02,1574.49,1558.08,5.470000000000027,False,extreme,2020-01-29 14:40:00,1574.49,stop,46,-1.0,2,0.003656307129798885,-1.0036563071297988,0.034734917733099384,1.1371115173674582
XAUUSD,NY,2020-01-30,Thursday,1,1583.07,1577.01,6.059999999999945,long,2020-01-30 09:30:00,1572.3,2020-01-30 09:50:00,2020-01-30 09:55:00,1577.69,1572.3,1588.4700000000003,5.3900000000001,False,extreme,2020-01-30 20:00:00,1572.3,stop,110,-1.0,2,0.003710575139146499,-1.0037105751391464,1.5398886827457885,1.22448979591837
XAUUSD,NY,2020-01-31,Friday,1,1578.31,1571.63,6.679999999999836,short,2020-01-31 04:20:00,1582.1,2020-01-31 06:00:00,2020-01-31 06:05:00,1578.0,1582.1,1569.8000000000002,4.099999999999909,False,extreme,2020-01-31 08:15:00,1582.1,stop,27,-1.0,2,0.004878048780487913,-1.0048780487804878,0.009756097560966953,1.0292682926829564
XAUUSD,NY,2020-02-03,Monday,1,1581.26,1573.5,7.759999999999991,long,2020-02-03 10:00:00,1569.7,2020-02-03 10:05:00,2020-02-03 10:10:00,1575.04,1569.7,1585.7199999999998,5.339999999999918,False,extreme,2020-02-03 23:55:00,1575.2,end_of_day,154,0.029962546816495187,2,0.0037453183520599824,0.026217228464435204,0.8857677902621892,0.691011235955077
XAUUSD,NY,2020-02-04,Tuesday,1,1575.82,1567.65,8.169999999999845,long,2020-02-04 04:00:00,1565.41,2020-02-04 04:55:00,2020-02-04 05:00:00,1568.18,1565.41,1573.72,2.769999999999982,False,extreme,2020-02-04 08:25:00,1565.41,stop,42,-1.0,3,0.010830324909747363,-1.0108303249097474,1.2418772563176352,1.389891696750961
XAUUSD,NY,2020-02-05,Wednesday,1,1562.42,1552.79,9.63000000000011,long,2020-02-05 04:30:00,1547.51,2020-02-05 06:35:00,2020-02-05 06:40:00,1554.69,1547.51,1569.0500000000002,7.180000000000064,False,extreme,2020-02-05 23:55:00,1553.24,end_of_day,196,-0.20194986072423854,2,0.002785515320334237,-0.2047353760445728,0.6908077994428958,0.6908077994428958
XAUUSD,NY,2020-02-07,Friday,1,1567.94,1562.84,5.100000000000136,short,2020-02-07 04:45:00,1568.55,2020-02-07 05:00:00,2020-02-07 05:05:00,1567.68,1568.55,1565.9400000000003,0.8699999999998909,False,extreme,2020-02-07 05:10:00,1568.55,stop,2,-1.0,2,0.02298850574712932,-1.0229885057471293,0.0,2.551724137931386
XAUUSD,NY,2020-02-07,Friday,2,1567.94,1562.84,5.100000000000136,short,2020-02-07 05:05:00,1569.9,2020-02-07 06:10:00,2020-02-07 06:15:00,1567.96,1569.9,1564.08,1.9400000000000546,False,extreme,2020-02-07 08:30:00,1564.08,target,28,2.0,2,0.010309278350515174,1.9896907216494848,3.4999999999998828,0.38144329896906615
XAUUSD,NY,2020-02-07,Friday,3,1567.94,1562.84,5.100000000000136,short,2020-02-07 08:40:00,1570.22,2020-02-07 09:00:00,2020-02-07 09:05:00,1567.98,1570.22,1563.5,2.240000000000009,False,extreme,2020-02-07 09:20:00,1570.22,stop,4,-1.0,2,0.008928571428571392,-1.0089285714285714,0.46428571428569615,1.4062500000000349
XAUUSD,NY,2020-02-07,Friday,4,1567.94,1562.84,5.100000000000136,short,2020-02-07 09:10:00,1574.05,2020-02-07 10:50:00,2020-02-07 10:55:00,1567.21,1574.05,1553.5300000000002,6.839999999999918,False,extreme,2020-02-07 16:55:00,1570.25,friday_close,73,-0.4444444444444444,2,0.0029239766081871695,-0.4473684210526316,0.2997076023391782,0.8845029239766121
XAUUSD,NY,2020-02-10,Monday,1,1575.22,1569.47,5.75,short,2020-02-10 09:10:00,1575.6,2020-02-10 09:15:00,2020-02-10 09:20:00,1575.19,1575.6,1574.3700000000003,0.4099999999998545,False,extreme,2020-02-10 09:20:00,1575.6,both_touched,1,-1.0,2,0.04878048780489536,-1.0487804878048954,2.0487804878059603,1.317073170732086
XAUUSD,NY,2020-02-10,Monday,2,1575.22,1569.47,5.75,short,2020-02-10 12:20:00,1575.81,2020-02-10 12:25:00,2020-02-10 12:30:00,1575.21,1575.81,1574.0100000000002,0.599999999999909,False,extreme,2020-02-10 12:30:00,1575.81,stop,1,-1.0,2,0.033333333333338384,-1.0333333333333383,0.3166666666668056,2.116666666666957
XAUUSD,NY,2020-02-10,Monday,3,1575.22,1569.47,5.75,short,2020-02-10 12:30:00,1577.03,2020-02-10 14:50:00,2020-02-10 14:55:00,1575.22,1577.03,1571.6000000000001,1.8099999999999454,False,extreme,2020-02-10 19:05:00,1571.6000000000001,target,39,2.0,2,0.01104972375690641,1.9889502762430935,2.2044198895028337,0.1215469613259856
XAUUSD,NY,2020-02-11,Tuesday,1,1569.96,1565.84,4.120000000000118,short,2020-02-11 08:20:00,1574.05,2020-02-11 10:10:00,2020-02-11 10:15:00,1569.38,1574.05,1560.0400000000004,4.669999999999845,False,extreme,2020-02-11 23:55:00,1567.25,end_of_day,153,0.45610278372594854,2,0.004282655246252818,0.4518201284796957,1.5460385438972732,0.28051391862954794
XAUUSD,NY,2020-02-12,Wednesday,1,1567.37,1561.81,5.559999999999945,short,2020-02-12 05:35:00,1567.73,2020-02-12 05:45:00,2020-02-12 05:50:00,1566.95,1567.73,1565.39,0.7799999999999727,False,extreme,2020-02-12 06:25:00,1565.39,target,8,2.0,2,0.02564102564102654,1.9743589743589736,2.269230769230825,0.6794871794871683
XAUUSD,NY,2020-02-12,Wednesday,2,1567.37,1561.81,5.559999999999945,short,2020-02-12 11:20:00,1570.48,2020-02-12 13:55:00,2020-02-12 14:00:00,1567.35,1570.48,1561.0899999999997,3.130000000000109,False,extreme,2020-02-12 18:55:00,1570.48,stop,48,-1.0,2,0.006389776357827254,-1.0063897763578273,0.7380191693290303,1.3162939297124518
XAUUSD,NY,2020-02-13,Thursday,1,1575.85,1572.32,3.5299999999999727,short,2020-02-13 05:05:00,1577.5,2020-02-13 05:10:00,2020-02-13 05:15:00,1575.84,1577.5,1572.5199999999998,1.6600000000000819,False,extreme,2020-02-13 07:05:00,1572.5199999999998,target,23,2.0,2,0.012048192771083743,1.9879518072289162,2.096385542168582,0.10240963855425565
XAUUSD,NY,2020-02-13,Thursday,2,1575.85,1572.32,3.5299999999999727,long,2020-02-13 09:50:00,1571.85,2020-02-13 09:55:00,2020-02-13 10:00:00,1575.39,1571.85,1582.4700000000005,3.540000000000191,False,extreme,2020-02-13 23:55:00,1574.68,end_of_day,156,-0.20056497175141189,2,0.005649717514123989,-0.20621468926553588,0.8163841807908805,0.6525423728813695
XAUUSD,NY,2020-02-14,Friday,1,1576.47,1573.92,2.5499999999999545,short,2020-02-14 04:30:00,1576.83,2020-02-14 04:35:00,2020-02-14 04:40:00,1576.32,1576.83,1575.3,0.5099999999999909,False,extreme,2020-02-14 04:50:00,1576.83,stop,3,-1.0,2,0.039215686274510504,-1.0392156862745106,0.8431372549016548,1.333333333333482
XAUUSD,NY,2020-02-14,Friday,2,1576.47,1573.92,2.5499999999999545,short,2020-02-14 04:45:00,1577.08,2020-02-14 05:05:00,2020-02-14 05:10:00,1576.29,1577.08,1574.71,0.7899999999999636,False,extreme,2020-02-14 08:30:00,1577.08,stop,41,-1.0,2,0.025316455696203697,-1.0253164556962038,1.7468354430379054,1.962025316455729
XAUUSD,NY,2020-02-18,Tuesday,1,1589.09,1585.02,4.069999999999936,short,2020-02-18 04:10:00,1589.23,2020-02-18 04:15:00,2020-02-18 04:20:00,1588.24,1589.23,1586.26,0.9900000000000091,False,extreme,2020-02-18 05:00:00,1589.23,stop,9,-1.0,2,0.020202020202020016,-1.02020202020202,0.14141414141424116,1.1414141414140115
XAUUSD,NY,2020-02-18,Tuesday,2,1589.09,1585.02,4.069999999999936,short,2020-02-18 05:00:00,1589.37,2020-02-18 05:05:00,2020-02-18 05:10:00,1588.66,1589.37,1587.2400000000005,0.709999999999809,False,extreme,2020-02-18 05:30:00,1587.2400000000005,target,5,2.0,2,0.02816901408451462,1.9718309859154854,2.4084507042260515,0.1830985915491785
XAUUSD,NY,2020-02-18,Tuesday,3,1589.09,1585.02,4.069999999999936,short,2020-02-18 08:30:00,1593.42,2020-02-18 09:40:00,2020-02-18 09:45:00,1589.02,1593.42,1580.2199999999998,4.400000000000091,False,extreme,2020-02-18 10:15:00,1593.42,stop,7,-1.0,2,0.0045454545454544516,-1.0045454545454544,0.17045454545454194,1.0249999999999768
XAUUSD,NY,2020-02-19,Wednesday,1,1609.56,1601.64,7.919999999999845,short,2020-02-19 05:10:00,1609.89,2020-02-19 05:15:00,2020-02-19 05:20:00,1609.49,1609.89,1608.6899999999998,0.40000000000009095,False,extreme,2020-02-19 05:25:00,1608.6899999999998,target,2,2.0,2,0.04999999999998863,1.9500000000000113,2.6249999999992895,0.8999999999995453
XAUUSD,NY,2020-02-19,Wednesday,2,1609.56,1601.64,7.919999999999845,short,2020-02-19 05:35:00,1611.31,2020-02-19 06:50:00,2020-02-19 06:55:00,1609.21,1611.31,1605.0100000000002,2.099999999999909,False,extreme,2020-02-19 08:35:00,1605.0100000000002,target,21,2.0,2,0.009523809523809936,1.99047619047619,2.271428571428661,0.09047619047622038
XAUUSD,NY,2020-02-19,Wednesday,3,1609.56,1601.64,7.919999999999845,short,2020-02-19 15:35:00,1612.95,2020-02-19 19:00:00,2020-02-19 19:05:00,1609.3,1612.95,1601.9999999999998,3.650000000000091,False,extreme,2020-02-19 23:55:00,1609.57,end_of_day,59,-0.0739726027397192,2,0.005479452054794384,-0.07945205479451359,0.8739726027397192,0.7589041095890172
XAUUSD,NY,2020-02-20,Thursday,1,1610.67,1603.92,6.75,short,2020-02-20 04:20:00,1610.92,2020-02-20 04:25:00,2020-02-20 04:30:00,1610.57,1610.92,1609.8699999999997,0.3500000000001364,False,extreme,2020-02-20 04:30:00,1609.8699999999997,target,1,2.0,2,0.057142857142834874,1.942857142857165,2.5714285714271794,0.20000000000038978
XAUUSD,NY,2020-02-20,Thursday,2,1610.67,1603.92,6.75,short,2020-02-20 05:20:00,1611.08,2020-02-20 05:25:00,2020-02-20 05:30:00,1610.35,1611.08,1608.8899999999999,0.7300000000000182,False,extreme,2020-02-20 06:00:00,1611.08,stop,7,-1.0,2,0.02739726027397192,-1.0273972602739718,0.8356164383560065,2.027397260273947
XAUUSD,NY,2020-02-24,Monday,1,1686.28,1660.68,25.59999999999991,short,2020-02-24 04:25:00,1689.35,2020-02-24 04:40:00,2020-02-24 04:45:00,1686.24,1689.35,1680.0200000000002,3.1099999999999,False,extreme,2020-02-24 05:15:00,1680.0200000000002,target,7,2.0,2,0.00643086816720278,1.9935691318327973,2.1254019292604864,0.08038585209003474
XAUUSD,NY,2020-02-24,Monday,2,1686.28,1660.68,25.59999999999991,short,2020-02-24 05:55:00,1687.81,2020-02-24 06:10:00,2020-02-24 06:15:00,1685.98,1687.81,1682.3200000000002,1.8299999999999272,False,extreme,2020-02-24 06:35:00,1682.3200000000002,target,5,2.0,0,0.0,2.0,2.3169398907104797,0.3989071038251624
XAUUSD,NY,2020-02-24,Monday,3,1686.28,1660.68,25.59999999999991,long,2020-02-24 14:25:00,1650.9,2020-02-24 16:05:00,2020-02-24 16:10:00,1662.21,1650.9,1684.83,11.309999999999945,False,extreme,2020-02-24 19:05:00,1650.9,stop,24,-1.0,2,0.0017683465959328114,-1.0017683465959328,0.14942528735632737,1.4376657824933747
XAUUSD,NY,2020-02-25,Tuesday,1,1655.91,1633.1,22.810000000000173,short,2020-02-25 10:20:00,1657.13,2020-02-25 10:25:00,2020-02-25 10:30:00,1655.65,1657.13,1652.69,1.4800000000000182,False,extreme,2020-02-25 10:40:00,1652.69,target,3,2.0,2,0.013513513513513348,1.9864864864864866,2.2972972972973307,0.8783783783783369
XAUUSD,NY,2020-02-25,Tuesday,2,1655.91,1633.1,22.810000000000173,short,2020-02-25 10:50:00,1658.48,2020-02-25 10:55:00,2020-02-25 11:00:00,1654.75,1658.48,1647.29,3.730000000000018,False,extreme,2020-02-25 11:30:00,1647.29,target,7,2.0,2,0.00536193029490614,1.9946380697050938,2.144772117962456,0.63806970509386
XAUUSD,NY,2020-02-25,Tuesday,3,1655.91,1633.1,22.810000000000173,long,2020-02-25 15:55:00,1625.17,2020-02-25 16:00:00,2020-02-25 16:05:00,1635.67,1625.17,1656.67,10.5,False,extreme,2020-02-25 23:55:00,1641.54,end_of_day,83,0.5590476190476087,2,0.0019047619047619048,0.5571428571428468,1.010476190476181,0.4104761904762069
XAUUSD,NY,2020-02-26,Wednesday,1,1653.88,1641.44,12.440000000000055,short,2020-02-26 04:05:00,1655.02,2020-02-26 04:10:00,2020-02-26 04:15:00,1652.98,1655.02,1648.9,2.0399999999999636,False,extreme,2020-02-26 05:00:00,1648.9,target,10,2.0,2,0.009803921568627626,1.9901960784313724,2.0588235294118236,0.43627450980386695
XAUUSD,NY,2020-02-26,Wednesday,2,1653.88,1641.44,12.440000000000055,long,2020-02-26 08:15:00,1639.46,2020-02-26 08:20:00,2020-02-26 08:25:00,1641.98,1639.46,1647.02,2.519999999999982,False,extreme,2020-02-26 08:35:00,1639.46,stop,3,-1.0,2,0.007936507936507993,-1.007936507936508,0.15873015873019597,2.210317460317451
XAUUSD,NY,2020-02-26,Wednesday,3,1653.88,1641.44,12.440000000000055,long,2020-02-26 08:30:00,1624.89,2020-02-26 12:00:00,2020-02-26 12:05:00,1642.45,1624.89,1677.57,17.559999999999945,False,extreme,2020-02-26 23:55:00,1652.37,end_of_day,131,0.5649202733485124,2,0.0011389521640091152,0.5637813211845032,0.5694760820045576,0.35990888382687675
XAUUSD,NY,2020-02-27,Thursday,1,1652.67,1641.37,11.300000000000182,short,2020-02-27 07:55:00,1654.0,2020-02-27 08:00:00,2020-02-27 08:05:00,1651.19,1654.0,1645.5700000000002,2.8099999999999454,False,extreme,2020-02-27 08:10:00,1654.0,stop,2,-1.0,2,0.007117437722420067,-1.0071174377224201,0.01067615658362039,1.0747330960854236
XAUUSD,NY,2020-02-27,Thursday,2,1652.67,1641.37,11.300000000000182,short,2020-02-27 08:05:00,1654.25,2020-02-27 08:20:00,2020-02-27 08:25:00,1652.31,1654.25,1648.4299999999998,1.9400000000000546,False,extreme,2020-02-27 08:45:00,1648.4299999999998,target,5,2.0,2,0.010309278350515174,1.9896907216494848,2.3556701030926845,0.041237113402140396
XAUUSD,NY,2020-02-27,Thursday,3,1652.67,1641.37,11.300000000000182,short,2020-02-27 09:00:00,1653.25,2020-02-27 09:05:00,2020-02-27 09:10:00,1650.62,1653.25,1645.3599999999997,2.630000000000109,False,extreme,2020-02-27 09:25:00,1653.25,stop,4,-1.0,2,0.00760456273764227,-1.0076045627376422,0.07604562737635354,1.0608365019011692
XAUUSD,NY,2020-02-27,Thursday,4,1652.67,1641.37,11.300000000000182,short,2020-02-27 09:20:00,1655.02,2020-02-27 09:30:00,2020-02-27 09:35:00,1652.1,1655.02,1646.2599999999998,2.9200000000000728,False,extreme,2020-02-27 09:45:00,1655.02,stop,3,-1.0,2,0.00684931506849298,-1.006849315068493,0.647260273972543,1.9452054794520282
XAUUSD,NY,2020-02-27,Thursday,5,1652.67,1641.37,11.300000000000182,short,2020-02-27 09:40:00,1660.37,2020-02-27 10:55:00,2020-02-27 11:00:00,1652.05,1660.37,1635.41,8.319999999999936,False,extreme,2020-02-27 16:00:00,1635.41,target,61,2.0,2,0.002403846153846172,1.9975961538461537,2.0168269230769353,0.35937500000000383
XAUUSD,NY,2020-02-27,Thursday,6,1652.67,1641.37,11.300000000000182,long,2020-02-27 15:05:00,1635.27,2020-02-27 16:45:00,2020-02-27 16:50:00,1642.07,1635.27,1655.6699999999998,6.7999999999999545,False,extreme,2020-02-27 23:10:00,1635.27,stop,65,-1.0,6,0.008823529411764765,-1.0088235294117647,1.0926470588235462,1.061764705882364
XAUUSD,NY,2020-02-28,Friday,1,1642.36,1621.23,21.12999999999988,long,2020-02-28 07:25:00,1618.03,2020-02-28 07:30:00,2020-02-28 07:35:00,1623.22,1618.03,1633.6000000000001,5.190000000000055,False,extreme,2020-02-28 09:35:00,1618.03,stop,25,-1.0,2,0.0038535645472061253,-1.0038535645472062,1.1637764932562429,1.4489402697494995
XAUUSD,NY,2020-03-02,Monday,1,1606.85,1596.05,10.799999999999955,short,2020-03-02 04:15:00,1608.62,2020-03-02 04:20:00,2020-03-02 04:25:00,1606.7,1608.62,1602.8600000000004,1.9199999999998454,False,extreme,2020-03-02 04:30:00,1608.62,stop,2,-1.0,2,0.010416666666667506,-1.0104166666666674,0.5625000000001258,1.3750000000000444
XAUUSD,NY,2020-03-02,Monday,2,1606.85,1596.05,10.799999999999955,short,2020-03-02 04:30:00,1611.04,2020-03-02 06:35:00,2020-03-02 06:40:00,1604.45,1611.04,1591.2700000000002,6.589999999999918,False,extreme,2020-03-02 10:40:00,1591.2700000000002,target,49,2.0,2,0.0030349013657056524,1.9969650986342944,2.034901365705652,0.4643399089529565
XAUUSD,NY,2020-03-02,Monday,3,1606.85,1596.05,10.799999999999955,long,2020-03-02 10:30:00,1591.04,2020-03-02 11:05:00,2020-03-02 11:10:00,1596.04,1591.04,1606.04,5.0,False,extreme,2020-03-02 13:40:00,1591.04,stop,31,-1.0,2,0.004,-1.004,1.0900000000000092,1.1279999999999746
XAUUSD,NY,2020-03-02,Monday,4,1606.85,1596.05,10.799999999999955,long,2020-03-02 13:05:00,1590.4,2020-03-02 14:20:00,2020-03-02 14:25:00,1597.34,1590.4,1611.2199999999996,6.939999999999827,False,extreme,2020-03-02 15:45:00,1590.4,stop,17,-1.0,8,0.01152737752161412,-1.011527377521614,0.010086455331435944,1.2319884726225026
XAUUSD,NY,2020-03-02,Monday,5,1606.85,1596.05,10.799999999999955,long,2020-03-02 15:10:00,1583.99,2020-03-02 20:00:00,2020-03-02 20:05:00,1596.74,1583.99,1622.24,12.75,False,extreme,2020-03-02 23:55:00,1600.23,end_of_day,47,0.27372549019607917,2,0.001568627450980392,0.27215686274509876,0.3505882352941198,0.11764705882352941
XAUUSD,NY,2020-03-04,Wednesday,1,1645.53,1631.89,13.639999999999873,short,2020-03-04 07:15:00,1649.38,2020-03-04 08:15:00,2020-03-04 08:20:00,1642.66,1649.38,1629.22,6.720000000000027,False,extreme,2020-03-04 23:55:00,1639.72,end_of_day,176,0.43750000000000633,2,0.0029761904761904643,0.43452380952381586,1.291666666666671,0.581845238095214
XAUUSD,NY,2020-03-06,Friday,1,1681.05,1667.86,13.190000000000055,short,2020-03-06 04:35:00,1689.97,2020-03-06 08:25:00,2020-03-06 08:30:00,1678.17,1689.97,1654.5700000000002,11.799999999999955,False,extreme,2020-03-06 10:25:00,1654.5700000000002,target,24,2.0,4,0.0033898305084745896,1.9966101694915255,3.030508474576282,0.7686440677966078
XAUUSD,NY,2020-03-06,Friday,2,1681.05,1667.86,13.190000000000055,long,2020-03-06 11:35:00,1658.24,2020-03-06 12:10:00,2020-03-06 12:15:00,1668.48,1658.24,1688.96,10.240000000000009,False,extreme,2020-03-06 15:00:00,1688.96,target,34,2.0,2,0.0019531249999999983,1.998046875,2.0917968750000053,0.7890624999999922
XAUUSD,NY,2020-03-06,Friday,3,1681.05,1667.86,13.190000000000055,short,2020-03-06 14:30:00,1692.16,2020-03-06 15:15:00,2020-03-06 15:20:00,1675.88,1692.16,1643.3200000000002,16.279999999999973,False,extreme,2020-03-06 16:55:00,1674.25,friday_close,20,0.10012285012285699,2,0.0012285012285012306,0.09889434889435576,0.6179361179361296,0.2721130221130125
XAUUSD,NY,2020-03-10,Tuesday,1,1668.19,1649.46,18.730000000000018,long,2020-03-10 15:10:00,1646.21,2020-03-10 15:15:00,2020-03-10 15:20:00,1650.02,1646.21,1657.6399999999999,3.8099999999999454,False,extreme,2020-03-10 15:55:00,1646.21,stop,8,-1.0,2,0.005249343832021073,-1.0052493438320211,0.6902887139107997,2.165354330708692
XAUUSD,NY,2020-03-10,Tuesday,2,1668.19,1649.46,18.730000000000018,long,2020-03-10 15:45:00,1641.77,2020-03-10 16:25:00,2020-03-10 16:30:00,1649.78,1641.77,1665.8,8.009999999999991,False,extreme,2020-03-10 23:55:00,1658.98,end_of_day,78,1.1485642946317174,3,0.003745318352059929,1.1448189762796575,1.2933832709113782,0.2272159800249611
XAUUSD,NY,2020-03-11,Wednesday,1,1666.65,1658.16,8.490000000000009,long,2020-03-11 04:55:00,1656.44,2020-03-11 05:00:00,2020-03-11 05:05:00,1659.05,1656.44,1664.2699999999998,2.6099999999999,False,extreme,2020-03-11 06:55:00,1664.2699999999998,target,23,2.0,2,0.007662835249042439,1.9923371647509576,2.3065134099617675,0.9885057471264468
XAUUSD,NY,2020-03-11,Wednesday,2,1666.65,1658.16,8.490000000000009,short,2020-03-11 07:10:00,1668.32,2020-03-11 07:20:00,2020-03-11 07:25:00,1666.57,1668.32,1663.07,1.75,False,extreme,2020-03-11 07:45:00,1668.32,stop,5,-1.0,2,0.011428571428571429,-1.0114285714285713,0.7314285714285559,1.1371428571428623
XAUUSD,NY,2020-03-11,Wednesday,3,1666.65,1658.16,8.490000000000009,short,2020-03-11 07:35:00,1668.56,2020-03-11 07:55:00,2020-03-11 08:00:00,1666.02,1668.56,1660.94,2.5399999999999636,False,extreme,2020-03-11 08:15:00,1668.56,stop,4,-1.0,2,0.007874015748031609,-1.0078740157480317,0.0,2.059055118110273
XAUUSD,NY,2020-03-11,Wednesday,4,1666.65,1658.16,8.490000000000009,short,2020-03-11 08:05:00,1671.25,2020-03-11 08:30:00,2020-03-11 08:35:00,1665.69,1671.25,1654.5700000000002,5.559999999999945,False,extreme,2020-03-11 10:35:00,1654.5700000000002,target,25,2.0,3,0.005395683453237463,1.9946043165467626,2.0899280575539985,0.25899280575540806
XAUUSD,NY,2020-03-12,Thursday,1,1642.77,1631.39,11.379999999999882,short,2020-03-12 04:10:00,1645.52,2020-03-12 04:35:00,2020-03-12 04:40:00,1642.69,1645.52,1637.0300000000002,2.8299999999999272,False,extreme,2020-03-12 05:40:00,1637.0300000000002,target,13,2.0,3,0.01060070671378119,1.9893992932862188,2.6360424028269356,0.8374558303886755
XAUUSD,NY,2020-03-13,Friday,1,1594.28,1557.91,36.36999999999989,short,2020-03-13 08:55:00,1597.96,2020-03-13 09:00:00,2020-03-13 09:05:00,1591.87,1597.96,1579.6899999999996,6.0900000000001455,False,extreme,2020-03-13 09:40:00,1579.6899999999996,target,8,2.0,2,0.0032840722495894124,1.9967159277504105,2.3284072249588665,0.658456486042713
XAUUSD,NY,2020-03-17,Tuesday,1,1504.97,1482.54,22.430000000000064,long,2020-03-17 05:05:00,1482.21,2020-03-17 05:10:00,2020-03-17 05:15:00,1483.93,1482.21,1487.3700000000001,1.7200000000000273,False,extreme,2020-03-17 05:30:00,1482.21,stop,4,-1.0,2,0.011627906976744002,-1.011627906976744,0.5465116279068676,7.569767441860335
XAUUSD,NY,2020-03-17,Tuesday,2,1504.97,1482.54,22.430000000000064,long,2020-03-17 05:30:00,1465.49,2020-03-17 08:25:00,2020-03-17 08:30:00,1483.59,1465.49,1519.7899999999997,18.09999999999991,False,extreme,2020-03-17 10:45:00,1519.7899999999997,target,28,2.0,4,0.0022099447513812265,1.9977900552486187,2.7640883977900677,0.19447513812154693
XAUUSD,NY,2020-03-18,Wednesday,1,1532.93,1494.75,38.180000000000064,long,2020-03-18 04:45:00,1488.34,2020-03-18 05:00:00,2020-03-18 05:05:00,1497.49,1488.34,1515.7900000000002,9.150000000000091,False,extreme,2020-03-18 05:45:00,1488.34,stop,9,-1.0,4,0.0043715846994535085,-1.0043715846994534,0.2721311475409819,1.1125683060109248
XAUUSD,NY,2020-03-18,Wednesday,2,1532.93,1494.75,38.180000000000064,long,2020-03-18 05:25:00,1487.31,2020-03-18 06:00:00,2020-03-18 06:05:00,1499.82,1487.31,1524.84,12.509999999999991,False,extreme,2020-03-18 11:05:00,1487.31,stop,61,-1.0,3,0.002398081534772184,-1.0023980815347722,1.8257394084732343,1.1454836131095074
XAUUSD,NY,2020-03-18,Wednesday,3,1532.93,1494.75,38.180000000000064,long,2020-03-18 11:05:00,1485.49,2020-03-18 11:30:00,2020-03-18 11:35:00,1494.51,1485.49,1512.55,9.019999999999982,False,extreme,2020-03-18 12:15:00,1485.49,stop,9,-1.0,2,0.002217294900221734,-1.0022172949002217,0.3070953436807081,1.1640798226164104
XAUUSD,NY,2020-03-18,Wednesday,4,1532.93,1494.75,38.180000000000064,long,2020-03-18 11:35:00,1472.88,2020-03-18 14:40:00,2020-03-18 14:45:00,1498.15,1472.88,1548.69,25.269999999999982,False,extreme,2020-03-18 22:55:00,1472.88,stop,87,-1.0,2,0.0007914523149980219,-1.000791452314998,0.19351009101701133,1.0866640284922855
XAUUSD,NY,2020-03-19,Thursday,1,1496.01,1464.18,31.829999999999927,long,2020-03-19 18:05:00,1454.94,2020-03-19 18:15:00,2020-03-19 18:20:00,1469.44,1454.94,1498.44,14.5,False,extreme,2020-03-19 23:55:00,1483.77,end_of_day,68,0.9882758620689605,36,0.02482758620689655,0.9634482758620639,1.1924137931034458,0.5427586206896633
XAUUSD,NY,2020-03-20,Friday,1,1510.94,1480.47,30.470000000000027,short,2020-03-20 04:00:00,1515.97,2020-03-20 04:25:00,2020-03-20 04:30:00,1508.57,1515.97,1493.7699999999998,7.400000000000091,False,extreme,2020-03-20 08:45:00,1493.7699999999998,target,52,2.0,2,0.0027027027027026695,1.9972972972972973,2.491891891891838,0.7554054054054158
XAUUSD,NY,2020-03-27,Friday,1,1628.21,1614.47,13.740000000000009,short,2020-03-27 12:40:00,1629.66,2020-03-27 12:50:00,2020-03-27 12:55:00,1624.47,1629.66,1614.09,5.190000000000055,False,extreme,2020-03-27 13:00:00,1629.66,stop,2,-1.0,10,0.019267822736030626,-1.0192678227360306,0.0,1.0346820809248236
XAUUSD,NY,2020-03-27,Friday,2,1628.21,1614.47,13.740000000000009,short,2020-03-27 13:00:00,1629.84,2020-03-27 13:05:00,2020-03-27 13:10:00,1626.97,1629.84,1621.2300000000002,2.869999999999891,False,extreme,2020-03-27 14:15:00,1621.2300000000002,target,14,2.0,8,0.027874564459931375,1.9721254355400686,2.2055749128920445,0.9128919860627145
XAUUSD,NY,2020-03-27,Friday,3,1628.21,1614.47,13.740000000000009,short,2020-03-27 15:00:00,1631.22,2020-03-27 15:15:00,2020-03-27 15:20:00,1624.51,1631.22,1611.09,6.710000000000036,False,extreme,2020-03-27 16:55:00,1621.61,friday_close,20,0.4321907600596237,49,0.07302533532041688,0.3591654247392068,1.0327868852459055,0.13561847988078643
XAUUSD,NY,2020-03-30,Monday,1,1620.96,1610.4,10.559999999999945,short,2020-03-30 04:40:00,1624.17,2020-03-30 05:05:00,2020-03-30 05:10:00,1620.62,1624.17,1613.5199999999995,3.550000000000182,False,extreme,2020-03-30 06:35:00,1624.17,stop,18,-1.0,97,0.2732394366197043,-1.2732394366197042,0.6732394366196479,1.340845070422528
XAUUSD,NY,2020-03-30,Monday,2,1620.96,1610.4,10.559999999999945,short,2020-03-30 05:35:00,1627.25,2020-03-30 07:45:00,2020-03-30 07:50:00,1620.67,1627.25,1607.5100000000002,6.579999999999927,False,extreme,2020-03-30 23:55:00,1614.58,end_of_day,182,0.9255319148936494,115,0.1747720364741661,0.7507598784194833,1.5395136778115837,0.5015197568389044
XAUUSD,NY,2020-04-01,Wednesday,1,1600.39,1583.64,16.75,long,2020-04-01 08:00:00,1580.59,2020-04-01 08:10:00,2020-04-01 08:15:00,1585.75,1580.59,1596.0700000000002,5.160000000000082,False,extreme,2020-04-01 08:15:00,1580.59,stop,1,-1.0,9,0.017441860465116,-1.017441860465116,0.021317829457344614,1.2461240310077446
XAUUSD,NY,2020-04-01,Wednesday,2,1600.39,1583.64,16.75,long,2020-04-01 08:15:00,1579.32,2020-04-01 08:20:00,2020-04-01 08:25:00,1584.31,1579.32,1594.29,4.990000000000009,False,extreme,2020-04-01 09:20:00,1579.32,stop,12,-1.0,68,0.1362725450901801,-1.13627254509018,0.4188376753507298,1.8577154308617163
XAUUSD,NY,2020-04-01,Wednesday,3,1600.39,1583.64,16.75,long,2020-04-01 09:15:00,1571.52,2020-04-01 10:15:00,2020-04-01 10:20:00,1585.25,1571.52,1612.71,13.730000000000018,False,extreme,2020-04-01 23:55:00,1585.28,end_of_day,152,0.0021849963583374125,2,0.0014566642388929333,0.0007283321194444792,0.7538237436270864,0.5396941005098377
XAUUSD,NY,2020-04-03,Friday,1,1616.55,1607.01,9.539999999999964,short,2020-04-03 04:15:00,1617.52,2020-04-03 04:20:00,2020-04-03 04:25:00,1613.84,1617.52,1606.4799999999998,3.6800000000000637,False,extreme,2020-04-03 07:50:00,1617.52,stop,42,-1.0,2,0.005434782608695558,-1.0054347826086956,1.6032608695651527,1.7146739130434956
XAUUSD,NY,2020-04-03,Friday,2,1616.55,1607.01,9.539999999999964,short,2020-04-03 07:50:00,1620.88,2020-04-03 08:05:00,2020-04-03 08:10:00,1614.95,1620.88,1603.09,5.930000000000064,False,extreme,2020-04-03 10:55:00,1620.88,stop,34,-1.0,71,0.1197301854974692,-1.1197301854974693,1.5311973018549843,1.0640809443507382
XAUUSD,NY,2020-04-03,Friday,3,1616.55,1607.01,9.539999999999964,short,2020-04-03 10:40:00,1621.26,2020-04-03 11:00:00,2020-04-03 11:05:00,1614.76,1621.26,1601.76,6.5,False,extreme,2020-04-03 14:45:00,1621.26,stop,45,-1.0,21,0.03230769230769231,-1.0323076923076924,0.6261538461538364,1.0
XAUUSD,NY,2020-04-03,Friday,4,1616.55,1607.01,9.539999999999964,short,2020-04-03 12:40:00,1625.3,2020-04-03 16:45:00,2020-04-03 16:50:00,1615.12,1625.3,1594.7599999999998,10.180000000000064,False,extreme,2020-04-03 16:55:00,1615.72,friday_close,2,-0.0589390962672036,193,0.18958742632612846,-0.24852652259333208,0.013752455795665206,0.13555992141454817
XAUUSD,NY,2020-04-07,Tuesday,1,1668.77,1644.2,24.569999999999936,long,2020-04-07 14:40:00,1642.9,2020-04-07 14:45:00,2020-04-07 14:50:00,1648.45,1642.9,1659.55,5.5499999999999545,False,extreme,2020-04-07 20:30:00,1642.9,stop,57,-1.0,2,0.003603603603603633,-1.0036036036036036,1.713513513513526,1.4414414414414531
XAUUSD,NY,2020-04-07,Tuesday,2,1668.77,1644.2,24.569999999999936,long,2020-04-07 20:30:00,1640.45,2020-04-07 20:35:00,2020-04-07 20:40:00,1645.7,1640.45,1656.2,5.25,False,extreme,2020-04-07 23:55:00,1648.68,end_of_day,40,0.5676190476190511,3,0.005714285714285714,0.5619047619047655,0.906666666666665,0.596190476190497
XAUUSD,NY,2020-04-08,Wednesday,1,1654.97,1643.4,11.569999999999936,short,2020-04-08 09:45:00,1656.48,2020-04-08 09:50:00,2020-04-08 09:55:00,1654.33,1656.48,1650.0299999999997,2.150000000000091,False,extreme,2020-04-08 10:00:00,1650.0299999999997,target,2,2.0,3,0.013953488372092433,1.9860465116279076,3.3999999999998307,0.7209302325581937
XAUUSD,NY,2020-04-09,Thursday,1,1660.19,1647.18,13.009999999999991,short,2020-04-09 05:00:00,1662.85,2020-04-09 05:05:00,2020-04-09 05:10:00,1659.02,1662.85,1651.3600000000001,3.8299999999999272,False,extreme,2020-04-09 05:45:00,1662.85,stop,8,-1.0,3,0.007832898172323908,-1.007832898172324,0.44386422976503337,1.0417754569190822
XAUUSD,NY,2020-04-09,Thursday,2,1660.19,1647.18,13.009999999999991,short,2020-04-09 05:30:00,1664.16,2020-04-09 07:20:00,2020-04-09 07:25:00,1659.36,1664.16,1649.7599999999995,4.800000000000182,False,extreme,2020-04-09 07:45:00,1664.16,stop,5,-1.0,2,0.004166666666666509,-1.0041666666666664,0.8833333333333018,1.2624999999999882
XAUUSD,NY,2020-04-13,Monday,1,1692.92,1681.84,11.080000000000155,short,2020-04-13 08:00:00,1695.53,2020-04-13 08:10:00,2020-04-13 08:15:00,1692.72,1695.53,1687.1000000000001,2.8099999999999454,False,extreme,2020-04-13 08:40:00,1687.1000000000001,target,6,2.0,37,0.13167259786477123,1.8683274021352287,2.181494661921789,0.1708185053380881
XAUUSD,NY,2020-04-13,Monday,2,1692.92,1681.84,11.080000000000155,short,2020-04-13 10:10:00,1695.28,2020-04-13 10:15:00,2020-04-13 10:20:00,1692.71,1695.28,1687.5700000000002,2.5699999999999363,False,extreme,2020-04-13 10:20:00,1695.28,stop,1,-1.0,10,0.03891050583657684,-1.0389105058365768,0.03112840466923316,1.3190661478599053
XAUUSD,NY,2020-04-14,Tuesday,1,1725.24,1708.69,16.549999999999955,short,2020-04-14 04:00:00,1727.18,2020-04-14 04:15:00,2020-04-14 04:20:00,1724.22,1727.18,1718.3,2.9600000000000364,False,extreme,2020-04-14 04:40:00,1718.3,target,5,2.0,15,0.050675675675675054,1.949324324324325,2.2702702702702515,0.013513513513501057
XAUUSD,NY,2020-04-14,Tuesday,2,1725.24,1708.69,16.549999999999955,short,2020-04-14 08:20:00,1747.81,2020-04-14 15:05:00,2020-04-14 15:10:00,1724.53,1747.81,1677.97,23.279999999999973,False,extreme,2020-04-14 23:55:00,1720.68,end_of_day,94,0.1653780068728485,2,0.0008591065292096231,0.1645189003436389,0.2701890034364249,0.2951030927835106
XAUUSD,NY,2020-04-16,Thursday,1,1725.93,1713.36,12.570000000000164,short,2020-04-16 06:35:00,1738.76,2020-04-16 08:50:00,2020-04-16 08:55:00,1725.0,1738.76,1697.48,13.759999999999991,False,extreme,2020-04-16 23:55:00,1705.18,end_of_day,169,1.4404069767441823,2,0.0014534883720930243,1.4389534883720894,1.6969476744185992,0.6853197674418655
XAUUSD,NY,2020-04-17,Friday,1,1708.96,1684.95,24.00999999999999,long,2020-04-17 06:40:00,1684.04,2020-04-17 06:45:00,2020-04-17 06:50:00,1685.66,1684.04,1688.9000000000003,1.6200000000001182,False,extreme,2020-04-17 07:00:00,1688.9000000000003,target,3,2.0,2,0.012345679012344778,1.9876543209876552,2.2962962962961457,0.47530864197526274
XAUUSD,NY,2020-04-17,Friday,2,1708.96,1684.95,24.00999999999999,long,2020-04-17 07:25:00,1683.35,2020-04-17 07:35:00,2020-04-17 07:40:00,1686.59,1683.35,1693.07,3.240000000000009,False,extreme,2020-04-17 08:05:00,1693.07,target,6,2.0,2,0.006172839506172823,1.9938271604938271,2.802469135802509,0.35185185185181156
XAUUSD,NY,2020-04-17,Friday,3,1708.96,1684.95,24.00999999999999,long,2020-04-17 10:40:00,1683.71,2020-04-17 10:45:00,2020-04-17 10:50:00,1686.18,1683.71,1691.1200000000001,2.4700000000000273,False,extreme,2020-04-17 11:10:00,1691.1200000000001,target,5,2.0,8,0.032388663967610976,1.967611336032389,3.048582995951372,0.024291497975778197
XAUUSD,NY,2020-04-17,Friday,4,1708.96,1684.95,24.00999999999999,long,2020-04-17 13:00:00,1682.44,2020-04-17 13:05:00,2020-04-17 13:10:00,1685.87,1682.44,1692.7299999999996,3.4299999999998363,False,extreme,2020-04-17 14:10:00,1682.44,stop,13,-1.0,2,0.005830903790087742,-1.0058309037900877,0.6647230320700609,1.6705539358600772
XAUUSD,NY,2020-04-17,Friday,5,1708.96,1684.95,24.00999999999999,long,2020-04-17 14:05:00,1680.14,2020-04-17 14:20:00,2020-04-17 14:25:00,1685.13,1680.14,1695.1100000000001,4.990000000000009,False,extreme,2020-04-17 15:20:00,1680.14,stop,12,-1.0,24,0.04809619238476945,-1.0480961923847694,0.15831663326652548,1.1302605210421022
XAUUSD,NY,2020-04-20,Monday,1,1685.04,1672.4,12.639999999999873,short,2020-04-20 07:40:00,1689.74,2020-04-20 08:05:00,2020-04-20 08:10:00,1684.78,1689.74,1674.86,4.960000000000036,False,extreme,2020-04-20 09:30:00,1689.74,stop,17,-1.0,14,0.028225806451612698,-1.0282258064516128,0.8931451612903288,1.1653225806451473
XAUUSD,NY,2020-04-20,Monday,2,1685.04,1672.4,12.639999999999873,short,2020-04-20 09:25:00,1692.53,2020-04-20 10:05:00,2020-04-20 10:10:00,1683.88,1692.53,1666.5800000000004,8.649999999999864,False,extreme,2020-04-20 11:00:00,1692.53,stop,11,-1.0,2,0.002312138728323736,-1.0023121387283238,0.16994219653179773,1.2647398843930635
XAUUSD,NY,2020-04-21,Tuesday,1,1697.82,1685.82,12.0,long,2020-04-21 05:20:00,1659.45,2020-04-21 10:20:00,2020-04-21 10:25:00,1686.36,1676.58,1705.9199999999998,9.779999999999973,True,swing,2020-04-21 11:25:00,1676.58,stop,13,-1.0,2,0.0020449897750511306,-1.0020449897750512,0.11042944785277685,1.098159509202458
XAUUSD,NY,2020-04-21,Tuesday,2,1697.82,1685.82,12.0,long,2020-04-21 10:25:00,1671.46,2020-04-21 15:30:00,2020-04-21 15:35:00,1687.57,1671.46,1719.7899999999997,16.1099999999999,False,extreme,2020-04-21 23:55:00,1682.85,end_of_day,89,-0.29298572315332444,2,0.0012414649286157744,-0.2942271880819402,0.2662942271880813,0.49534450651769507
XAUUSD,NY,2020-04-22,Wednesday,1,1699.58,1680.28,19.299999999999955,short,2020-04-22 05:10:00,1707.24,2020-04-22 07:35:00,2020-04-22 07:40:00,1698.08,1707.24,1679.7599999999998,9.160000000000082,False,extreme,2020-04-22 08:55:00,1707.24,stop,16,-1.0,2,0.0021834061135370983,-1.002183406113537,0.5131004366811983,1.4683406113537036
XAUUSD,NY,2020-04-24,Friday,1,1731.18,1720.74,10.440000000000055,short,2020-04-24 06:40:00,1736.29,2020-04-24 07:55:00,2020-04-24 08:00:00,1730.64,1736.29,1719.3400000000004,5.649999999999864,False,extreme,2020-04-24 10:00:00,1719.3400000000004,target,25,2.0,3,0.005309734513274465,1.9946902654867256,2.676106194690351,0.9964601769911535
XAUUSD,NY,2020-04-24,Friday,2,1731.18,1720.74,10.440000000000055,long,2020-04-24 10:00:00,1715.52,2020-04-24 10:15:00,2020-04-24 10:20:00,1722.03,1715.52,1735.05,6.509999999999991,False,extreme,2020-04-24 11:15:00,1715.52,stop,12,-1.0,2,0.0030721966205837217,-1.0030721966205838,0.6344086021505553,1.413210445468519
XAUUSD,NY,2020-04-24,Friday,3,1731.18,1720.74,10.440000000000055,long,2020-04-24 11:10:00,1710.35,2020-04-24 13:20:00,2020-04-24 13:25:00,1720.85,1710.35,1741.85,10.5,False,extreme,2020-04-24 16:55:00,1726.58,friday_close,43,0.5457142857142875,2,0.0019047619047619048,0.5438095238095256,0.7228571428571567,0.14476190476190304
XAUUSD,NY,2020-04-27,Monday,1,1723.6,1713.1,10.5,long,2020-04-27 10:05:00,1706.07,2020-04-27 10:35:00,2020-04-27 10:40:00,1714.5,1706.07,1731.3600000000001,8.430000000000064,False,extreme,2020-04-27 20:20:00,1706.07,stop,105,-1.0,2,0.002372479240806625,-1.0023724792408066,0.41281138790035493,1.0415183867141051
XAUUSD,NY,2020-04-28,Tuesday,1,1704.69,1692.08,12.610000000000127,short,2020-04-28 05:15:00,1714.73,2020-04-28 09:45:00,2020-04-28 09:50:00,1703.98,1714.73,1682.48,10.75,False,extreme,2020-04-28 23:55:00,1710.15,end_of_day,158,-0.5739534883720998,2,0.0018604651162790699,-0.5758139534883788,1.1386046511627916,0.7646511627907002
XAUUSD,NY,2020-04-29,Wednesday,1,1713.13,1704.12,9.010000000000218,long,2020-04-29 04:00:00,1702.11,2020-04-29 04:05:00,2020-04-29 04:10:00,1704.98,1702.11,1710.7200000000003,2.8700000000001182,False,extreme,2020-04-29 07:00:00,1702.11,stop,35,-1.0,6,0.020905923344946873,-1.020905923344947,1.2891986062717398,1.0
XAUUSD,NY,2020-04-29,Wednesday,2,1713.13,1704.12,9.010000000000218,long,2020-04-29 08:45:00,1701.01,2020-04-29 08:50:00,2020-04-29 08:55:00,1705.38,1701.01,1714.1200000000003,4.370000000000118,False,extreme,2020-04-29 09:10:00,1701.01,stop,4,-1.0,8,0.01830663615560591,-1.018306636155606,0.20594965675053528,1.4302059496567119
XAUUSD,NY,2020-04-29,Wednesday,3,1713.13,1704.12,9.010000000000218,long,2020-04-29 09:10:00,1697.85,2020-04-29 09:55:00,2020-04-29 10:00:00,1706.4,1697.85,1723.5000000000005,8.550000000000182,False,extreme,2020-04-29 23:55:00,1712.6,end_of_day,156,0.7251461988303727,2,0.0023391812865496578,0.722807017543823,1.2748538011695476,0.926315789473673
XAUUSD,NY,2020-05-04,Monday,1,1707.18,1696.02,11.160000000000082,short,2020-05-04 06:00:00,1713.49,2020-05-04 06:15:00,2020-05-04 06:20:00,1707.18,1713.49,1694.5600000000002,6.309999999999945,False,extreme,2020-05-04 23:55:00,1698.21,end_of_day,200,1.4215530903328217,35,0.05546751188589589,1.366085578446926,1.71473851030115,0.46751188589541537
XAUUSD,NY,2020-05-05,Tuesday,1,1704.31,1689.92,14.389999999999873,short,2020-05-05 13:40:00,1711.67,2020-05-05 18:30:00,2020-05-05 18:35:00,1703.73,1711.67,1687.85,7.940000000000055,False,extreme,2020-05-05 23:55:00,1702.55,end_of_day,65,0.1486146095717954,5,0.006297229219143534,0.14231738035265187,0.39672544080605404,0.49496221662468975
XAUUSD,NY,2020-05-06,Wednesday,1,1707.93,1700.93,7.0,long,2020-05-06 05:30:00,1699.66,2020-05-06 05:40:00,2020-05-06 05:45:00,1701.79,1699.66,1706.0499999999997,2.1299999999998818,False,extreme,2020-05-06 06:15:00,1699.66,stop,7,-1.0,2,0.009389671361502868,-1.009389671361503,0.4647887323943963,1.0985915492957972
XAUUSD,NY,2020-05-06,Wednesday,2,1707.93,1700.93,7.0,long,2020-05-06 06:15:00,1699.31,2020-05-06 06:25:00,2020-05-06 06:30:00,1701.2,1699.31,1704.9800000000002,1.8900000000001,False,extreme,2020-05-06 08:15:00,1704.9800000000002,target,22,2.0,2,0.010582010582010023,1.98941798941799,2.1216931216930046,0.8465608465608739
XAUUSD,NY,2020-05-07,Thursday,1,1692.79,1684.36,8.430000000000064,short,2020-05-07 05:10:00,1696.03,2020-05-07 05:25:00,2020-05-07 05:30:00,1692.74,1696.03,1686.16,3.2899999999999636,False,extreme,2020-05-07 07:55:00,1696.03,stop,30,-1.0,2,0.006079027355623168,-1.0060790273556233,0.5653495440729241,1.2492401215805304
XAUUSD,NY,2020-05-08,Friday,1,1720.13,1713.52,6.610000000000127,short,2020-05-08 05:05:00,1723.35,2020-05-08 05:30:00,2020-05-08 05:35:00,1719.69,1723.35,1712.3700000000003,3.6599999999998545,False,extreme,2020-05-08 08:30:00,1712.3700000000003,target,36,2.0,2,0.005464480874317158,1.9945355191256828,2.0355191256831535,0.833333333333354
XAUUSD,NY,2020-05-08,Friday,2,1720.13,1713.52,6.610000000000127,long,2020-05-08 08:40:00,1706.15,2020-05-08 09:35:00,2020-05-08 09:40:00,1716.4,1706.15,1736.9,10.25,False,extreme,2020-05-08 14:10:00,1706.15,stop,55,-1.0,3,0.002926829268292683,-1.0029268292682927,0.5014634146341339,1.2360975609756168
XAUUSD,NY,2020-05-11,Monday,1,1709.54,1702.25,7.289999999999964,long,2020-05-11 05:30:00,1700.04,2020-05-11 05:35:00,2020-05-11 05:40:00,1702.28,1700.04,1706.76,2.240000000000009,False,extreme,2020-05-11 06:10:00,1700.04,stop,7,-1.0,2,0.008928571428571392,-1.0089285714285714,0.3749999999999619,2.714285714285671
XAUUSD,NY,2020-05-11,Monday,2,1709.54,1702.25,7.289999999999964,long,2020-05-11 05:40:00,1693.87,2020-05-11 08:00:00,2020-05-11 08:05:00,1703.64,1693.87,1723.1800000000005,9.77000000000021,False,extreme,2020-05-11 11:00:00,1693.87,stop,36,-1.0,2,0.002047082906857684,-1.0020470829068577,0.470829068577258,1.101330603889433
XAUUSD,NY,2020-05-12,Tuesday,1,1705.78,1697.96,7.819999999999936,short,2020-05-12 05:00:00,1706.07,2020-05-12 05:05:00,2020-05-12 05:10:00,1705.18,1706.07,1703.4000000000003,0.8899999999998727,False,extreme,2020-05-12 05:30:00,1703.4000000000003,target,5,2.0,2,0.022471910112362766,1.9775280898876373,2.067415730337538,0.6516853932584384
XAUUSD,NY,2020-05-12,Tuesday,2,1705.78,1697.96,7.819999999999936,short,2020-05-12 09:55:00,1709.63,2020-05-12 10:00:00,2020-05-12 10:05:00,1704.7,1709.63,1694.84,4.930000000000064,False,extreme,2020-05-12 10:55:00,1709.63,stop,11,-1.0,2,0.00405679513184579,-1.0040567951318458,0.5131845841784868,1.070993914807283
XAUUSD,NY,2020-05-12,Tuesday,3,1705.78,1697.96,7.819999999999936,short,2020-05-12 10:20:00,1711.01,2020-05-12 12:05:00,2020-05-12 12:10:00,1705.19,1711.01,1693.5500000000002,5.819999999999936,False,extreme,2020-05-12 23:55:00,1702.64,end_of_day,130,0.4381443298969042,12,0.020618556701031153,0.4175257731958731,1.2010309278350662,0.2508591065292186
XAUUSD,NY,2020-05-13,Wednesday,1,1705.93,1700.56,5.370000000000118,long,2020-05-13 04:05:00,1699.09,2020-05-13 04:20:00,2020-05-13 04:25:00,1701.17,1699.09,1705.3300000000004,2.0800000000001546,False,extreme,2020-05-13 07:00:00,1705.3300000000004,target,32,2.0,2,0.009615384615383901,1.990384615384616,2.134615384615143,0.7211538461537925
XAUUSD,NY,2020-05-13,Wednesday,2,1705.93,1700.56,5.370000000000118,short,2020-05-13 07:05:00,1707.55,2020-05-13 07:10:00,2020-05-13 07:15:00,1705.88,1707.55,1702.5400000000004,1.6699999999998454,False,extreme,2020-05-13 07:30:00,1707.55,stop,4,-1.0,2,0.011976047904192726,-1.0119760479041928,0.13173652694613633,1.2574850299401816
XAUUSD,NY,2020-05-15,Friday,1,1738.66,1730.12,8.540000000000191,short,2020-05-15 08:30:00,1745.13,2020-05-15 10:00:00,2020-05-15 10:05:00,1736.54,1745.13,1719.3599999999997,8.590000000000146,False,extreme,2020-05-15 11:05:00,1745.13,stop,13,-1.0,2,0.0023282887077997277,-1.0023282887077998,0.09545983701978143,1.0768335273573741
XAUUSD,NY,2020-05-19,Tuesday,1,1738.94,1725.74,13.200000000000045,short,2020-05-19 09:25:00,1741.25,2020-05-19 09:55:00,2020-05-19 10:00:00,1738.28,1741.25,1732.34,2.9700000000000273,False,extreme,2020-05-19 10:20:00,1741.25,stop,5,-1.0,2,0.006734006734006672,-1.0067340067340067,1.4747474747474214,1.6868686868686682
XAUUSD,NY,2020-05-19,Tuesday,2,1738.94,1725.74,13.200000000000045,short,2020-05-19 10:15:00,1745.82,2020-05-19 11:05:00,2020-05-19 11:10:00,1737.88,1745.82,1722.0000000000005,7.939999999999827,False,extreme,2020-05-19 14:25:00,1745.82,stop,40,-1.0,3,0.0037783375314862284,-1.0037783375314862,0.028967254408063376,1.0264483627204082
XAUUSD,NY,2020-05-20,Wednesday,1,1753.15,1746.24,6.910000000000082,long,2020-05-20 08:40:00,1742.42,2020-05-20 08:55:00,2020-05-20 09:00:00,1747.32,1742.42,1757.1199999999997,4.899999999999864,False,extreme,2020-05-20 21:05:00,1742.42,stop,134,-1.0,2,0.0040816326530613385,-1.0040816326530613,1.336734693877579,1.0326530612245075
XAUUSD,NY,2020-05-21,Thursday,1,1743.9,1735.1,8.800000000000182,long,2020-05-21 04:25:00,1731.08,2020-05-21 06:45:00,2020-05-21 06:50:00,1735.16,1731.08,1743.3200000000004,4.080000000000155,False,extreme,2020-05-21 10:00:00,1731.08,stop,39,-1.0,2,0.00490196078431354,-1.0049019607843135,1.6127450980391367,2.688725490195983
XAUUSD,NY,2020-05-22,Friday,1,1737.22,1725.63,11.589999999999918,short,2020-05-22 04:05:00,1738.75,2020-05-22 04:10:00,2020-05-22 04:15:00,1736.67,1738.75,1732.5100000000002,2.0799999999999272,False,extreme,2020-05-22 04:30:00,1738.75,stop,4,-1.0,2,0.009615384615384952,-1.009615384615385,0.2740384615385498,1.1057692307692475
XAUUSD,NY,2020-05-22,Friday,2,1737.22,1725.63,11.589999999999918,short,2020-05-22 04:25:00,1740.17,2020-05-22 04:55:00,2020-05-22 05:00:00,1736.68,1740.17,1729.7,3.490000000000009,False,extreme,2020-05-22 08:00:00,1729.7,target,37,2.0,2,0.005730659025787951,1.994269340974212,2.6618911174784925,0.12034383954150266
XAUUSD,NY,2020-05-22,Friday,3,1737.22,1725.63,11.589999999999918,short,2020-05-22 08:20:00,1738.04,2020-05-22 08:25:00,2020-05-22 08:30:00,1736.78,1738.04,1734.26,1.259999999999991,False,extreme,2020-05-22 08:30:00,1738.04,stop,1,-1.0,4,0.03174603174603197,-1.031746031746032,0.0952380952380093,1.3888888888888988
XAUUSD,NY,2020-05-22,Friday,4,1737.22,1725.63,11.589999999999918,short,2020-05-22 08:30:00,1738.53,2020-05-22 08:35:00,2020-05-22 08:40:00,1736.97,1738.53,1733.8500000000001,1.5599999999999454,False,extreme,2020-05-22 08:55:00,1733.8500000000001,target,4,2.0,2,0.01282051282051327,1.9871794871794868,2.217948717948819,0.6666666666666666
XAUUSD,NY,2020-05-22,Friday,5,1737.22,1725.63,11.589999999999918,short,2020-05-22 09:35:00,1737.82,2020-05-22 09:45:00,2020-05-22 09:50:00,1736.12,1737.82,1732.7199999999998,1.7000000000000455,False,extreme,2020-05-22 11:25:00,1732.7199999999998,target,20,2.0,2,0.011764705882352627,1.9882352941176473,2.69999999999988,0.994117647058829
XAUUSD,NY,2020-05-25,Monday,1,1729.2,1723.71,5.490000000000009,short,2020-05-25 04:40:00,1729.63,2020-05-25 04:45:00,2020-05-25 04:50:00,1728.43,1729.63,1726.03,1.2000000000000455,False,extreme,2020-05-25 04:50:00,1729.63,stop,1,-1.0,2,0.016666666666666035,-1.016666666666666,0.25833333333346753,1.6249999999999762
XAUUSD,NY,2020-05-25,Monday,2,1729.2,1723.71,5.490000000000009,short,2020-05-25 05:00:00,1730.06,2020-05-25 05:25:00,2020-05-25 05:30:00,1728.82,1730.06,1726.34,1.240000000000009,False,extreme,2020-05-25 05:40:00,1730.06,stop,3,-1.0,2,0.016129032258064398,-1.0161290322580645,0.1370967741934227,1.1048387096775065
XAUUSD,NY,2020-05-25,Monday,3,1729.2,1723.71,5.490000000000009,short,2020-05-25 05:40:00,1730.84,2020-05-25 06:00:00,2020-05-25 06:05:00,1729.07,1730.84,1725.53,1.7699999999999818,False,extreme,2020-05-25 09:35:00,1725.53,target,43,2.0,2,0.011299435028248704,1.9887005649717513,4.33898305084741,0.6723163841808287
XAUUSD,NY,2020-05-25,Monday,4,1729.2,1723.71,5.490000000000009,long,2020-05-25 09:35:00,1721.39,2020-05-25 09:40:00,2020-05-25 09:45:00,1724.79,1721.39,1731.5899999999997,3.3999999999998636,False,extreme,2020-05-25 10:50:00,1731.5899999999997,target,14,2.0,2,0.005882352941176706,1.9941176470588233,2.4470588235294914,0.1294117647059036
XAUUSD,NY,2020-05-25,Monday,5,1729.2,1723.71,5.490000000000009,short,2020-05-25 10:40:00,1733.11,2020-05-25 11:50:00,2020-05-25 11:55:00,1729.17,1733.11,1721.2900000000004,3.939999999999827,False,extreme,2020-05-25 21:15:00,1733.11,stop,53,-1.0,2,0.005076142131979918,-1.0050761421319798,0.9822335025381441,1.055837563451786
XAUUSD,NY,2020-05-26,Tuesday,1,1735.16,1726.42,8.740000000000009,long,2020-05-26 04:45:00,1720.23,2020-05-26 06:55:00,2020-05-26 07:00:00,1726.57,1720.23,1739.2499999999998,6.339999999999918,False,extreme,2020-05-26 09:50:00,1720.23,stop,35,-1.0,10,0.01577287066246077,-1.0157728706624607,0.41798107255522476,1.3107255520504815
XAUUSD,NY,2020-05-27,Wednesday,1,1710.49,1704.98,5.509999999999991,long,2020-05-27 07:25:00,1693.7,2020-05-27 12:05:00,2020-05-27 12:10:00,1705.2,1700.32,1714.9600000000003,4.880000000000109,True,swing,2020-05-27 14:10:00,1714.9600000000003,target,25,2.0,2,0.004098360655737613,1.9959016393442623,2.071721311475343,0.04918032786885322
XAUUSD,NY,2020-05-27,Wednesday,2,1710.49,1704.98,5.509999999999991,short,2020-05-27 13:20:00,1715.31,2020-05-27 16:50:00,2020-05-27 16:55:00,1709.64,1715.31,1698.3000000000004,5.669999999999845,False,extreme,2020-05-27 23:55:00,1714.43,end_of_day,73,-0.8447971781305281,42,0.0740740740740761,-0.9188712522046042,0.9312169312169919,0.9964726631393329
XAUUSD,NY,2020-05-28,Thursday,1,1721.65,1714.24,7.410000000000082,short,2020-05-28 04:40:00,1721.97,2020-05-28 04:50:00,2020-05-28 04:55:00,1720.21,1721.97,1716.69,1.759999999999991,False,extreme,2020-05-28 05:20:00,1721.97,stop,6,-1.0,2,0.011363636363636423,-1.0113636363636365,0.48295454545462546,1.1874999999999596
XAUUSD,NY,2020-05-28,Thursday,2,1721.65,1714.24,7.410000000000082,short,2020-05-28 05:20:00,1722.52,2020-05-28 05:25:00,2020-05-28 05:30:00,1720.96,1722.52,1717.8400000000001,1.5599999999999454,False,extreme,2020-05-28 05:30:00,1722.52,stop,1,-1.0,3,0.0192307692307699,-1.0192307692307698,0.006410256410250804,1.1923076923076699
XAUUSD,NY,2020-05-28,Thursday,3,1721.65,1714.24,7.410000000000082,short,2020-05-28 05:30:00,1726.18,2020-05-28 07:50:00,2020-05-28 07:55:00,1720.84,1726.18,1710.1599999999996,5.3400000000001455,False,extreme,2020-05-28 09:20:00,1726.18,stop,18,-1.0,2,0.0037453183520598232,-1.0037453183520597,0.2209737827714989,1.0767790262171992
XAUUSD,NY,2020-05-28,Thursday,4,1721.65,1714.24,7.410000000000082,short,2020-05-28 08:40:00,1727.52,2020-05-28 10:00:00,2020-05-28 10:05:00,1720.65,1727.52,1706.9100000000003,6.869999999999891,False,extreme,2020-05-28 23:55:00,1719.96,end_of_day,155,0.10043668122271696,2,0.00291120815138287,0.09752547307133408,1.391557496361037,0.5502183406113584
XAUUSD,NY,2020-05-29,Friday,1,1722.95,1716.88,6.069999999999936,short,2020-05-29 04:15:00,1724.66,2020-05-29 04:35:00,2020-05-29 04:40:00,1722.92,1724.66,1719.44,1.740000000000009,False,extreme,2020-05-29 04:45:00,1724.66,stop,2,-1.0,3,0.017241379310344737,-1.0172413793103448,0.07471264367822325,1.5114942528734874
XAUUSD,NY,2020-06-01,Monday,1,1744.6,1737.26,7.339999999999918,long,2020-06-01 04:50:00,1734.66,2020-06-01 05:10:00,2020-06-01 05:15:00,1737.4,1734.66,1742.88,2.740000000000009,False,extreme,2020-06-01 06:00:00,1734.66,stop,10,-1.0,28,0.10218978102189748,-1.1021897810218975,0.38321167883209895,1.0547445255474783
XAUUSD,NY,2020-06-01,Monday,2,1744.6,1737.26,7.339999999999918,long,2020-06-01 05:25:00,1727.15,2020-06-01 10:55:00,2020-06-01 11:00:00,1737.87,1727.15,1759.3099999999995,10.7199999999998,False,extreme,2020-06-01 23:55:00,1739.35,end_of_day,144,0.1380597014925416,2,0.0018656716417910797,0.13619402985075052,0.5000000000000212,0.2817164179104513
XAUUSD,NY,2020-06-02,Tuesday,1,1740.09,1734.89,5.199999999999818,short,2020-06-02 05:05:00,1740.7,2020-06-02 05:10:00,2020-06-02 05:15:00,1740.09,1740.7,1738.8699999999997,0.6100000000001273,False,extreme,2020-06-02 05:15:00,1740.7,stop,1,-1.0,2,0.0327868852458948,-1.0327868852458948,0.8852459016390999,2.622950819671807
XAUUSD,NY,2020-06-02,Tuesday,2,1740.09,1734.89,5.199999999999818,short,2020-06-02 05:15:00,1742.02,2020-06-02 05:30:00,2020-06-02 05:35:00,1739.15,1742.02,1733.4100000000003,2.869999999999891,False,extreme,2020-06-02 09:00:00,1742.02,stop,42,-1.0,2,0.006968641114982844,-1.0069686411149827,0.7700348432056169,1.2439024390244153
XAUUSD,NY,2020-06-02,Tuesday,3,1740.09,1734.89,5.199999999999818,short,2020-06-02 08:40:00,1745.17,2020-06-02 10:45:00,2020-06-02 10:50:00,1739.41,1745.17,1727.89,5.759999999999991,False,extreme,2020-06-02 11:50:00,1727.89,target,13,2.0,2,0.0034722222222222277,1.9965277777777777,2.078125000000008,0.7499999999999901
XAUUSD,NY,2020-06-03,Wednesday,1,1726.58,1719.73,6.849999999999909,long,2020-06-03 04:00:00,1713.08,2020-06-03 06:30:00,2020-06-03 06:35:00,1720.38,1713.08,1734.9800000000005,7.300000000000182,False,extreme,2020-06-03 08:40:00,1713.08,stop,26,-1.0,3,0.004109589041095788,-1.0041095890410958,0.7986301369862715,1.2164383561643681
XAUUSD,NY,2020-06-04,Thursday,1,1705.3,1698.03,7.269999999999982,short,2020-06-04 05:00:00,1718.26,2020-06-04 10:00:00,2020-06-04 10:05:00,1703.89,1718.26,1675.1500000000003,14.36999999999989,False,extreme,2020-06-04 13:10:00,1718.26,stop,38,-1.0,2,0.001391788448155891,-1.0013917884481558,0.05915100904663485,1.0194850382741805
XAUUSD,NY,2020-06-05,Friday,1,1712.58,1707.5,5.079999999999927,long,2020-06-05 05:40:00,1706.45,2020-06-05 05:50:00,2020-06-05 05:55:00,1708.01,1706.45,1711.1299999999999,1.5599999999999454,False,extreme,2020-06-05 06:00:00,1706.45,stop,2,-1.0,2,0.01282051282051327,-1.0128205128205132,0.935897435897492,1.0256410256410031
XAUUSD,NY,2020-06-05,Friday,2,1712.58,1707.5,5.079999999999927,long,2020-06-05 06:05:00,1701.96,2020-06-05 06:40:00,2020-06-05 06:45:00,1707.72,1701.96,1719.24,5.759999999999991,False,extreme,2020-06-05 08:10:00,1701.96,stop,18,-1.0,2,0.0034722222222222277,-1.0034722222222223,0.027777777777792032,1.2777777777778019
XAUUSD,NY,2020-06-08,Monday,1,1696.46,1687.1,9.360000000000127,short,2020-06-08 04:05:00,1697.36,2020-06-08 04:10:00,2020-06-08 04:15:00,1695.73,1697.36,1692.4700000000003,1.6299999999998818,False,extreme,2020-06-08 05:30:00,1692.4700000000003,target,16,2.0,2,0.012269938650307639,1.9877300613496924,2.1104294478529475,0.15950920245399372
XAUUSD,NY,2020-06-08,Monday,2,1696.46,1687.1,9.360000000000127,short,2020-06-08 06:00:00,1696.94,2020-06-08 06:10:00,2020-06-08 06:15:00,1694.55,1696.94,1689.7699999999998,2.3900000000001,False,extreme,2020-06-08 09:10:00,1689.7699999999998,target,36,2.0,2,0.008368200836819734,1.9916317991631802,2.8033472803346298,0.7573221757321631
XAUUSD,NY,2020-06-08,Monday,3,1696.46,1687.1,9.360000000000127,long,2020-06-08 09:35:00,1686.08,2020-06-08 09:40:00,2020-06-08 09:45:00,1687.94,1686.08,1691.6600000000003,1.8600000000001273,False,extreme,2020-06-08 09:55:00,1691.6600000000003,target,3,2.0,2,0.010752688172042274,1.9892473118279577,2.403225806451463,0.4408602150538213
XAUUSD,NY,2020-06-08,Monday,4,1696.46,1687.1,9.360000000000127,short,2020-06-08 12:40:00,1698.71,2020-06-08 13:00:00,2020-06-08 13:05:00,1696.26,1698.71,1691.36,2.4500000000000455,False,extreme,2020-06-08 13:20:00,1698.71,stop,4,-1.0,2,0.008163265306122297,-1.0081632653061223,0.03265306122445949,1.0816326530612415
XAUUSD,NY,2020-06-08,Monday,5,1696.46,1687.1,9.360000000000127,short,2020-06-08 13:05:00,1704.78,2020-06-08 22:30:00,2020-06-08 22:35:00,1695.9,1704.78,1678.1400000000003,8.879999999999882,False,extreme,2020-06-08 23:55:00,1695.39,end_of_day,17,0.05743243243243217,2,0.002252252252252282,0.05518018018017989,0.16779279279279605,0.14639639639639324
XAUUSD,NY,2020-06-10,Wednesday,1,1720.02,1714.96,5.059999999999945,short,2020-06-10 04:30:00,1720.42,2020-06-10 04:35:00,2020-06-10 04:40:00,1720.01,1720.42,1719.1899999999998,0.41000000000008185,False,extreme,2020-06-10 04:40:00,1720.42,stop,1,-1.0,5,0.12195121951217078,-1.1219512195121708,1.0,1.1219512195120598
XAUUSD,NY,2020-06-10,Wednesday,2,1720.02,1714.96,5.059999999999945,short,2020-06-10 04:40:00,1720.72,2020-06-10 04:55:00,2020-06-10 05:00:00,1719.64,1720.72,1717.4800000000002,1.0799999999999272,False,extreme,2020-06-10 05:00:00,1720.72,stop,1,-1.0,2,0.018518518518519766,-1.0185185185185197,0.8240740740742222,1.0092592592592515
XAUUSD,NY,2020-06-10,Wednesday,3,1720.02,1714.96,5.059999999999945,short,2020-06-10 05:00:00,1720.88,2020-06-10 05:05:00,2020-06-10 05:10:00,1719.83,1720.88,1717.7299999999996,1.050000000000182,False,extreme,2020-06-10 05:30:00,1717.7299999999996,target,5,2.0,4,0.0380952380952315,1.9619047619047685,2.247619047618563,0.2571428571427953
XAUUSD,NY,2020-06-10,Wednesday,4,1720.02,1714.96,5.059999999999945,short,2020-06-10 07:20:00,1727.2,2020-06-10 10:55:00,2020-06-10 11:00:00,1718.76,1727.2,1701.8799999999999,8.440000000000055,False,extreme,2020-06-10 14:10:00,1727.2,stop,39,-1.0,2,0.002369668246445482,-1.0023696682464456,1.2879146919431066,1.2701421800947819
XAUUSD,NY,2020-06-11,Thursday,1,1737.44,1726.85,10.590000000000146,long,2020-06-11 07:25:00,1721.57,2020-06-11 07:45:00,2020-06-11 07:50:00,1727.59,1721.57,1739.6299999999999,6.019999999999982,False,extreme,2020-06-11 10:00:00,1739.6299999999999,target,27,2.0,2,0.0033222591362126346,1.9966777408637875,2.0697674418604772,0.6295681063122882
XAUUSD,NY,2020-06-11,Thursday,2,1737.44,1726.85,10.590000000000146,short,2020-06-11 09:55:00,1744.67,2020-06-11 11:40:00,2020-06-11 11:45:00,1733.96,1744.67,1712.54,10.710000000000036,False,extreme,2020-06-11 23:55:00,1726.12,end_of_day,135,0.7320261437908607,2,0.0018674136321195083,0.7301587301587412,1.0952380952380931,0.3538748832866434
XAUUSD,NY,2020-06-12,Friday,1,1733.83,1726.11,7.720000000000027,short,2020-06-12 04:10:00,1736.41,2020-06-12 05:35:00,2020-06-12 05:40:00,1733.68,1736.41,1728.22,2.730000000000018,False,extreme,2020-06-12 06:25:00,1736.41,stop,10,-1.0,2,0.007326007326007277,-1.0073260073260073,0.9157509157509096,1.208791208791184
XAUUSD,NY,2020-06-12,Friday,2,1733.83,1726.11,7.720000000000027,short,2020-06-12 06:10:00,1737.59,2020-06-12 08:05:00,2020-06-12 08:10:00,1733.77,1737.59,1726.13,3.8199999999999363,False,extreme,2020-06-12 08:20:00,1737.59,stop,3,-1.0,2,0.005235602094240925,-1.005235602094241,0.19633507853403467,1.2172774869110388
XAUUSD,NY,2020-06-12,Friday,3,1733.83,1726.11,7.720000000000027,short,2020-06-12 08:10:00,1743.04,2020-06-12 11:15:00,2020-06-12 11:20:00,1732.49,1743.04,1711.39,10.549999999999955,False,extreme,2020-06-12 16:55:00,1729.83,friday_close,68,0.25213270142180977,2,0.0018957345971564064,0.25023696682465335,0.3327014218009484,0.3459715639810528
XAUUSD,NY,2020-06-15,Monday,1,1729.2,1715.35,13.850000000000136,long,2020-06-15 05:35:00,1704.22,2020-06-15 10:25:00,2020-06-15 10:30:00,1717.62,1704.22,1744.4199999999996,13.399999999999864,False,extreme,2020-06-15 23:55:00,1728.62,end_of_day,150,0.8208955223880681,2,0.001492537313432851,0.8194029850746353,1.1335820895522544,0.10970149253729962
XAUUSD,NY,2020-06-16,Tuesday,1,1730.01,1721.58,8.430000000000064,short,2020-06-16 04:20:00,1732.81,2020-06-16 04:30:00,2020-06-16 04:35:00,1729.91,1732.81,1724.1100000000004,2.8999999999998636,False,extreme,2020-06-16 08:15:00,1724.1100000000004,target,45,2.0,4,0.01379310344827651,1.9862068965517234,2.224137931034603,0.8172413793103457
XAUUSD,NY,2020-06-16,Tuesday,2,1730.01,1721.58,8.430000000000064,long,2020-06-16 09:10:00,1716.88,2020-06-16 09:15:00,2020-06-16 09:20:00,1721.63,1716.88,1731.13,4.75,False,extreme,2020-06-16 10:15:00,1716.88,stop,12,-1.0,2,0.004210526315789474,-1.0042105263157894,1.0947368421052248,1.023157894736869
XAUUSD,NY,2020-06-16,Tuesday,3,1730.01,1721.58,8.430000000000064,long,2020-06-16 10:00:00,1716.77,2020-06-16 10:25:00,2020-06-16 10:30:00,1722.52,1716.77,1734.02,5.75,False,extreme,2020-06-16 23:55:00,1726.42,end_of_day,150,0.6782608695652332,2,0.0034782608695652175,0.674782608695668,1.386086956521744,0.7582608695652
XAUUSD,NY,2020-06-17,Wednesday,1,1729.46,1721.81,7.650000000000091,long,2020-06-17 04:20:00,1720.99,2020-06-17 04:25:00,2020-06-17 04:30:00,1723.41,1720.99,1728.2500000000002,2.4200000000000728,False,extreme,2020-06-17 04:40:00,1720.99,stop,3,-1.0,2,0.008264462809917108,-1.008264462809917,0.3181818181818011,1.0909090909090995
XAUUSD,NY,2020-06-17,Wednesday,2,1729.46,1721.81,7.650000000000091,long,2020-06-17 04:40:00,1720.77,2020-06-17 04:45:00,2020-06-17 04:50:00,1722.83,1720.77,1726.9499999999998,2.0599999999999454,False,extreme,2020-06-17 04:50:00,1720.77,stop,1,-1.0,6,0.02912621359223378,-1.0291262135922339,0.13592233009707774,1.674757281553354
XAUUSD,NY,2020-06-17,Wednesday,3,1729.46,1721.81,7.650000000000091,long,2020-06-17 04:50:00,1712.65,2020-06-17 09:05:00,2020-06-17 09:10:00,1722.12,1712.65,1741.0599999999995,9.4699999999998,False,extreme,2020-06-17 23:55:00,1725.84,end_of_day,166,0.3928194297782583,2,0.0021119324181626633,0.39070749736009563,0.8658922914466968,0.09926082365362693
XAUUSD,NY,2020-06-18,Thursday,1,1728.85,1724.58,4.269999999999982,long,2020-06-18 06:35:00,1723.08,2020-06-18 06:40:00,2020-06-18 06:45:00,1726.55,1723.08,1733.49,3.4700000000000273,False,extreme,2020-06-18 07:10:00,1723.08,stop,6,-1.0,2,0.005763688760806871,-1.0057636887608068,0.31988472622481806,1.0778097982708874
XAUUSD,NY,2020-06-18,Thursday,2,1728.85,1724.58,4.269999999999982,long,2020-06-18 07:10:00,1722.77,2020-06-18 07:15:00,2020-06-18 07:20:00,1724.96,1722.77,1729.3400000000001,2.1900000000000546,False,extreme,2020-06-18 07:20:00,1722.77,stop,1,-1.0,2,0.009132420091323973,-1.0091324200913239,0.14155251141549666,1.1278538812785233
XAUUSD,NY,2020-06-18,Thursday,3,1728.85,1724.58,4.269999999999982,long,2020-06-18 07:20:00,1717.95,2020-06-18 08:30:00,2020-06-18 08:35:00,1725.47,1717.95,1740.51,7.519999999999982,False,extreme,2020-06-18 10:25:00,1717.95,stop,23,-1.0,2,0.002659574468085113,-1.002659574468085,0.23537234042553007,1.0545212765957557
XAUUSD,NY,2020-06-18,Thursday,4,1728.85,1724.58,4.269999999999982,long,2020-06-18 09:50:00,1717.54,2020-06-18 14:50:00,2020-06-18 14:55:00,1724.76,1717.54,1739.2,7.220000000000027,False,extreme,2020-06-18 23:55:00,1725.91,end_of_day,97,0.1592797783933638,19,0.026315789473684112,0.1329639889196797,0.32409972299167716,0.5249307479224307
XAUUSD,NY,2020-06-19,Friday,1,1732.9,1725.7,7.2000000000000455,short,2020-06-19 07:55:00,1734.3,2020-06-19 08:05:00,2020-06-19 08:10:00,1732.48,1734.3,1728.8400000000001,1.8199999999999363,False,extreme,2020-06-19 08:20:00,1734.3,stop,3,-1.0,4,0.021978021978022746,-1.0219780219780228,0.6263736263737033,1.6758241758242094
XAUUSD,NY,2020-06-19,Friday,2,1732.9,1725.7,7.2000000000000455,short,2020-06-19 08:15:00,1737.31,2020-06-19 09:25:00,2020-06-19 09:30:00,1732.65,1737.31,1723.3300000000004,4.6599999999998545,False,extreme,2020-06-19 10:15:00,1737.31,stop,10,-1.0,2,0.004291845493562366,-1.0042918454935623,0.08583690987126684,1.0836909871244875
XAUUSD,NY,2020-06-22,Monday,1,1753.76,1742.78,10.980000000000018,short,2020-06-22 08:35:00,1763.07,2020-06-22 10:55:00,2020-06-22 11:00:00,1751.7,1763.07,1728.9600000000003,11.36999999999989,False,extreme,2020-06-22 23:55:00,1751.42,end_of_day,144,0.02462620932277708,3,0.0026385224274406583,0.021987686895336422,0.3500439753737956,0.7959542656112614
XAUUSD,NY,2020-06-23,Tuesday,1,1756.31,1747.37,8.940000000000055,short,2020-06-23 04:05:00,1756.91,2020-06-23 04:10:00,2020-06-23 04:15:00,1755.54,1756.91,1752.7999999999997,1.3700000000001182,False,extreme,2020-06-23 04:40:00,1756.91,stop,6,-1.0,17,0.12408759124086521,-1.1240875912408652,1.2408759124086852,1.0291970802919417
XAUUSD,NY,2020-06-23,Tuesday,2,1756.31,1747.37,8.940000000000055,short,2020-06-23 04:40:00,1757.67,2020-06-23 04:50:00,2020-06-23 04:55:00,1756.29,1757.67,1753.5299999999997,1.3800000000001091,False,extreme,2020-06-23 05:20:00,1757.67,stop,6,-1.0,37,0.2681159420289643,-1.2681159420289643,0.5,1.1086956521738056
XAUUSD,NY,2020-06-23,Tuesday,3,1756.31,1747.37,8.940000000000055,short,2020-06-23 05:05:00,1757.92,2020-06-23 05:25:00,2020-06-23 05:30:00,1756.31,1757.92,1753.0899999999997,1.6100000000001273,False,extreme,2020-06-23 06:05:00,1757.92,stop,8,-1.0,3,0.018633540372669333,-1.0186335403726694,0.5217391304346906,1.080745341614827
XAUUSD,NY,2020-06-23,Tuesday,4,1756.31,1747.37,8.940000000000055,short,2020-06-23 05:35:00,1758.91,2020-06-23 06:30:00,2020-06-23 06:35:00,1756.18,1758.91,1750.72,2.730000000000018,False,extreme,2020-06-23 08:00:00,1758.91,stop,18,-1.0,2,0.007326007326007277,-1.0073260073260073,0.5164835164835431,1.0
XAUUSD,NY,2020-06-24,Wednesday,1,1771.2,1765.3,5.900000000000091,short,2020-06-24 04:10:00,1773.39,2020-06-24 04:25:00,2020-06-24 04:30:00,1770.78,1773.39,1765.5599999999997,2.6100000000001273,False,extreme,2020-06-24 04:45:00,1773.39,stop,4,-1.0,8,0.03065134099616709,-1.030651340996167,0.11494252873560916,1.2490421455938052
XAUUSD,NY,2020-06-24,Wednesday,2,1771.2,1765.3,5.900000000000091,short,2020-06-24 04:35:00,1779.22,2020-06-24 08:45:00,2020-06-24 08:50:00,1767.26,1775.74,1750.3,8.480000000000018,True,swing,2020-06-24 11:05:00,1775.74,stop,28,-1.0,11,0.01297169811320752,-1.0129716981132075,0.6603773584905539,1.0341981132075428
XAUUSD,NY,2020-06-24,Wednesday,3,1771.2,1765.3,5.900000000000091,short,2020-06-24 10:35:00,1776.03,2020-06-24 11:15:00,2020-06-24 11:20:00,1769.42,1776.03,1756.2000000000003,6.6099999999999,False,extreme,2020-06-24 18:00:00,1756.2000000000003,target,69,2.0,4,0.0060514372163389726,1.993948562783661,2.43267776096829,0.09379727685323756
XAUUSD,NY,2020-06-24,Wednesday,4,1771.2,1765.3,5.900000000000091,long,2020-06-24 16:05:00,1753.34,2020-06-24 20:45:00,2020-06-24 20:50:00,1765.55,1762.03,1772.59,3.519999999999982,True,swing,2020-06-24 21:40:00,1762.03,stop,11,-1.0,4,0.011363636363636423,-1.0113636363636365,0.14772727272726832,1.0710227272727277
XAUUSD,NY,2020-06-25,Thursday,1,1768.86,1759.52,9.339999999999918,long,2020-06-25 06:55:00,1758.44,2020-06-25 07:00:00,2020-06-25 07:05:00,1760.94,1758.44,1765.94,2.5,False,extreme,2020-06-25 08:00:00,1758.44,stop,12,-1.0,18,0.072,-1.072,0.8719999999999345,1.0640000000000327
XAUUSD,NY,2020-06-25,Thursday,2,1768.86,1759.52,9.339999999999918,long,2020-06-25 07:50:00,1755.37,2020-06-25 08:35:00,2020-06-25 08:40:00,1759.61,1755.37,1768.09,4.240000000000009,False,extreme,2020-06-25 23:55:00,1760.55,end_of_day,172,0.22169811320755956,11,0.02594339622641504,0.19575471698114452,1.6344339622641624,0.5707547169810944
XAUUSD,NY,2020-06-26,Friday,1,1765.05,1757.97,7.079999999999927,short,2020-06-26 04:30:00,1765.38,2020-06-26 04:35:00,2020-06-26 04:40:00,1764.78,1765.38,1763.5799999999997,0.6000000000001364,False,extreme,2020-06-26 04:40:00,1765.38,stop,1,-1.0,5,0.08333333333331439,-1.0833333333333144,0.5666666666664014,1.1333333333331816
XAUUSD,NY,2020-06-26,Friday,2,1765.05,1757.97,7.079999999999927,short,2020-06-26 04:40:00,1766.71,2020-06-26 04:50:00,2020-06-26 04:55:00,1764.98,1766.71,1761.52,1.7300000000000182,False,extreme,2020-06-26 05:25:00,1761.52,target,7,2.0,2,0.011560693641618375,1.9884393063583816,2.104046242774602,0.0057803468208039305
XAUUSD,NY,2020-06-26,Friday,3,1765.05,1757.97,7.079999999999927,long,2020-06-26 09:25:00,1747.43,2020-06-26 11:10:00,2020-06-26 11:15:00,1760.51,1747.43,1786.6699999999998,13.079999999999927,False,extreme,2020-06-26 16:55:00,1770.38,friday_close,69,0.7545871559633159,9,0.006880733944954166,0.7477064220183618,0.8662079510703357,0.06422018348623264
XAUUSD,NY,2020-06-29,Monday,1,1775.0,1768.53,6.470000000000027,long,2020-06-29 04:00:00,1766.98,2020-06-29 04:05:00,2020-06-29 04:10:00,1768.77,1766.98,1772.35,1.7899999999999636,False,extreme,2020-06-29 06:55:00,1772.35,target,34,2.0,4,0.022346368715084254,1.9776536312849158,2.273743016759787,0.9217877094972763
XAUUSD,NY,2020-06-29,Monday,2,1775.0,1768.53,6.470000000000027,long,2020-06-29 08:35:00,1765.57,2020-06-29 08:40:00,2020-06-29 08:45:00,1768.78,1765.57,1775.2,3.2100000000000364,False,extreme,2020-06-29 23:55:00,1770.72,end_of_day,171,0.6043613707165211,6,0.018691588785046516,0.5856697819314746,1.676012461059205,0.4174454828660134
XAUUSD,NY,2020-06-30,Tuesday,1,1773.76,1769.14,4.619999999999891,long,2020-06-30 07:30:00,1764.67,2020-06-30 08:30:00,2020-06-30 08:35:00,1769.41,1764.67,1778.89,4.740000000000009,False,extreme,2020-06-30 10:45:00,1778.89,target,27,2.0,8,0.016877637130801655,1.9831223628691983,2.5548523206750793,0.6751054852320758
XAUUSD,NY,2020-07-01,Wednesday,1,1789.08,1782.05,7.029999999999973,long,2020-07-01 06:40:00,1779.89,2020-07-01 06:50:00,2020-07-01 06:55:00,1782.9,1779.89,1788.92,3.009999999999991,False,extreme,2020-07-01 07:20:00,1779.89,stop,6,-1.0,2,0.006644518272425269,-1.0066445182724253,0.0,1.235880398671109
XAUUSD,NY,2020-07-01,Wednesday,2,1789.08,1782.05,7.029999999999973,long,2020-07-01 07:05:00,1779.18,2020-07-01 07:25:00,2020-07-01 07:30:00,1782.17,1779.18,1788.15,2.990000000000009,False,extreme,2020-07-01 07:30:00,1779.18,stop,1,-1.0,7,0.023411371237458126,-1.0234113712374582,0.15050167224074137,1.0501672240802977
XAUUSD,NY,2020-07-02,Thursday,1,1770.36,1764.31,6.0499999999999545,short,2020-07-02 04:10:00,1774.49,2020-07-02 08:05:00,2020-07-02 08:10:00,1770.04,1774.49,1761.1399999999999,4.4500000000000455,False,extreme,2020-07-02 09:00:00,1761.1399999999999,target,11,2.0,4,0.008988764044943729,1.9910112359550562,2.831460674157254,0.10337078651686105
XAUUSD,NY,2020-07-02,Thursday,2,1770.36,1764.31,6.0499999999999545,long,2020-07-02 08:50:00,1757.44,2020-07-02 09:10:00,2020-07-02 09:15:00,1764.83,1757.44,1779.6099999999997,7.389999999999873,False,extreme,2020-07-02 23:55:00,1775.63,end_of_day,165,1.4614343707713624,2,0.0027063599458728477,1.4587280108254896,1.9851150202977437,0.10419485791610218
XAUUSD,NY,2020-07-07,Tuesday,1,1785.15,1780.29,4.860000000000127,long,2020-07-07 04:10:00,1773.52,2020-07-07 09:20:00,2020-07-07 09:25:00,1780.31,1773.52,1793.8899999999999,6.789999999999964,False,extreme,2020-07-07 10:10:00,1793.8899999999999,target,10,2.0,2,0.0029455081001472914,1.9970544918998527,2.279823269514006,0.06921944035346536
XAUUSD,NY,2020-07-09,Thursday,1,1814.21,1809.08,5.130000000000109,short,2020-07-09 04:25:00,1815.95,2020-07-09 05:00:00,2020-07-09 05:05:00,1814.04,1815.95,1810.2199999999998,1.9100000000000819,False,extreme,2020-07-09 06:45:00,1810.2199999999998,target,21,2.0,2,0.010471204188481227,1.9895287958115189,2.753926701570558,0.7382198952879694
XAUUSD,NY,2020-07-09,Thursday,2,1814.21,1809.08,5.130000000000109,long,2020-07-09 06:50:00,1805.73,2020-07-09 07:05:00,2020-07-09 07:10:00,1809.34,1805.73,1816.5599999999997,3.6099999999999,False,extreme,2020-07-09 08:20:00,1805.73,stop,15,-1.0,2,0.005540166204986303,-1.0055401662049863,0.21606648199445827,1.0941828254847445
XAUUSD,NY,2020-07-09,Thursday,3,1814.21,1809.08,5.130000000000109,long,2020-07-09 07:55:00,1804.87,2020-07-09 08:35:00,2020-07-09 08:40:00,1810.09,1804.87,1820.53,5.220000000000027,False,extreme,2020-07-09 11:00:00,1804.87,stop,29,-1.0,2,0.0038314176245210526,-1.003831417624521,1.0210727969348903,2.239463601532522
XAUUSD,NY,2020-07-10,Friday,1,1801.82,1795.85,5.970000000000027,short,2020-07-10 04:05:00,1810.56,2020-07-10 10:00:00,2020-07-10 10:05:00,1801.72,1810.56,1784.0400000000002,8.839999999999918,False,extreme,2020-07-10 16:55:00,1798.51,friday_close,83,0.36312217194570884,3,0.003393665158371072,0.35972850678733775,0.8653846153846337,0.559954751131232
XAUUSD,NY,2020-07-13,Monday,1,1808.19,1802.54,5.650000000000091,short,2020-07-13 04:50:00,1808.51,2020-07-13 04:55:00,2020-07-13 05:00:00,1807.64,1808.51,1805.9000000000003,0.8699999999998909,False,extreme,2020-07-13 05:00:00,1808.51,stop,1,-1.0,7,0.08045977011495263,-1.0804597701149525,0.022988505747369763,1.2873563218391164
XAUUSD,NY,2020-07-13,Monday,2,1808.19,1802.54,5.650000000000091,short,2020-07-13 05:00:00,1810.01,2020-07-13 06:25:00,2020-07-13 06:30:00,1808.15,1810.01,1804.4300000000003,1.8599999999999,False,extreme,2020-07-13 07:55:00,1810.01,stop,18,-1.0,11,0.05913978494623974,-1.0591397849462398,0.3924731182796008,1.010752688172034
XAUUSD,NY,2020-07-13,Monday,3,1808.19,1802.54,5.650000000000091,short,2020-07-13 06:45:00,1810.03,2020-07-13 08:10:00,2020-07-13 08:15:00,1806.06,1810.03,1798.12,3.9700000000000273,False,extreme,2020-07-13 09:10:00,1810.03,stop,12,-1.0,2,0.005037783375314827,-1.0050377833753148,0.0,1.1511335012594792
XAUUSD,NY,2020-07-13,Monday,4,1808.19,1802.54,5.650000000000091,short,2020-07-13 09:00:00,1813.31,2020-07-13 10:15:00,2020-07-13 10:20:00,1807.53,1813.31,1795.97,5.779999999999973,False,extreme,2020-07-13 21:10:00,1795.97,target,119,2.0,2,0.003460207612456764,1.9965397923875432,2.0207612456747612,0.7093425605536602
XAUUSD,NY,2020-07-14,Tuesday,1,1802.36,1796.17,6.189999999999827,long,2020-07-14 06:15:00,1790.6,2020-07-14 07:45:00,2020-07-14 07:50:00,1797.82,1790.6,1812.26,7.220000000000027,False,extreme,2020-07-14 23:55:00,1808.96,end_of_day,182,1.5429362880886506,5,0.006925207756232662,1.5360110803324178,1.8642659279778373,0.35595567867034994
XAUUSD,NY,2020-07-15,Wednesday,1,1811.93,1805.71,6.220000000000027,short,2020-07-15 04:00:00,1815.06,2020-07-15 05:05:00,2020-07-15 05:10:00,1811.68,1815.06,1804.9200000000003,3.3799999999998818,False,extreme,2020-07-15 07:00:00,1804.9200000000003,target,23,2.0,2,0.005917159763313817,1.9940828402366861,2.1183431952663705,0.09763313609465644
XAUUSD,NY,2020-07-15,Wednesday,2,1811.93,1805.71,6.220000000000027,long,2020-07-15 07:05:00,1803.56,2020-07-15 07:15:00,2020-07-15 07:20:00,1806.1,1803.56,1811.1799999999998,2.5399999999999636,False,extreme,2020-07-15 09:15:00,1803.56,stop,24,-1.0,5,0.019685039370079024,-1.019685039370079,0.9448818897638289,1.0314960629920977
XAUUSD,NY,2020-07-15,Wednesday,3,1811.93,1805.71,6.220000000000027,long,2020-07-15 09:15:00,1803.48,2020-07-15 09:30:00,2020-07-15 09:35:00,1805.81,1803.48,1810.4699999999998,2.3299999999999272,False,extreme,2020-07-15 09:35:00,1803.48,stop,1,-1.0,3,0.012875536480687098,-1.0128755364806872,0.01716738197423385,1.4377682403433536
XAUUSD,NY,2020-07-15,Wednesday,4,1811.93,1805.71,6.220000000000027,long,2020-07-15 09:35:00,1802.46,2020-07-15 10:05:00,2020-07-15 10:10:00,1806.19,1802.46,1813.65,3.730000000000018,False,extreme,2020-07-15 23:55:00,1809.82,end_of_day,154,0.9731903485254327,3,0.00804289544235921,0.9651474530830735,1.9008042895442048,0.17426273458447394
XAUUSD,NY,2020-07-16,Thursday,1,1811.42,1805.5,5.920000000000073,long,2020-07-16 04:05:00,1804.59,2020-07-16 04:10:00,2020-07-16 04:15:00,1805.79,1804.59,1808.19,1.2000000000000455,False,extreme,2020-07-16 04:20:00,1804.59,stop,2,-1.0,5,0.04166666666666509,-1.0416666666666652,0.14166666666672192,1.0083333333333255
XAUUSD,NY,2020-07-16,Thursday,2,1811.42,1805.5,5.920000000000073,long,2020-07-16 04:15:00,1804.58,2020-07-16 04:35:00,2020-07-16 04:40:00,1805.58,1804.58,1807.58,1.0,False,extreme,2020-07-16 05:10:00,1807.58,target,7,2.0,5,0.05,1.95,2.5800000000001546,0.4499999999998181
XAUUSD,NY,2020-07-16,Thursday,3,1811.42,1805.5,5.920000000000073,long,2020-07-16 05:25:00,1802.99,2020-07-16 06:10:00,2020-07-16 06:15:00,1805.54,1802.99,1810.6399999999999,2.5499999999999545,False,extreme,2020-07-16 12:50:00,1802.99,stop,80,-1.0,5,0.019607843137255252,-1.0196078431372553,1.3411764705882878,1.839215686274564
XAUUSD,NY,2020-07-20,Monday,1,1810.98,1807.34,3.6400000000001,short,2020-07-20 04:50:00,1812.44,2020-07-20 05:15:00,2020-07-20 05:20:00,1810.82,1812.44,1807.5799999999997,1.6200000000001182,False,extreme,2020-07-20 07:00:00,1812.44,stop,21,-1.0,3,0.018518518518517168,-1.0185185185185173,0.7345679012344076,1.0061728395061669
XAUUSD,NY,2020-07-21,Tuesday,1,1824.09,1817.24,6.849999999999909,short,2020-07-21 04:35:00,1824.45,2020-07-21 04:40:00,2020-07-21 04:45:00,1824.03,1824.45,1823.1899999999998,0.42000000000007276,False,extreme,2020-07-21 04:50:00,1824.45,stop,2,-1.0,2,0.04761904761903937,-1.0476190476190395,0.9523809523804626,1.476190476190502
XAUUSD,NY,2020-07-21,Tuesday,2,1824.09,1817.24,6.849999999999909,short,2020-07-21 04:50:00,1824.65,2020-07-21 04:55:00,2020-07-21 05:00:00,1823.88,1824.65,1822.3400000000001,0.7699999999999818,False,extreme,2020-07-21 06:10:00,1824.65,stop,15,-1.0,10,0.12987012987013294,-1.129870129870133,1.9610389610392909,2.38961038961034
XAUUSD,NY,2020-07-22,Wednesday,1,1861.18,1851.1,10.080000000000155,long,2020-07-22 04:10:00,1847.57,2020-07-22 04:15:00,2020-07-22 04:20:00,1852.02,1847.57,1860.92,4.4500000000000455,False,extreme,2020-07-22 04:50:00,1847.57,stop,7,-1.0,2,0.0044943820224718645,-1.0044943820224719,0.13483146067413548,1.0449438202247288
XAUUSD,NY,2020-07-22,Wednesday,2,1861.18,1851.1,10.080000000000155,long,2020-07-22 04:35:00,1846.35,2020-07-22 05:25:00,2020-07-22 05:30:00,1851.17,1846.35,1860.8100000000004,4.820000000000164,False,extreme,2020-07-22 08:00:00,1860.8100000000004,target,31,2.0,2,0.004149377593360855,1.9958506224066392,2.4771784232363947,0.1618257261410677
XAUUSD,NY,2020-07-22,Wednesday,3,1861.18,1851.1,10.080000000000155,short,2020-07-22 08:00:00,1863.11,2020-07-22 08:05:00,2020-07-22 08:10:00,1857.25,1863.11,1845.5300000000002,5.8599999999999,False,extreme,2020-07-22 11:40:00,1863.11,stop,43,-1.0,9,0.015358361774744289,-1.0153583617747444,1.680887372013665,1.1911262798635047
XAUUSD,NY,2020-07-23,Thursday,1,1876.34,1867.74,8.599999999999909,short,2020-07-23 04:00:00,1888.64,2020-07-23 07:25:00,2020-07-23 07:30:00,1876.07,1888.64,1850.9299999999996,12.570000000000164,False,extreme,2020-07-23 10:40:00,1888.64,stop,39,-1.0,2,0.001591089896579136,-1.0015910898965792,0.49721559268098,1.0811455847255345
XAUUSD,NY,2020-07-24,Friday,1,1897.04,1882.3,14.740000000000009,short,2020-07-24 04:00:00,1897.96,2020-07-24 04:05:00,2020-07-24 04:10:00,1895.4,1897.96,1890.2800000000002,2.5599999999999454,False,extreme,2020-07-24 06:15:00,1890.2800000000002,target,26,2.0,2,0.007812500000000167,1.9921874999999998,2.3242187500000675,0.13281249999997086
XAUUSD,NY,2020-07-27,Monday,1,1937.96,1929.71,8.25,short,2020-07-27 04:10:00,1945.18,2020-07-27 08:00:00,2020-07-27 08:05:00,1937.6,1945.18,1922.4399999999996,7.580000000000155,False,extreme,2020-07-27 10:45:00,1945.18,stop,33,-1.0,3,0.003957783641160869,-1.0039577836411608,0.8654353562005028,1.0606860158311382
XAUUSD,NY,2020-07-27,Monday,2,1937.96,1929.71,8.25,short,2020-07-27 10:15:00,1945.64,2020-07-27 11:30:00,2020-07-27 11:35:00,1937.04,1945.64,1919.8399999999997,8.600000000000136,False,extreme,2020-07-27 18:25:00,1945.64,stop,71,-1.0,2,0.0023255813953488003,-1.0023255813953489,0.5999999999999736,1.0465116279069602
XAUUSD,NY,2020-07-27,Monday,3,1937.96,1929.71,8.25,short,2020-07-27 16:10:00,1981.14,2020-07-27 23:10:00,2020-07-27 23:15:00,1937.87,1974.67,1864.2699999999995,36.80000000000018,True,swing,2020-07-27 23:55:00,1943.65,end_of_day,9,-0.15706521739130902,2,0.0005434782608695625,-0.15760869565217858,0.11576086956521657,0.3831521739130453
XAUUSD,NY,2020-07-28,Tuesday,1,1947.39,1906.62,40.77000000000021,short,2020-07-28 10:35:00,1956.58,2020-07-28 11:05:00,2020-07-28 11:10:00,1946.99,1956.58,1927.8100000000002,9.589999999999918,False,extreme,2020-07-28 14:50:00,1956.58,stop,45,-1.0,2,0.0020855057351407895,-1.0020855057351408,0.10844629822731726,1.0229405630865516
XAUUSD,NY,2020-07-29,Wednesday,1,1961.09,1949.68,11.409999999999854,long,2020-07-29 10:10:00,1941.45,2020-07-29 10:25:00,2020-07-29 10:30:00,1950.04,1941.45,1967.2199999999998,8.589999999999918,False,extreme,2020-07-29 14:10:00,1967.2199999999998,target,45,2.0,2,0.0023282887077997892,1.9976717112922002,2.1606519208381982,0.08847497089639093
XAUUSD,NY,2020-07-30,Thursday,1,1965.2,1947.25,17.950000000000045,long,2020-07-30 10:35:00,1939.52,2020-07-30 11:40:00,2020-07-30 11:45:00,1948.72,1939.52,1967.1200000000001,9.200000000000045,False,extreme,2020-07-30 22:00:00,1967.1200000000001,target,112,2.0,2,0.00217391304347825,1.9978260869565216,2.1858695652173696,0.3173913043478324
XAUUSD,NY,2020-07-31,Friday,1,1983.07,1966.47,16.59999999999991,long,2020-07-31 09:20:00,1959.9,2020-07-31 09:45:00,2020-07-31 09:50:00,1968.1,1959.9,1984.4999999999995,8.199999999999818,False,extreme,2020-07-31 16:55:00,1975.24,friday_close,86,0.8707317073171047,2,0.0024390243902439566,0.8682926829268608,1.0865853658536926,0.5048780487804835
XAUUSD,NY,2020-08-03,Monday,1,1977.58,1970.15,7.429999999999836,long,2020-08-03 06:10:00,1965.59,2020-08-03 07:10:00,2020-08-03 07:15:00,1971.11,1965.59,1982.1499999999999,5.519999999999982,False,extreme,2020-08-03 09:40:00,1965.59,stop,30,-1.0,2,0.0036231884057971136,-1.0036231884057971,0.2681159420289897,1.6358695652173918
XAUUSD,NY,2020-08-03,Monday,2,1977.58,1970.15,7.429999999999836,long,2020-08-03 08:40:00,1960.49,2020-08-03 10:30:00,2020-08-03 10:35:00,1971.54,1960.49,1993.6399999999999,11.049999999999955,False,extreme,2020-08-03 23:55:00,1973.95,end_of_day,149,0.21809954751132052,4,0.0036199095022624583,0.21447963800905806,0.6407239819004485,0.45520361990950164
XAUUSD,NY,2020-08-04,Tuesday,1,1978.95,1971.4,7.5499999999999545,long,2020-08-04 07:30:00,1967.59,2020-08-04 07:45:00,2020-08-04 07:50:00,1971.58,1967.59,1979.56,3.990000000000009,False,extreme,2020-08-04 10:05:00,1979.56,target,28,2.0,2,0.0050125313283207905,1.9949874686716793,2.1453634085213418,0.12280701754386165
XAUUSD,NY,2020-08-05,Wednesday,1,2039.93,2011.62,28.310000000000173,short,2020-08-05 05:50:00,2044.8,2020-08-05 07:10:00,2020-08-05 07:15:00,2039.81,2044.8,2029.83,4.990000000000009,False,extreme,2020-08-05 09:40:00,2044.8,stop,30,-1.0,2,0.004008016032064121,-1.0040080160320641,1.8957915831663366,1.2645290581162192
XAUUSD,NY,2020-08-05,Wednesday,2,2039.93,2011.62,28.310000000000173,short,2020-08-05 09:30:00,2055.58,2020-08-05 12:05:00,2020-08-05 12:10:00,2038.98,2055.58,2005.7800000000002,16.59999999999991,False,extreme,2020-08-05 23:55:00,2043.09,end_of_day,130,-0.24759036144577845,2,0.0012048192771084403,-0.2487951807228869,0.616867469879522,0.3439759036144619
XAUUSD,NY,2020-08-06,Thursday,1,2054.03,2041.19,12.840000000000146,short,2020-08-06 07:30:00,2069.67,2020-08-06 11:10:00,2020-08-06 11:15:00,2052.25,2069.67,2017.4099999999999,17.420000000000073,False,extreme,2020-08-06 18:20:00,2069.67,stop,74,-1.0,2,0.0011481056257175613,-1.0011481056257177,0.16819747416761333,1.319747416762324
XAUUSD,NY,2020-08-07,Friday,1,2064.56,2049.11,15.449999999999818,long,2020-08-07 08:25:00,2041.72,2020-08-07 08:30:00,2020-08-07 08:35:00,2053.51,2041.72,2077.0900000000006,11.790000000000191,False,extreme,2020-08-07 10:00:00,2041.72,stop,18,-1.0,17,0.014418999151823347,-1.0144189991518233,0.8634435962679958,1.6988973706530852
XAUUSD,NY,2020-08-10,Monday,1,2035.18,2027.04,8.1400000000001,short,2020-08-10 09:25:00,2049.91,2020-08-10 11:20:00,2020-08-10 11:25:00,2032.84,2045.99,2006.5399999999997,13.150000000000091,True,swing,2020-08-10 23:55:00,2020.32,end_of_day,139,0.9520912547528437,3,0.0022813688212927597,0.949809885931551,1.4022813688212699,0.21368821292776832
XAUUSD,NY,2020-08-11,Tuesday,1,2021.46,1990.17,31.289999999999964,long,2020-08-11 04:05:00,1983.35,2020-08-11 04:10:00,2020-08-11 04:15:00,1993.23,1983.35,2012.9900000000002,9.88000000000011,False,extreme,2020-08-11 07:10:00,1983.35,stop,36,-1.0,2,0.002024291497975686,-1.0020242914979758,0.45445344129554244,1.1275303643724672
XAUUSD,NY,2020-08-12,Wednesday,1,1939.94,1862.6,77.34000000000015,short,2020-08-12 04:05:00,1949.3,2020-08-12 04:30:00,2020-08-12 04:35:00,1933.39,1949.3,1901.5700000000004,15.909999999999854,False,extreme,2020-08-12 23:55:00,1935.34,end_of_day,221,-0.12256442488999597,2,0.0012570710245128965,-0.12382149591450886,1.6725329981144168,0.9981143934632324
XAUUSD,NY,2020-08-13,Thursday,1,1935.74,1921.62,14.120000000000118,short,2020-08-13 07:00:00,1939.56,2020-08-13 07:15:00,2020-08-13 07:20:00,1934.56,1939.56,1924.56,5.0,False,extreme,2020-08-13 08:05:00,1924.56,target,10,2.0,5,0.01,1.99,2.290000000000009,0.4180000000000291
XAUUSD,NY,2020-08-13,Thursday,2,1935.74,1921.62,14.120000000000118,short,2020-08-13 09:20:00,1937.05,2020-08-13 09:25:00,2020-08-13 09:30:00,1932.73,1937.05,1924.0900000000001,4.319999999999936,False,extreme,2020-08-13 09:35:00,1937.05,stop,2,-1.0,2,0.004629629629629698,-1.0046296296296298,0.48379629629628446,1.032407407407431
XAUUSD,NY,2020-08-13,Thursday,3,1935.74,1921.62,14.120000000000118,short,2020-08-13 09:35:00,1940.1,2020-08-13 09:50:00,2020-08-13 09:55:00,1935.59,1940.1,1926.57,4.509999999999991,False,extreme,2020-08-13 09:55:00,1940.1,stop,1,-1.0,2,0.004434589800443468,-1.0044345898004434,0.05321507760532363,1.492239467849231
XAUUSD,NY,2020-08-14,Friday,1,1956.96,1938.77,18.190000000000055,long,2020-08-14 12:35:00,1932.17,2020-08-14 13:20:00,2020-08-14 13:25:00,1939.62,1932.17,1954.5199999999995,7.449999999999818,False,extreme,2020-08-14 16:55:00,1943.98,friday_close,43,0.5852348993288904,7,0.009395973154362646,0.5758389261745277,1.001342281879224,0.03892617449664036
XAUUSD,NY,2020-08-17,Monday,1,1957.12,1941.04,16.079999999999927,short,2020-08-17 08:15:00,1959.29,2020-08-17 08:25:00,2020-08-17 08:30:00,1956.33,1959.29,1950.4099999999999,2.9600000000000364,False,extreme,2020-08-17 08:35:00,1959.29,stop,2,-1.0,2,0.006756756756756674,-1.0067567567567566,0.020270270270251585,1.8716216216215864
XAUUSD,NY,2020-08-18,Tuesday,1,2010.08,1989.43,20.649999999999864,short,2020-08-18 08:15:00,2012.97,2020-08-18 08:30:00,2020-08-18 08:35:00,2009.93,2012.97,2003.8500000000001,3.0399999999999636,False,extreme,2020-08-18 08:35:00,2012.97,stop,1,-1.0,2,0.006578947368421131,-1.0065789473684212,0.27631578947373536,1.1315789473683777
XAUUSD,NY,2020-08-18,Tuesday,2,2010.08,1989.43,20.649999999999864,short,2020-08-18 08:35:00,2014.92,2020-08-18 09:10:00,2020-08-18 09:15:00,2009.08,2014.92,1997.3999999999996,5.8400000000001455,False,extreme,2020-08-18 09:30:00,2014.92,stop,4,-1.0,7,0.011986301369862716,-1.0119863013698627,0.08904109589040562,1.1335616438356084
XAUUSD,NY,2020-08-18,Tuesday,3,2010.08,1989.43,20.649999999999864,short,2020-08-18 09:15:00,2015.7,2020-08-18 09:55:00,2020-08-18 10:00:00,2004.96,2015.7,1983.48,10.740000000000009,False,extreme,2020-08-18 10:25:00,1983.48,target,6,2.0,3,0.0027932960893854723,1.9972067039106145,2.2877094972066963,0.3212290502793336
XAUUSD,NY,2020-08-18,Tuesday,4,2010.08,1989.43,20.649999999999864,long,2020-08-18 10:25:00,1976.01,2020-08-18 10:40:00,2020-08-18 10:45:00,1991.3,1976.01,2021.8799999999999,15.289999999999964,False,extreme,2020-08-18 23:55:00,1994.02,end_of_day,147,0.17789404839764772,3,0.001962066710268154,0.17593198168737956,1.2308698495748842,0.181164159581425
XAUUSD,NY,2020-08-19,Wednesday,1,1994.47,1980.09,14.38000000000011,short,2020-08-19 04:50:00,1998.09,2020-08-19 05:10:00,2020-08-19 05:15:00,1992.74,1998.09,1982.0400000000002,5.349999999999909,False,extreme,2020-08-19 07:45:00,1982.0400000000002,target,31,2.0,20,0.037383177570094094,1.9626168224299059,2.1457943925234044,0.4074766355140375
XAUUSD,NY,2020-08-19,Wednesday,2,1994.47,1980.09,14.38000000000011,short,2020-08-19 09:35:00,1995.35,2020-08-19 09:40:00,2020-08-19 09:45:00,1987.12,1995.35,1970.6599999999999,8.230000000000018,False,extreme,2020-08-19 10:45:00,1970.6599999999999,target,13,2.0,2,0.002430133657351149,1.9975698663426489,2.1530984204130936,0.3718104495747468
XAUUSD,NY,2020-08-20,Thursday,1,1955.23,1932.83,22.40000000000009,long,2020-08-20 04:10:00,1927.18,2020-08-20 04:35:00,2020-08-20 04:40:00,1933.41,1927.18,1945.8700000000001,6.230000000000018,False,extreme,2020-08-20 05:30:00,1927.18,stop,11,-1.0,2,0.0032102728731942124,-1.0032102728731942,0.5040128410914708,1.0080256821829783
XAUUSD,NY,2020-08-20,Thursday,2,1955.23,1932.83,22.40000000000009,long,2020-08-20 05:20:00,1924.77,2020-08-20 07:15:00,2020-08-20 07:20:00,1933.74,1924.77,1951.68,8.970000000000027,False,extreme,2020-08-20 15:05:00,1951.68,target,94,2.0,9,0.01003344481605348,1.9899665551839465,2.156075808249706,0.849498327759208
XAUUSD,NY,2020-08-20,Thursday,3,1955.23,1932.83,22.40000000000009,short,2020-08-20 20:00:00,1955.88,2020-08-20 20:05:00,2020-08-20 20:10:00,1952.15,1955.88,1944.69,3.730000000000018,False,extreme,2020-08-20 21:10:00,1944.69,target,13,2.0,2,0.00536193029490614,1.9946380697050938,2.541554959785515,0.5415549597855153
XAUUSD,NY,2020-08-21,Friday,1,1951.58,1933.84,17.74000000000001,long,2020-08-21 04:20:00,1928.24,2020-08-21 04:55:00,2020-08-21 05:00:00,1934.58,1928.24,1947.2599999999998,6.339999999999918,False,extreme,2020-08-21 07:20:00,1928.24,stop,29,-1.0,6,0.009463722397476462,-1.0094637223974765,0.4526813880126428,1.056782334384843
XAUUSD,NY,2020-08-21,Friday,2,1951.58,1933.84,17.74000000000001,long,2020-08-21 07:00:00,1911.47,2020-08-21 08:45:00,2020-08-21 08:50:00,1935.27,1911.47,1982.87,23.799999999999955,False,extreme,2020-08-21 16:55:00,1940.27,friday_close,98,0.21008403361344577,3,0.0012605042016806747,0.2088235294117651,0.43739495798319755,0.5764705882352964
XAUUSD,NY,2020-08-24,Monday,1,1949.5,1930.57,18.930000000000064,short,2020-08-24 06:30:00,1950.99,2020-08-24 07:00:00,2020-08-24 07:05:00,1948.09,1950.99,1942.2899999999997,2.900000000000091,False,extreme,2020-08-24 08:00:00,1950.99,stop,12,-1.0,6,0.020689655172413144,-1.0206896551724132,0.0,2.986206896551659
XAUUSD,NY,2020-08-24,Monday,2,1949.5,1930.57,18.930000000000064,short,2020-08-24 07:50:00,1961.77,2020-08-24 08:30:00,2020-08-24 08:35:00,1949.19,1961.77,1924.0300000000002,12.579999999999927,False,extreme,2020-08-24 15:10:00,1924.0300000000002,target,80,2.0,2,0.0015898251192368932,1.998410174880763,2.005564387917342,0.2424483306836226
XAUUSD,NY,2020-08-24,Monday,3,1949.5,1930.57,18.930000000000064,long,2020-08-24 14:15:00,1923.71,2020-08-24 18:15:00,2020-08-24 18:20:00,1930.72,1923.71,1944.74,7.009999999999991,False,extreme,2020-08-24 23:55:00,1936.13,end_of_day,68,0.7717546362339642,9,0.012838801711840245,0.758915834522124,0.9686162624821644,0.6062767475035671
XAUUSD,NY,2020-08-25,Tuesday,1,1937.3,1929.44,7.8599999999999,long,2020-08-25 04:15:00,1921.32,2020-08-25 07:20:00,2020-08-25 07:25:00,1930.14,1921.32,1947.7800000000004,8.820000000000164,False,extreme,2020-08-25 08:10:00,1921.32,stop,10,-1.0,2,0.0022675736961450827,-1.002267573696145,0.1814058956915963,1.165532879818595
XAUUSD,NY,2020-08-25,Tuesday,2,1937.3,1929.44,7.8599999999999,long,2020-08-25 07:30:00,1919.86,2020-08-25 09:00:00,2020-08-25 09:05:00,1929.91,1919.86,1950.0100000000004,10.050000000000182,False,extreme,2020-08-25 10:00:00,1919.86,stop,12,-1.0,2,0.001990049751243745,-1.0019900497512437,0.07860696517412431,1.4447761194029571
XAUUSD,NY,2020-08-25,Tuesday,3,1937.3,1929.44,7.8599999999999,long,2020-08-25 09:15:00,1914.27,2020-08-25 18:10:00,2020-08-25 18:15:00,1929.44,1914.27,1959.7800000000002,15.170000000000073,False,extreme,2020-08-25 23:55:00,1925.4,end_of_day,69,-0.26631509558338456,32,0.02109426499670392,-0.2874093605800885,0.13381674357283868,0.35530652603823826
XAUUSD,NY,2020-08-26,Wednesday,1,1927.75,1913.84,13.910000000000082,long,2020-08-26 08:15:00,1902.78,2020-08-26 09:05:00,2020-08-26 09:10:00,1917.43,1902.78,1946.7300000000002,14.650000000000091,False,extreme,2020-08-26 13:00:00,1946.7300000000002,target,47,2.0,2,0.0013651877133105718,1.9986348122866895,2.0689419795221675,0.2000000000000031
XAUUSD,NY,2020-08-27,Thursday,1,1948.67,1936.95,11.720000000000027,long,2020-08-27 08:30:00,1932.17,2020-08-27 08:45:00,2020-08-27 08:50:00,1941.69,1932.17,1960.73,9.519999999999982,False,extreme,2020-08-27 09:15:00,1960.73,target,6,2.0,2,0.002100840336134458,1.9978991596638656,3.464285714285723,0.33193277310925295
XAUUSD,NY,2020-08-27,Thursday,2,1948.67,1936.95,11.720000000000027,long,2020-08-27 10:00:00,1909.93,2020-08-27 23:00:00,2020-08-27 23:05:00,1938.77,1933.03,1950.25,5.740000000000009,True,swing,2020-08-27 23:55:00,1940.84,end_of_day,11,0.36062717770033675,2,0.0034843205574912836,0.3571428571428455,0.41637630662022584,0.45470383275259507
XAUUSD,NY,2020-08-28,Friday,1,1952.13,1938.83,13.300000000000182,short,2020-08-28 04:25:00,1959.95,2020-08-28 06:05:00,2020-08-28 06:10:00,1950.95,1959.95,1932.95,9.0,False,extreme,2020-08-28 07:25:00,1959.95,stop,16,-1.0,2,0.0022222222222222222,-1.0022222222222221,0.31111111111110606,1.122222222222212
XAUUSD,NY,2020-08-31,Monday,1,1971.65,1954.24,17.410000000000082,short,2020-08-31 10:00:00,1972.78,2020-08-31 10:05:00,2020-08-31 10:10:00,1971.63,1972.78,1969.3300000000004,1.1499999999998636,False,extreme,2020-08-31 10:10:00,1972.78,stop,1,-1.0,2,0.01739130434782815,-1.0173913043478282,0.16521739130441487,2.121739130434884
XAUUSD,NY,2020-08-31,Monday,2,1971.65,1954.24,17.410000000000082,short,2020-08-31 10:10:00,1974.07,2020-08-31 10:20:00,2020-08-31 10:25:00,1971.08,1974.07,1965.1,2.990000000000009,False,extreme,2020-08-31 10:40:00,1965.1,target,4,2.0,2,0.006688963210702321,1.9933110367892977,2.4080267558527746,0.3511705685619327
XAUUSD,NY,2020-08-31,Monday,3,1971.65,1954.24,17.410000000000082,short,2020-08-31 12:00:00,1975.1,2020-08-31 12:45:00,2020-08-31 12:50:00,1970.48,1975.1,1961.2400000000002,4.619999999999891,False,extreme,2020-08-31 21:50:00,1975.1,stop,97,-1.0,3,0.006493506493506647,-1.0064935064935066,1.1471861471861644,1.0800865800866075
XAUUSD,NY,2020-09-01,Tuesday,1,1992.41,1982.14,10.269999999999982,long,2020-09-01 09:35:00,1979.04,2020-09-01 09:40:00,2020-09-01 09:45:00,1982.88,1979.04,1990.5600000000004,3.8400000000001455,False,extreme,2020-09-01 10:00:00,1979.04,stop,4,-1.0,2,0.005208333333333136,-1.005208333333333,0.8307291666665901,3.28645833333324
XAUUSD,NY,2020-09-02,Wednesday,1,1967.61,1956.0,11.6099999999999,short,2020-09-02 05:05:00,1971.89,2020-09-02 06:45:00,2020-09-02 06:50:00,1967.23,1971.89,1957.9099999999999,4.660000000000082,False,extreme,2020-09-02 07:25:00,1957.9099999999999,target,8,2.0,2,0.004291845493562156,1.995708154506438,2.090128755364772,0.07081545064375996
XAUUSD,NY,2020-09-02,Wednesday,2,1967.61,1956.0,11.6099999999999,short,2020-09-02 08:25:00,1968.92,2020-09-02 08:30:00,2020-09-02 08:35:00,1965.36,1968.92,1958.2399999999996,3.560000000000173,False,extreme,2020-09-02 09:15:00,1958.2399999999996,target,9,2.0,2,0.005617977528089615,1.9943820224719104,2.235955056179613,0.5084269662921587
XAUUSD,NY,2020-09-03,Thursday,1,1946.52,1927.22,19.299999999999955,long,2020-09-03 11:20:00,1921.71,2020-09-03 11:50:00,2020-09-03 11:55:00,1929.13,1921.71,1943.9700000000003,7.420000000000073,False,extreme,2020-09-03 23:55:00,1936.59,end_of_day,133,1.0053908355794792,5,0.0067385444743934654,0.9986522911050857,1.7681940700808305,0.6145552560647073
XAUUSD,NY,2020-09-04,Friday,1,1939.88,1930.73,9.150000000000091,short,2020-09-04 05:00:00,1941.66,2020-09-04 05:25:00,2020-09-04 05:30:00,1938.68,1941.66,1932.72,2.980000000000018,False,extreme,2020-09-04 08:30:00,1941.66,both_touched,37,-1.0,2,0.0067114093959731135,-1.006711409395973,3.2382550335570577,3.0167785234899176
XAUUSD,NY,2020-09-04,Friday,2,1939.88,1930.73,9.150000000000091,long,2020-09-04 08:30:00,1925.15,2020-09-04 08:45:00,2020-09-04 08:50:00,1932.37,1925.15,1946.8099999999995,7.2199999999998,False,extreme,2020-09-04 09:00:00,1925.15,stop,3,-1.0,3,0.004155124653739727,-1.0041551246537397,0.026315789473692498,1.7770083102493466
XAUUSD,NY,2020-09-04,Friday,3,1939.88,1930.73,9.150000000000091,long,2020-09-04 08:50:00,1916.36,2020-09-04 09:30:00,2020-09-04 09:35:00,1931.52,1916.36,1961.8400000000001,15.160000000000082,False,extreme,2020-09-04 16:55:00,1933.06,friday_close,89,0.10158311345646143,2,0.0013192612137203094,0.10026385224274112,0.4736147757255953,0.9399736147757205
XAUUSD,NY,2020-09-07,Monday,1,1936.78,1927.8,8.980000000000018,long,2020-09-07 06:15:00,1924.3,2020-09-07 07:00:00,2020-09-07 07:05:00,1928.0,1924.3,1935.4,3.7000000000000455,False,extreme,2020-09-07 23:20:00,1924.3,stop,136,-1.0,10,0.027027027027026695,-1.0270270270270268,1.2594594594594661,1.424324324324302
XAUUSD,NY,2020-09-08,Tuesday,1,1935.52,1923.48,12.039999999999964,long,2020-09-08 05:30:00,1906.41,2020-09-08 11:05:00,2020-09-08 11:10:00,1925.39,1906.41,1963.3500000000001,18.980000000000018,False,extreme,2020-09-08 23:55:00,1930.17,end_of_day,142,0.2518440463645926,7,0.0036880927291886166,0.248155953635404,0.8166491043203364,0.11749209694415258
XAUUSD,NY,2020-09-09,Wednesday,1,1934.38,1923.94,10.440000000000055,long,2020-09-09 06:50:00,1920.04,2020-09-09 07:20:00,2020-09-09 07:25:00,1924.57,1920.04,1933.6299999999999,4.529999999999973,False,extreme,2020-09-09 08:35:00,1933.6299999999999,target,15,2.0,4,0.008830022075055241,1.9911699779249448,2.1699779249448596,0.604856512141286
XAUUSD,NY,2020-09-09,Wednesday,2,1934.38,1923.94,10.440000000000055,short,2020-09-09 08:40:00,1936.74,2020-09-09 08:45:00,2020-09-09 08:50:00,1934.4,1936.74,1929.7200000000003,2.339999999999918,False,extreme,2020-09-09 08:50:00,1936.74,stop,1,-1.0,2,0.008547008547008846,-1.0085470085470087,0.05555555555560414,1.4188034188034413
XAUUSD,NY,2020-09-10,Thursday,1,1949.2,1942.35,6.850000000000136,short,2020-09-10 06:00:00,1950.64,2020-09-10 06:10:00,2020-09-10 06:15:00,1949.0,1950.64,1945.7199999999998,1.6400000000001,False,extreme,2020-09-10 06:55:00,1950.64,stop,9,-1.0,4,0.024390243902437537,-1.0243902439024375,0.237804878048827,1.243902439024292
XAUUSD,NY,2020-09-10,Thursday,2,1949.2,1942.35,6.850000000000136,short,2020-09-10 06:45:00,1952.76,2020-09-10 07:20:00,2020-09-10 07:25:00,1948.99,1952.76,1941.45,3.769999999999982,False,extreme,2020-09-10 08:25:00,1952.76,stop,13,-1.0,2,0.005305039787798434,-1.0053050397877985,1.045092838196306,1.2705570291777153
XAUUSD,NY,2020-09-10,Thursday,3,1949.2,1942.35,6.850000000000136,short,2020-09-10 08:15:00,1966.6,2020-09-10 14:25:00,2020-09-10 14:30:00,1947.48,1956.82,1928.8000000000002,9.339999999999918,True,swing,2020-09-10 23:55:00,1940.51,end_of_day,102,0.7462526766595383,2,0.002141327623126357,0.744111349036412,1.1017130620985067,0.5053533190578232
XAUUSD,NY,2020-09-11,Friday,1,1945.07,1937.74,7.329999999999927,short,2020-09-11 04:45:00,1946.25,2020-09-11 05:15:00,2020-09-11 05:20:00,1944.43,1946.25,1940.7900000000002,1.8199999999999363,False,extreme,2020-09-11 05:40:00,1946.25,stop,5,-1.0,9,0.049450549450551176,-1.0494505494505513,0.3131868131869141,1.0549450549450068
XAUUSD,NY,2020-09-11,Friday,2,1945.07,1937.74,7.329999999999927,short,2020-09-11 05:35:00,1947.22,2020-09-11 06:00:00,2020-09-11 06:05:00,1944.81,1947.22,1939.9899999999998,2.410000000000082,False,extreme,2020-09-11 07:05:00,1947.22,stop,13,-1.0,2,0.00829875518672171,-1.0082987551867217,0.27385892116175603,1.2531120331949706
XAUUSD,NY,2020-09-11,Friday,3,1945.07,1937.74,7.329999999999927,short,2020-09-11 06:55:00,1948.14,2020-09-11 07:30:00,2020-09-11 07:35:00,1944.83,1948.14,1938.2099999999996,3.310000000000173,False,extreme,2020-09-11 09:10:00,1948.14,stop,20,-1.0,2,0.006042296072507237,-1.0060422960725073,1.0030211480361821,1.794561933534666
XAUUSD,NY,2020-09-11,Friday,4,1945.07,1937.74,7.329999999999927,short,2020-09-11 09:05:00,1954.76,2020-09-11 12:40:00,2020-09-11 12:45:00,1943.63,1954.76,1921.3700000000003,11.129999999999882,False,extreme,2020-09-11 16:55:00,1940.2,friday_close,51,0.3081761006289398,2,0.0017969451931716274,0.30637915543576816,0.48607367475293256,0.1159029649595667
XAUUSD,NY,2020-09-14,Monday,1,1949.39,1943.28,6.110000000000127,long,2020-09-14 05:30:00,1940.68,2020-09-14 06:15:00,2020-09-14 06:20:00,1943.31,1940.68,1948.5699999999997,2.6299999999998818,False,extreme,2020-09-14 07:10:00,1940.68,stop,11,-1.0,7,0.02661596958175025,-1.0266159695817503,0.7642585551331107,1.2129277566540677
XAUUSD,NY,2020-09-14,Monday,2,1949.39,1943.28,6.110000000000127,long,2020-09-14 07:10:00,1939.93,2020-09-14 07:25:00,2020-09-14 07:30:00,1943.78,1939.93,1951.4799999999998,3.849999999999909,False,extreme,2020-09-14 08:40:00,1951.4799999999998,target,15,2.0,2,0.005194805194805318,1.9948051948051946,2.301298701298789,0.3792207792207976
XAUUSD,NY,2020-09-15,Tuesday,1,1969.3,1960.26,9.039999999999964,short,2020-09-15 06:50:00,1972.17,2020-09-15 07:10:00,2020-09-15 07:15:00,1968.39,1972.17,1960.8300000000002,3.7799999999999727,False,extreme,2020-09-15 09:45:00,1960.8300000000002,target,31,2.0,3,0.007936507936507993,1.992063492063492,2.7222222222222925,0.5767195767195376
XAUUSD,NY,2020-09-16,Wednesday,1,1966.17,1957.01,9.160000000000082,short,2020-09-16 04:10:00,1968.78,2020-09-16 04:50:00,2020-09-16 04:55:00,1965.73,1968.78,1959.63,3.0499999999999545,False,extreme,2020-09-16 08:20:00,1968.78,stop,42,-1.0,3,0.009836065573770638,-1.0098360655737706,1.3475409836066192,1.0065573770491745
XAUUSD,NY,2020-09-16,Wednesday,2,1966.17,1957.01,9.160000000000082,short,2020-09-16 08:15:00,1970.78,2020-09-16 08:45:00,2020-09-16 08:50:00,1965.48,1970.78,1954.88,5.2999999999999545,False,extreme,2020-09-16 09:05:00,1970.78,stop,4,-1.0,2,0.00377358490566041,-1.0037735849056604,0.054716981132069076,1.1773584905660495
XAUUSD,NY,2020-09-16,Wednesday,3,1966.17,1957.01,9.160000000000082,short,2020-09-16 08:50:00,1973.58,2020-09-16 09:40:00,2020-09-16 09:45:00,1964.88,1973.58,1947.4800000000005,8.699999999999818,False,extreme,2020-09-16 21:55:00,1947.4800000000005,target,135,2.0,2,0.002298850574712692,1.9977011494252872,2.089655172413844,0.609195402298858
XAUUSD,NY,2020-09-17,Thursday,1,1947.32,1937.82,9.5,short,2020-09-17 07:45:00,1948.81,2020-09-17 08:00:00,2020-09-17 08:05:00,1943.65,1948.81,1933.3300000000004,5.1599999999998545,False,extreme,2020-09-17 09:05:00,1933.3300000000004,target,13,2.0,2,0.0038759689922481712,1.996124031007752,2.071705426356658,0.5562015503875914
XAUUSD,NY,2020-09-17,Thursday,2,1947.32,1937.82,9.5,long,2020-09-17 09:05:00,1932.84,2020-09-17 09:50:00,2020-09-17 09:55:00,1940.43,1932.84,1955.6100000000004,7.5900000000001455,False,extreme,2020-09-17 23:55:00,1951.93,end_of_day,157,1.515151515151486,2,0.0026350461133069322,1.5125164690381792,1.9907773386033742,0.3583662714097464
XAUUSD,NY,2020-09-18,Friday,1,1955.2,1950.75,4.4500000000000455,short,2020-09-18 04:50:00,1956.12,2020-09-18 05:00:00,2020-09-18 05:05:00,1955.0,1956.12,1952.7600000000002,1.1199999999998909,False,extreme,2020-09-18 06:45:00,1952.7600000000002,target,21,2.0,2,0.017857142857144598,1.9821428571428554,2.4732142857145103,0.8928571428572298
XAUUSD,NY,2020-09-18,Friday,2,1955.2,1950.75,4.4500000000000455,long,2020-09-18 07:45:00,1948.81,2020-09-18 08:00:00,2020-09-18 08:05:00,1951.51,1948.81,1956.91,2.7000000000000455,False,extreme,2020-09-18 08:20:00,1948.81,stop,4,-1.0,2,0.007407407407407283,-1.0074074074074073,0.1962962962962829,1.1962962962962829
XAUUSD,NY,2020-09-18,Friday,3,1955.2,1950.75,4.4500000000000455,long,2020-09-18 08:10:00,1946.9,2020-09-18 08:40:00,2020-09-18 08:45:00,1950.77,1946.9,1958.5099999999998,3.869999999999891,False,extreme,2020-09-18 09:40:00,1946.9,stop,12,-1.0,2,0.005167958656330895,-1.005167958656331,0.5219638242894157,1.0258397932816898
XAUUSD,NY,2020-09-18,Friday,4,1955.2,1950.75,4.4500000000000455,long,2020-09-18 09:05:00,1945.08,2020-09-18 10:15:00,2020-09-18 10:20:00,1952.53,1945.08,1967.43,7.4500000000000455,False,extreme,2020-09-18 16:55:00,1950.04,friday_close,80,-0.3342281879194623,2,0.0026845637583892456,-0.33691275167785156,1.0107382550335473,0.4979865771812099
XAUUSD,NY,2020-09-22,Tuesday,1,1916.23,1894.57,21.660000000000082,short,2020-09-22 09:15:00,1917.51,2020-09-22 09:20:00,2020-09-22 09:25:00,1914.32,1917.51,1907.9399999999998,3.1900000000000546,False,extreme,2020-09-22 09:55:00,1907.9399999999998,target,7,2.0,2,0.006269592476488921,1.9937304075235112,2.326018808777341,0.9028213166144389
XAUUSD,NY,2020-09-22,Tuesday,2,1916.23,1894.57,21.660000000000082,long,2020-09-22 23:05:00,1892.89,2020-09-22 23:10:00,2020-09-22 23:15:00,1896.48,1892.89,1903.6599999999999,3.589999999999918,False,extreme,2020-09-22 23:55:00,1893.07,end_of_day,9,-0.9498607242340278,4,0.011142061281337302,-0.9610027855153651,0.32590529247913635,0.9888579387186728
XAUUSD,NY,2020-09-23,Wednesday,1,1893.08,1874.53,18.549999999999955,short,2020-09-23 06:30:00,1894.96,2020-09-23 06:35:00,2020-09-23 06:40:00,1892.46,1894.96,1887.46,2.5,False,extreme,2020-09-23 07:45:00,1887.46,target,14,2.0,2,0.008,1.992,3.223999999999978,0.6920000000000073
XAUUSD,NY,2020-09-24,Thursday,1,1861.12,1848.93,12.189999999999827,short,2020-09-24 10:00:00,1864.06,2020-09-24 10:10:00,2020-09-24 10:15:00,1859.73,1864.06,1851.0700000000002,4.329999999999927,False,extreme,2020-09-24 11:15:00,1864.06,stop,13,-1.0,2,0.004618937644341879,-1.004618937644342,1.3048498845266019,1.1685912240184828
XAUUSD,NY,2020-09-25,Friday,1,1875.17,1866.04,9.13000000000011,long,2020-09-25 05:45:00,1864.33,2020-09-25 05:55:00,2020-09-25 06:00:00,1866.25,1864.33,1870.0900000000001,1.9200000000000728,False,extreme,2020-09-25 06:00:00,1864.33,stop,1,-1.0,2,0.010416666666666272,-1.0104166666666663,0.020833333333313594,1.2708333333333135
XAUUSD,NY,2020-09-25,Friday,2,1875.17,1866.04,9.13000000000011,long,2020-09-25 06:00:00,1852.41,2020-09-25 14:15:00,2020-09-25 14:20:00,1866.44,1852.41,1894.5,14.029999999999973,False,extreme,2020-09-25 16:55:00,1860.28,friday_close,32,-0.4390591589451243,8,0.005702066999287253,-0.4447612259444116,0.022095509622234215,0.47968638631504146
XAUUSD,NY,2020-09-28,Monday,1,1863.93,1855.86,8.070000000000164,long,2020-09-28 04:20:00,1852.6,2020-09-28 04:35:00,2020-09-28 04:40:00,1856.88,1852.6,1865.4400000000005,4.2800000000002,False,extreme,2020-09-28 04:45:00,1852.6,stop,2,-1.0,2,0.004672897196261464,-1.0046728971962615,0.12149532710279382,1.9789719626167364
XAUUSD,NY,2020-09-28,Monday,2,1863.93,1855.86,8.070000000000164,long,2020-09-28 04:40:00,1848.41,2020-09-28 06:10:00,2020-09-28 06:15:00,1857.3,1848.41,1875.0799999999997,8.889999999999873,False,extreme,2020-09-28 09:30:00,1875.0799999999997,target,40,2.0,2,0.0022497187851518883,1.9977502812148482,2.0067491563555007,0.15635545556804192
XAUUSD,NY,2020-09-29,Tuesday,1,1884.66,1875.44,9.220000000000027,short,2020-09-29 05:05:00,1885.73,2020-09-29 05:10:00,2020-09-29 05:15:00,1884.54,1885.73,1882.1599999999999,1.1900000000000546,False,extreme,2020-09-29 05:25:00,1885.73,stop,3,-1.0,4,0.03361344537814972,-1.0336134453781498,0.9243697478990408,1.0336134453781192
XAUUSD,NY,2020-09-29,Tuesday,2,1884.66,1875.44,9.220000000000027,short,2020-09-29 05:20:00,1885.77,2020-09-29 05:30:00,2020-09-29 05:35:00,1883.44,1885.77,1878.7800000000002,2.3299999999999272,False,extreme,2020-09-29 05:50:00,1885.77,stop,4,-1.0,4,0.017167381974249465,-1.0171673819742495,0.025751072961350773,1.0815450643777085
XAUUSD,NY,2020-09-29,Tuesday,3,1884.66,1875.44,9.220000000000027,short,2020-09-29 05:40:00,1886.26,2020-09-29 06:10:00,2020-09-29 06:15:00,1884.47,1886.26,1880.89,1.7899999999999636,False,extreme,2020-09-29 07:00:00,1886.26,stop,10,-1.0,2,0.011173184357542127,-1.0111731843575422,1.4581005586593185,1.1508379888268085
XAUUSD,NY,2020-09-29,Tuesday,4,1884.66,1875.44,9.220000000000027,short,2020-09-29 06:55:00,1890.39,2020-09-29 08:00:00,2020-09-29 08:05:00,1883.06,1890.39,1868.3999999999996,7.330000000000155,False,extreme,2020-09-29 10:20:00,1890.39,stop,28,-1.0,2,0.0027285129604365044,-1.0027285129604364,0.783083219645278,1.238744884038194
XAUUSD,NY,2020-09-30,Wednesday,1,1892.04,1883.68,8.3599999999999,long,2020-09-30 04:50:00,1882.45,2020-09-30 04:55:00,2020-09-30 05:00:00,1883.73,1882.45,1886.29,1.2799999999999727,False,extreme,2020-09-30 05:10:00,1882.45,stop,3,-1.0,2,0.015625000000000333,-1.0156250000000004,0.32812500000006384,1.6875000000001
XAUUSD,NY,2020-09-30,Wednesday,2,1892.04,1883.68,8.3599999999999,long,2020-09-30 05:00:00,1881.36,2020-09-30 05:35:00,2020-09-30 05:40:00,1883.9,1881.36,1888.9800000000005,2.540000000000191,False,extreme,2020-09-30 08:35:00,1888.9800000000005,target,36,2.0,2,0.007874015748030904,1.9921259842519692,3.311023622046938,0.7716535433070429
XAUUSD,NY,2020-09-30,Wednesday,3,1892.04,1883.68,8.3599999999999,short,2020-09-30 08:35:00,1900.26,2020-09-30 09:30:00,2020-09-30 09:35:00,1890.98,1900.26,1872.42,9.279999999999973,False,extreme,2020-09-30 11:10:00,1900.26,stop,20,-1.0,2,0.00215517241379311,-1.0021551724137931,0.9978448275862088,1.0064655172413735
XAUUSD,NY,2020-09-30,Wednesday,4,1892.04,1883.68,8.3599999999999,short,2020-09-30 10:55:00,1902.26,2020-09-30 13:05:00,2020-09-30 13:10:00,1891.09,1902.26,1868.7499999999998,11.170000000000073,False,extreme,2020-09-30 23:55:00,1892.43,end_of_day,118,-0.11996418979410356,2,0.001790510295434187,-0.12175470008953775,0.573858549686644,0.3751119068934671
XAUUSD,NY,2020-10-01,Thursday,1,1900.27,1892.09,8.180000000000064,short,2020-10-01 07:45:00,1902.34,2020-10-01 07:50:00,2020-10-01 07:55:00,1899.91,1902.34,1895.0500000000004,2.4299999999998363,False,extreme,2020-10-01 08:20:00,1902.34,stop,6,-1.0,2,0.008230452674897673,-1.0082304526748977,1.1687242798355295,2.9588477366256427
XAUUSD,NY,2020-10-01,Thursday,2,1900.27,1892.09,8.180000000000064,short,2020-10-01 08:15:00,1909.29,2020-10-01 10:05:00,2020-10-01 10:10:00,1899.15,1909.29,1878.8700000000003,10.139999999999873,False,extreme,2020-10-01 11:15:00,1909.29,stop,14,-1.0,2,0.001972386587771228,-1.0019723865877712,0.28698224852072174,1.0108481262327542
XAUUSD,NY,2020-10-01,Thursday,3,1900.27,1892.09,8.180000000000064,short,2020-10-01 10:30:00,1911.97,2020-10-01 21:15:00,2020-10-01 21:20:00,1900.21,1911.97,1876.69,11.759999999999991,False,extreme,2020-10-01 23:55:00,1894.53,end_of_day,32,0.4829931972789174,5,0.004251700680272113,0.4787414965986453,0.7602040816326583,0.0
XAUUSD,NY,2020-10-06,Tuesday,1,1914.58,1908.13,6.449999999999818,long,2020-10-06 04:25:00,1906.62,2020-10-06 04:50:00,2020-10-06 04:55:00,1908.69,1906.62,1912.8300000000004,2.0700000000001637,False,extreme,2020-10-06 05:15:00,1912.8300000000004,target,5,2.0,2,0.009661835748791507,1.9903381642512086,2.043478260869412,0.14492753623185062
XAUUSD,NY,2020-10-06,Tuesday,2,1914.58,1908.13,6.449999999999818,short,2020-10-06 07:25:00,1919.12,2020-10-06 08:10:00,2020-10-06 08:15:00,1914.29,1919.12,1904.63,4.829999999999927,False,extreme,2020-10-06 09:25:00,1919.12,stop,15,-1.0,2,0.004140786749482464,-1.0041407867494825,0.40786749482402834,1.0020703933747863
XAUUSD,NY,2020-10-06,Tuesday,3,1914.58,1908.13,6.449999999999818,short,2020-10-06 08:45:00,1921.02,2020-10-06 09:50:00,2020-10-06 09:55:00,1912.21,1921.02,1894.5900000000001,8.809999999999945,False,extreme,2020-10-06 14:55:00,1894.5900000000001,target,61,2.0,2,0.0022701475595913877,1.9977298524404086,2.2860385925085387,0.671963677639059
XAUUSD,NY,2020-10-07,Wednesday,1,1898.05,1881.92,16.12999999999988,long,2020-10-07 10:10:00,1879.14,2020-10-07 10:20:00,2020-10-07 10:25:00,1883.31,1879.14,1891.6499999999996,4.169999999999845,False,extreme,2020-10-07 23:55:00,1885.25,end_of_day,151,0.4652278177458337,2,0.004796163069544543,0.46043165467628916,1.4124700239808916,0.5611510791366918
XAUUSD,NY,2020-10-08,Thursday,1,1895.33,1884.38,10.949999999999818,short,2020-10-08 08:15:00,1900.68,2020-10-08 09:55:00,2020-10-08 10:00:00,1894.58,1900.68,1882.3799999999997,6.100000000000136,False,extreme,2020-10-08 13:05:00,1882.3799999999997,target,38,2.0,2,0.0032786885245900906,1.9967213114754099,2.0754098360655036,0.018032786885266373
XAUUSD,NY,2020-10-08,Thursday,2,1895.33,1884.38,10.949999999999818,long,2020-10-08 13:00:00,1881.92,2020-10-08 13:20:00,2020-10-08 13:25:00,1885.56,1881.92,1892.8399999999997,3.6399999999998727,False,extreme,2020-10-08 14:55:00,1892.8399999999997,target,19,2.0,2,0.005494505494505687,1.9945054945054943,2.046703296703381,0.06043956043957005
XAUUSD,NY,2020-10-08,Thursday,3,1895.33,1884.38,10.949999999999818,short,2020-10-08 18:25:00,1896.61,2020-10-08 18:35:00,2020-10-08 18:40:00,1895.07,1896.61,1891.99,1.5399999999999636,False,extreme,2020-10-08 19:05:00,1896.61,stop,6,-1.0,2,0.012987012987013295,-1.0129870129870133,0.525974025974003,1.116883116883161
XAUUSD,NY,2020-10-08,Thursday,4,1895.33,1884.38,10.949999999999818,short,2020-10-08 18:45:00,1896.79,2020-10-08 19:40:00,2020-10-08 19:45:00,1895.28,1896.79,1892.26,1.509999999999991,False,extreme,2020-10-08 20:00:00,1896.79,stop,4,-1.0,5,0.03311258278145716,-1.0331125827814571,0.21192052980128362,1.0066225165562854
XAUUSD,NY,2020-10-09,Friday,1,1913.63,1905.72,7.910000000000082,short,2020-10-09 04:00:00,1915.42,2020-10-09 04:05:00,2020-10-09 04:10:00,1913.5,1915.42,1909.6599999999999,1.9200000000000728,False,extreme,2020-10-09 04:25:00,1915.42,stop,4,-1.0,2,0.010416666666666272,-1.0104166666666663,0.1041666666666864,1.2187499999999112
XAUUSD,NY,2020-10-09,Friday,2,1913.63,1905.72,7.910000000000082,short,2020-10-09 04:10:00,1916.55,2020-10-09 05:20:00,2020-10-09 05:25:00,1913.54,1916.55,1907.52,3.009999999999991,False,extreme,2020-10-09 06:50:00,1916.55,stop,18,-1.0,2,0.006644518272425269,-1.0066445182724253,0.5813953488372111,1.5348837209302766
XAUUSD,NY,2020-10-09,Friday,3,1913.63,1905.72,7.910000000000082,short,2020-10-09 06:25:00,1918.16,2020-10-09 07:55:00,2020-10-09 08:00:00,1913.05,1918.16,1902.8299999999997,5.110000000000127,False,extreme,2020-10-09 08:30:00,1918.16,stop,7,-1.0,2,0.003913894324853132,-1.0039138943248531,0.01956947162424786,1.1115459882583019
XAUUSD,NY,2020-10-12,Monday,1,1931.9,1923.93,7.970000000000027,long,2020-10-12 04:35:00,1918.35,2020-10-12 07:50:00,2020-10-12 07:55:00,1924.5,1918.35,1936.8000000000002,6.150000000000091,False,extreme,2020-10-12 21:00:00,1918.35,stop,146,-1.0,2,0.003252032520325155,-1.0032520325203251,0.6422764227642256,1.133333333333321
XAUUSD,NY,2020-10-13,Tuesday,1,1920.7,1910.29,10.410000000000082,short,2020-10-13 04:25:00,1925.1,2020-10-13 06:00:00,2020-10-13 06:05:00,1920.7,1925.1,1911.9000000000003,4.399999999999864,False,extreme,2020-10-13 08:55:00,1911.9000000000003,target,35,2.0,2,0.004545454545454687,1.9954545454545454,2.609090909090994,0.7704545454545404
XAUUSD,NY,2020-10-14,Wednesday,1,1897.96,1892.52,5.440000000000055,short,2020-10-14 04:30:00,1900.44,2020-10-14 05:10:00,2020-10-14 05:15:00,1897.56,1900.44,1891.7999999999997,2.880000000000109,False,extreme,2020-10-14 07:05:00,1900.44,stop,23,-1.0,2,0.006944444444444181,-1.0069444444444442,1.0972222222221302,1.1111111111110847
XAUUSD,NY,2020-10-14,Wednesday,2,1897.96,1892.52,5.440000000000055,short,2020-10-14 06:25:00,1912.94,2020-10-14 19:45:00,2020-10-14 19:50:00,1897.92,1900.39,1892.98,2.4700000000000273,True,swing,2020-10-14 21:00:00,1892.98,target,15,2.0,2,0.008097165991902744,1.9919028340080973,2.4008097165991895,0.9797570850201694
XAUUSD,NY,2020-10-14,Wednesday,3,1897.96,1892.52,5.440000000000055,short,2020-10-14 22:05:00,1898.43,2020-10-14 22:10:00,2020-10-14 22:15:00,1897.46,1898.43,1895.52,0.9700000000000273,False,extreme,2020-10-14 22:50:00,1895.52,target,8,2.0,2,0.020618556701030348,1.9793814432989696,4.010309278350506,0.6288659793813225
XAUUSD,NY,2020-10-15,Thursday,1,1903.69,1896.0,7.690000000000055,long,2020-10-15 04:30:00,1894.76,2020-10-15 04:35:00,2020-10-15 04:40:00,1897.22,1894.76,1902.14,2.4600000000000364,False,extreme,2020-10-15 04:45:00,1894.76,stop,2,-1.0,2,0.008130081300812888,-1.008130081300813,0.040650406504027466,1.292682926829275
XAUUSD,NY,2020-10-15,Thursday,2,1903.69,1896.0,7.690000000000055,long,2020-10-15 04:40:00,1889.82,2020-10-15 05:55:00,2020-10-15 06:00:00,1896.71,1889.82,1910.4900000000002,6.8900000000001,False,extreme,2020-10-15 08:15:00,1889.82,stop,28,-1.0,2,0.0029027576197387097,-1.0029027576197387,0.1291727140783541,1.0319303338171297
XAUUSD,NY,2020-10-15,Thursday,3,1903.69,1896.0,7.690000000000055,long,2020-10-15 07:35:00,1889.6,2020-10-15 08:35:00,2020-10-15 08:40:00,1896.44,1889.6,1910.1200000000003,6.8400000000001455,False,extreme,2020-10-15 21:00:00,1910.1200000000003,target,137,2.0,2,0.0029239766081870723,1.997076023391813,2.042397660818674,0.7046783625731083
XAUUSD,NY,2020-10-16,Friday,1,1909.88,1902.89,6.990000000000009,short,2020-10-16 04:00:00,1910.51,2020-10-16 04:05:00,2020-10-16 04:10:00,1908.9,1910.51,1905.6800000000003,1.6099999999999,False,extreme,2020-10-16 04:30:00,1910.51,stop,5,-1.0,2,0.012422360248447978,-1.012422360248448,0.1987577639752693,1.4472049689441442
XAUUSD,NY,2020-10-16,Friday,2,1909.88,1902.89,6.990000000000009,short,2020-10-16 04:30:00,1912.58,2020-10-16 05:10:00,2020-10-16 05:15:00,1909.5,1912.58,1903.3400000000001,3.0799999999999272,False,extreme,2020-10-16 08:10:00,1912.58,stop,36,-1.0,2,0.0064935064935066475,-1.0064935064935066,1.1655844155844166,1.1266233766234122
XAUUSD,NY,2020-10-16,Friday,3,1909.88,1902.89,6.990000000000009,short,2020-10-16 08:05:00,1913.94,2020-10-16 08:30:00,2020-10-16 08:35:00,1909.26,1913.94,1899.8999999999999,4.680000000000064,False,extreme,2020-10-16 10:45:00,1899.8999999999999,target,27,2.0,2,0.004273504273504216,1.9957264957264957,2.0619658119658033,0.2820512820512646
XAUUSD,NY,2020-10-16,Friday,4,1909.88,1902.89,6.990000000000009,long,2020-10-16 10:45:00,1898.84,2020-10-16 11:10:00,2020-10-16 11:15:00,1903.25,1898.84,1912.0700000000002,4.410000000000082,False,extreme,2020-10-16 11:20:00,1898.84,stop,2,-1.0,2,0.004535147392290165,-1.00453514739229,0.0,1.2358276643990804
XAUUSD,NY,2020-10-16,Friday,5,1909.88,1902.89,6.990000000000009,long,2020-10-16 11:15:00,1897.8,2020-10-16 12:50:00,2020-10-16 12:55:00,1903.14,1897.8,1913.8200000000004,5.3400000000001455,False,extreme,2020-10-16 16:55:00,1898.62,friday_close,49,-0.8464419475655591,2,0.0037453183520598232,-0.850187265917619,0.24344569288388,0.9831460674157035
XAUUSD,NY,2020-10-19,Monday,1,1911.83,1900.25,11.579999999999927,short,2020-10-19 06:05:00,1912.64,2020-10-19 06:10:00,2020-10-19 06:15:00,1911.73,1912.64,1909.9099999999999,0.9100000000000819,False,extreme,2020-10-19 06:25:00,1912.64,stop,3,-1.0,2,0.021978021978020002,-1.02197802197802,0.07692307692300004,2.05494505494475
XAUUSD,NY,2020-10-19,Monday,2,1911.83,1900.25,11.579999999999927,short,2020-10-19 06:20:00,1913.6,2020-10-19 06:40:00,2020-10-19 06:45:00,1911.49,1913.6,1907.2700000000002,2.1099999999999,False,extreme,2020-10-19 06:50:00,1913.6,stop,2,-1.0,3,0.01421800947867366,-1.0142180094786737,0.2274881516587872,1.1658767772512573
XAUUSD,NY,2020-10-19,Monday,3,1911.83,1900.25,11.579999999999927,short,2020-10-19 06:45:00,1913.95,2020-10-19 07:45:00,2020-10-19 07:50:00,1911.64,1913.95,1907.0200000000002,2.3099999999999454,False,extreme,2020-10-19 08:05:00,1913.95,stop,4,-1.0,3,0.012987012987013293,-1.0129870129870133,0.07359307359310682,1.502164502164451
XAUUSD,NY,2020-10-19,Monday,4,1911.83,1900.25,11.579999999999927,short,2020-10-19 07:50:00,1918.48,2020-10-19 08:50:00,2020-10-19 08:55:00,1909.9,1918.48,1892.7400000000002,8.579999999999927,False,extreme,2020-10-19 23:55:00,1901.04,end_of_day,169,1.0326340326340562,2,0.002331002331002351,1.0303030303030538,1.7832167832168195,0.2948717948717942
XAUUSD,NY,2020-10-20,Tuesday,1,1904.11,1898.79,5.319999999999936,short,2020-10-20 05:10:00,1908.15,2020-10-20 07:40:00,2020-10-20 07:45:00,1903.65,1908.15,1894.65,4.5,False,extreme,2020-10-20 10:45:00,1908.15,stop,37,-1.0,2,0.0044444444444444444,-1.0044444444444445,1.3555555555555858,1.4288888888888525
XAUUSD,NY,2020-10-21,Wednesday,1,1920.93,1914.93,6.0,short,2020-10-21 04:00:00,1922.81,2020-10-21 04:20:00,2020-10-21 04:25:00,1919.61,1922.81,1913.2099999999998,3.2000000000000455,False,extreme,2020-10-21 08:20:00,1922.81,stop,48,-1.0,2,0.006249999999999911,-1.0062499999999999,1.593749999999949,1.1031250000000468
XAUUSD,NY,2020-10-21,Wednesday,2,1920.93,1914.93,6.0,short,2020-10-21 08:20:00,1931.38,2020-10-21 20:00:00,2020-10-21 20:05:00,1920.68,1931.38,1899.28,10.700000000000045,False,extreme,2020-10-21 23:55:00,1913.71,end_of_day,47,0.6514018691588783,4,0.00373831775700933,0.647663551401869,0.9261682242990691,0.14579439252335877
XAUUSD,NY,2020-10-23,Friday,1,1909.31,1902.65,6.6599999999998545,short,2020-10-23 04:15:00,1912.23,2020-10-23 05:45:00,2020-10-23 05:50:00,1909.24,1912.23,1903.26,2.990000000000009,False,extreme,2020-10-23 07:35:00,1912.23,stop,22,-1.0,3,0.01003344481605348,-1.0100334448160535,0.2842809364548182,1.2040133779263873
XAUUSD,NY,2020-10-23,Friday,2,1909.31,1902.65,6.6599999999998545,short,2020-10-23 06:20:00,1914.2,2020-10-23 09:15:00,2020-10-23 09:20:00,1908.65,1914.2,1897.5500000000002,5.5499999999999545,False,extreme,2020-10-23 10:45:00,1897.5500000000002,target,18,2.0,2,0.003603603603603633,1.9963963963963964,2.3621621621622046,0.24144144144142868
XAUUSD,NY,2020-10-23,Friday,3,1909.31,1902.65,6.6599999999998545,long,2020-10-23 10:20:00,1894.28,2020-10-23 13:05:00,2020-10-23 13:10:00,1902.73,1894.28,1919.63,8.450000000000045,False,extreme,2020-10-23 16:55:00,1901.67,friday_close,46,-0.1254437869822414,2,0.0023668639053254312,-0.12781065088756682,0.3325443786982166,0.18579881656803882
XAUUSD,NY,2020-10-26,Monday,1,1902.1,1894.9,7.199999999999818,short,2020-10-26 05:50:00,1904.72,2020-10-26 06:25:00,2020-10-26 06:30:00,1901.6,1904.72,1895.3599999999997,3.1200000000001182,False,extreme,2020-10-26 06:50:00,1904.72,stop,5,-1.0,3,0.00961538461538425,-1.0096153846153844,0.1314102564102048,1.1698717948717796
XAUUSD,NY,2020-10-26,Monday,2,1902.1,1894.9,7.199999999999818,short,2020-10-26 06:30:00,1905.46,2020-10-26 08:10:00,2020-10-26 08:15:00,1901.27,1905.46,1892.8899999999999,4.190000000000055,False,extreme,2020-10-26 08:25:00,1905.46,stop,3,-1.0,2,0.004773269689737408,-1.0047732696897373,0.0286396181383984,1.0143198090691992
XAUUSD,NY,2020-10-26,Monday,3,1902.1,1894.9,7.199999999999818,short,2020-10-26 08:15:00,1906.18,2020-10-26 08:45:00,2020-10-26 08:50:00,1901.9,1906.18,1893.3400000000001,4.279999999999973,False,extreme,2020-10-26 09:55:00,1906.18,stop,14,-1.0,2,0.004672897196261712,-1.0046728971962617,0.45093457943927007,1.1261682242990578
XAUUSD,NY,2020-10-26,Monday,4,1902.1,1894.9,7.199999999999818,short,2020-10-26 09:25:00,1908.62,2020-10-26 11:00:00,2020-10-26 11:05:00,1900.3,1908.62,1883.66,8.319999999999936,False,extreme,2020-10-26 22:10:00,1908.62,stop,122,-1.0,2,0.002403846153846172,-1.0024038461538463,0.07812499999998421,1.1105769230769327
XAUUSD,NY,2020-10-27,Tuesday,1,1910.41,1903.25,7.160000000000082,long,2020-10-27 04:10:00,1897.81,2020-10-27 08:15:00,2020-10-27 08:20:00,1903.56,1897.81,1915.06,5.75,False,extreme,2020-10-27 23:55:00,1906.8,end_of_day,176,0.5634782608695668,2,0.0034782608695652175,0.5600000000000015,1.356521739130427,0.4852173913043415
XAUUSD,NY,2020-10-29,Thursday,1,1884.97,1880.39,4.579999999999927,long,2020-10-29 04:05:00,1877.16,2020-10-29 05:25:00,2020-10-29 05:30:00,1880.41,1877.16,1886.91,3.25,False,extreme,2020-10-29 05:55:00,1877.16,stop,6,-1.0,2,0.006153846153846154,-1.0061538461538462,0.15384615384615385,1.0676923076923162
XAUUSD,NY,2020-10-30,Friday,1,1877.1,1866.68,10.419999999999845,short,2020-10-30 07:55:00,1880.53,2020-10-30 08:15:00,2020-10-30 08:20:00,1876.94,1880.53,1869.7600000000002,3.589999999999918,False,extreme,2020-10-30 08:20:00,1880.53,stop,1,-1.0,2,0.005571030640668651,-1.0055710306406687,0.11699164345406193,1.1504178272980434
XAUUSD,NY,2020-10-30,Friday,2,1877.1,1866.68,10.419999999999845,short,2020-10-30 08:20:00,1889.81,2020-10-30 11:30:00,2020-10-30 11:35:00,1876.83,1889.81,1850.87,12.980000000000018,False,extreme,2020-10-30 16:55:00,1878.38,friday_close,65,-0.11941448382127733,2,0.0015408320493066235,-0.12095531587058395,0.16409861325114627,0.4553158705701135
XAUUSD,NY,2020-11-02,Monday,1,1886.79,1880.36,6.430000000000064,short,2020-11-02 04:05:00,1887.64,2020-11-02 04:15:00,2020-11-02 04:20:00,1885.6,1887.64,1881.5199999999995,2.040000000000191,False,extreme,2020-11-02 04:30:00,1887.64,stop,3,-1.0,4,0.019607843137253066,-1.019607843137253,0.0,1.5637254901959587
XAUUSD,NY,2020-11-02,Monday,2,1886.79,1880.36,6.430000000000064,short,2020-11-02 04:30:00,1890.59,2020-11-02 05:25:00,2020-11-02 05:30:00,1886.69,1890.59,1878.8900000000003,3.8999999999998636,False,extreme,2020-11-02 07:10:00,1890.59,stop,21,-1.0,2,0.005128205128205308,-1.0051282051282053,0.08461538461542722,1.3153846153846311
XAUUSD,NY,2020-11-03,Tuesday,1,1896.02,1886.95,9.069999999999936,short,2020-11-03 04:05:00,1916.43,2020-11-03 21:20:00,2020-11-03 21:25:00,1893.33,1904.14,1871.7099999999996,10.810000000000173,True,swing,2020-11-03 23:55:00,1898.86,end_of_day,31,-0.5115633672525333,3,0.0027752081406105015,-0.5143385753931438,0.9528214616096012,0.9435707678075747
XAUUSD,NY,2020-11-04,Wednesday,1,1903.04,1887.93,15.1099999999999,long,2020-11-04 05:35:00,1887.04,2020-11-04 05:40:00,2020-11-04 05:45:00,1887.98,1887.04,1889.8600000000001,0.9400000000000546,False,extreme,2020-11-04 05:55:00,1889.8600000000001,target,3,2.0,2,0.021276595744679615,1.9787234042553203,2.2765957446805833,0.08510638297864107
XAUUSD,NY,2020-11-04,Wednesday,2,1903.04,1887.93,15.1099999999999,short,2020-11-04 07:10:00,1912.21,2020-11-04 09:35:00,2020-11-04 09:40:00,1902.16,1912.21,1882.0600000000002,10.049999999999955,False,extreme,2020-11-04 23:55:00,1906.25,end_of_day,160,-0.4069651741293469,2,0.00199004975124379,-0.4089552238805907,0.8925373134328426,0.7552238805970102
XAUUSD,NY,2020-11-05,Thursday,1,1918.4,1905.5,12.900000000000091,short,2020-11-05 04:10:00,1919.07,2020-11-05 04:15:00,2020-11-05 04:20:00,1917.72,1919.07,1915.0200000000002,1.349999999999909,False,extreme,2020-11-05 04:40:00,1919.07,stop,5,-1.0,2,0.014814814814815813,-1.0148148148148157,1.3407407407407907,1.1333333333333895
XAUUSD,NY,2020-11-05,Thursday,2,1918.4,1905.5,12.900000000000091,short,2020-11-05 05:15:00,1919.15,2020-11-05 05:25:00,2020-11-05 05:30:00,1917.24,1919.15,1913.4199999999998,1.9100000000000819,False,extreme,2020-11-05 06:35:00,1919.15,stop,14,-1.0,2,0.010471204188481227,-1.0104712041884811,1.3717277486911026,1.0261780104711793
XAUUSD,NY,2020-11-05,Thursday,3,1918.4,1905.5,12.900000000000091,short,2020-11-05 06:40:00,1920.8,2020-11-05 07:00:00,2020-11-05 07:05:00,1917.55,1920.8,1911.05,3.25,False,extreme,2020-11-05 07:20:00,1920.8,stop,4,-1.0,2,0.006153846153846154,-1.0061538461538462,0.03692307692304334,1.1415384615384727
XAUUSD,NY,2020-11-06,Friday,1,1950.74,1936.35,14.3900000000001,short,2020-11-06 05:45:00,1958.1,2020-11-06 07:35:00,2020-11-06 07:40:00,1950.56,1958.1,1935.48,7.539999999999964,False,extreme,2020-11-06 08:35:00,1958.1,stop,12,-1.0,2,0.002652519893899217,-1.0026525198938991,0.33421750663129896,1.1843501326260089
XAUUSD,NY,2020-11-06,Friday,2,1950.74,1936.35,14.3900000000001,short,2020-11-06 08:00:00,1960.36,2020-11-06 09:30:00,2020-11-06 09:35:00,1947.59,1960.36,1922.05,12.769999999999982,False,extreme,2020-11-06 16:55:00,1951.23,friday_close,89,-0.28504306969460497,2,0.0015661707126076764,-0.28660924040721264,0.5011746280344458,0.5990602975724434
XAUUSD,NY,2020-11-09,Monday,1,1965.51,1953.52,11.990000000000009,long,2020-11-09 06:30:00,1952.15,2020-11-09 06:40:00,2020-11-09 06:45:00,1953.87,1952.15,1957.3099999999995,1.7199999999998,False,extreme,2020-11-09 06:45:00,1952.15,stop,1,-1.0,2,0.011627906976745539,-1.0116279069767455,1.959302325581692,5.453488372093589
XAUUSD,NY,2020-11-10,Tuesday,1,1890.39,1878.86,11.5300000000002,long,2020-11-10 04:50:00,1875.16,2020-11-10 04:55:00,2020-11-10 05:00:00,1878.75,1875.16,1885.9299999999998,3.589999999999918,False,extreme,2020-11-10 05:05:00,1875.16,stop,2,-1.0,2,0.005571030640668651,-1.0055710306406687,0.08356545961001709,1.2534818941504464
XAUUSD,NY,2020-11-10,Tuesday,2,1890.39,1878.86,11.5300000000002,long,2020-11-10 05:00:00,1867.44,2020-11-10 06:35:00,2020-11-10 06:40:00,1879.55,1867.44,1903.7699999999998,12.1099999999999,False,extreme,2020-11-10 23:55:00,1880.03,end_of_day,196,0.03963666391412239,2,0.0016515276630883703,0.03798513625103402,0.4748142031379065,0.6226259289843127
XAUUSD,NY,2020-11-11,Wednesday,1,1884.47,1874.6,9.870000000000118,long,2020-11-11 06:10:00,1869.92,2020-11-11 06:45:00,2020-11-11 06:50:00,1874.68,1869.92,1884.2,4.759999999999991,False,extreme,2020-11-11 08:20:00,1869.92,stop,19,-1.0,2,0.004201680672268916,-1.004201680672269,0.890756302521012,1.2647058823529398
XAUUSD,NY,2020-11-13,Friday,1,1880.92,1876.59,4.330000000000155,long,2020-11-13 04:10:00,1875.82,2020-11-13 04:15:00,2020-11-13 04:20:00,1877.42,1875.82,1880.6200000000003,1.6000000000001364,False,extreme,2020-11-13 04:25:00,1875.82,stop,2,-1.0,2,0.012499999999998934,-1.0124999999999988,0.31249999999997335,1.031249999999969
XAUUSD,NY,2020-11-16,Monday,1,1895.76,1887.51,8.25,long,2020-11-16 06:50:00,1864.5,2020-11-16 09:05:00,2020-11-16 09:10:00,1887.55,1874.01,1914.6299999999999,13.539999999999964,True,swing,2020-11-16 23:55:00,1888.58,end_of_day,166,0.0760709010339716,2,0.0014771048744460897,0.07459379615952551,0.625553914327921,0.1735598227474088
XAUUSD,NY,2020-11-17,Tuesday,1,1892.02,1884.25,7.769999999999982,short,2020-11-17 04:05:00,1892.72,2020-11-17 04:15:00,2020-11-17 04:20:00,1891.75,1892.72,1889.81,0.9700000000000273,False,extreme,2020-11-17 04:40:00,1889.81,target,5,2.0,2,0.020618556701030348,1.9793814432989696,2.0824742268040466,0.6185567010308167
XAUUSD,NY,2020-11-17,Tuesday,2,1892.02,1884.25,7.769999999999982,short,2020-11-17 08:45:00,1893.44,2020-11-17 08:50:00,2020-11-17 08:55:00,1891.56,1893.44,1887.7999999999997,1.8800000000001091,False,extreme,2020-11-17 09:20:00,1887.7999999999997,target,6,2.0,2,0.010638297872339808,1.9893617021276602,2.7606382978722093,0.4042553191489079
XAUUSD,NY,2020-11-18,Wednesday,1,1884.84,1876.58,8.259999999999991,long,2020-11-18 05:25:00,1875.57,2020-11-18 05:30:00,2020-11-18 05:35:00,1877.2,1875.57,1880.4600000000003,1.6300000000001091,False,extreme,2020-11-18 05:40:00,1875.57,stop,2,-1.0,2,0.012269938650305926,-1.012269938650306,0.24539877300603485,3.435582822085743
XAUUSD,NY,2020-11-18,Wednesday,2,1884.84,1876.58,8.259999999999991,long,2020-11-18 05:35:00,1863.76,2020-11-18 09:00:00,2020-11-18 09:05:00,1877.07,1863.76,1903.6899999999998,13.309999999999945,False,extreme,2020-11-18 23:55:00,1866.86,end_of_day,167,-0.7670924117205168,2,0.0015026296018031617,-0.7685950413223199,0.583020285499626,0.8279489105935407
XAUUSD,NY,2020-11-19,Thursday,1,1868.35,1855.73,12.61999999999989,long,2020-11-19 08:35:00,1852.72,2020-11-19 08:45:00,2020-11-19 08:50:00,1856.74,1852.72,1864.78,4.019999999999982,False,extreme,2020-11-19 13:00:00,1864.78,target,51,2.0,2,0.004975124378109475,1.9950248756218905,2.1318407960198944,0.2363184079602114
XAUUSD,NY,2020-11-23,Monday,1,1876.12,1868.61,7.509999999999991,long,2020-11-23 04:40:00,1866.69,2020-11-23 04:45:00,2020-11-23 04:50:00,1869.06,1866.69,1873.7999999999997,2.369999999999891,False,extreme,2020-11-23 05:30:00,1866.69,stop,9,-1.0,2,0.008438818565401233,-1.0084388185654012,0.3459915611815196,1.8776371308017934
XAUUSD,NY,2020-11-23,Monday,2,1876.12,1868.61,7.509999999999991,long,2020-11-23 05:25:00,1863.47,2020-11-23 07:20:00,2020-11-23 07:25:00,1868.72,1863.47,1879.22,5.25,False,extreme,2020-11-23 08:25:00,1863.47,stop,13,-1.0,2,0.0038095238095238095,-1.0038095238095237,0.07809523809525369,1.18476190476191
XAUUSD,NY,2020-11-25,Wednesday,1,1815.2,1802.68,12.519999999999982,short,2020-11-25 08:30:00,1816.67,2020-11-25 08:40:00,2020-11-25 08:45:00,1813.46,1816.67,1807.04,3.2100000000000364,False,extreme,2020-11-25 09:45:00,1816.67,stop,13,-1.0,2,0.006230529595015506,-1.0062305295950156,0.9252336448598111,1.3302180685358047
XAUUSD,NY,2020-11-25,Wednesday,2,1815.2,1802.68,12.519999999999982,short,2020-11-25 09:45:00,1817.73,2020-11-25 09:50:00,2020-11-25 09:55:00,1814.34,1817.73,1807.5599999999997,3.3900000000001,False,extreme,2020-11-25 13:25:00,1807.5599999999997,target,43,2.0,5,0.014749262536872722,1.9852507374631272,2.1356932153391726,0.07079646017699175
XAUUSD,NY,2020-11-30,Monday,1,1783.75,1765.38,18.36999999999989,short,2020-11-30 12:05:00,1784.49,2020-11-30 12:15:00,2020-11-30 12:20:00,1782.62,1784.49,1778.8799999999997,1.8700000000001182,False,extreme,2020-11-30 12:45:00,1778.8799999999997,target,6,2.0,2,0.010695187165774726,1.9893048128342252,2.6363636363633822,0.3208556149733147
XAUUSD,NY,2020-12-02,Wednesday,1,1826.4,1807.46,18.940000000000055,short,2020-12-02 04:50:00,1827.27,2020-12-02 04:55:00,2020-12-02 05:00:00,1825.05,1827.27,1820.61,2.2200000000000273,False,extreme,2020-12-02 05:20:00,1827.27,stop,5,-1.0,2,0.009009009009008898,-1.009009009009009,0.47297297297294666,1.9909909909909993
XAUUSD,NY,2020-12-02,Wednesday,2,1826.4,1807.46,18.940000000000055,short,2020-12-02 05:20:00,1832.41,2020-12-02 06:55:00,2020-12-02 07:00:00,1825.67,1832.41,1812.19,6.740000000000009,False,extreme,2020-12-02 22:15:00,1832.41,stop,172,-1.0,0,0.0,-1.0,1.9213649851632089,1.149851632047476
XAUUSD,NY,2020-12-03,Thursday,1,1843.51,1830.59,12.920000000000073,long,2020-12-03 11:00:00,1823.76,2020-12-03 11:30:00,2020-12-03 11:35:00,1831.29,1823.76,1846.35,7.529999999999973,False,extreme,2020-12-03 23:55:00,1840.75,end_of_day,137,1.2563081009296242,3,0.003984063745019935,1.2523240371846043,1.7954847277556483,0.1288180610889815
XAUUSD,NY,2020-12-04,Friday,1,1844.24,1837.82,6.420000000000073,long,2020-12-04 08:45:00,1835.34,2020-12-04 08:50:00,2020-12-04 08:55:00,1837.95,1835.34,1843.1700000000003,2.6100000000001273,False,extreme,2020-12-04 09:10:00,1843.1700000000003,target,4,2.0,0,0.0,2.0,2.011494252873465,0.3639846743295016
XAUUSD,NY,2020-12-04,Friday,2,1844.24,1837.82,6.420000000000073,short,2020-12-04 09:15:00,1848.23,2020-12-04 09:20:00,2020-12-04 09:25:00,1843.4,1848.23,1833.7400000000002,4.829999999999927,False,extreme,2020-12-04 10:25:00,1833.7400000000002,target,13,2.0,0,0.0,2.0,2.0269151138717056,0.8136645962732703
XAUUSD,NY,2020-12-04,Friday,3,1844.24,1837.82,6.420000000000073,long,2020-12-04 10:15:00,1829.16,2020-12-04 16:20:00,2020-12-04 16:25:00,1838.1,1829.16,1855.9799999999996,8.939999999999827,False,extreme,2020-12-04 16:55:00,1838.84,friday_close,7,0.08277404921700486,5,0.005592841163311071,0.07718120805369379,0.11856823266221402,0.06935123042504505
XAUUSD,NY,2020-12-08,Tuesday,1,1870.73,1861.3,9.430000000000064,long,2020-12-08 06:05:00,1860.23,2020-12-08 06:10:00,2020-12-08 06:15:00,1862.39,1860.23,1866.7100000000003,2.160000000000082,False,extreme,2020-12-08 08:20:00,1866.7100000000003,target,26,2.0,1,0.004629629629629454,1.9953703703703705,2.7916666666665484,0.981481481481499
XAUUSD,NY,2020-12-08,Tuesday,2,1870.73,1861.3,9.430000000000064,short,2020-12-08 08:50:00,1872.62,2020-12-08 08:55:00,2020-12-08 09:00:00,1864.74,1872.62,1848.9800000000002,7.879999999999882,False,extreme,2020-12-08 09:30:00,1872.62,stop,7,-1.0,1,0.0012690355329949428,-1.001269035532995,0.0,1.0494923857868155
XAUUSD,NY,2020-12-08,Tuesday,3,1870.73,1861.3,9.430000000000064,short,2020-12-08 09:25:00,1875.29,2020-12-08 09:50:00,2020-12-08 09:55:00,1870.07,1875.29,1859.6299999999999,5.220000000000027,False,extreme,2020-12-08 23:00:00,1859.6299999999999,target,146,2.0,0,0.0,2.0,2.2796934865900003,0.6417624521073024
XAUUSD,NY,2020-12-09,Wednesday,1,1865.35,1857.74,7.6099999999999,long,2020-12-09 05:20:00,1856.04,2020-12-09 05:25:00,2020-12-09 05:30:00,1857.91,1856.04,1861.6500000000003,1.8700000000001182,False,extreme,2020-12-09 06:40:00,1856.04,stop,15,-1.0,5,0.026737967914436812,-1.0267379679144368,1.5508021390372622,2.7860962566843352
XAUUSD,NY,2020-12-09,Wednesday,2,1865.35,1857.74,7.6099999999999,long,2020-12-09 06:35:00,1851.51,2020-12-09 07:10:00,2020-12-09 07:15:00,1857.79,1851.51,1870.35,6.279999999999973,False,extreme,2020-12-09 09:35:00,1851.51,stop,29,-1.0,7,0.011146496815286674,-1.0111464968152866,1.014331210191106,1.3343949044585857
XAUUSD,NY,2020-12-10,Thursday,1,1841.56,1831.75,9.809999999999945,long,2020-12-10 04:10:00,1828.65,2020-12-10 04:15:00,2020-12-10 04:20:00,1832.29,1828.65,1839.5699999999997,3.6399999999998727,False,extreme,2020-12-10 08:05:00,1839.5699999999997,target,46,2.0,0,0.0,2.0,2.054945054945132,0.7829670329670354
XAUUSD,NY,2020-12-10,Thursday,2,1841.56,1831.75,9.809999999999945,short,2020-12-10 08:35:00,1850.01,2020-12-10 10:20:00,2020-12-10 10:25:00,1841.02,1850.01,1823.04,8.990000000000009,False,extreme,2020-12-10 23:55:00,1837.54,end_of_day,151,0.38709677419355004,0,0.0,0.38709677419355004,1.2024471635150094,0.08453837597330258
XAUUSD,NY,2020-12-11,Friday,1,1838.65,1831.55,7.100000000000136,long,2020-12-11 06:00:00,1824.01,2020-12-11 06:35:00,2020-12-11 06:40:00,1831.87,1824.01,1847.5899999999997,7.8599999999999,False,extreme,2020-12-11 10:20:00,1847.5899999999997,target,45,2.0,2,0.0025445292620865463,1.9974554707379135,2.0152671755725633,0.31679389312974726
XAUUSD,NY,2020-12-11,Friday,2,1838.65,1831.55,7.100000000000136,short,2020-12-11 09:50:00,1847.71,2020-12-11 14:40:00,2020-12-11 14:45:00,1838.6,1847.71,1820.3799999999997,9.110000000000127,False,extreme,2020-12-11 16:55:00,1839.55,friday_close,27,-0.1042810098792571,1,0.0010976948408342327,-0.10537870472009134,0.08452250274423392,0.17124039517015927
XAUUSD,NY,2020-12-14,Monday,1,1835.83,1826.28,9.549999999999955,long,2020-12-14 04:05:00,1825.41,2020-12-14 04:15:00,2020-12-14 04:20:00,1827.04,1825.41,1830.2999999999997,1.6299999999998818,False,extreme,2020-12-14 04:20:00,1830.2999999999997,target,1,2.0,1,0.006134969325153819,1.9938650306748462,2.0000000000001394,0.030674846625741197
XAUUSD,NY,2020-12-14,Monday,2,1835.83,1826.28,9.549999999999955,long,2020-12-14 05:25:00,1819.51,2020-12-14 06:35:00,2020-12-14 06:40:00,1828.0,1819.51,1844.98,8.490000000000009,False,extreme,2020-12-14 23:55:00,1835.76,end_of_day,196,0.9140164899882194,1,0.001177856301531212,0.9128386336866882,1.2991755005889236,0.6843345111896277
XAUUSD,NY,2020-12-15,Tuesday,1,1847.51,1834.98,12.529999999999973,short,2020-12-15 08:10:00,1855.39,2020-12-15 11:05:00,2020-12-15 11:10:00,1846.0,1855.39,1827.2199999999998,9.3900000000001,False,extreme,2020-12-15 21:30:00,1855.39,stop,113,-1.0,2,0.002129925452609136,-1.002129925452609,0.0820021299254498,1.1416400425984998
XAUUSD,NY,2020-12-16,Wednesday,1,1862.64,1853.11,9.5300000000002,short,2020-12-16 04:20:00,1865.41,2020-12-16 05:15:00,2020-12-16 05:20:00,1862.06,1865.41,1855.3599999999997,3.3500000000001364,False,extreme,2020-12-16 06:15:00,1865.41,stop,12,-1.0,7,0.020895522388058852,-1.020895522388059,0.28358208955224085,1.104477611940267
XAUUSD,NY,2020-12-16,Wednesday,2,1862.64,1853.11,9.5300000000002,short,2020-12-16 05:40:00,1865.76,2020-12-16 06:55:00,2020-12-16 07:00:00,1862.14,1865.76,1854.9000000000003,3.619999999999891,False,extreme,2020-12-16 08:15:00,1854.9000000000003,target,16,2.0,6,0.016574585635359615,1.9834254143646404,2.207182320442058,0.024861878453016812
XAUUSD,NY,2020-12-16,Wednesday,3,1862.64,1853.11,9.5300000000002,long,2020-12-16 08:20:00,1849.31,2020-12-16 08:25:00,2020-12-16 08:30:00,1853.65,1849.31,1862.3300000000004,4.3400000000001455,False,extreme,2020-12-16 14:10:00,1849.31,stop,69,-1.0,5,0.011520737327188554,-1.0115207373271886,1.1589861751151622,1.2004608294930557
XAUUSD,NY,2020-12-16,Wednesday,4,1862.64,1853.11,9.5300000000002,long,2020-12-16 14:10:00,1844.74,2020-12-16 14:35:00,2020-12-16 14:40:00,1853.35,1844.74,1870.5699999999997,8.6099999999999,False,extreme,2020-12-16 23:55:00,1868.32,end_of_day,100,1.7386759581881768,1,0.0011614401858304432,1.7375145180023464,1.7688734030197673,0.09639953542391834
XAUUSD,NY,2020-12-17,Thursday,1,1883.14,1866.13,17.00999999999999,short,2020-12-17 08:35:00,1896.21,2020-12-17 13:50:00,2020-12-17 13:55:00,1883.01,1896.21,1856.61,13.200000000000045,False,extreme,2020-12-17 23:55:00,1884.75,end_of_day,109,-0.13181818181818206,8,0.00606060606060604,-0.1378787878787881,0.3431818181818149,0.30378787878787705
XAUUSD,NY,2020-12-18,Friday,1,1886.73,1877.42,9.309999999999945,short,2020-12-18 07:05:00,1888.6,2020-12-18 07:30:00,2020-12-18 07:35:00,1886.18,1888.6,1881.3400000000004,2.4199999999998454,False,extreme,2020-12-18 08:30:00,1888.6,stop,12,-1.0,4,0.016528925619835766,-1.0165289256198358,1.1074380165290227,1.0826446280991977
XAUUSD,NY,2020-12-18,Friday,2,1886.73,1877.42,9.309999999999945,short,2020-12-18 08:30:00,1889.65,2020-12-18 08:45:00,2020-12-18 08:50:00,1885.33,1889.65,1876.6899999999996,4.320000000000164,False,extreme,2020-12-18 16:55:00,1880.89,friday_close,98,1.0277777777776989,0,0.0,1.0277777777776989,1.7962962962962261,0.682870370370355
XAUUSD,NY,2020-12-22,Tuesday,1,1881.06,1866.61,14.450000000000045,long,2020-12-22 10:50:00,1860.69,2020-12-22 11:20:00,2020-12-22 11:25:00,1867.05,1860.69,1879.7699999999998,6.3599999999999,False,extreme,2020-12-22 14:10:00,1860.69,stop,34,-1.0,6,0.009433962264151092,-1.009433962264151,0.18081761006291022,1.042452830188677
XAUUSD,NY,2020-12-22,Tuesday,2,1881.06,1866.61,14.450000000000045,long,2020-12-22 13:10:00,1858.93,2020-12-22 20:15:00,2020-12-22 20:20:00,1866.91,1858.93,1882.8700000000001,7.980000000000018,False,extreme,2020-12-22 23:55:00,1866.86,end_of_day,44,-0.0062656641604237825,0,0.0,-0.0062656641604237825,0.07644110275687951,0.6466165413533922
XAUUSD,NY,2020-12-23,Wednesday,1,1869.78,1863.17,6.6099999999999,short,2020-12-23 04:05:00,1872.33,2020-12-23 04:50:00,2020-12-23 04:55:00,1869.28,1872.33,1863.18,3.0499999999999545,False,extreme,2020-12-23 07:00:00,1863.18,target,26,2.0,2,0.006557377049180426,1.9934426229508195,2.1639344262295106,0.11475409836070218
XAUUSD,NY,2020-12-23,Wednesday,2,1869.78,1863.17,6.6099999999999,long,2020-12-23 07:10:00,1857.02,2020-12-23 08:10:00,2020-12-23 08:15:00,1864.05,1857.02,1878.11,7.029999999999973,False,extreme,2020-12-23 09:50:00,1878.11,target,20,2.0,10,0.014224751066856386,1.9857752489331437,2.0568990042674384,0.19914651493597
XAUUSD,NY,2020-12-24,Thursday,1,1880.54,1874.82,5.720000000000027,long,2020-12-24 05:25:00,1871.12,2020-12-24 06:10:00,2020-12-24 06:15:00,1875.34,1871.12,1883.78,4.220000000000027,False,extreme,2020-12-24 09:15:00,1871.12,stop,37,-1.0,1,0.002369668246445482,-1.0023696682464456,0.4597156398104365,1.0639810426540237
XAUUSD,NY,2020-12-24,Thursday,2,1880.54,1874.82,5.720000000000027,long,2020-12-24 08:55:00,1869.53,2020-12-24 09:45:00,2020-12-24 09:50:00,1875.27,1869.53,1886.75,5.740000000000009,False,extreme,2020-12-24 13:35:00,1879.51,end_of_day,46,0.7386759581881537,6,0.010452961672473851,0.7282229965156798,1.3728222996515849,0.026132404181200473
XAUUSD,NY,2020-12-28,Monday,1,1895.65,1877.29,18.360000000000127,long,2020-12-28 06:20:00,1869.17,2020-12-28 07:20:00,2020-12-28 07:25:00,1877.39,1869.17,1893.8300000000002,8.220000000000027,False,extreme,2020-12-28 09:35:00,1893.8300000000002,target,27,2.0,6,0.007299270072992676,1.9927007299270074,2.1277372262773664,0.35401459854015477
XAUUSD,NY,2020-12-28,Monday,2,1895.65,1877.29,18.360000000000127,long,2020-12-28 12:10:00,1876.13,2020-12-28 12:20:00,2020-12-28 12:25:00,1877.53,1876.13,1880.3299999999997,1.3999999999998636,False,extreme,2020-12-28 12:30:00,1876.13,stop,2,-1.0,9,0.06428571428572055,-1.0642857142857205,1.2071428571430138,1.2142857142858652
XAUUSD,NY,2020-12-28,Monday,3,1895.65,1877.29,18.360000000000127,long,2020-12-28 12:30:00,1875.51,2020-12-28 13:30:00,2020-12-28 13:35:00,1878.18,1875.51,1883.5200000000002,2.6700000000000728,False,extreme,2020-12-28 13:45:00,1875.51,stop,3,-1.0,7,0.026217228464418763,-1.0262172284644189,0.35955056179775663,2.116104868913834
XAUUSD,NY,2020-12-28,Monday,4,1895.65,1877.29,18.360000000000127,long,2020-12-28 13:40:00,1872.53,2020-12-28 14:00:00,2020-12-28 14:05:00,1877.6,1872.53,1887.7399999999998,5.069999999999936,False,extreme,2020-12-28 16:00:00,1872.53,stop,24,-1.0,10,0.01972386587771228,-1.0197238658777124,0.05522682445763385,1.0
XAUUSD,NY,2020-12-28,Monday,5,1895.65,1877.29,18.360000000000127,long,2020-12-28 14:10:00,1871.14,2020-12-28 19:00:00,2020-12-28 19:05:00,1877.96,1871.14,1891.6,6.819999999999936,False,extreme,2020-12-28 23:55:00,1877.21,end_of_day,59,-0.10997067448680455,4,0.005865102639296242,-0.11583577712610078,0.6964809384164288,0.42082111436952274
XAUUSD,NY,2020-12-29,Tuesday,1,1883.5,1875.5,8.0,long,2020-12-29 10:10:00,1871.71,2020-12-29 10:15:00,2020-12-29 10:20:00,1877.08,1871.71,1887.8199999999997,5.369999999999891,False,extreme,2020-12-29 23:55:00,1885.45,end_of_day,152,1.5586592178771486,1,0.0018621973929236878,1.556797020484225,1.7318435754190635,0.08566108007449641
XAUUSD,NY,2020-12-30,Wednesday,1,1885.55,1877.51,8.039999999999964,short,2020-12-30 09:50:00,1888.07,2020-12-30 10:25:00,2020-12-30 10:30:00,1884.55,1888.07,1877.51,3.519999999999982,False,extreme,2020-12-30 12:35:00,1888.07,stop,26,-1.0,2,0.0056818181818182115,-1.0056818181818181,0.28409090909091056,1.1647727272727721
XAUUSD,NY,2020-12-31,Thursday,1,1894.69,1885.3,9.3900000000001,short,2020-12-31 04:00:00,1896.1,2020-12-31 04:05:00,2020-12-31 04:10:00,1894.05,1896.1,1889.95,2.0499999999999545,False,extreme,2020-12-31 08:15:00,1896.1,stop,50,-1.0,4,0.019512195121951653,-1.0195121951219517,1.4146341463414283,1.5902439024390553
XAUUSD,NY,2020-12-31,Thursday,2,1894.69,1885.3,9.3900000000001,short,2020-12-31 08:15:00,1899.72,2020-12-31 09:50:00,2020-12-31 09:55:00,1893.33,1899.72,1880.5499999999997,6.3900000000001,False,extreme,2020-12-31 10:35:00,1899.72,stop,9,-1.0,10,0.015649452269170337,-1.0156494522691704,0.2472613458528799,1.068857589984358
XAUUSD,NY,2020-12-31,Thursday,3,1894.69,1885.3,9.3900000000001,short,2020-12-31 10:00:00,1900.41,2020-12-31 11:40:00,2020-12-31 11:45:00,1894.5,1900.41,1882.6799999999998,5.910000000000082,False,extreme,2020-12-31 13:55:00,1893.7,end_of_day,27,0.13536379018611563,6,0.01015228426395925,0.12521150592215638,0.7191201353637803,0.2994923857867948
XAUUSD,NY,2021-01-04,Monday,1,1935.19,1919.04,16.15000000000009,short,2021-01-04 06:25:00,1936.51,2021-01-04 06:40:00,2021-01-04 06:45:00,1934.61,1936.51,1930.8099999999997,1.900000000000091,False,extreme,2021-01-04 07:45:00,1930.8099999999997,target,13,2.0,1,0.0052631578947365905,1.9947368421052634,2.3631578947367338,0.4526315789474138
XAUUSD,NY,2021-01-04,Monday,2,1935.19,1919.04,16.15000000000009,short,2021-01-04 08:15:00,1944.44,2021-01-04 10:05:00,2021-01-04 10:10:00,1934.49,1944.44,1914.59,9.950000000000045,False,extreme,2021-01-04 18:15:00,1944.44,stop,86,-1.0,0,0.0,-1.0,0.5185929648241264,1.0814070351758736
XAUUSD,NY,2021-01-05,Tuesday,1,1943.99,1936.99,7.0,short,2021-01-05 04:25:00,1952.59,2021-01-05 09:45:00,2021-01-05 09:50:00,1943.28,1952.59,1924.66,9.309999999999945,False,extreme,2021-01-05 14:25:00,1952.59,stop,56,-1.0,6,0.006444683136412497,-1.0064446831364124,0.4554242749731508,1.0053705692803634
XAUUSD,NY,2021-01-05,Tuesday,2,1943.99,1936.99,7.0,short,2021-01-05 11:00:00,1955.38,2021-01-05 22:00:00,2021-01-05 22:05:00,1943.32,1955.38,1919.1999999999996,12.060000000000173,False,extreme,2021-01-05 23:55:00,1944.65,end_of_day,23,-0.11028192371477077,7,0.005804311774460945,-0.11608623548923172,0.16915422885571596,0.44776119402985187
XAUUSD,NY,2021-01-06,Wednesday,1,1956.5,1943.05,13.450000000000045,short,2021-01-06 04:55:00,1959.35,2021-01-06 05:35:00,2021-01-06 05:40:00,1955.41,1959.35,1947.5300000000004,3.939999999999827,False,extreme,2021-01-06 06:50:00,1947.5300000000004,target,15,2.0,2,0.005076142131979918,1.9949238578680202,2.071065989847827,0.6294416243655144
XAUUSD,NY,2021-01-07,Thursday,1,1927.67,1916.04,11.63000000000011,long,2021-01-07 04:50:00,1914.99,2021-01-07 05:00:00,2021-01-07 05:05:00,1916.61,1914.99,1919.8499999999997,1.6199999999998909,False,extreme,2021-01-07 05:20:00,1914.99,stop,4,-1.0,9,0.0555555555555593,-1.0555555555555594,0.8888888888889824,2.882716049382815
XAUUSD,NY,2021-01-07,Thursday,2,1927.67,1916.04,11.63000000000011,long,2021-01-07 05:20:00,1908.9,2021-01-07 06:05:00,2021-01-07 06:10:00,1916.29,1908.9,1931.0699999999997,7.389999999999873,False,extreme,2021-01-07 09:40:00,1908.9,stop,43,-1.0,9,0.012178619756427814,-1.0121786197564278,0.6562922868741841,1.281461434370797
XAUUSD,NY,2021-01-07,Thursday,3,1927.67,1916.04,11.63000000000011,long,2021-01-07 09:35:00,1906.82,2021-01-07 10:00:00,2021-01-07 10:05:00,1917.69,1906.82,1939.4300000000003,10.870000000000118,False,extreme,2021-01-07 23:35:00,1906.82,stop,151,-1.0,2,0.0018399264029438623,-1.0018399264029438,0.04507819687212546,1.0229990800367983
XAUUSD,NY,2021-01-08,Friday,1,1911.66,1878.69,32.97000000000003,long,2021-01-08 08:35:00,1876.3,2021-01-08 08:40:00,2021-01-08 08:45:00,1879.29,1876.3,1885.27,2.990000000000009,False,extreme,2021-01-08 08:45:00,1885.27,target,1,2.0,1,0.0033444816053511605,1.9966555183946488,2.5418060200669275,0.3411371237458123
XAUUSD,NY,2021-01-11,Monday,1,1855.46,1832.9,22.559999999999945,long,2021-01-11 09:15:00,1829.06,2021-01-11 09:20:00,2021-01-11 09:25:00,1833.11,1829.06,1841.2099999999998,4.0499999999999545,False,extreme,2021-01-11 09:35:00,1841.2099999999998,target,3,2.0,0,0.0,2.0,2.1506172839506505,0.1876543209876542
XAUUSD,NY,2021-01-12,Tuesday,1,1861.79,1849.4,12.389999999999873,short,2021-01-12 04:50:00,1863.45,2021-01-12 05:05:00,2021-01-12 05:10:00,1861.62,1863.45,1857.9599999999996,1.8300000000001546,False,extreme,2021-01-12 05:10:00,1863.45,stop,1,-1.0,6,0.032786885245898865,-1.0327868852458988,0.021857923497246034,1.191256830601027
XAUUSD,NY,2021-01-12,Tuesday,2,1861.79,1849.4,12.389999999999873,short,2021-01-12 05:10:00,1863.8,2021-01-12 05:15:00,2021-01-12 05:20:00,1861.48,1863.8,1856.8400000000001,2.3199999999999363,False,extreme,2021-01-12 08:15:00,1856.8400000000001,target,36,2.0,8,0.034482758620690605,1.9655172413793094,2.5215517241379612,0.5818965517241147
XAUUSD,NY,2021-01-12,Tuesday,3,1861.79,1849.4,12.389999999999873,long,2021-01-12 08:30:00,1836.63,2021-01-12 13:35:00,2021-01-12 13:40:00,1849.59,1836.63,1875.5099999999995,12.959999999999809,False,extreme,2021-01-12 23:55:00,1859.69,end_of_day,112,0.779320987654343,1,0.0007716049382716163,0.7785493827160713,1.0378086419753274,0.22222222222221638
XAUUSD,NY,2021-01-13,Wednesday,1,1862.72,1854.31,8.410000000000082,long,2021-01-13 04:10:00,1849.37,2021-01-13 04:45:00,2021-01-13 04:50:00,1855.61,1849.37,1868.09,6.240000000000009,False,extreme,2021-01-13 15:50:00,1849.37,stop,133,-1.0,7,0.011217948717948702,-1.0112179487179487,0.897435897435918,1.3830128205127996
XAUUSD,NY,2021-01-14,Thursday,1,1846.98,1836.13,10.849999999999909,short,2021-01-14 09:20:00,1852.14,2021-01-14 09:50:00,2021-01-14 09:55:00,1846.84,1852.14,1836.2399999999996,5.300000000000182,False,extreme,2021-01-14 12:50:00,1852.14,stop,36,-1.0,0,0.0,-1.0,1.0339622641509114,1.4679245283018312
XAUUSD,NY,2021-01-14,Thursday,2,1846.98,1836.13,10.849999999999909,short,2021-01-14 12:40:00,1857.53,2021-01-14 14:35:00,2021-01-14 14:40:00,1846.63,1857.53,1824.8300000000004,10.899999999999864,False,extreme,2021-01-14 23:55:00,1853.34,end_of_day,100,-0.6155963302752195,11,0.010091743119266182,-0.6256880733944857,0.2614678899082727,0.8266055045871655
XAUUSD,NY,2021-01-15,Friday,1,1853.73,1846.74,6.990000000000009,short,2021-01-15 04:30:00,1857.02,2021-01-15 05:20:00,2021-01-15 05:25:00,1853.29,1857.02,1845.83,3.730000000000018,False,extreme,2021-01-15 07:00:00,1845.83,target,20,2.0,0,0.0,2.0,2.085790884718481,0.6997319034852855
XAUUSD,NY,2021-01-15,Friday,2,1853.73,1846.74,6.990000000000009,long,2021-01-15 07:00:00,1845.51,2021-01-15 07:05:00,2021-01-15 07:10:00,1847.43,1845.51,1851.2700000000002,1.9200000000000728,False,extreme,2021-01-15 08:40:00,1845.51,stop,19,-1.0,0,0.0,-1.0,1.6197916666665533,2.5833333333332544
XAUUSD,NY,2021-01-18,Monday,1,1840.79,1828.22,12.569999999999936,short,2021-01-18 20:05:00,1843.63,2021-01-18 20:50:00,2021-01-18 20:55:00,1840.65,1843.63,1834.69,2.980000000000018,False,extreme,2021-01-18 23:55:00,1839.69,end_of_day,37,0.32214765100672166,11,0.03691275167785212,0.28523489932886953,1.4395973154362969,0.4395973154362206
XAUUSD,NY,2021-01-19,Tuesday,1,1845.1,1836.22,8.879999999999882,short,2021-01-19 06:30:00,1845.25,2021-01-19 06:35:00,2021-01-19 06:40:00,1844.8,1845.25,1843.8999999999999,0.4500000000000455,False,extreme,2021-01-19 06:50:00,1843.8999999999999,target,3,2.0,3,0.06666666666665992,1.93333333333334,2.9333333333328953,0.2666666666669025
XAUUSD,NY,2021-01-19,Tuesday,2,1845.1,1836.22,8.879999999999882,long,2021-01-19 08:05:00,1832.99,2021-01-19 08:15:00,2021-01-19 08:20:00,1836.8,1832.99,1844.4199999999998,3.8099999999999454,False,extreme,2021-01-19 20:00:00,1844.4199999999998,target,129,2.0,0,0.0,2.0,2.6167979002625117,0.8923884514435465
XAUUSD,NY,2021-01-19,Tuesday,3,1845.1,1836.22,8.879999999999882,short,2021-01-19 20:00:00,1847.42,2021-01-19 20:10:00,2021-01-19 20:15:00,1844.63,1847.42,1839.0500000000002,2.7899999999999636,False,extreme,2021-01-19 21:00:00,1847.42,stop,10,-1.0,0,0.0,-1.0,0.08960573476702625,1.0250896057347445
XAUUSD,NY,2021-01-20,Wednesday,1,1857.35,1848.14,9.209999999999809,long,2021-01-20 07:05:00,1847.31,2021-01-20 07:10:00,2021-01-20 07:15:00,1848.53,1847.31,1850.97,1.2200000000000273,False,extreme,2021-01-20 07:35:00,1850.97,target,5,2.0,0,0.0,2.0,2.2049180327868805,0.8934426229507326
XAUUSD,NY,2021-01-20,Wednesday,2,1857.35,1848.14,9.209999999999809,long,2021-01-20 07:45:00,1832.45,2021-01-20 08:55:00,2021-01-20 09:00:00,1848.9,1832.45,1881.8000000000002,16.450000000000045,False,extreme,2021-01-20 23:55:00,1871.05,end_of_day,168,1.3465045592705047,0,0.0,1.3465045592705047,1.4486322188449763,0.015805471124619466
XAUUSD,NY,2021-01-21,Thursday,1,1875.13,1866.12,9.010000000000218,long,2021-01-21 08:45:00,1858.34,2021-01-21 09:20:00,2021-01-21 09:25:00,1866.93,1858.34,1884.1100000000004,8.590000000000146,False,extreme,2021-01-21 23:55:00,1864.0,end_of_day,163,-0.3410942956926675,0,0.0,-0.3410942956926675,0.5331781140861291,0.821885913853324
XAUUSD,NY,2021-01-22,Friday,1,1864.0,1857.27,6.730000000000018,long,2021-01-22 05:15:00,1837.31,2021-01-22 11:00:00,2021-01-22 11:05:00,1857.27,1851.03,1869.75,6.240000000000009,True,swing,2021-01-22 16:55:00,1856.11,friday_close,71,-0.18589743589744875,0,0.0,-0.18589743589744875,0.12179487179487015,0.7628205128205102
XAUUSD,NY,2021-01-25,Monday,1,1856.63,1849.39,7.240000000000009,short,2021-01-25 05:30:00,1867.88,2021-01-25 09:55:00,2021-01-25 10:00:00,1855.86,1867.88,1831.8199999999995,12.02000000000021,False,extreme,2021-01-25 23:55:00,1856.39,end_of_day,156,-0.044093178036621536,0,0.0,-0.044093178036621536,0.7271214642262777,0.48668885191348044
XAUUSD,NY,2021-01-26,Tuesday,1,1857.77,1850.06,7.710000000000036,long,2021-01-26 05:55:00,1848.38,2021-01-26 06:10:00,2021-01-26 06:15:00,1851.2,1848.38,1856.84,2.8199999999999363,False,extreme,2021-01-26 08:25:00,1856.84,target,27,2.0,0,0.0,2.0,2.2588652482269627,0.20921985815608468
XAUUSD,NY,2021-01-26,Tuesday,2,1857.77,1850.06,7.710000000000036,short,2021-01-26 08:30:00,1860.06,2021-01-26 08:50:00,2021-01-26 08:55:00,1857.3,1860.06,1851.78,2.759999999999991,False,extreme,2021-01-26 09:45:00,1851.78,target,11,2.0,0,0.0,2.0,2.6557971014492576,0.34420289855074226
XAUUSD,NY,2021-01-26,Tuesday,3,1857.77,1850.06,7.710000000000036,short,2021-01-26 09:50:00,1858.25,2021-01-26 09:55:00,2021-01-26 10:00:00,1856.38,1858.25,1852.6400000000003,1.8699999999998909,False,extreme,2021-01-26 10:45:00,1852.6400000000003,target,10,2.0,0,0.0,2.0,2.550802139037694,0.8930481283422155
XAUUSD,NY,2021-01-26,Tuesday,4,1857.77,1850.06,7.710000000000036,long,2021-01-26 14:20:00,1849.53,2021-01-26 14:35:00,2021-01-26 14:40:00,1850.52,1849.53,1852.5,0.9900000000000091,False,extreme,2021-01-26 15:15:00,1852.5,target,8,2.0,3,0.030303030303030023,1.96969696969697,2.050505050505004,0.16161616161624281
XAUUSD,NY,2021-01-26,Tuesday,5,1857.77,1850.06,7.710000000000036,long,2021-01-26 19:05:00,1849.49,2021-01-26 19:25:00,2021-01-26 19:30:00,1850.18,1849.49,1851.5600000000002,0.6900000000000546,False,extreme,2021-01-26 19:30:00,1849.49,stop,1,-1.0,6,0.08695652173912355,-1.0869565217391235,0.5942028985504667,1.1159420289853925
XAUUSD,NY,2021-01-27,Wednesday,1,1853.13,1845.44,7.690000000000055,long,2021-01-27 04:10:00,1844.37,2021-01-27 04:15:00,2021-01-27 04:20:00,1845.85,1844.37,1848.81,1.4800000000000182,False,extreme,2021-01-27 06:00:00,1844.37,stop,21,-1.0,0,0.0,-1.0,1.29054054054058,1.9459459459458421
XAUUSD,NY,2021-01-27,Wednesday,2,1853.13,1845.44,7.690000000000055,long,2021-01-27 06:00:00,1831.37,2021-01-27 10:05:00,2021-01-27 10:10:00,1845.73,1831.37,1874.4500000000003,14.360000000000127,False,extreme,2021-01-27 23:55:00,1837.17,end_of_day,154,-0.5961002785515229,0,0.0,-0.5961002785515229,0.34122562674095036,0.8161559888579334
XAUUSD,NY,2021-01-28,Thursday,1,1841.62,1834.13,7.489999999999782,short,2021-01-28 05:05:00,1843.35,2021-01-28 05:30:00,2021-01-28 05:35:00,1841.24,1843.35,1837.0200000000002,2.1099999999999,False,extreme,2021-01-28 06:05:00,1843.35,stop,7,-1.0,4,0.01895734597156488,-1.0189573459715648,0.26066350710899555,1.1706161137441442
XAUUSD,NY,2021-01-28,Thursday,2,1841.62,1834.13,7.489999999999782,short,2021-01-28 05:50:00,1843.71,2021-01-28 06:20:00,2021-01-28 06:25:00,1840.68,1843.71,1834.6200000000001,3.0299999999999727,False,extreme,2021-01-28 08:40:00,1843.71,stop,28,-1.0,1,0.0033003300330033303,-1.0033003300330032,1.0066006600660007,2.1221122112210873
XAUUSD,NY,2021-01-28,Thursday,3,1841.62,1834.13,7.489999999999782,short,2021-01-28 12:40:00,1842.08,2021-01-28 12:45:00,2021-01-28 12:50:00,1840.12,1842.08,1836.1999999999998,1.9600000000000364,False,extreme,2021-01-28 13:05:00,1836.1999999999998,target,4,2.0,0,0.0,2.0,2.627551020408045,0.05102040816333396
XAUUSD,NY,2021-01-28,Thursday,4,1841.62,1834.13,7.489999999999782,short,2021-01-28 14:05:00,1845.0,2021-01-28 15:30:00,2021-01-28 15:35:00,1841.1,1845.0,1833.2999999999997,3.900000000000091,False,extreme,2021-01-28 19:00:00,1845.0,stop,30,-1.0,0,0.0,-1.0,0.12820512820512522,1.0897435897435643
XAUUSD,NY,2021-01-28,Thursday,5,1841.62,1834.13,7.489999999999782,short,2021-01-28 16:50:00,1845.35,2021-01-28 19:40:00,2021-01-28 19:45:00,1841.32,1845.35,1833.26,4.029999999999973,False,extreme,2021-01-28 23:55:00,1842.93,end_of_day,51,-0.39950372208440155,5,0.012406947890818943,-0.41191066997522047,0.43176178660050146,0.7766749379652929
XAUUSD,NY,2021-01-29,Friday,1,1851.76,1842.21,9.549999999999955,short,2021-01-29 04:10:00,1853.2,2021-01-29 04:15:00,2021-01-29 04:20:00,1850.63,1853.2,1845.4900000000002,2.5699999999999363,False,extreme,2021-01-29 05:30:00,1853.2,stop,15,-1.0,0,0.0,-1.0,0.9338521400778795,1.3035019455252888
XAUUSD,NY,2021-01-29,Friday,2,1851.76,1842.21,9.549999999999955,short,2021-01-29 05:25:00,1875.66,2021-01-29 12:35:00,2021-01-29 12:40:00,1851.54,1858.58,1837.46,7.039999999999964,True,swing,2021-01-29 16:55:00,1848.69,friday_close,52,0.40482954545453465,0,0.0,0.40482954545453465,1.407670454545441,0.30965909090910154
XAUUSD,NY,2021-02-01,Monday,1,1871.82,1857.0,14.819999999999936,long,2021-02-01 05:20:00,1856.43,2021-02-01 05:25:00,2021-02-01 05:30:00,1859.86,1856.43,1866.7199999999996,3.4299999999998363,False,extreme,2021-02-01 07:10:00,1866.7199999999996,target,21,2.0,0,0.0,2.0,2.29154518950452,0.8163265306122706
XAUUSD,NY,2021-02-01,Monday,2,1871.82,1857.0,14.819999999999936,long,2021-02-01 19:15:00,1854.13,2021-02-01 19:35:00,2021-02-01 19:40:00,1857.08,1854.13,1862.9799999999996,2.949999999999818,False,extreme,2021-02-01 20:50:00,1862.9799999999996,target,15,2.0,9,0.030508474576273068,1.9694915254237269,2.37288135593235,0.44406779661017837
XAUUSD,NY,2021-02-01,Monday,3,1871.82,1857.0,14.819999999999936,long,2021-02-01 22:05:00,1854.08,2021-02-01 22:55:00,2021-02-01 23:00:00,1857.12,1854.08,1863.1999999999998,3.0399999999999636,False,extreme,2021-02-01 23:30:00,1854.08,stop,7,-1.0,0,0.0,-1.0,0.1118421052632071,1.0
XAUUSD,NY,2021-02-02,Tuesday,1,1857.21,1844.84,12.370000000000118,long,2021-02-02 06:35:00,1842.63,2021-02-02 06:40:00,2021-02-02 06:45:00,1845.58,1842.63,1851.4799999999996,2.949999999999818,False,extreme,2021-02-02 06:55:00,1842.63,stop,3,-1.0,0,0.0,-1.0,0.023728813559378992,1.3762711864407444
XAUUSD,NY,2021-02-02,Tuesday,2,1857.21,1844.84,12.370000000000118,long,2021-02-02 06:45:00,1839.37,2021-02-02 07:00:00,2021-02-02 07:05:00,1846.66,1839.37,1861.2400000000005,7.290000000000191,False,extreme,2021-02-02 08:15:00,1839.37,stop,15,-1.0,0,0.0,-1.0,0.030178326474625723,1.3552812071330385
XAUUSD,NY,2021-02-03,Wednesday,1,1842.88,1834.47,8.410000000000082,long,2021-02-03 04:00:00,1833.27,2021-02-03 04:10:00,2021-02-03 04:15:00,1835.76,1833.27,1840.74,2.490000000000009,False,extreme,2021-02-03 05:25:00,1833.27,stop,15,-1.0,0,0.0,-1.0,0.6947791164658682,1.2730923694779361
XAUUSD,NY,2021-02-03,Wednesday,2,1842.88,1834.47,8.410000000000082,long,2021-02-03 06:00:00,1833.85,2021-02-03 06:05:00,2021-02-03 06:10:00,1834.68,1833.85,1836.3400000000004,0.8300000000001546,False,extreme,2021-02-03 06:25:00,1836.3400000000004,target,4,2.0,0,0.0,2.0,2.4939759036139164,0.16867469879526983
XAUUSD,NY,2021-02-03,Wednesday,3,1842.88,1834.47,8.410000000000082,long,2021-02-03 06:45:00,1833.22,2021-02-03 06:55:00,2021-02-03 07:00:00,1834.92,1833.22,1838.3200000000002,1.7000000000000455,False,extreme,2021-02-03 07:30:00,1838.3200000000002,target,7,2.0,0,0.0,2.0,2.2058823529411176,0.46470588235290733
XAUUSD,NY,2021-02-03,Wednesday,4,1842.88,1834.47,8.410000000000082,long,2021-02-03 09:45:00,1831.85,2021-02-03 09:50:00,2021-02-03 09:55:00,1834.68,1831.85,1840.3400000000004,2.8300000000001546,False,extreme,2021-02-03 10:10:00,1831.85,stop,4,-1.0,0,0.0,-1.0,0.7985865724381157,1.2402826855122966
XAUUSD,NY,2021-02-03,Wednesday,5,1842.88,1834.47,8.410000000000082,long,2021-02-03 10:00:00,1829.75,2021-02-03 11:00:00,2021-02-03 11:05:00,1835.63,1829.75,1847.3900000000003,5.880000000000109,False,extreme,2021-02-03 20:45:00,1829.75,stop,105,-1.0,0,0.0,-1.0,0.40986394557819894,1.7227891156462452
XAUUSD,NY,2021-02-04,Thursday,1,1827.22,1815.96,11.259999999999991,long,2021-02-04 04:05:00,1810.33,2021-02-04 07:35:00,2021-02-04 07:40:00,1816.11,1810.33,1827.6699999999998,5.779999999999973,False,extreme,2021-02-04 08:40:00,1810.33,stop,13,-1.0,0,0.0,-1.0,0.593425605536346,1.1505190311418503
XAUUSD,NY,2021-02-05,Friday,1,1811.33,1795.12,16.210000000000036,short,2021-02-05 11:55:00,1815.17,2021-02-05 12:50:00,2021-02-05 12:55:00,1811.21,1815.17,1803.29,3.9600000000000364,False,extreme,2021-02-05 16:55:00,1813.68,friday_close,49,-0.6237373737373749,0,0.0,-0.6237373737373749,0.43686868686868746,0.7020202020201887
XAUUSD,NY,2021-02-09,Tuesday,1,1845.17,1838.15,7.019999999999982,short,2021-02-09 04:15:00,1848.59,2021-02-09 05:25:00,2021-02-09 05:30:00,1845.04,1848.59,1837.94,3.5499999999999545,False,extreme,2021-02-09 09:35:00,1837.94,target,50,2.0,0,0.0,2.0,2.8366197183098776,0.7098591549295814
XAUUSD,NY,2021-02-09,Tuesday,2,1845.17,1838.15,7.019999999999982,long,2021-02-09 09:35:00,1832.22,2021-02-09 09:45:00,2021-02-09 09:50:00,1840.08,1832.22,1855.7999999999997,7.8599999999999,False,extreme,2021-02-09 23:55:00,1843.84,end_of_day,158,0.4783715012722696,4,0.0050890585241730926,0.4732824427480965,0.73027989821884,0.7659033078880482
XAUUSD,NY,2021-02-10,Wednesday,1,1846.98,1840.95,6.029999999999973,long,2021-02-10 04:50:00,1839.12,2021-02-10 05:00:00,2021-02-10 05:05:00,1841.21,1839.12,1845.3900000000003,2.0900000000001455,False,extreme,2021-02-10 06:10:00,1839.12,stop,14,-1.0,0,0.0,-1.0,1.0956937799042126,1.023923444976053
XAUUSD,NY,2021-02-10,Wednesday,2,1846.98,1840.95,6.029999999999973,long,2021-02-10 06:05:00,1839.07,2021-02-10 06:25:00,2021-02-10 06:30:00,1841.01,1839.07,1844.89,1.9400000000000546,False,extreme,2021-02-10 07:45:00,1839.07,stop,16,-1.0,0,0.0,-1.0,1.0154639175257587,1.654639175257704
XAUUSD,NY,2021-02-10,Wednesday,3,1846.98,1840.95,6.029999999999973,long,2021-02-10 07:20:00,1837.74,2021-02-10 08:00:00,2021-02-10 08:05:00,1842.69,1837.74,1852.5900000000001,4.9500000000000455,False,extreme,2021-02-10 08:35:00,1852.5900000000001,target,7,2.0,0,0.0,2.0,2.4545454545454044,0.15353535353535028
XAUUSD,NY,2021-02-10,Wednesday,4,1846.98,1840.95,6.029999999999973,short,2021-02-10 08:30:00,1855.39,2021-02-10 09:25:00,2021-02-10 09:30:00,1846.88,1855.39,1829.8600000000001,8.509999999999991,False,extreme,2021-02-10 23:55:00,1835.92,end_of_day,162,1.2878965922444239,0,0.0,1.2878965922444239,1.4841363102232812,0.11633372502935167
XAUUSD,NY,2021-02-11,Thursday,1,1845.91,1835.17,10.740000000000009,short,2021-02-11 08:15:00,1847.55,2021-02-11 08:25:00,2021-02-11 08:30:00,1844.47,1847.55,1838.3100000000002,3.0799999999999272,False,extreme,2021-02-11 10:30:00,1838.3100000000002,target,25,2.0,0,0.0,2.0,2.207792207792245,0.47077922077924667
XAUUSD,NY,2021-02-12,Friday,1,1824.33,1812.56,11.769999999999982,long,2021-02-12 08:35:00,1810.53,2021-02-12 08:40:00,2021-02-12 08:45:00,1814.29,1810.53,1821.81,3.759999999999991,False,extreme,2021-02-12 10:45:00,1821.81,target,25,2.0,5,0.013297872340425565,1.9867021276595744,2.6250000000000377,0.5478723404255187
XAUUSD,NY,2021-02-12,Friday,2,1824.33,1812.56,11.769999999999982,short,2021-02-12 10:50:00,1830.7,2021-02-12 11:55:00,2021-02-12 12:00:00,1824.26,1830.7,1811.3799999999999,6.440000000000055,False,extreme,2021-02-12 16:55:00,1824.5,friday_close,60,-0.03726708074534271,6,0.009316770186335324,-0.046583850931678036,1.069875776397522,0.13198757763973631
XAUUSD,NY,2021-02-15,Monday,1,1825.22,1816.52,8.700000000000045,short,2021-02-15 21:10:00,1826.15,2021-02-15 21:20:00,2021-02-15 21:25:00,1824.29,1826.15,1820.5699999999997,1.8600000000001273,False,extreme,2021-02-15 22:55:00,1826.15,stop,19,-1.0,8,0.0430107526881691,-1.0430107526881691,0.5698924731182112,1.1612903225806097
XAUUSD,NY,2021-02-15,Monday,2,1825.22,1816.52,8.700000000000045,short,2021-02-15 22:45:00,1826.45,2021-02-15 23:35:00,2021-02-15 23:40:00,1824.68,1826.45,1821.14,1.7699999999999818,False,extreme,2021-02-15 23:55:00,1824.58,end_of_day,4,0.05649717514132059,3,0.016949152542373055,0.03954802259894753,0.3841807909604919,0.20903954802253935
XAUUSD,NY,2021-02-17,Wednesday,1,1793.91,1783.9,10.009999999999991,long,2021-02-17 08:20:00,1769.54,2021-02-17 22:00:00,2021-02-17 22:05:00,1783.99,1769.54,1812.89,14.450000000000045,False,extreme,2021-02-17 23:55:00,1782.72,end_of_day,23,-0.08788927335639984,10,0.006920415224913473,-0.09480968858131332,0.12456747404843936,0.1003460207612485
XAUUSD,NY,2021-02-18,Thursday,1,1789.0,1778.93,10.069999999999936,long,2021-02-18 09:45:00,1768.39,2021-02-18 11:00:00,2021-02-18 11:05:00,1779.87,1768.39,1802.8299999999995,11.47999999999979,False,extreme,2021-02-18 19:25:00,1768.39,stop,89,-1.0,0,0.0,-1.0,0.025261324041828945,1.0452961672474057
XAUUSD,NY,2021-02-22,Monday,1,1795.41,1784.87,10.540000000000191,short,2021-02-22 04:15:00,1799.24,2021-02-22 06:55:00,2021-02-22 07:00:00,1795.27,1799.24,1787.33,3.9700000000000273,False,extreme,2021-02-22 08:10:00,1799.24,stop,15,-1.0,1,0.0025188916876574133,-1.0025188916876575,0.46347607052894346,1.1284634760705259
XAUUSD,NY,2021-02-22,Monday,2,1795.41,1784.87,10.540000000000191,short,2021-02-22 08:00:00,1802.54,2021-02-22 08:30:00,2021-02-22 08:35:00,1794.92,1802.54,1779.6800000000003,7.619999999999891,False,extreme,2021-02-22 09:35:00,1802.54,stop,13,-1.0,0,0.0,-1.0,0.14041994750658518,1.230971128608926
XAUUSD,NY,2021-02-23,Tuesday,1,1814.7,1806.6,8.100000000000136,long,2021-02-23 04:20:00,1805.18,2021-02-23 04:40:00,2021-02-23 04:45:00,1807.18,1805.18,1811.18,2.0,False,extreme,2021-02-23 04:55:00,1805.18,stop,3,-1.0,0,0.0,-1.0,0.125,1.6550000000000864
XAUUSD,NY,2021-02-23,Tuesday,2,1814.7,1806.6,8.100000000000136,long,2021-02-23 04:45:00,1803.65,2021-02-23 05:10:00,2021-02-23 05:15:00,1807.21,1803.65,1814.33,3.5599999999999454,False,extreme,2021-02-23 09:35:00,1803.65,stop,53,-1.0,0,0.0,-1.0,1.5814606741572943,2.191011235955077
XAUUSD,NY,2021-02-23,Tuesday,3,1814.7,1806.6,8.100000000000136,long,2021-02-23 09:30:00,1795.59,2021-02-23 10:25:00,2021-02-23 10:30:00,1808.44,1795.59,1834.1400000000003,12.850000000000136,False,extreme,2021-02-23 23:55:00,1809.2,end_of_day,150,0.059143968871593997,0,0.0,0.059143968871593997,0.42101167315173516,0.5190661478599223
XAUUSD,NY,2021-02-24,Wednesday,1,1810.12,1804.47,5.649999999999864,long,2021-02-24 04:45:00,1803.09,2021-02-24 05:00:00,2021-02-24 05:05:00,1804.88,1803.09,1808.4600000000005,1.790000000000191,False,extreme,2021-02-24 05:40:00,1808.4600000000005,target,8,2.0,0,0.0,2.0,2.1173184357539436,0.26815642458098715
XAUUSD,NY,2021-02-24,Wednesday,2,1810.12,1804.47,5.649999999999864,long,2021-02-24 08:10:00,1783.62,2021-02-24 16:45:00,2021-02-24 16:50:00,1804.68,1802.34,1809.3600000000004,2.3400000000001455,True,swing,2021-02-24 19:20:00,1802.34,stop,19,-1.0,0,0.0,-1.0,0.42307692307690065,1.0470085470085013
XAUUSD,NY,2021-02-25,Thursday,1,1801.21,1787.84,13.370000000000118,long,2021-02-25 06:30:00,1781.45,2021-02-25 07:20:00,2021-02-25 07:25:00,1788.31,1781.45,1802.0299999999997,6.8599999999999,False,extreme,2021-02-25 08:25:00,1781.45,stop,13,-1.0,0,0.0,-1.0,0.34402332361518395,1.020408163265321
XAUUSD,NY,2021-03-01,Monday,1,1759.83,1748.48,11.349999999999909,long,2021-03-01 04:00:00,1748.12,2021-03-01 04:05:00,2021-03-01 04:10:00,1749.43,1748.12,1752.0500000000004,1.3100000000001728,False,extreme,2021-03-01 04:25:00,1748.12,stop,4,-1.0,0,0.0,-1.0,0.4427480916029395,1.4809160305341975
XAUUSD,NY,2021-03-02,Tuesday,1,1724.3,1710.78,13.519999999999982,short,2021-03-02 04:40:00,1725.31,2021-03-02 04:45:00,2021-03-02 04:50:00,1723.22,1725.31,1719.0400000000002,2.089999999999918,False,extreme,2021-03-02 05:00:00,1725.31,stop,3,-1.0,0,0.0,-1.0,0.6889952153110579,1.5167464114833478
XAUUSD,NY,2021-03-02,Tuesday,2,1724.3,1710.78,13.519999999999982,short,2021-03-02 05:00:00,1726.39,2021-03-02 05:10:00,2021-03-02 05:15:00,1724.19,1726.39,1719.79,2.2000000000000455,False,extreme,2021-03-02 05:20:00,1726.39,stop,2,-1.0,0,0.0,-1.0,0.22272727272727225,1.5727272727272568
XAUUSD,NY,2021-03-02,Tuesday,3,1724.3,1710.78,13.519999999999982,short,2021-03-02 05:15:00,1736.27,2021-03-02 09:35:00,2021-03-02 09:40:00,1724.07,1736.27,1699.6699999999998,12.200000000000045,False,extreme,2021-03-02 12:30:00,1736.27,stop,35,-1.0,0,0.0,-1.0,0.30409836065573953,1.0942622950819743
XAUUSD,NY,2021-03-03,Wednesday,1,1735.97,1726.53,9.440000000000055,long,2021-03-03 04:00:00,1725.62,2021-03-03 04:15:00,2021-03-03 04:20:00,1727.74,1725.62,1731.9800000000002,2.1200000000001182,False,extreme,2021-03-03 05:20:00,1725.62,stop,13,-1.0,0,0.0,-1.0,1.188679245282944,1.6226415094338975
XAUUSD,NY,2021-03-03,Wednesday,2,1735.97,1726.53,9.440000000000055,long,2021-03-03 05:20:00,1723.96,2021-03-03 05:55:00,2021-03-03 06:00:00,1726.56,1723.96,1731.7599999999998,2.599999999999909,False,extreme,2021-03-03 06:25:00,1723.96,stop,6,-1.0,4,0.015384615384615923,-1.015384615384616,0.061538461538495175,1.6269230769231409
XAUUSD,NY,2021-03-04,Thursday,1,1721.31,1712.21,9.099999999999909,long,2021-03-04 04:00:00,1706.4,2021-03-04 04:45:00,2021-03-04 04:50:00,1712.84,1706.4,1725.7199999999996,6.439999999999827,False,extreme,2021-03-04 12:25:00,1706.4,stop,92,-1.0,0,0.0,-1.0,1.6133540372671396,1.251552795031081
XAUUSD,NY,2021-03-05,Friday,1,1700.45,1691.0,9.450000000000045,long,2021-03-05 08:30:00,1687.28,2021-03-05 08:35:00,2021-03-05 08:40:00,1693.93,1687.28,1707.2300000000002,6.650000000000091,False,extreme,2021-03-05 09:20:00,1707.2300000000002,target,9,2.0,0,0.0,2.0,2.072180451127787,0.32631578947369067
XAUUSD,NY,2021-03-05,Friday,2,1700.45,1691.0,9.450000000000045,short,2021-03-05 09:15:00,1707.71,2021-03-05 09:30:00,2021-03-05 09:35:00,1700.24,1707.71,1685.3,7.470000000000027,False,extreme,2021-03-05 16:55:00,1700.35,friday_close,89,-0.014725568942422966,0,0.0,-0.014725568942422966,1.1231593038822048,0.6693440428380163
XAUUSD,NY,2021-03-08,Monday,1,1709.54,1691.75,17.789999999999964,long,2021-03-08 04:15:00,1689.73,2021-03-08 04:40:00,2021-03-08 04:45:00,1691.99,1689.73,1696.51,2.259999999999991,False,extreme,2021-03-08 06:25:00,1689.73,stop,21,-1.0,0,0.0,-1.0,1.1902654867256925,1.115044247787607
XAUUSD,NY,2021-03-08,Monday,2,1709.54,1691.75,17.789999999999964,long,2021-03-08 06:20:00,1684.74,2021-03-08 08:15:00,2021-03-08 08:20:00,1692.07,1684.74,1706.7299999999998,7.329999999999927,False,extreme,2021-03-08 10:40:00,1684.74,stop,29,-1.0,1,0.0013642564802182947,-1.0013642564802183,0.6070941336971473,1.6807639836289303
XAUUSD,NY,2021-03-09,Tuesday,1,1702.77,1687.18,15.589999999999918,short,2021-03-09 04:00:00,1703.65,2021-03-09 04:05:00,2021-03-09 04:10:00,1701.47,1703.65,1697.11,2.1800000000000637,False,extreme,2021-03-09 04:20:00,1703.65,stop,3,-1.0,0,0.0,-1.0,0.0,1.0550458715595814
XAUUSD,NY,2021-03-09,Tuesday,2,1702.77,1687.18,15.589999999999918,short,2021-03-09 04:25:00,1703.83,2021-03-09 04:35:00,2021-03-09 04:40:00,1702.76,1703.83,1700.6200000000001,1.0699999999999363,False,extreme,2021-03-09 05:00:00,1703.83,stop,5,-1.0,7,0.06542056074766744,-1.0654205607476674,0.35514018691579846,2.0934579439253667
XAUUSD,NY,2021-03-09,Tuesday,3,1702.77,1687.18,15.589999999999918,short,2021-03-09 05:00:00,1705.0,2021-03-09 05:10:00,2021-03-09 05:15:00,1702.68,1705.0,1698.0400000000002,2.3199999999999363,False,extreme,2021-03-09 06:10:00,1705.0,stop,12,-1.0,0,0.0,-1.0,0.956896551724176,1.137931034482735
XAUUSD,NY,2021-03-10,Wednesday,1,1716.68,1709.65,7.029999999999973,long,2021-03-10 06:25:00,1708.19,2021-03-10 06:40:00,2021-03-10 06:45:00,1709.68,1708.19,1712.66,1.490000000000009,False,extreme,2021-03-10 07:15:00,1712.66,target,7,2.0,0,0.0,2.0,2.6845637583892454,0.2013422818791629
XAUUSD,NY,2021-03-10,Wednesday,2,1716.68,1709.65,7.029999999999973,short,2021-03-10 08:30:00,1723.65,2021-03-10 10:25:00,2021-03-10 10:30:00,1714.51,1723.65,1696.2299999999998,9.1400000000001,False,extreme,2021-03-10 13:25:00,1723.65,stop,36,-1.0,0,0.0,-1.0,0.008752735229751243,1.0426695842450622
XAUUSD,NY,2021-03-11,Thursday,1,1739.75,1731.38,8.36999999999989,long,2021-03-11 07:25:00,1730.24,2021-03-11 07:45:00,2021-03-11 07:50:00,1734.98,1730.24,1744.46,4.740000000000009,False,extreme,2021-03-11 08:35:00,1730.24,stop,10,-1.0,0,0.0,-1.0,0.47046413502109996,1.2172995780590656
XAUUSD,NY,2021-03-12,Friday,1,1719.71,1705.94,13.769999999999982,long,2021-03-12 04:00:00,1704.89,2021-03-12 04:05:00,2021-03-12 04:10:00,1706.6,1704.89,1710.0199999999995,1.709999999999809,False,extreme,2021-03-12 04:15:00,1704.89,stop,2,-1.0,0,0.0,-1.0,0.011695906432739206,2.321637426900727
XAUUSD,NY,2021-03-12,Friday,2,1719.71,1705.94,13.769999999999982,long,2021-03-12 04:10:00,1699.22,2021-03-12 07:50:00,2021-03-12 07:55:00,1706.04,1699.22,1719.6799999999998,6.819999999999936,False,extreme,2021-03-12 11:45:00,1719.6799999999998,target,47,2.0,0,0.0,2.0,2.05571847507333,0.9618768328445758
XAUUSD,NY,2021-03-12,Friday,3,1719.71,1705.94,13.769999999999982,short,2021-03-12 12:45:00,1722.7,2021-03-12 12:55:00,2021-03-12 13:00:00,1719.69,1722.7,1713.67,3.009999999999991,False,extreme,2021-03-12 13:30:00,1722.7,stop,7,-1.0,0,0.0,-1.0,0.09634551495015432,1.279069767441834
XAUUSD,NY,2021-03-15,Monday,1,1727.97,1721.68,6.289999999999964,short,2021-03-15 05:00:00,1734.57,2021-03-15 10:35:00,2021-03-15 10:40:00,1726.65,1734.57,1710.8100000000004,7.919999999999845,False,extreme,2021-03-15 23:55:00,1733.61,end_of_day,148,-0.8787878787878718,0,0.0,-0.8787878787878718,0.4861111111111378,0.9482323232323406
XAUUSD,NY,2021-03-16,Tuesday,1,1737.24,1726.15,11.089999999999918,short,2021-03-16 10:25:00,1741.22,2021-03-16 10:40:00,2021-03-16 10:45:00,1736.84,1741.22,1728.0799999999997,4.380000000000109,False,extreme,2021-03-16 11:30:00,1728.0799999999997,target,10,2.0,0,0.0,2.0,2.102739726027301,0.013698630137025413
XAUUSD,NY,2021-03-17,Wednesday,1,1737.94,1734.16,3.7799999999999727,long,2021-03-17 07:05:00,1724.02,2021-03-17 14:05:00,2021-03-17 14:10:00,1735.51,1731.24,1744.05,4.269999999999982,True,swing,2021-03-17 14:15:00,1744.05,target,2,2.0,0,0.0,2.0,2.00468384074941,0.0
XAUUSD,NY,2021-03-18,Thursday,1,1752.88,1735.49,17.3900000000001,long,2021-03-18 04:45:00,1732.69,2021-03-18 04:55:00,2021-03-18 05:00:00,1736.36,1732.69,1743.6999999999996,3.6699999999998454,False,extreme,2021-03-18 07:20:00,1732.69,stop,29,-1.0,0,0.0,-1.0,0.8828337874659797,1.0544959128065543
XAUUSD,NY,2021-03-18,Thursday,2,1752.88,1735.49,17.3900000000001,long,2021-03-18 07:10:00,1719.23,2021-03-18 12:10:00,2021-03-18 12:15:00,1735.53,1719.23,1768.1299999999999,16.299999999999955,False,extreme,2021-03-18 23:55:00,1731.69,end_of_day,129,-0.2355828220858852,0,0.0,-0.2355828220858852,0.13619631901840695,0.43742331288342956
XAUUSD,NY,2021-03-19,Friday,1,1745.4,1730.01,15.3900000000001,short,2021-03-19 16:40:00,1746.72,2021-03-19 16:45:00,2021-03-19 16:50:00,1745.23,1746.72,1742.25,1.490000000000009,False,extreme,2021-03-19 16:55:00,1745.36,friday_close,2,-0.08724832214757113,1,0.0067114093959731135,-0.09395973154354424,0.2013422818791629,0.7248322147650474
XAUUSD,NY,2021-03-23,Tuesday,1,1740.02,1735.2,4.819999999999936,short,2021-03-23 06:05:00,1742.56,2021-03-23 06:15:00,2021-03-23 06:20:00,1739.83,1742.56,1734.37,2.730000000000018,False,extreme,2021-03-23 09:15:00,1734.37,target,36,2.0,0,0.0,2.0,2.084249084249007,0.7875457875458156
XAUUSD,NY,2021-03-24,Wednesday,1,1733.87,1727.18,6.689999999999827,short,2021-03-24 05:40:00,1735.0,2021-03-24 05:50:00,2021-03-24 05:55:00,1733.85,1735.0,1731.5499999999997,1.150000000000091,False,extreme,2021-03-24 06:00:00,1735.0,stop,2,-1.0,0,0.0,-1.0,0.13913043478247114,1.7913043478260955
XAUUSD,NY,2021-03-24,Wednesday,2,1733.87,1727.18,6.689999999999827,short,2021-03-24 05:55:00,1735.91,2021-03-24 06:10:00,2021-03-24 06:15:00,1733.09,1735.91,1727.4499999999996,2.8200000000001637,False,extreme,2021-03-24 12:00:00,1735.91,stop,70,-1.0,0,0.0,-1.0,1.680851063829693,1.0744680851063109
XAUUSD,NY,2021-03-24,Wednesday,3,1733.87,1727.18,6.689999999999827,short,2021-03-24 12:00:00,1738.52,2021-03-24 13:05:00,2021-03-24 13:10:00,1733.8,1738.52,1724.36,4.720000000000027,False,extreme,2021-03-24 23:15:00,1738.52,stop,110,-1.0,0,0.0,-1.0,0.394067796610146,1.1334745762712088
XAUUSD,NY,2021-03-25,Thursday,1,1737.77,1730.73,7.039999999999964,long,2021-03-25 06:35:00,1730.19,2021-03-25 06:40:00,2021-03-25 06:45:00,1731.44,1730.19,1733.94,1.25,False,extreme,2021-03-25 06:45:00,1730.19,stop,1,-1.0,0,0.0,-1.0,0.0,1.080000000000109
XAUUSD,NY,2021-03-25,Thursday,2,1737.77,1730.73,7.039999999999964,long,2021-03-25 06:45:00,1729.91,2021-03-25 06:55:00,2021-03-25 07:00:00,1731.47,1729.91,1734.59,1.5599999999999454,False,extreme,2021-03-25 07:35:00,1729.91,stop,8,-1.0,0,0.0,-1.0,1.2756410256410762,1.0320512820513998
XAUUSD,NY,2021-03-25,Thursday,3,1737.77,1730.73,7.039999999999964,long,2021-03-25 07:35:00,1724.96,2021-03-25 09:00:00,2021-03-25 09:05:00,1731.08,1724.96,1743.3199999999997,6.119999999999891,False,extreme,2021-03-25 09:35:00,1743.3199999999997,target,7,2.0,0,0.0,2.0,2.2369281045752123,0.367647058823536
XAUUSD,NY,2021-03-25,Thursday,4,1737.77,1730.73,7.039999999999964,short,2021-03-25 09:25:00,1745.5,2021-03-25 10:30:00,2021-03-25 10:35:00,1734.19,1745.5,1711.5700000000002,11.309999999999945,False,extreme,2021-03-25 23:55:00,1724.94,end_of_day,149,0.8178603006189252,0,0.0,0.8178603006189252,1.0981432360742822,0.2970822281167035
XAUUSD,NY,2021-03-26,Friday,1,1729.68,1723.89,5.789999999999964,short,2021-03-26 05:35:00,1732.05,2021-03-26 06:00:00,2021-03-26 06:05:00,1729.67,1732.05,1724.9100000000003,2.3799999999998818,False,extreme,2021-03-26 07:00:00,1724.9100000000003,target,12,2.0,0,0.0,2.0,2.109243697479089,0.029411764705857064
XAUUSD,NY,2021-03-26,Friday,2,1729.68,1723.89,5.789999999999964,long,2021-03-26 07:25:00,1721.55,2021-03-26 07:35:00,2021-03-26 07:40:00,1724.08,1721.55,1729.1399999999999,2.5299999999999727,False,extreme,2021-03-26 10:00:00,1729.1399999999999,target,29,2.0,0,0.0,2.0,2.4940711462451546,0.09881422924901292
XAUUSD,NY,2021-03-26,Friday,3,1729.68,1723.89,5.789999999999964,short,2021-03-26 10:00:00,1730.86,2021-03-26 10:10:00,2021-03-26 10:15:00,1729.59,1730.86,1727.05,1.2699999999999818,False,extreme,2021-03-26 10:20:00,1730.86,stop,2,-1.0,0,0.0,-1.0,0.14173228346444006,1.4094488188978083
XAUUSD,NY,2021-03-26,Friday,4,1729.68,1723.89,5.789999999999964,short,2021-03-26 10:15:00,1731.38,2021-03-26 10:30:00,2021-03-26 10:35:00,1728.45,1731.38,1722.59,2.9300000000000637,False,extreme,2021-03-26 10:55:00,1731.38,stop,5,-1.0,0,0.0,-1.0,0.010238907849819817,1.3549488054607308
XAUUSD,NY,2021-03-29,Monday,1,1729.81,1724.95,4.8599999999999,long,2021-03-29 04:15:00,1723.8,2021-03-29 04:20:00,2021-03-29 04:25:00,1725.35,1723.8,1728.4499999999998,1.5499999999999545,False,extreme,2021-03-29 08:15:00,1723.8,stop,47,-1.0,0,0.0,-1.0,1.8645161290323773,1.0387096774193207
XAUUSD,NY,2021-03-29,Monday,2,1729.81,1724.95,4.8599999999999,long,2021-03-29 08:15:00,1723.61,2021-03-29 08:20:00,2021-03-29 08:25:00,1726.99,1723.61,1733.7500000000002,3.380000000000109,False,extreme,2021-03-29 08:45:00,1723.61,stop,5,-1.0,0,0.0,-1.0,0.31360946745559504,1.01479289940827
XAUUSD,NY,2021-03-29,Monday,3,1729.81,1724.95,4.8599999999999,long,2021-03-29 08:45:00,1721.95,2021-03-29 09:00:00,2021-03-29 09:05:00,1725.82,1721.95,1733.5599999999997,3.869999999999891,False,extreme,2021-03-29 09:05:00,1721.95,stop,1,-1.0,0,0.0,-1.0,0.13436692506459857,1.0516795865633206
XAUUSD,NY,2021-03-30,Tuesday,1,1708.55,1695.45,13.099999999999909,long,2021-03-30 06:35:00,1695.07,2021-03-30 06:40:00,2021-03-30 06:45:00,1695.64,1695.07,1696.7800000000004,0.5700000000001637,False,extreme,2021-03-30 06:50:00,1695.07,stop,2,-1.0,0,0.0,-1.0,0.649122807017166,4.0350877192974055
XAUUSD,NY,2021-03-31,Wednesday,1,1688.82,1678.56,10.259999999999991,short,2021-03-31 06:30:00,1689.13,2021-03-31 06:35:00,2021-03-31 06:40:00,1687.52,1689.13,1684.2999999999997,1.6100000000001273,False,extreme,2021-03-31 08:00:00,1684.2999999999997,target,17,2.0,0,0.0,2.0,2.1552795031054366,0.7888198757763238
XAUUSD,NY,2021-03-31,Wednesday,2,1688.82,1678.56,10.259999999999991,short,2021-03-31 08:40:00,1689.59,2021-03-31 08:45:00,2021-03-31 08:50:00,1687.02,1689.59,1681.88,2.5699999999999363,False,extreme,2021-03-31 09:30:00,1689.59,stop,9,-1.0,0,0.0,-1.0,0.4163424124513474,1.6536964980545157
XAUUSD,NY,2021-04-05,Monday,1,1728.05,1721.31,6.740000000000009,short,2021-04-05 04:30:00,1728.57,2021-04-05 04:35:00,2021-04-05 04:40:00,1726.5,1728.57,1722.3600000000001,2.0699999999999363,False,extreme,2021-04-05 08:00:00,1722.3600000000001,target,41,2.0,0,0.0,2.0,2.0289855072464613,0.42995169082131757
XAUUSD,NY,2021-04-05,Monday,2,1728.05,1721.31,6.740000000000009,short,2021-04-05 08:35:00,1729.72,2021-04-05 08:45:00,2021-04-05 08:50:00,1725.99,1729.72,1718.53,3.730000000000018,False,extreme,2021-04-05 10:10:00,1729.72,stop,17,-1.0,0,0.0,-1.0,0.9571045576407289,1.0134048257372532
XAUUSD,NY,2021-04-05,Monday,3,1728.05,1721.31,6.740000000000009,short,2021-04-05 10:10:00,1729.98,2021-04-05 10:40:00,2021-04-05 10:45:00,1727.69,1729.98,1723.1100000000001,2.2899999999999636,False,extreme,2021-04-05 11:15:00,1729.98,stop,7,-1.0,0,0.0,-1.0,0.921397379912734,2.034934497816563
XAUUSD,NY,2021-04-05,Monday,4,1728.05,1721.31,6.740000000000009,short,2021-04-05 11:15:00,1733.56,2021-04-05 13:00:00,2021-04-05 13:05:00,1727.74,1733.56,1716.1000000000001,5.819999999999936,False,extreme,2021-04-05 21:05:00,1733.56,stop,85,-1.0,0,0.0,-1.0,0.46563573883162646,1.1546391752577492
XAUUSD,NY,2021-04-06,Tuesday,1,1738.65,1727.78,10.870000000000118,short,2021-04-06 09:20:00,1739.14,2021-04-06 09:25:00,2021-04-06 09:30:00,1737.64,1739.14,1734.64,1.5,False,extreme,2021-04-06 09:30:00,1739.14,stop,1,-1.0,0,0.0,-1.0,0.0,1.0533333333332848
XAUUSD,NY,2021-04-06,Tuesday,2,1738.65,1727.78,10.870000000000118,short,2021-04-06 09:35:00,1740.18,2021-04-06 09:45:00,2021-04-06 09:50:00,1738.45,1740.18,1734.99,1.7300000000000182,False,extreme,2021-04-06 09:50:00,1740.18,stop,1,-1.0,0,0.0,-1.0,0.0,1.6763005780345857
XAUUSD,NY,2021-04-06,Tuesday,3,1738.65,1727.78,10.870000000000118,short,2021-04-06 09:50:00,1745.5,2021-04-06 21:45:00,2021-04-06 21:50:00,1738.2,1745.5,1723.6000000000001,7.2999999999999545,False,extreme,2021-04-06 23:55:00,1738.22,end_of_day,26,-0.0027397260273947857,0,0.0,-0.0027397260273947857,0.32739726027398836,0.05616438356162425
XAUUSD,NY,2021-04-07,Wednesday,1,1742.36,1736.21,6.149999999999864,long,2021-04-07 06:40:00,1735.87,2021-04-07 06:45:00,2021-04-07 06:50:00,1736.31,1735.87,1737.19,0.44000000000005457,False,extreme,2021-04-07 06:50:00,1737.19,target,1,2.0,0,0.0,2.0,3.590909090908997,0.31818181818148933
XAUUSD,NY,2021-04-07,Wednesday,2,1742.36,1736.21,6.149999999999864,long,2021-04-07 07:10:00,1730.62,2021-04-07 08:30:00,2021-04-07 08:35:00,1736.34,1730.62,1747.78,5.720000000000027,False,extreme,2021-04-07 23:55:00,1738.66,end_of_day,173,0.4055944055944323,0,0.0,0.4055944055944323,1.2080419580419666,0.5576923076922748
XAUUSD,NY,2021-04-08,Thursday,1,1747.65,1738.66,8.990000000000009,short,2021-04-08 07:00:00,1749.05,2021-04-08 07:10:00,2021-04-08 07:15:00,1747.45,1749.05,1744.2500000000002,1.599999999999909,False,extreme,2021-04-08 07:25:00,1749.05,stop,3,-1.0,0,0.0,-1.0,0.012499999999989343,1.0875000000000674
XAUUSD,NY,2021-04-08,Thursday,2,1747.65,1738.66,8.990000000000009,short,2021-04-08 07:15:00,1751.27,2021-04-08 08:10:00,2021-04-08 08:15:00,1746.46,1751.27,1736.8400000000001,4.809999999999945,False,extreme,2021-04-08 09:00:00,1751.27,stop,10,-1.0,0,0.0,-1.0,0.014553014553001483,1.037422037422051
XAUUSD,NY,2021-04-09,Friday,1,1753.61,1744.08,9.529999999999973,long,2021-04-09 08:20:00,1731.23,2021-04-09 10:40:00,2021-04-09 10:45:00,1744.59,1731.23,1771.3099999999997,13.3599999999999,False,extreme,2021-04-09 16:55:00,1743.86,friday_close,75,-0.05464071856287602,0,0.0,-0.05464071856287602,0.16841317365269587,0.2387724550898092
XAUUSD,NY,2021-04-12,Monday,1,1742.14,1735.24,6.900000000000091,short,2021-04-12 05:40:00,1743.26,2021-04-12 05:45:00,2021-04-12 05:50:00,1741.61,1743.26,1738.3099999999997,1.650000000000091,False,extreme,2021-04-12 07:20:00,1743.26,stop,19,-1.0,0,0.0,-1.0,0.8060606060605175,1.1030303030303414
XAUUSD,NY,2021-04-12,Monday,2,1742.14,1735.24,6.900000000000091,short,2021-04-12 07:10:00,1745.08,2021-04-12 08:20:00,2021-04-12 08:25:00,1740.79,1745.08,1732.21,4.289999999999964,False,extreme,2021-04-12 09:50:00,1732.21,target,18,2.0,0,0.0,2.0,2.020979020979055,0.3473193473193524
XAUUSD,NY,2021-04-12,Monday,3,1742.14,1735.24,6.900000000000091,long,2021-04-12 09:50:00,1730.5,2021-04-12 11:05:00,2021-04-12 11:10:00,1735.55,1730.5,1745.6499999999999,5.0499999999999545,False,extreme,2021-04-12 14:20:00,1730.5,stop,39,-1.0,0,0.0,-1.0,0.025742574257447585,1.1564356435643506
XAUUSD,NY,2021-04-12,Monday,4,1742.14,1735.24,6.900000000000091,long,2021-04-12 11:10:00,1727.39,2021-04-12 22:40:00,2021-04-12 22:45:00,1736.03,1727.39,1753.3099999999997,8.639999999999873,False,extreme,2021-04-12 23:55:00,1731.79,end_of_day,15,-0.490740740740749,0,0.0,-0.490740740740749,0.04861111111112025,0.5451388888889012
XAUUSD,NY,2021-04-15,Thursday,1,1747.93,1737.88,10.049999999999955,short,2021-04-15 05:00:00,1748.47,2021-04-15 05:05:00,2021-04-15 05:10:00,1747.34,1748.47,1745.0799999999997,1.1300000000001091,False,extreme,2021-04-15 05:20:00,1748.47,stop,3,-1.0,0,0.0,-1.0,0.22123893805307598,1.663716814159228
XAUUSD,NY,2021-04-15,Thursday,2,1747.93,1737.88,10.049999999999955,short,2021-04-15 05:20:00,1749.22,2021-04-15 05:25:00,2021-04-15 05:30:00,1747.87,1749.22,1745.1699999999996,1.3500000000001364,False,extreme,2021-04-15 07:35:00,1745.1699999999996,target,26,2.0,0,0.0,2.0,2.3185185185181965,0.4370370370371007
XAUUSD,NY,2021-04-15,Thursday,3,1747.93,1737.88,10.049999999999955,short,2021-04-15 08:05:00,1752.29,2021-04-15 08:50:00,2021-04-15 08:55:00,1747.56,1752.29,1738.1,4.730000000000018,False,extreme,2021-04-15 09:30:00,1752.29,stop,8,-1.0,0,0.0,-1.0,0.3530655391120167,1.6807610993657536
XAUUSD,NY,2021-04-16,Friday,1,1766.27,1761.53,4.740000000000009,short,2021-04-16 04:15:00,1767.25,2021-04-16 04:25:00,2021-04-16 04:30:00,1765.97,1767.25,1763.41,1.2799999999999727,False,extreme,2021-04-16 05:05:00,1767.25,stop,8,-1.0,0,0.0,-1.0,1.0234374999999791,1.179687500000018
XAUUSD,NY,2021-04-16,Friday,2,1766.27,1761.53,4.740000000000009,short,2021-04-16 05:00:00,1767.52,2021-04-16 05:10:00,2021-04-16 05:15:00,1766.05,1767.52,1763.11,1.4700000000000273,False,extreme,2021-04-16 05:40:00,1767.52,stop,6,-1.0,0,0.0,-1.0,0.4217687074829111,1.857142857142835
XAUUSD,NY,2021-04-19,Monday,1,1787.3,1775.36,11.940000000000055,short,2021-04-19 04:30:00,1788.62,2021-04-19 04:45:00,2021-04-19 04:50:00,1787.31,1788.62,1784.69,1.3099999999999454,False,extreme,2021-04-19 05:20:00,1788.62,stop,7,-1.0,0,0.0,-1.0,0.8091603053435035,1.893129770992459
XAUUSD,NY,2021-04-19,Monday,2,1787.3,1775.36,11.940000000000055,short,2021-04-19 05:20:00,1790.06,2021-04-19 06:45:00,2021-04-19 06:50:00,1787.27,1790.06,1781.69,2.7899999999999636,False,extreme,2021-04-19 07:30:00,1781.69,target,9,2.0,0,0.0,2.0,2.060931899641604,0.2867383512544677
XAUUSD,NY,2021-04-19,Monday,3,1787.3,1775.36,11.940000000000055,long,2021-04-19 09:00:00,1766.75,2021-04-19 10:55:00,2021-04-19 11:00:00,1775.84,1766.75,1794.0199999999998,9.089999999999918,False,extreme,2021-04-19 22:30:00,1766.75,stop,127,-1.0,0,0.0,-1.0,0.09900990099010991,1.0418041804180542
XAUUSD,NY,2021-04-19,Monday,4,1787.3,1775.36,11.940000000000055,long,2021-04-19 11:30:00,1765.59,2021-04-19 23:25:00,2021-04-19 23:30:00,1775.68,1765.59,1795.8600000000004,10.090000000000146,False,extreme,2021-04-19 23:55:00,1773.28,end_of_day,6,-0.23785926660060022,0,0.0,-0.23785926660060022,0.0,0.28642220019822184
XAUUSD,NY,2021-04-20,Tuesday,1,1774.32,1767.25,7.069999999999936,long,2021-04-20 04:25:00,1765.25,2021-04-20 04:30:00,2021-04-20 04:35:00,1767.64,1765.25,1772.4200000000003,2.3900000000001,False,extreme,2021-04-20 05:30:00,1765.25,stop,12,-1.0,0,0.0,-1.0,0.8953974895396581,1.1046025104602466
XAUUSD,NY,2021-04-20,Tuesday,2,1774.32,1767.25,7.069999999999936,long,2021-04-20 05:15:00,1763.65,2021-04-20 05:50:00,2021-04-20 05:55:00,1767.82,1763.65,1776.1599999999996,4.169999999999845,False,extreme,2021-04-20 10:00:00,1776.1599999999996,target,50,2.0,0,0.0,2.0,2.299760191846643,0.41486810551560727
XAUUSD,NY,2021-04-20,Tuesday,3,1774.32,1767.25,7.069999999999936,short,2021-04-20 10:00:00,1778.32,2021-04-20 10:50:00,2021-04-20 10:55:00,1774.09,1778.32,1765.6299999999999,4.230000000000018,False,extreme,2021-04-20 11:40:00,1778.32,stop,10,-1.0,0,0.0,-1.0,0.13711583924348103,1.394799054373538
XAUUSD,NY,2021-04-21,Wednesday,1,1788.4,1780.36,8.040000000000191,long,2021-04-21 04:45:00,1777.78,2021-04-21 06:45:00,2021-04-21 06:50:00,1780.95,1777.78,1787.2900000000002,3.1700000000000728,False,extreme,2021-04-21 08:30:00,1787.2900000000002,target,21,2.0,0,0.0,2.0,2.07570977917974,0.2712933753943557
XAUUSD,NY,2021-04-22,Thursday,1,1794.71,1788.22,6.490000000000009,long,2021-04-22 05:25:00,1785.68,2021-04-22 06:05:00,2021-04-22 06:10:00,1788.5,1785.68,1794.1399999999999,2.8199999999999363,False,extreme,2021-04-22 06:55:00,1785.68,stop,10,-1.0,0,0.0,-1.0,0.5141843971631483,1.6808510638298284
XAUUSD,NY,2021-04-22,Thursday,2,1794.71,1788.22,6.490000000000009,long,2021-04-22 06:35:00,1783.76,2021-04-22 07:45:00,2021-04-22 07:50:00,1788.39,1783.76,1797.6500000000003,4.630000000000109,False,extreme,2021-04-22 08:05:00,1783.76,stop,4,-1.0,0,0.0,-1.0,0.0,1.1058315334773212
XAUUSD,NY,2021-04-22,Thursday,3,1794.71,1788.22,6.490000000000009,long,2021-04-22 07:50:00,1777.41,2021-04-22 21:40:00,2021-04-22 21:45:00,1789.34,1777.41,1813.1999999999996,11.929999999999836,False,extreme,2021-04-22 23:55:00,1786.01,end_of_day,27,-0.27912824811399606,0,0.0,-0.27912824811399606,0.028499580888528935,0.28248113998323027
XAUUSD,NY,2021-04-23,Friday,1,1787.02,1781.61,5.410000000000082,short,2021-04-23 06:45:00,1788.38,2021-04-23 07:00:00,2021-04-23 07:05:00,1787.1,1788.38,1784.5399999999995,1.2800000000002,False,extreme,2021-04-23 07:30:00,1788.38,stop,6,-1.0,0,0.0,-1.0,1.4140624999997364,1.2968749999998612
XAUUSD,NY,2021-04-23,Friday,2,1787.02,1781.61,5.410000000000082,short,2021-04-23 07:25:00,1796.03,2021-04-23 09:35:00,2021-04-23 09:40:00,1785.97,1796.03,1765.8500000000001,10.059999999999945,False,extreme,2021-04-23 16:55:00,1776.56,friday_close,88,0.9353876739562756,0,0.0,0.9353876739562756,1.5884691848906665,0.1650099403578619
XAUUSD,NY,2021-04-26,Monday,1,1783.54,1774.97,8.569999999999936,long,2021-04-26 08:10:00,1768.72,2021-04-26 08:45:00,2021-04-26 08:50:00,1775.54,1768.72,1789.1799999999998,6.819999999999936,False,extreme,2021-04-26 23:55:00,1779.85,end_of_day,170,0.6319648093841621,0,0.0,0.6319648093841621,1.2448680351906287,0.43255131964810456
XAUUSD,NY,2021-04-27,Tuesday,1,1783.42,1777.85,5.570000000000164,long,2021-04-27 04:00:00,1776.07,2021-04-27 04:20:00,2021-04-27 04:25:00,1778.04,1776.07,1781.98,1.9700000000000273,False,extreme,2021-04-27 06:10:00,1781.98,target,22,2.0,0,0.0,2.0,2.0406091370558,0.1725888324872657
XAUUSD,NY,2021-04-27,Tuesday,2,1783.42,1777.85,5.570000000000164,short,2021-04-27 08:20:00,1785.56,2021-04-27 08:30:00,2021-04-27 08:35:00,1782.7,1785.56,1776.9800000000002,2.8599999999999,False,extreme,2021-04-27 13:45:00,1776.9800000000002,target,63,2.0,0,0.0,2.0,2.045454545454665,0.9650349650349956
XAUUSD,NY,2021-04-28,Wednesday,1,1772.1,1766.22,5.879999999999882,long,2021-04-28 05:25:00,1763.4,2021-04-28 05:40:00,2021-04-28 05:45:00,1766.54,1763.4,1772.8199999999997,3.1399999999998727,False,extreme,2021-04-28 08:30:00,1763.4,stop,34,-1.0,0,0.0,-1.0,0.7993630573248702,1.2547770700637626
XAUUSD,NY,2021-04-28,Wednesday,2,1772.1,1766.22,5.879999999999882,long,2021-04-28 08:25:00,1762.6,2021-04-28 08:35:00,2021-04-28 08:40:00,1766.56,1762.6,1774.48,3.9600000000000364,False,extreme,2021-04-28 10:10:00,1774.48,target,19,2.0,0,0.0,2.0,2.025252525252502,0.010101010101000821
XAUUSD,NY,2021-04-28,Wednesday,3,1772.1,1766.22,5.879999999999882,short,2021-04-28 09:55:00,1774.82,2021-04-28 10:30:00,2021-04-28 10:35:00,1771.91,1774.82,1766.0900000000004,2.9099999999998545,False,extreme,2021-04-28 10:50:00,1774.82,stop,4,-1.0,0,0.0,-1.0,0.1821305841924396,1.0137457044673421
XAUUSD,NY,2021-04-28,Wednesday,4,1772.1,1766.22,5.879999999999882,short,2021-04-28 10:35:00,1774.86,2021-04-28 10:55:00,2021-04-28 11:00:00,1772.09,1774.86,1766.55,2.769999999999982,False,extreme,2021-04-28 11:25:00,1774.86,stop,6,-1.0,0,0.0,-1.0,0.22021660649816027,1.0144404332130654
XAUUSD,NY,2021-04-29,Thursday,1,1785.98,1777.17,8.809999999999945,long,2021-04-29 04:25:00,1775.6,2021-04-29 04:40:00,2021-04-29 04:45:00,1777.47,1775.6,1781.2100000000003,1.8700000000001182,False,extreme,2021-04-29 05:30:00,1775.6,stop,10,-1.0,5,0.026737967914436812,-1.0267379679144368,0.46524064171114216,1.475935828876907
XAUUSD,NY,2021-04-29,Thursday,2,1785.98,1777.17,8.809999999999945,long,2021-04-29 05:25:00,1772.19,2021-04-29 07:25:00,2021-04-29 07:30:00,1777.24,1772.19,1787.34,5.0499999999999545,False,extreme,2021-04-29 09:10:00,1772.19,stop,21,-1.0,0,0.0,-1.0,0.829702970297048,1.0316831683168481
XAUUSD,NY,2021-04-30,Friday,1,1773.26,1766.21,7.0499999999999545,long,2021-04-30 12:30:00,1765.69,2021-04-30 12:45:00,2021-04-30 12:50:00,1766.94,1765.69,1769.44,1.25,False,extreme,2021-04-30 13:40:00,1769.44,target,11,2.0,2,0.016,1.984,2.7039999999999056,0.42399999999997817
XAUUSD,NY,2021-05-04,Tuesday,1,1789.84,1783.96,5.879999999999882,short,2021-05-04 04:35:00,1790.54,2021-05-04 04:40:00,2021-05-04 04:45:00,1789.41,1790.54,1787.1500000000003,1.1299999999998818,False,extreme,2021-05-04 04:50:00,1787.1500000000003,target,2,2.0,0,0.0,2.0,2.415929203540092,0.10619469026540125
XAUUSD,NY,2021-05-04,Tuesday,2,1789.84,1783.96,5.879999999999882,long,2021-05-04 05:35:00,1783.04,2021-05-04 05:40:00,2021-05-04 05:45:00,1784.39,1783.04,1787.0900000000004,1.3500000000001364,False,extreme,2021-05-04 05:55:00,1783.04,stop,3,-1.0,3,0.022222222222219975,-1.02222222222222,0.23703703703696594,1.2444444444443659
XAUUSD,NY,2021-05-04,Tuesday,3,1789.84,1783.96,5.879999999999882,long,2021-05-04 05:45:00,1781.55,2021-05-04 07:10:00,2021-05-04 07:15:00,1784.05,1781.55,1789.05,2.5,False,extreme,2021-05-04 07:50:00,1781.55,stop,8,-1.0,1,0.004,-1.004,1.0800000000000183,1.331999999999971
XAUUSD,NY,2021-05-04,Tuesday,4,1789.84,1783.96,5.879999999999882,long,2021-05-04 07:45:00,1780.72,2021-05-04 08:00:00,2021-05-04 08:05:00,1784.19,1780.72,1791.13,3.4700000000000273,False,extreme,2021-05-04 09:20:00,1791.13,target,16,2.0,0,0.0,2.0,2.014409221902004,0.5792507204610879
XAUUSD,NY,2021-05-04,Tuesday,5,1789.84,1783.96,5.879999999999882,short,2021-05-04 09:25:00,1792.11,2021-05-04 09:35:00,2021-05-04 09:40:00,1789.41,1792.11,1784.0100000000004,2.699999999999818,False,extreme,2021-05-04 09:40:00,1792.11,stop,1,-1.0,2,0.007407407407407906,-1.007407407407408,0.24074074074079063,1.0444444444444911
XAUUSD,NY,2021-05-04,Tuesday,6,1789.84,1783.96,5.879999999999882,long,2021-05-04 11:10:00,1773.77,2021-05-04 11:25:00,2021-05-04 11:30:00,1784.42,1773.77,1805.7200000000003,10.650000000000091,False,extreme,2021-05-04 12:00:00,1773.77,stop,7,-1.0,0,0.0,-1.0,0.03849765258214563,1.2704225352112541
XAUUSD,NY,2021-05-05,Wednesday,1,1782.91,1775.42,7.490000000000009,long,2021-05-05 04:05:00,1774.81,2021-05-05 04:10:00,2021-05-05 04:15:00,1775.63,1774.81,1777.2700000000004,0.8200000000001637,False,extreme,2021-05-05 04:40:00,1774.81,stop,6,-1.0,0,0.0,-1.0,1.4146341463410035,1.6707317073168837
XAUUSD,NY,2021-05-05,Wednesday,2,1782.91,1775.42,7.490000000000009,long,2021-05-05 04:40:00,1774.26,2021-05-05 04:45:00,2021-05-05 04:50:00,1775.86,1774.26,1779.0599999999997,1.599999999999909,False,extreme,2021-05-05 05:45:00,1779.0599999999997,target,12,2.0,4,0.02500000000000142,1.9749999999999985,2.4187500000002116,0.8125000000000178
XAUUSD,NY,2021-05-05,Wednesday,3,1782.91,1775.42,7.490000000000009,long,2021-05-05 08:25:00,1770.36,2021-05-05 08:40:00,2021-05-05 08:45:00,1776.98,1770.36,1790.2200000000003,6.620000000000118,False,extreme,2021-05-05 23:55:00,1789.76,end_of_day,171,1.9305135951661245,0,0.0,1.9305135951661245,1.9909365558912127,0.009063444108752924
XAUUSD,NY,2021-05-06,Thursday,1,1795.58,1787.9,7.679999999999836,short,2021-05-06 08:20:00,1796.57,2021-05-06 08:30:00,2021-05-06 08:35:00,1793.88,1796.57,1788.5000000000005,2.689999999999827,False,extreme,2021-05-06 09:30:00,1796.57,stop,12,-1.0,0,0.0,-1.0,1.1375464684016243,1.2602230483271712
XAUUSD,NY,2021-05-07,Friday,1,1821.63,1817.32,4.310000000000173,short,2021-05-07 04:30:00,1823.07,2021-05-07 04:50:00,2021-05-07 04:55:00,1820.97,1823.07,1816.7700000000002,2.099999999999909,False,extreme,2021-05-07 08:30:00,1823.07,stop,44,-1.0,0,0.0,-1.0,1.747619047619158,6.6285714285717505
XAUUSD,NY,2021-05-10,Monday,1,1839.18,1831.9,7.279999999999973,short,2021-05-10 06:50:00,1840.24,2021-05-10 07:00:00,2021-05-10 07:05:00,1839.08,1840.24,1836.7599999999998,1.1600000000000819,False,extreme,2021-05-10 07:10:00,1840.24,stop,2,-1.0,3,0.025862068965515416,-1.0258620689655154,0.16379310344811535,1.4310344827585904
XAUUSD,NY,2021-05-10,Monday,2,1839.18,1831.9,7.279999999999973,short,2021-05-10 07:05:00,1840.74,2021-05-10 07:15:00,2021-05-10 07:20:00,1838.71,1840.74,1834.65,2.0299999999999727,False,extreme,2021-05-10 07:40:00,1840.74,stop,5,-1.0,0,0.0,-1.0,0.7832512315271758,1.0837438423645689
XAUUSD,NY,2021-05-10,Monday,3,1839.18,1831.9,7.279999999999973,short,2021-05-10 07:35:00,1844.24,2021-05-10 09:05:00,2021-05-10 09:10:00,1838.37,1844.24,1826.6299999999997,5.870000000000118,False,extreme,2021-05-10 09:25:00,1844.24,stop,4,-1.0,0,0.0,-1.0,0.01362862010220198,1.0749574105621884
XAUUSD,NY,2021-05-10,Monday,4,1839.18,1831.9,7.279999999999973,short,2021-05-10 09:20:00,1845.54,2021-05-10 09:50:00,2021-05-10 09:55:00,1839.13,1845.54,1826.3100000000004,6.4099999999998545,False,extreme,2021-05-10 23:55:00,1834.81,end_of_day,157,0.673946957878356,0,0.0,0.673946957878356,1.2137285491420244,0.5928237129485243
XAUUSD,NY,2021-05-11,Tuesday,1,1838.12,1832.66,5.459999999999809,short,2021-05-11 05:45:00,1841.86,2021-05-11 08:30:00,2021-05-11 08:35:00,1835.31,1841.86,1822.21,6.5499999999999545,False,extreme,2021-05-11 09:15:00,1822.21,target,9,2.0,0,0.0,2.0,2.106870229007641,0.26259541984733425
XAUUSD,NY,2021-05-11,Tuesday,2,1838.12,1832.66,5.459999999999809,long,2021-05-11 08:50:00,1818.07,2021-05-11 11:35:00,2021-05-11 11:40:00,1832.9,1827.99,1842.7200000000003,4.910000000000082,True,swing,2021-05-11 22:10:00,1827.99,stop,115,-1.0,0,0.0,-1.0,1.1059063136455693,1.069246435845196
XAUUSD,NY,2021-05-12,Wednesday,1,1835.65,1826.85,8.800000000000182,short,2021-05-12 08:45:00,1843.64,2021-05-12 09:15:00,2021-05-12 09:20:00,1833.22,1843.64,1812.3799999999999,10.420000000000073,False,extreme,2021-05-12 23:55:00,1817.44,end_of_day,164,1.514395393474075,0,0.0,1.514395393474075,1.916506717850277,0.12763915547024166
XAUUSD,NY,2021-05-13,Thursday,1,1822.31,1814.19,8.11999999999989,long,2021-05-13 04:50:00,1812.62,2021-05-13 04:55:00,2021-05-13 05:00:00,1815.19,1812.62,1820.3300000000004,2.5700000000001637,False,extreme,2021-05-13 05:50:00,1812.62,stop,11,-1.0,3,0.011673151750972019,-1.011673151750972,0.1517509727625867,1.3151750972762233
XAUUSD,NY,2021-05-13,Thursday,2,1822.31,1814.19,8.11999999999989,long,2021-05-13 05:40:00,1808.78,2021-05-13 07:00:00,2021-05-13 07:05:00,1814.39,1808.78,1825.6100000000004,5.610000000000127,False,extreme,2021-05-13 10:45:00,1825.6100000000004,target,45,2.0,0,0.0,2.0,2.272727272727221,0.16221033868093782
XAUUSD,NY,2021-05-13,Thursday,3,1822.31,1814.19,8.11999999999989,short,2021-05-13 10:45:00,1827.14,2021-05-13 11:10:00,2021-05-13 11:15:00,1821.7,1827.14,1810.82,5.440000000000055,False,extreme,2021-05-13 12:45:00,1827.14,stop,19,-1.0,2,0.003676470588235257,-1.0036764705882353,0.0,1.2996323529411518
XAUUSD,NY,2021-05-13,Thursday,4,1822.31,1814.19,8.11999999999989,short,2021-05-13 11:20:00,1828.77,2021-05-13 13:55:00,2021-05-13 14:00:00,1822.16,1828.77,1808.9400000000003,6.6099999999999,False,extreme,2021-05-13 23:55:00,1822.41,end_of_day,108,-0.037821482602118574,1,0.0015128593040847431,-0.039334341906203316,0.36157337367626874,0.9485627836611311
XAUUSD,NY,2021-05-14,Friday,1,1836.32,1822.09,14.230000000000018,short,2021-05-14 05:00:00,1837.36,2021-05-14 05:10:00,2021-05-14 05:15:00,1835.93,1837.36,1833.0700000000004,1.4299999999998363,False,extreme,2021-05-14 05:35:00,1833.0700000000004,target,5,2.0,0,0.0,2.0,2.0069930069933193,0.20979020979020202
XAUUSD,NY,2021-05-14,Friday,2,1836.32,1822.09,14.230000000000018,short,2021-05-14 07:05:00,1837.3,2021-05-14 07:10:00,2021-05-14 07:15:00,1835.96,1837.3,1833.2800000000002,1.3399999999999181,False,extreme,2021-05-14 08:10:00,1837.3,stop,12,-1.0,0,0.0,-1.0,1.7313432835821478,1.3059701492538112
XAUUSD,NY,2021-05-14,Friday,3,1836.32,1822.09,14.230000000000018,short,2021-05-14 08:10:00,1839.59,2021-05-14 08:30:00,2021-05-14 08:35:00,1835.52,1839.59,1827.38,4.069999999999936,False,extreme,2021-05-14 09:35:00,1839.59,stop,13,-1.0,0,0.0,-1.0,0.5429975429975604,1.3980343980344334
XAUUSD,NY,2021-05-14,Friday,4,1836.32,1822.09,14.230000000000018,short,2021-05-14 09:10:00,1841.24,2021-05-14 10:40:00,2021-05-14 10:45:00,1834.99,1841.24,1822.49,6.25,False,extreme,2021-05-14 14:20:00,1841.24,stop,44,-1.0,0,0.0,-1.0,0.009599999999991268,1.0527999999999884
XAUUSD,NY,2021-05-17,Monday,1,1855.39,1851.31,4.080000000000155,long,2021-05-17 05:15:00,1850.83,2021-05-17 05:20:00,2021-05-17 05:25:00,1851.95,1850.83,1854.1900000000003,1.1200000000001182,False,extreme,2021-05-17 05:25:00,1850.83,stop,1,-1.0,0,0.0,-1.0,0.026785714285687098,1.0892857142856236
XAUUSD,NY,2021-05-17,Monday,2,1855.39,1851.31,4.080000000000155,long,2021-05-17 05:30:00,1844.07,2021-05-17 09:30:00,2021-05-17 09:35:00,1852.2,1844.07,1868.4600000000003,8.13000000000011,False,extreme,2021-05-17 13:30:00,1868.4600000000003,target,48,2.0,0,0.0,2.0,2.0036900369003376,0.05658056580566177
XAUUSD,NY,2021-05-18,Tuesday,1,1871.58,1866.76,4.819999999999936,long,2021-05-18 07:25:00,1865.31,2021-05-18 07:30:00,2021-05-18 07:35:00,1867.79,1865.31,1872.75,2.480000000000018,False,extreme,2021-05-18 08:20:00,1872.75,target,10,2.0,1,0.004032258064516099,1.995967741935484,2.01612903225805,0.07258064516131546
XAUUSD,NY,2021-05-18,Tuesday,2,1871.58,1866.76,4.819999999999936,short,2021-05-18 08:20:00,1875.03,2021-05-18 08:45:00,2021-05-18 08:50:00,1869.49,1875.03,1858.41,5.539999999999964,False,extreme,2021-05-18 23:55:00,1868.72,end_of_day,170,0.13898916967508787,0,0.0,0.13898916967508787,1.1245487364621045,0.7148014440433326
XAUUSD,NY,2021-05-19,Wednesday,1,1873.98,1865.98,8.0,long,2021-05-19 04:40:00,1852.21,2021-05-19 08:45:00,2021-05-19 08:50:00,1866.73,1852.21,1895.77,14.519999999999982,False,extreme,2021-05-19 23:55:00,1875.84,end_of_day,170,0.6274104683195532,0,0.0,0.6274104683195532,1.6053719008264444,0.32506887052341826
XAUUSD,NY,2021-05-20,Thursday,1,1879.05,1870.59,8.460000000000036,long,2021-05-20 05:15:00,1865.28,2021-05-20 07:10:00,2021-05-20 07:15:00,1871.45,1865.28,1883.7900000000002,6.170000000000073,False,extreme,2021-05-20 12:50:00,1883.7900000000002,target,68,2.0,0,0.0,2.0,2.004862236628808,0.635332252836309
XAUUSD,NY,2021-05-20,Thursday,2,1879.05,1870.59,8.460000000000036,short,2021-05-20 12:15:00,1883.84,2021-05-20 13:50:00,2021-05-20 13:55:00,1877.96,1883.84,1866.2000000000003,5.879999999999882,False,extreme,2021-05-20 23:55:00,1874.47,end_of_day,109,0.5935374149659999,0,0.0,0.5935374149659999,1.2925170068027703,0.14455782312923915
XAUUSD,NY,2021-05-21,Friday,1,1877.03,1872.67,4.3599999999999,short,2021-05-21 04:05:00,1878.08,2021-05-21 04:10:00,2021-05-21 04:15:00,1876.34,1878.08,1872.86,1.740000000000009,False,extreme,2021-05-21 05:20:00,1878.08,stop,14,-1.0,0,0.0,-1.0,0.7701149425286845,1.017241379310329
XAUUSD,NY,2021-05-21,Friday,2,1877.03,1872.67,4.3599999999999,short,2021-05-21 05:10:00,1889.41,2021-05-21 09:50:00,2021-05-21 09:55:00,1875.87,1888.55,1850.5099999999998,12.680000000000064,True,swing,2021-05-21 16:55:00,1881.34,friday_close,85,-0.4313880126182965,0,0.0,-0.4313880126182965,0.45583596214510597,0.4747634069400772
XAUUSD,NY,2021-05-24,Monday,1,1886.3,1880.85,5.4500000000000455,long,2021-05-24 04:30:00,1875.25,2021-05-24 05:55:00,2021-05-24 06:00:00,1881.26,1875.25,1893.28,6.009999999999991,False,extreme,2021-05-24 21:20:00,1875.25,stop,173,-1.0,0,0.0,-1.0,0.8336106489184689,1.4026622296173172
XAUUSD,NY,2021-05-26,Wednesday,1,1910.21,1900.53,9.680000000000064,short,2021-05-26 08:25:00,1912.75,2021-05-26 08:45:00,2021-05-26 08:50:00,1908.78,1912.75,1900.84,3.9700000000000273,False,extreme,2021-05-26 09:55:00,1900.84,target,14,2.0,0,0.0,2.0,2.438287153652392,0.0478589420655046
XAUUSD,NY,2021-05-26,Wednesday,2,1910.21,1900.53,9.680000000000064,long,2021-05-26 09:55:00,1899.1,2021-05-26 10:00:00,2021-05-26 10:05:00,1903.29,1899.1,1911.67,4.190000000000055,False,extreme,2021-05-26 13:40:00,1899.1,stop,44,-1.0,0,0.0,-1.0,0.455847255369942,2.479713603818553
XAUUSD,NY,2021-05-27,Thursday,1,1903.65,1896.57,7.080000000000155,long,2021-05-27 04:40:00,1894.17,2021-05-27 05:20:00,2021-05-27 05:25:00,1896.66,1894.17,1901.64,2.490000000000009,False,extreme,2021-05-27 07:05:00,1894.17,stop,21,-1.0,0,0.0,-1.0,0.265060240963796,1.2449799196787652
XAUUSD,NY,2021-05-27,Thursday,2,1903.65,1896.57,7.080000000000155,long,2021-05-27 06:50:00,1889.58,2021-05-27 08:30:00,2021-05-27 08:35:00,1897.0,1889.58,1911.8400000000001,7.420000000000073,False,extreme,2021-05-27 09:30:00,1889.58,stop,12,-1.0,0,0.0,-1.0,0.24393530997303609,1.1738544474393464
XAUUSD,NY,2021-05-27,Thursday,3,1903.65,1896.57,7.080000000000155,long,2021-05-27 09:15:00,1888.29,2021-05-27 13:35:00,2021-05-27 13:40:00,1896.94,1888.29,1914.2400000000002,8.650000000000091,False,extreme,2021-05-27 23:55:00,1893.7,end_of_day,112,-0.3745664739884364,0,0.0,-0.3745664739884364,0.22312138728321573,0.46011560693641346
XAUUSD,NY,2021-05-28,Friday,1,1894.3,1887.96,6.339999999999918,short,2021-05-28 04:40:00,1894.9,2021-05-28 04:45:00,2021-05-28 04:50:00,1893.36,1894.9,1890.2799999999995,1.540000000000191,False,extreme,2021-05-28 08:05:00,1890.2799999999995,target,40,2.0,0,0.0,2.0,3.064935064934555,0.6363636363635693
XAUUSD,NY,2021-05-28,Friday,2,1894.3,1887.96,6.339999999999918,long,2021-05-28 08:10:00,1882.32,2021-05-28 08:30:00,2021-05-28 08:35:00,1891.25,1882.32,1909.1100000000001,8.930000000000064,False,extreme,2021-05-28 16:55:00,1903.83,friday_close,101,1.4087346024635876,0,0.0,1.4087346024635876,1.640537513997759,0.30907054871220285
XAUUSD,NY,2021-05-31,Monday,1,1908.53,1903.46,5.069999999999936,long,2021-05-31 06:25:00,1902.78,2021-05-31 06:35:00,2021-05-31 06:40:00,1903.75,1902.78,1905.69,0.9700000000000273,False,extreme,2021-05-31 07:05:00,1902.78,stop,6,-1.0,0,0.0,-1.0,1.2577319587628792,1.7319587628866149
XAUUSD,NY,2021-05-31,Monday,2,1908.53,1903.46,5.069999999999936,long,2021-05-31 07:05:00,1902.07,2021-05-31 07:25:00,2021-05-31 07:30:00,1903.96,1902.07,1907.7400000000002,1.8900000000001,False,extreme,2021-05-31 18:05:00,1907.7400000000002,target,68,2.0,0,0.0,2.0,2.25396825396813,0.5502645502645019
XAUUSD,NY,2021-06-01,Tuesday,1,1916.59,1909.86,6.730000000000018,long,2021-06-01 04:20:00,1905.16,2021-06-01 04:50:00,2021-06-01 04:55:00,1910.15,1905.16,1920.13,4.990000000000009,False,extreme,2021-06-01 06:40:00,1905.16,stop,22,-1.0,0,0.0,-1.0,0.3567134268537013,1.1062124248496938
XAUUSD,NY,2021-06-01,Tuesday,2,1916.59,1909.86,6.730000000000018,long,2021-06-01 05:30:00,1904.49,2021-06-01 08:50:00,2021-06-01 08:55:00,1909.9,1904.49,1920.7200000000003,5.410000000000082,False,extreme,2021-06-01 09:45:00,1904.49,stop,11,-1.0,0,0.0,-1.0,0.3918669131238186,1.1478743068391761
XAUUSD,NY,2021-06-02,Wednesday,1,1900.79,1895.16,5.629999999999882,long,2021-06-02 07:10:00,1894.4,2021-06-02 07:15:00,2021-06-02 07:20:00,1896.13,1894.4,1899.5900000000001,1.7300000000000182,False,extreme,2021-06-02 07:55:00,1899.5900000000001,target,8,2.0,0,0.0,2.0,2.965317919075045,0.9710982658959804
XAUUSD,NY,2021-06-03,Thursday,1,1905.05,1890.69,14.3599999999999,long,2021-06-03 08:05:00,1889.82,2021-06-03 08:10:00,2021-06-03 08:15:00,1892.64,1889.82,1898.2800000000004,2.8200000000001637,False,extreme,2021-06-03 08:15:00,1889.82,stop,1,-1.0,0,0.0,-1.0,0.10283687943260525,1.1808510638297736
XAUUSD,NY,2021-06-07,Monday,1,1887.54,1881.56,5.980000000000018,short,2021-06-07 07:45:00,1887.84,2021-06-07 07:50:00,2021-06-07 07:55:00,1887.4,1887.84,1886.5200000000004,0.4399999999998272,False,extreme,2021-06-07 08:00:00,1886.5200000000004,target,2,2.0,0,0.0,2.0,4.29545454545646,0.3863636363634367
XAUUSD,NY,2021-06-08,Tuesday,1,1898.41,1892.56,5.850000000000136,long,2021-06-08 04:00:00,1889.71,2021-06-08 04:50:00,2021-06-08 04:55:00,1893.11,1889.71,1899.9099999999996,3.3999999999998636,False,extreme,2021-06-08 07:55:00,1899.9099999999996,target,37,2.0,2,0.005882352941176706,1.9941176470588233,2.079411764706014,0.7352941176470883
XAUUSD,NY,2021-06-08,Tuesday,2,1898.41,1892.56,5.850000000000136,long,2021-06-08 08:45:00,1889.89,2021-06-08 08:50:00,2021-06-08 08:55:00,1892.74,1889.89,1898.4399999999998,2.849999999999909,False,extreme,2021-06-08 09:50:00,1889.89,stop,12,-1.0,0,0.0,-1.0,1.0842105263157953,2.1543859649123847
XAUUSD,NY,2021-06-08,Tuesday,3,1898.41,1892.56,5.850000000000136,long,2021-06-08 09:50:00,1883.77,2021-06-08 10:00:00,2021-06-08 10:05:00,1893.48,1883.77,1912.9,9.710000000000036,False,extreme,2021-06-08 23:55:00,1894.52,end_of_day,155,0.10710607621008854,0,0.0,0.10710607621008854,0.2893923789907245,0.27188465499486
XAUUSD,NY,2021-06-09,Wednesday,1,1895.64,1889.57,6.070000000000164,long,2021-06-09 04:30:00,1888.32,2021-06-09 04:50:00,2021-06-09 04:55:00,1889.57,1888.32,1892.07,1.25,False,extreme,2021-06-09 05:05:00,1888.32,stop,3,-1.0,0,0.0,-1.0,0.43999999999996364,1.2159999999999855
XAUUSD,NY,2021-06-09,Wednesday,2,1895.64,1889.57,6.070000000000164,long,2021-06-09 04:55:00,1887.35,2021-06-09 05:50:00,2021-06-09 05:55:00,1890.63,1887.35,1897.1900000000005,3.2800000000002,False,extreme,2021-06-09 09:35:00,1897.1900000000005,target,45,2.0,0,0.0,2.0,2.2469512195120247,0.6646341463414422
XAUUSD,NY,2021-06-09,Wednesday,3,1895.64,1889.57,6.070000000000164,short,2021-06-09 09:35:00,1898.92,2021-06-09 09:50:00,2021-06-09 09:55:00,1894.78,1898.92,1886.4999999999998,4.1400000000001,False,extreme,2021-06-09 20:10:00,1886.4999999999998,target,112,2.0,0,0.0,2.0,2.101449275362279,0.24396135265699673
XAUUSD,NY,2021-06-14,Monday,1,1866.14,1856.88,9.259999999999991,long,2021-06-14 04:25:00,1854.89,2021-06-14 04:40:00,2021-06-14 04:45:00,1857.22,1854.89,1861.8799999999999,2.3299999999999272,False,extreme,2021-06-14 06:30:00,1854.89,stop,22,-1.0,0,0.0,-1.0,1.8497854077253562,1.6437768240343549
XAUUSD,NY,2021-06-14,Monday,2,1866.14,1856.88,9.259999999999991,long,2021-06-14 06:15:00,1852.82,2021-06-14 07:05:00,2021-06-14 07:10:00,1857.02,1852.82,1865.42,4.2000000000000455,False,extreme,2021-06-14 08:00:00,1852.82,stop,11,-1.0,0,0.0,-1.0,0.01190476190475095,1.1999999999999784
XAUUSD,NY,2021-06-14,Monday,3,1866.14,1856.88,9.259999999999991,long,2021-06-14 07:10:00,1844.76,2021-06-14 09:40:00,2021-06-14 09:45:00,1862.75,1844.76,1898.73,17.99000000000001,False,extreme,2021-06-14 23:55:00,1863.52,end_of_day,159,0.04280155642023243,0,0.0,0.04280155642023243,0.389660922734852,0.22623679822123036
XAUUSD,NY,2021-06-15,Tuesday,1,1869.16,1863.43,5.730000000000018,long,2021-06-15 04:15:00,1862.26,2021-06-15 04:25:00,2021-06-15 04:30:00,1863.85,1862.26,1867.0299999999997,1.5899999999999181,False,extreme,2021-06-15 08:15:00,1867.0299999999997,target,46,2.0,0,0.0,2.0,2.2515723270442383,0.6855345911949524
XAUUSD,NY,2021-06-15,Tuesday,2,1869.16,1863.43,5.730000000000018,long,2021-06-15 08:25:00,1861.15,2021-06-15 08:30:00,2021-06-15 08:35:00,1863.6,1861.15,1868.4999999999995,2.449999999999818,False,extreme,2021-06-15 10:15:00,1861.15,stop,21,-1.0,0,0.0,-1.0,1.844897959183803,2.351020408163436
XAUUSD,NY,2021-06-16,Wednesday,1,1861.61,1856.97,4.639999999999873,long,2021-06-16 06:50:00,1852.82,2021-06-16 08:10:00,2021-06-16 08:15:00,1857.5,1852.82,1866.8600000000001,4.680000000000064,False,extreme,2021-06-16 14:00:00,1852.82,stop,70,-1.0,0,0.0,-1.0,1.1816239316239097,2.7051282051281857
XAUUSD,NY,2021-06-17,Thursday,1,1822.27,1805.33,16.940000000000055,long,2021-06-17 04:45:00,1802.82,2021-06-17 05:05:00,2021-06-17 05:10:00,1805.82,1802.82,1811.82,3.0,False,extreme,2021-06-17 06:15:00,1802.82,stop,14,-1.0,0,0.0,-1.0,0.8800000000000333,1.179999999999988
XAUUSD,NY,2021-06-18,Friday,1,1793.6,1782.11,11.490000000000009,short,2021-06-18 05:50:00,1797.13,2021-06-18 06:00:00,2021-06-18 06:05:00,1792.26,1797.13,1782.5199999999998,4.870000000000118,False,extreme,2021-06-18 08:25:00,1782.5199999999998,target,29,2.0,0,0.0,2.0,3.020533880903425,0.46817248459957234
XAUUSD,NY,2021-06-21,Monday,1,1780.07,1766.42,13.649999999999864,short,2021-06-21 04:05:00,1785.86,2021-06-21 08:10:00,2021-06-21 08:15:00,1779.62,1785.86,1767.1399999999999,6.240000000000009,False,extreme,2021-06-21 11:05:00,1785.86,stop,35,-1.0,0,0.0,-1.0,0.971153846153836,1.028846153846164
XAUUSD,NY,2021-06-22,Tuesday,1,1789.15,1776.99,12.160000000000082,long,2021-06-22 04:05:00,1776.53,2021-06-22 04:10:00,2021-06-22 04:15:00,1777.4,1776.53,1779.1400000000003,0.8700000000001182,False,extreme,2021-06-22 04:15:00,1776.53,stop,1,-1.0,0,0.0,-1.0,0.0,1.0459770114942049
XAUUSD,NY,2021-06-22,Tuesday,2,1789.15,1776.99,12.160000000000082,long,2021-06-22 04:20:00,1776.47,2021-06-22 04:25:00,2021-06-22 04:30:00,1777.2,1776.47,1778.66,0.7300000000000182,False,extreme,2021-06-22 04:50:00,1778.66,target,5,2.0,0,0.0,2.0,2.1232876712327613,0.863013698630265
XAUUSD,NY,2021-06-22,Tuesday,3,1789.15,1776.99,12.160000000000082,long,2021-06-22 08:25:00,1772.42,2021-06-22 09:00:00,2021-06-22 09:05:00,1777.94,1772.42,1788.98,5.519999999999982,False,extreme,2021-06-22 23:55:00,1781.63,end_of_day,167,0.6684782608695773,0,0.0,0.6684782608695773,1.0797101449275464,0.8097826086956598
XAUUSD,NY,2021-06-23,Wednesday,1,1783.41,1777.64,5.769999999999982,short,2021-06-23 04:15:00,1784.62,2021-06-23 04:40:00,2021-06-23 04:45:00,1783.24,1784.62,1780.4800000000002,1.3799999999998818,False,extreme,2021-06-23 05:05:00,1784.62,stop,5,-1.0,0,0.0,-1.0,0.7173913043478941,1.3623188405797413
XAUUSD,NY,2021-06-23,Wednesday,2,1783.41,1777.64,5.769999999999982,short,2021-06-23 05:05:00,1785.52,2021-06-23 05:25:00,2021-06-23 05:30:00,1782.85,1785.52,1777.5099999999998,2.6700000000000728,False,extreme,2021-06-23 08:10:00,1785.52,stop,33,-1.0,0,0.0,-1.0,0.7041198501872025,1.4531835205992523
XAUUSD,NY,2021-06-23,Wednesday,3,1783.41,1777.64,5.769999999999982,short,2021-06-23 08:05:00,1786.98,2021-06-23 08:20:00,2021-06-23 08:25:00,1782.91,1786.98,1774.7700000000002,4.069999999999936,False,extreme,2021-06-23 09:35:00,1786.98,stop,15,-1.0,0,0.0,-1.0,0.7076167076167456,1.914004914004935
XAUUSD,NY,2021-06-23,Wednesday,4,1783.41,1777.64,5.769999999999982,short,2021-06-23 09:20:00,1794.97,2021-06-23 12:55:00,2021-06-23 13:00:00,1783.34,1787.21,1775.5999999999997,3.8700000000001182,True,swing,2021-06-23 15:25:00,1775.5999999999997,target,30,2.0,0,0.0,2.0,2.1472868217053467,0.13695090439275362
XAUUSD,NY,2021-06-23,Wednesday,5,1783.41,1777.64,5.769999999999982,long,2021-06-23 15:25:00,1773.32,2021-06-23 16:35:00,2021-06-23 16:40:00,1777.75,1773.32,1786.6100000000001,4.430000000000064,False,extreme,2021-06-23 23:55:00,1775.95,end_of_day,76,-0.40632054176070626,0,0.0,-0.40632054176070626,0.5395033860045295,0.7855530474040561
XAUUSD,NY,2021-06-24,Thursday,1,1778.26,1772.9,5.3599999999999,short,2021-06-24 04:15:00,1788.06,2021-06-24 10:45:00,2021-06-24 10:50:00,1777.52,1788.06,1756.44,10.539999999999964,False,extreme,2021-06-24 23:55:00,1777.82,end_of_day,146,-0.028462998102462576,0,0.0,-0.028462998102462576,0.36622390891839784,0.44402277039848953
XAUUSD,NY,2021-06-25,Friday,1,1783.37,1775.74,7.629999999999882,short,2021-06-25 05:10:00,1784.91,2021-06-25 05:25:00,2021-06-25 05:30:00,1783.34,1784.91,1780.1999999999996,1.5700000000001637,False,extreme,2021-06-25 07:25:00,1784.91,stop,24,-1.0,0,0.0,-1.0,1.2675159235667526,1.057324840764273
XAUUSD,NY,2021-06-25,Friday,2,1783.37,1775.74,7.629999999999882,short,2021-06-25 07:15:00,1790.44,2021-06-25 10:50:00,2021-06-25 10:55:00,1782.66,1790.44,1767.1000000000001,7.779999999999973,False,extreme,2021-06-25 16:55:00,1781.26,friday_close,73,0.17994858611826425,0,0.0,0.17994858611826425,0.8123393316195612,0.09897172236503657
XAUUSD,NY,2021-06-28,Monday,1,1785.84,1778.93,6.9099999999998545,long,2021-06-28 04:10:00,1774.17,2021-06-28 04:55:00,2021-06-28 05:00:00,1779.22,1774.17,1789.32,5.0499999999999545,False,extreme,2021-06-28 07:55:00,1774.17,stop,36,-1.0,0,0.0,-1.0,0.061386138613851136,1.0871287128712988
XAUUSD,NY,2021-06-28,Monday,2,1785.84,1778.93,6.9099999999998545,long,2021-06-28 05:05:00,1773.43,2021-06-28 09:05:00,2021-06-28 09:10:00,1780.45,1773.43,1794.49,7.019999999999982,False,extreme,2021-06-28 23:55:00,1775.15,end_of_day,166,-0.7549857549857505,1,0.0014245014245014283,-0.756410256410252,0.3447293447293236,0.9045584045584263
XAUUSD,NY,2021-06-29,Tuesday,1,1778.92,1772.48,6.440000000000055,long,2021-06-29 04:00:00,1764.35,2021-06-29 07:35:00,2021-06-29 07:40:00,1772.62,1764.35,1789.1599999999999,8.269999999999982,False,extreme,2021-06-29 08:40:00,1764.35,stop,13,-1.0,0,0.0,-1.0,0.40870616686821243,1.950423216444972
XAUUSD,NY,2021-06-30,Wednesday,1,1762.59,1755.6,6.990000000000009,long,2021-06-30 04:00:00,1753.38,2021-06-30 04:25:00,2021-06-30 04:30:00,1756.82,1753.38,1763.6999999999996,3.439999999999827,False,extreme,2021-06-30 10:15:00,1763.6999999999996,target,70,2.0,1,0.0029069767441861926,1.9970930232558137,2.1279069767443404,0.5406976744186027
XAUUSD,NY,2021-06-30,Wednesday,2,1762.59,1755.6,6.990000000000009,short,2021-06-30 10:15:00,1764.14,2021-06-30 10:20:00,2021-06-30 10:25:00,1762.3,1764.14,1758.6199999999997,1.8400000000001455,False,extreme,2021-06-30 10:30:00,1764.14,stop,2,-1.0,0,0.0,-1.0,0.2554347826086903,1.1032608695651154
XAUUSD,NY,2021-07-01,Thursday,1,1779.07,1773.16,5.9099999999998545,short,2021-07-01 07:15:00,1779.74,2021-07-01 07:20:00,2021-07-01 07:25:00,1777.44,1779.74,1772.8400000000001,2.2999999999999545,False,extreme,2021-07-01 08:30:00,1772.8400000000001,target,14,2.0,0,0.0,2.0,2.147826086956588,0.8913043478260848
XAUUSD,NY,2021-07-01,Thursday,2,1779.07,1773.16,5.9099999999998545,short,2021-07-01 09:00:00,1782.85,2021-07-01 10:10:00,2021-07-01 10:15:00,1775.97,1782.85,1762.2100000000003,6.879999999999882,False,extreme,2021-07-01 23:55:00,1778.9,end_of_day,153,-0.4258720930232724,0,0.0,-0.4258720930232724,1.1046511627907365,0.5610465116279021
XAUUSD,NY,2021-07-05,Monday,1,1793.11,1784.69,8.419999999999845,short,2021-07-05 05:40:00,1793.3,2021-07-05 05:45:00,2021-07-05 05:50:00,1792.22,1793.3,1790.0600000000002,1.0799999999999272,False,extreme,2021-07-05 07:35:00,1790.0600000000002,target,22,2.0,0,0.0,2.0,2.3240740740742223,0.9351851851852397
XAUUSD,NY,2021-07-06,Tuesday,1,1809.16,1797.39,11.769999999999982,short,2021-07-06 07:45:00,1810.96,2021-07-06 08:05:00,2021-07-06 08:10:00,1808.6,1810.96,1803.8799999999997,2.3600000000001273,False,extreme,2021-07-06 08:10:00,1810.96,stop,1,-1.0,0,0.0,-1.0,0.0,1.0677966101694263
XAUUSD,NY,2021-07-06,Tuesday,2,1809.16,1797.39,11.769999999999982,short,2021-07-06 08:10:00,1815.0,2021-07-06 08:50:00,2021-07-06 08:55:00,1808.79,1815.0,1796.37,6.210000000000036,False,extreme,2021-07-06 11:55:00,1796.37,target,37,2.0,0,0.0,2.0,2.095008051529777,0.6199677938808557
XAUUSD,NY,2021-07-06,Tuesday,3,1809.16,1797.39,11.769999999999982,long,2021-07-06 11:55:00,1790.1,2021-07-06 15:30:00,2021-07-06 15:35:00,1797.6,1790.1,1812.6,7.5,False,extreme,2021-07-06 23:55:00,1801.07,end_of_day,89,0.4626666666666703,1,0.0013333333333333333,0.4613333333333369,0.7106666666666873,0.49866666666666787
XAUUSD,NY,2021-07-07,Wednesday,1,1806.72,1797.33,9.3900000000001,short,2021-07-07 04:10:00,1807.68,2021-07-07 04:20:00,2021-07-07 04:25:00,1806.07,1807.68,1802.8499999999997,1.6100000000001273,False,extreme,2021-07-07 06:15:00,1807.68,stop,23,-1.0,0,0.0,-1.0,1.7080745341613557,1.4347826086956461
XAUUSD,NY,2021-07-07,Wednesday,2,1806.72,1797.33,9.3900000000001,short,2021-07-07 06:05:00,1808.38,2021-07-07 06:30:00,2021-07-07 06:35:00,1806.57,1808.38,1802.9499999999996,1.8100000000001728,False,extreme,2021-07-07 06:50:00,1808.38,stop,4,-1.0,6,0.033149171270715067,-1.033149171270715,0.08839779005515978,1.0276243093922375
XAUUSD,NY,2021-07-07,Wednesday,3,1806.72,1797.33,9.3900000000001,short,2021-07-07 06:40:00,1808.56,2021-07-07 07:45:00,2021-07-07 07:50:00,1806.13,1808.56,1801.2700000000004,2.4299999999998363,False,extreme,2021-07-07 08:10:00,1808.56,stop,5,-1.0,0,0.0,-1.0,0.0,1.0699588477366602
XAUUSD,NY,2021-07-07,Wednesday,4,1806.72,1797.33,9.3900000000001,short,2021-07-07 08:00:00,1809.84,2021-07-07 08:15:00,2021-07-07 08:20:00,1806.46,1809.84,1799.7000000000003,3.3799999999998818,False,extreme,2021-07-07 10:30:00,1799.7000000000003,target,27,2.0,0,0.0,2.0,2.789940828402483,0.7130177514792718
XAUUSD,NY,2021-07-07,Wednesday,5,1806.72,1797.33,9.3900000000001,short,2021-07-07 14:00:00,1808.26,2021-07-07 14:10:00,2021-07-07 14:15:00,1806.06,1808.26,1801.6599999999999,2.2000000000000455,False,extreme,2021-07-07 21:15:00,1801.6599999999999,target,73,2.0,0,0.0,2.0,2.1863636363635663,0.21363636363637162
XAUUSD,NY,2021-07-07,Wednesday,6,1806.72,1797.33,9.3900000000001,long,2021-07-07 22:30:00,1796.37,2021-07-07 22:45:00,2021-07-07 22:50:00,1797.53,1796.37,1799.8500000000001,1.1600000000000819,False,extreme,2021-07-07 23:55:00,1797.54,end_of_day,14,0.008620689655163966,0,0.0,0.008620689655163966,1.758620689655017,0.258620689655115
XAUUSD,NY,2021-07-08,Thursday,1,1810.98,1796.29,14.690000000000055,short,2021-07-08 04:30:00,1815.2,2021-07-08 05:25:00,2021-07-08 05:30:00,1810.95,1815.2,1802.45,4.25,False,extreme,2021-07-08 06:50:00,1815.2,stop,17,-1.0,0,0.0,-1.0,1.0117647058823422,1.251764705882338
XAUUSD,NY,2021-07-08,Thursday,2,1810.98,1796.29,14.690000000000055,short,2021-07-08 06:35:00,1818.34,2021-07-08 09:40:00,2021-07-08 09:45:00,1810.59,1818.34,1795.09,7.75,False,extreme,2021-07-08 11:15:00,1795.09,target,19,2.0,0,0.0,2.0,2.052903225806433,0.1329032258064481
XAUUSD,NY,2021-07-08,Thursday,3,1810.98,1796.29,14.690000000000055,long,2021-07-08 11:15:00,1794.68,2021-07-08 11:20:00,2021-07-08 11:25:00,1797.59,1794.68,1803.4099999999996,2.9099999999998545,False,extreme,2021-07-08 16:00:00,1803.4099999999996,target,56,2.0,0,0.0,2.0,2.1099656357389716,0.5704467353951675
XAUUSD,NY,2021-07-09,Friday,1,1806.01,1796.67,9.339999999999918,short,2021-07-09 10:00:00,1808.67,2021-07-09 10:20:00,2021-07-09 10:25:00,1805.75,1808.67,1799.9099999999999,2.9200000000000728,False,extreme,2021-07-09 11:00:00,1808.67,stop,8,-1.0,0,0.0,-1.0,0.39041095890413413,1.0684931506848676
XAUUSD,NY,2021-07-12,Monday,1,1806.25,1798.94,7.309999999999945,long,2021-07-12 07:45:00,1798.28,2021-07-12 07:50:00,2021-07-12 07:55:00,1799.12,1798.28,1800.7999999999997,0.8399999999999181,False,extreme,2021-07-12 08:05:00,1800.7999999999997,target,3,2.0,0,0.0,2.0,2.1190476190480636,0.011904761904752238
XAUUSD,NY,2021-07-12,Monday,2,1806.25,1798.94,7.309999999999945,long,2021-07-12 09:35:00,1791.68,2021-07-12 10:25:00,2021-07-12 10:30:00,1800.26,1791.68,1817.4199999999998,8.579999999999927,False,extreme,2021-07-12 23:55:00,1809.47,end_of_day,150,1.0734265734265869,0,0.0,1.0734265734265869,1.455710955710969,0.0034965034965003462
XAUUSD,NY,2021-07-13,Tuesday,1,1812.37,1806.12,6.25,short,2021-07-13 08:05:00,1812.7,2021-07-13 08:10:00,2021-07-13 08:15:00,1812.03,1812.7,1810.6899999999998,0.6700000000000728,False,extreme,2021-07-13 08:15:00,1812.7,stop,1,-1.0,0,0.0,-1.0,0.11940298507450531,3.462686567163708
XAUUSD,NY,2021-07-13,Tuesday,2,1812.37,1806.12,6.25,short,2021-07-13 08:15:00,1814.82,2021-07-13 08:30:00,2021-07-13 08:35:00,1810.22,1814.82,1801.0200000000002,4.599999999999909,False,extreme,2021-07-13 08:40:00,1814.82,stop,2,-1.0,2,0.004347826086956608,-1.0043478260869567,0.38043478260870317,1.4847826086956657
XAUUSD,NY,2021-07-13,Tuesday,3,1812.37,1806.12,6.25,short,2021-07-13 08:35:00,1817.05,2021-07-13 08:45:00,2021-07-13 08:50:00,1811.26,1817.05,1799.68,5.789999999999964,False,extreme,2021-07-13 08:55:00,1799.68,target,2,2.0,0,0.0,2.0,2.1744386873920547,0.04145077720207437
XAUUSD,NY,2021-07-13,Tuesday,4,1812.37,1806.12,6.25,long,2021-07-13 08:55:00,1798.67,2021-07-13 09:05:00,2021-07-13 09:10:00,1806.15,1798.67,1821.1100000000001,7.480000000000018,False,extreme,2021-07-13 23:55:00,1812.7,end_of_day,166,0.8756684491978528,0,0.0,0.8756684491978528,1.2179144385026575,0.21256684491980504
XAUUSD,NY,2021-07-15,Thursday,1,1834.14,1825.53,8.610000000000127,long,2021-07-15 06:25:00,1823.47,2021-07-15 06:35:00,2021-07-15 06:40:00,1826.04,1823.47,1831.1799999999998,2.5699999999999363,False,extreme,2021-07-15 07:05:00,1823.47,stop,6,-1.0,0,0.0,-1.0,0.35408560311288106,1.2412451361868224
XAUUSD,NY,2021-07-15,Thursday,2,1834.14,1825.53,8.610000000000127,long,2021-07-15 06:50:00,1822.85,2021-07-15 07:20:00,2021-07-15 07:25:00,1825.87,1822.85,1831.9099999999999,3.019999999999982,False,extreme,2021-07-15 08:50:00,1822.85,stop,18,-1.0,0,0.0,-1.0,0.9337748344371459,1.1092715231787844
XAUUSD,NY,2021-07-15,Thursday,3,1834.14,1825.53,8.610000000000127,long,2021-07-15 08:35:00,1822.34,2021-07-15 09:05:00,2021-07-15 09:10:00,1825.75,1822.34,1832.5700000000002,3.410000000000082,False,extreme,2021-07-15 10:10:00,1822.34,stop,13,-1.0,0,0.0,-1.0,0.4134897360703953,1.5249266862169855
XAUUSD,NY,2021-07-15,Thursday,4,1834.14,1825.53,8.610000000000127,long,2021-07-15 09:55:00,1820.29,2021-07-15 11:50:00,2021-07-15 11:55:00,1825.87,1820.29,1837.0299999999997,5.579999999999927,False,extreme,2021-07-15 23:55:00,1827.45,end_of_day,133,0.2831541218638307,0,0.0,0.2831541218638307,1.1093189964157948,0.19892473118278037
XAUUSD,NY,2021-07-16,Friday,1,1827.91,1820.98,6.930000000000064,long,2021-07-16 06:45:00,1815.49,2021-07-16 08:20:00,2021-07-16 08:25:00,1821.77,1815.49,1834.33,6.279999999999973,False,extreme,2021-07-16 10:20:00,1815.49,stop,24,-1.0,0,0.0,-1.0,0.7818471337579782,1.2340764331210246
XAUUSD,NY,2021-07-19,Monday,1,1815.39,1802.66,12.730000000000018,long,2021-07-19 05:10:00,1801.86,2021-07-19 05:15:00,2021-07-19 05:20:00,1802.74,1801.86,1804.5000000000002,0.8800000000001091,False,extreme,2021-07-19 05:35:00,1804.5000000000002,target,4,2.0,1,0.011363636363634955,1.988636363636365,2.0113636363633662,0.2386363636363754
XAUUSD,NY,2021-07-19,Monday,2,1815.39,1802.66,12.730000000000018,long,2021-07-19 06:00:00,1801.83,2021-07-19 06:05:00,2021-07-19 06:10:00,1803.79,1801.83,1807.71,1.9600000000000364,False,extreme,2021-07-19 07:50:00,1801.83,stop,21,-1.0,0,0.0,-1.0,1.4591836734694257,1.0153061224489655
XAUUSD,NY,2021-07-19,Monday,3,1815.39,1802.66,12.730000000000018,long,2021-07-19 07:50:00,1795.0,2021-07-19 08:40:00,2021-07-19 08:45:00,1802.98,1795.0,1818.94,7.980000000000018,False,extreme,2021-07-19 22:10:00,1818.94,target,150,2.0,4,0.0050125313283207905,1.9949874686716793,2.0162907268170276,0.06766917293232612
XAUUSD,NY,2021-07-20,Tuesday,1,1818.14,1813.56,4.580000000000155,long,2021-07-20 04:00:00,1811.9,2021-07-20 04:10:00,2021-07-20 04:15:00,1813.64,1811.9,1817.1200000000001,1.740000000000009,False,extreme,2021-07-20 04:45:00,1811.9,stop,7,-1.0,0,0.0,-1.0,0.06321839080453988,1.0977011494253286
XAUUSD,NY,2021-07-20,Tuesday,2,1818.14,1813.56,4.580000000000155,long,2021-07-20 04:30:00,1811.66,2021-07-20 05:00:00,2021-07-20 05:05:00,1814.89,1811.66,1821.3500000000001,3.230000000000018,False,extreme,2021-07-20 08:35:00,1821.3500000000001,target,43,2.0,0,0.0,2.0,2.421052631578914,0.2507739938081016
XAUUSD,NY,2021-07-21,Wednesday,1,1813.75,1806.09,7.660000000000082,long,2021-07-21 04:10:00,1803.34,2021-07-21 04:50:00,2021-07-21 04:55:00,1806.46,1803.34,1812.7000000000003,3.1200000000001182,False,extreme,2021-07-21 05:40:00,1803.34,stop,10,-1.0,0,0.0,-1.0,0.8108974358973964,1.2147435897435321
XAUUSD,NY,2021-07-22,Thursday,1,1803.29,1797.29,6.0,long,2021-07-22 04:05:00,1792.77,2021-07-22 05:15:00,2021-07-22 05:20:00,1797.3,1792.77,1806.36,4.529999999999973,False,extreme,2021-07-22 11:25:00,1806.36,target,74,2.0,0,0.0,2.0,2.291390728476859,0.7019867549669057
XAUUSD,NY,2021-07-22,Thursday,2,1803.29,1797.29,6.0,short,2021-07-22 10:55:00,1808.57,2021-07-22 22:40:00,2021-07-22 22:45:00,1803.04,1808.57,1791.98,5.529999999999973,False,extreme,2021-07-22 23:55:00,1803.13,end_of_day,15,-0.016274864376156592,4,0.007233273056057902,-0.023508137432214495,0.1374321880650985,0.23869801084989925
XAUUSD,NY,2021-07-23,Friday,1,1810.32,1801.34,8.980000000000018,long,2021-07-23 06:00:00,1790.11,2021-07-23 08:35:00,2021-07-23 08:40:00,1802.3,1790.11,1826.68,12.190000000000055,False,extreme,2021-07-23 16:55:00,1802.04,friday_close,100,-0.02132895816242738,0,0.0,-0.02132895816242738,0.21903199343724863,0.6045939294503575
XAUUSD,NY,2021-07-26,Monday,1,1811.49,1804.55,6.940000000000055,long,2021-07-26 08:25:00,1801.12,2021-07-26 08:45:00,2021-07-26 08:50:00,1804.67,1801.12,1811.7700000000004,3.550000000000182,False,extreme,2021-07-26 09:05:00,1801.12,stop,4,-1.0,0,0.0,-1.0,0.022535211267583982,1.123943661971776
XAUUSD,NY,2021-07-27,Tuesday,1,1801.18,1793.68,7.5,short,2021-07-27 08:10:00,1805.27,2021-07-27 09:40:00,2021-07-27 09:45:00,1801.05,1805.27,1792.61,4.220000000000027,False,extreme,2021-07-27 23:00:00,1805.27,stop,148,-1.0,0,0.0,-1.0,1.514218009478633,1.1966824644549579
XAUUSD,NY,2021-07-28,Wednesday,1,1807.08,1801.86,5.220000000000027,long,2021-07-28 04:05:00,1794.51,2021-07-28 12:50:00,2021-07-28 12:55:00,1802.01,1794.51,1817.01,7.5,False,extreme,2021-07-28 14:00:00,1794.51,stop,14,-1.0,0,0.0,-1.0,0.11066666666665696,1.2759999999999916
XAUUSD,NY,2021-07-28,Wednesday,2,1807.08,1801.86,5.220000000000027,long,2021-07-28 13:20:00,1792.44,2021-07-28 14:35:00,2021-07-28 14:40:00,1802.6,1792.44,1822.9199999999996,10.159999999999854,False,extreme,2021-07-28 23:55:00,1815.04,end_of_day,100,1.2244094488189206,0,0.0,1.2244094488189206,1.4675196850393992,0.3425196850393768
XAUUSD,NY,2021-07-30,Friday,1,1831.34,1825.93,5.4099999999998545,long,2021-07-30 08:45:00,1821.76,2021-07-30 09:45:00,2021-07-30 09:50:00,1826.38,1821.76,1835.6200000000003,4.620000000000118,False,extreme,2021-07-30 10:30:00,1821.76,stop,9,-1.0,1,0.002164502164502109,-1.002164502164502,0.06709956709955357,1.1883116883116598
XAUUSD,NY,2021-08-02,Monday,1,1813.36,1806.73,6.629999999999882,short,2021-08-02 10:15:00,1819.56,2021-08-02 15:35:00,2021-08-02 15:40:00,1813.25,1819.56,1800.63,6.309999999999945,False,extreme,2021-08-02 23:55:00,1810.87,end_of_day,88,0.3771790808241093,2,0.003169572107765479,0.3740095087163438,0.6006339144215526,0.16957210776544304
XAUUSD,NY,2021-08-03,Tuesday,1,1812.56,1808.29,4.269999999999982,long,2021-08-03 08:25:00,1807.3,2021-08-03 08:30:00,2021-08-03 08:35:00,1808.33,1807.3,1810.3899999999999,1.0299999999999727,False,extreme,2021-08-03 08:35:00,1807.3,stop,1,-1.0,0,0.0,-1.0,0.4271844660194818,1.1553398058251056
XAUUSD,NY,2021-08-03,Tuesday,2,1812.56,1808.29,4.269999999999982,long,2021-08-03 08:35:00,1807.14,2021-08-03 08:40:00,2021-08-03 08:45:00,1809.66,1807.14,1814.7,2.519999999999982,False,extreme,2021-08-03 09:50:00,1814.7,target,14,2.0,0,0.0,2.0,2.130952380952353,0.007936507936500775
XAUUSD,NY,2021-08-03,Tuesday,3,1812.56,1808.29,4.269999999999982,short,2021-08-03 09:35:00,1815.03,2021-08-03 10:00:00,2021-08-03 10:05:00,1812.52,1815.03,1807.5,2.509999999999991,False,extreme,2021-08-03 23:55:00,1813.23,end_of_day,155,-0.28286852589642986,0,0.0,-0.28286852589642986,1.5019920318725082,0.9243027888445995
XAUUSD,NY,2021-08-04,Wednesday,1,1815.19,1812.03,3.160000000000082,long,2021-08-04 04:40:00,1811.05,2021-08-04 04:45:00,2021-08-04 04:50:00,1812.22,1811.05,1814.5600000000002,1.1700000000000728,False,extreme,2021-08-04 05:00:00,1811.05,stop,3,-1.0,0,0.0,-1.0,0.0,1.2051282051282002
XAUUSD,NY,2021-08-04,Wednesday,2,1815.19,1812.03,3.160000000000082,long,2021-08-04 04:50:00,1810.81,2021-08-04 05:05:00,2021-08-04 05:10:00,1812.19,1810.81,1814.9500000000003,1.3800000000001091,False,extreme,2021-08-04 05:55:00,1814.9500000000003,target,10,2.0,0,0.0,2.0,2.0072463768114224,0.507246376811587
XAUUSD,NY,2021-08-04,Wednesday,3,1815.19,1812.03,3.160000000000082,long,2021-08-04 10:25:00,1809.03,2021-08-04 10:30:00,2021-08-04 10:35:00,1812.73,1809.03,1820.13,3.7000000000000455,False,extreme,2021-08-04 11:05:00,1809.03,stop,7,-1.0,0,0.0,-1.0,0.14324324324323412,1.0432432432432648
XAUUSD,NY,2021-08-04,Wednesday,4,1815.19,1812.03,3.160000000000082,long,2021-08-04 10:55:00,1806.43,2021-08-04 12:50:00,2021-08-04 12:55:00,1812.04,1806.43,1823.2599999999998,5.6099999999999,False,extreme,2021-08-04 23:55:00,1811.07,end_of_day,121,-0.17290552584671026,0,0.0,-0.17290552584671026,0.1925133689839477,0.531194295900191
XAUUSD,NY,2021-08-06,Friday,1,1802.01,1797.29,4.720000000000027,long,2021-08-06 06:45:00,1794.52,2021-08-06 07:15:00,2021-08-06 07:20:00,1797.4,1794.52,1803.1600000000003,2.880000000000109,False,extreme,2021-08-06 08:30:00,1794.52,stop,15,-1.0,0,0.0,-1.0,1.406249999999931,2.9131944444443687
XAUUSD,NY,2021-08-09,Monday,1,1752.57,1737.43,15.139999999999873,long,2021-08-09 10:00:00,1735.55,2021-08-09 10:15:00,2021-08-09 10:20:00,1737.54,1735.55,1741.52,1.990000000000009,False,extreme,2021-08-09 10:40:00,1735.55,stop,5,-1.0,0,0.0,-1.0,1.7688442211055104,1.4673366834171153
XAUUSD,NY,2021-08-10,Tuesday,1,1738.31,1732.74,5.569999999999936,long,2021-08-10 04:30:00,1727.51,2021-08-10 08:00:00,2021-08-10 08:05:00,1732.86,1727.51,1743.5599999999997,5.349999999999909,False,extreme,2021-08-10 08:35:00,1727.51,stop,7,-1.0,0,0.0,-1.0,0.16635514018693742,1.016822429906527
XAUUSD,NY,2021-08-10,Tuesday,2,1738.31,1732.74,5.569999999999936,long,2021-08-10 08:15:00,1717.74,2021-08-10 22:30:00,2021-08-10 22:35:00,1732.85,1730.09,1738.37,2.759999999999991,True,swing,2021-08-10 23:55:00,1733.88,end_of_day,17,0.37318840579717516,0,0.0,0.37318840579717516,0.8442028985507835,0.2427536231883506
XAUUSD,NY,2021-08-12,Thursday,1,1758.18,1750.56,7.620000000000118,long,2021-08-12 07:05:00,1749.72,2021-08-12 07:20:00,2021-08-12 07:25:00,1751.03,1749.72,1753.6499999999999,1.3099999999999454,False,extreme,2021-08-12 07:55:00,1749.72,stop,7,-1.0,5,0.0381679389312993,-1.0381679389312992,1.1984732824427493,1.236641221374014
XAUUSD,NY,2021-08-12,Thursday,2,1758.18,1750.56,7.620000000000118,long,2021-08-12 07:50:00,1748.81,2021-08-12 08:05:00,2021-08-12 08:10:00,1750.63,1748.81,1754.2700000000004,1.8200000000001637,False,extreme,2021-08-12 08:20:00,1748.81,stop,3,-1.0,0,0.0,-1.0,0.576923076923,1.9560439560438752
XAUUSD,NY,2021-08-12,Thursday,3,1758.18,1750.56,7.620000000000118,long,2021-08-12 08:20:00,1741.64,2021-08-12 11:40:00,2021-08-12 11:45:00,1750.73,1741.64,1768.9099999999999,9.089999999999918,False,extreme,2021-08-12 23:55:00,1755.24,end_of_day,135,0.4961496149614996,0,0.0,0.4961496149614996,0.669966996699667,0.12211221122113722
XAUUSD,NY,2021-08-13,Friday,1,1760.33,1754.48,5.849999999999909,short,2021-08-13 06:30:00,1761.71,2021-08-13 06:50:00,2021-08-13 06:55:00,1760.17,1761.71,1757.0900000000001,1.5399999999999636,False,extreme,2021-08-13 08:15:00,1757.0900000000001,target,17,2.0,0,0.0,2.0,2.090909090909158,0.6168831168830133
XAUUSD,NY,2021-08-13,Friday,2,1760.33,1754.48,5.849999999999909,short,2021-08-13 08:30:00,1761.79,2021-08-13 08:40:00,2021-08-13 08:45:00,1760.0,1761.79,1756.42,1.7899999999999636,False,extreme,2021-08-13 08:55:00,1761.79,stop,3,-1.0,0,0.0,-1.0,0.0,1.720670391061447
XAUUSD,NY,2021-08-16,Monday,1,1777.62,1771.87,5.75,long,2021-08-16 07:45:00,1770.81,2021-08-16 07:55:00,2021-08-16 08:00:00,1772.29,1770.81,1775.25,1.4800000000000182,False,extreme,2021-08-16 08:20:00,1775.25,target,5,2.0,0,0.0,2.0,2.7567567567566735,0.21621621621617054
XAUUSD,NY,2021-08-17,Tuesday,1,1795.32,1785.49,9.829999999999927,long,2021-08-17 10:10:00,1781.07,2021-08-17 10:25:00,2021-08-17 10:30:00,1786.59,1781.07,1797.6299999999999,5.519999999999982,False,extreme,2021-08-17 11:40:00,1781.07,stop,15,-1.0,0,0.0,-1.0,0.0217391304348041,1.0054347826086907
XAUUSD,NY,2021-08-17,Tuesday,2,1795.32,1785.49,9.829999999999927,long,2021-08-17 10:50:00,1780.56,2021-08-17 13:25:00,2021-08-17 13:30:00,1785.72,1780.56,1796.0400000000002,5.160000000000082,False,extreme,2021-08-17 23:55:00,1790.27,end_of_day,114,0.8817829457364114,1,0.0019379844961240004,0.8798449612402873,1.2732558139534558,0.6279069767441778
XAUUSD,NY,2021-08-18,Wednesday,1,1793.81,1787.92,5.889999999999873,long,2021-08-18 04:10:00,1786.36,2021-08-18 04:40:00,2021-08-18 04:45:00,1788.15,1786.36,1791.7300000000005,1.790000000000191,False,extreme,2021-08-18 06:55:00,1786.36,stop,27,-1.0,5,0.02793296089385177,-1.0279329608938517,0.41340782122901126,1.4413407821228377
XAUUSD,NY,2021-08-18,Wednesday,2,1793.81,1787.92,5.889999999999873,long,2021-08-18 06:40:00,1782.97,2021-08-18 08:15:00,2021-08-18 08:20:00,1788.16,1782.97,1798.5400000000002,5.190000000000055,False,extreme,2021-08-18 10:20:00,1782.97,stop,25,-1.0,0,0.0,-1.0,0.5934489402697293,1.0809248554913427
XAUUSD,NY,2021-08-18,Wednesday,3,1793.81,1787.92,5.889999999999873,long,2021-08-18 09:20:00,1777.39,2021-08-18 14:00:00,2021-08-18 14:05:00,1788.97,1777.39,1812.1299999999999,11.579999999999927,False,extreme,2021-08-18 23:10:00,1777.39,stop,98,-1.0,0,0.0,-1.0,0.1269430051813503,1.2478411053540706
XAUUSD,NY,2021-08-19,Thursday,1,1782.84,1775.72,7.119999999999891,short,2021-08-19 04:35:00,1792.4,2021-08-19 10:00:00,2021-08-19 10:05:00,1782.77,1792.4,1763.5099999999998,9.63000000000011,False,extreme,2021-08-19 23:55:00,1785.27,end_of_day,155,-0.25960539979231273,0,0.0,-0.25960539979231273,0.6562824506749599,0.2980269989615873
XAUUSD,NY,2021-08-20,Friday,1,1788.46,1784.03,4.430000000000064,long,2021-08-20 04:40:00,1779.88,2021-08-20 06:40:00,2021-08-20 06:45:00,1784.19,1779.88,1792.81,4.309999999999945,False,extreme,2021-08-20 09:00:00,1779.88,stop,28,-1.0,2,0.004640371229698435,-1.0046403712296985,0.573085846867763,1.1438515081206788
XAUUSD,NY,2021-08-20,Friday,2,1788.46,1784.03,4.430000000000064,long,2021-08-20 08:50:00,1779.26,2021-08-20 09:30:00,2021-08-20 09:35:00,1784.42,1779.26,1794.7400000000002,5.160000000000082,False,extreme,2021-08-20 10:20:00,1779.26,stop,10,-1.0,0,0.0,-1.0,0.2945736434108445,1.0116279069767333
XAUUSD,NY,2021-08-20,Friday,3,1788.46,1784.03,4.430000000000064,long,2021-08-20 09:45:00,1778.34,2021-08-20 11:20:00,2021-08-20 11:25:00,1784.04,1778.34,1795.44,5.7000000000000455,False,extreme,2021-08-20 16:55:00,1780.96,friday_close,67,-0.5403508771929654,0,0.0,-0.5403508771929654,0.47368421052632,0.6508771929824573
XAUUSD,NY,2021-08-23,Monday,1,1788.48,1784.25,4.230000000000018,short,2021-08-23 06:20:00,1788.9,2021-08-23 06:30:00,2021-08-23 06:35:00,1788.41,1788.9,1787.43,0.4900000000000091,False,extreme,2021-08-23 06:40:00,1788.9,stop,2,-1.0,3,0.06122448979591723,-1.0612244897959173,0.8367346938777025,1.102040816326436
XAUUSD,NY,2021-08-24,Tuesday,1,1805.09,1800.75,4.339999999999918,short,2021-08-24 07:05:00,1805.7,2021-08-24 07:10:00,2021-08-24 07:15:00,1804.89,1805.7,1803.2700000000002,0.8099999999999454,False,extreme,2021-08-24 07:30:00,1805.7,stop,4,-1.0,0,0.0,-1.0,0.33333333333361403,1.0123456790123353
XAUUSD,NY,2021-08-24,Tuesday,2,1805.09,1800.75,4.339999999999918,short,2021-08-24 07:30:00,1805.71,2021-08-24 07:40:00,2021-08-24 07:45:00,1804.34,1805.71,1801.5999999999997,1.3700000000001182,False,extreme,2021-08-24 08:10:00,1805.71,stop,6,-1.0,0,0.0,-1.0,0.795620437956076,1.7153284671532363
XAUUSD,NY,2021-08-24,Tuesday,3,1805.09,1800.75,4.339999999999918,short,2021-08-24 08:10:00,1807.51,2021-08-24 08:20:00,2021-08-24 08:25:00,1802.91,1807.51,1793.7100000000003,4.599999999999909,False,extreme,2021-08-24 08:40:00,1807.51,stop,4,-1.0,0,0.0,-1.0,0.004347826086952653,1.4217391304348028
XAUUSD,NY,2021-08-24,Tuesday,4,1805.09,1800.75,4.339999999999918,short,2021-08-24 08:30:00,1809.48,2021-08-24 09:30:00,2021-08-24 09:35:00,1802.32,1809.48,1787.9999999999998,7.160000000000082,False,extreme,2021-08-24 10:00:00,1809.48,stop,6,-1.0,0,0.0,-1.0,0.08379888268155058,1.0097765363128401
XAUUSD,NY,2021-08-24,Tuesday,5,1805.09,1800.75,4.339999999999918,short,2021-08-24 09:45:00,1809.55,2021-08-24 10:55:00,2021-08-24 11:00:00,1804.67,1809.55,1794.9100000000003,4.879999999999882,False,extreme,2021-08-24 20:40:00,1794.9100000000003,target,105,2.0,0,0.0,2.0,2.0922131147541565,0.559426229508214
XAUUSD,NY,2021-08-25,Wednesday,1,1797.52,1791.81,5.710000000000036,long,2021-08-25 07:25:00,1790.33,2021-08-25 07:30:00,2021-08-25 07:35:00,1792.78,1790.33,1797.68,2.4500000000000455,False,extreme,2021-08-25 08:55:00,1797.68,target,17,2.0,0,0.0,2.0,2.0,0.9387755102040456
XAUUSD,NY,2021-08-25,Wednesday,2,1797.52,1791.81,5.710000000000036,long,2021-08-25 09:30:00,1782.6,2021-08-25 14:10:00,2021-08-25 14:15:00,1792.1,1782.6,1811.1,9.5,False,extreme,2021-08-25 23:55:00,1787.88,end_of_day,105,-0.4442105263157684,1,0.0010526315789473684,-0.44526315789471577,0.09789473684211196,0.5031578947368393
XAUUSD,NY,2021-08-26,Thursday,1,1788.27,1783.72,4.5499999999999545,short,2021-08-26 06:50:00,1788.85,2021-08-26 06:55:00,2021-08-26 07:00:00,1787.97,1788.85,1786.2100000000003,0.8799999999998818,False,extreme,2021-08-26 07:00:00,1788.85,stop,1,-1.0,0,0.0,-1.0,0.1931818181819268,1.1477272727274166
XAUUSD,NY,2021-08-26,Thursday,2,1788.27,1783.72,4.5499999999999545,short,2021-08-26 07:00:00,1790.25,2021-08-26 08:00:00,2021-08-26 08:05:00,1787.67,1790.25,1782.5100000000002,2.5799999999999272,False,extreme,2021-08-26 08:30:00,1790.25,stop,6,-1.0,0,0.0,-1.0,0.22868217054269852,1.2635658914729002
XAUUSD,NY,2021-08-26,Thursday,3,1788.27,1783.72,4.5499999999999545,long,2021-08-26 08:40:00,1780.92,2021-08-26 08:55:00,2021-08-26 09:00:00,1784.14,1780.92,1790.5800000000002,3.2200000000000273,False,extreme,2021-08-26 09:05:00,1780.92,stop,2,-1.0,1,0.003105590062111775,-1.0031055900621118,0.45962732919247773,1.2608695652174342
XAUUSD,NY,2021-08-26,Thursday,4,1788.27,1783.72,4.5499999999999545,long,2021-08-26 09:00:00,1780.08,2021-08-26 09:10:00,2021-08-26 09:15:00,1786.04,1780.08,1797.96,5.960000000000036,False,extreme,2021-08-26 11:10:00,1797.96,target,24,2.0,2,0.0033557046979865567,1.9966442953020134,2.0419463087248317,0.4261744966442866
XAUUSD,NY,2021-08-27,Friday,1,1805.16,1797.68,7.480000000000018,long,2021-08-27 04:20:00,1792.54,2021-08-27 08:40:00,2021-08-27 08:45:00,1798.06,1792.54,1809.1,5.519999999999982,False,extreme,2021-08-27 09:10:00,1792.54,stop,6,-1.0,0,0.0,-1.0,0.46557971014495875,1.3478260869565362
XAUUSD,NY,2021-08-27,Friday,2,1805.16,1797.68,7.480000000000018,long,2021-08-27 09:00:00,1785.02,2021-08-27 10:05:00,2021-08-27 10:10:00,1797.93,1785.02,1823.7500000000002,12.910000000000082,False,extreme,2021-08-27 16:55:00,1818.13,friday_close,82,1.5646785437645172,0,0.0,1.5646785437645172,1.6537567776916944,0.023237800154914997
XAUUSD,NY,2021-08-30,Monday,1,1818.18,1812.79,5.3900000000001,long,2021-08-30 09:55:00,1811.91,2021-08-30 10:00:00,2021-08-30 10:05:00,1815.3,1811.91,1822.0799999999997,3.3899999999998727,False,extreme,2021-08-30 10:15:00,1811.91,stop,3,-1.0,0,0.0,-1.0,0.11799410029501652,1.1651917404130365
XAUUSD,NY,2021-08-30,Monday,2,1818.18,1812.79,5.3900000000001,long,2021-08-30 10:15:00,1810.05,2021-08-30 10:45:00,2021-08-30 10:50:00,1813.12,1810.05,1819.2599999999998,3.0699999999999363,False,extreme,2021-08-30 11:30:00,1810.05,stop,9,-1.0,0,0.0,-1.0,0.15309446254072867,1.159609120521179
XAUUSD,NY,2021-08-30,Monday,3,1818.18,1812.79,5.3900000000001,long,2021-08-30 10:50:00,1807.79,2021-08-30 21:00:00,2021-08-30 21:05:00,1812.97,1807.79,1823.3300000000002,5.180000000000064,False,extreme,2021-08-30 23:55:00,1815.84,end_of_day,35,0.5540540540540262,0,0.0,0.5540540540540262,0.5694980694980712,0.15444015444014375
XAUUSD,NY,2021-08-31,Tuesday,1,1819.21,1814.41,4.7999999999999545,long,2021-08-31 04:50:00,1813.85,2021-08-31 04:55:00,2021-08-31 05:00:00,1815.07,1813.85,1817.51,1.2200000000000273,False,extreme,2021-08-31 05:35:00,1813.85,stop,8,-1.0,0,0.0,-1.0,0.6393442622950453,1.0245901639344033
XAUUSD,NY,2021-08-31,Tuesday,2,1819.21,1814.41,4.7999999999999545,long,2021-08-31 05:40:00,1814.14,2021-08-31 05:50:00,2021-08-31 05:55:00,1814.47,1814.14,1815.1299999999999,0.32999999999992724,False,extreme,2021-08-31 05:55:00,1814.14,stop,1,-1.0,0,0.0,-1.0,0.6363636363638869,1.151515151515736
XAUUSD,NY,2021-08-31,Tuesday,3,1819.21,1814.41,4.7999999999999545,long,2021-08-31 05:55:00,1814.09,2021-08-31 06:00:00,2021-08-31 06:05:00,1814.98,1814.09,1816.7600000000002,0.8900000000001,False,extreme,2021-08-31 06:20:00,1816.7600000000002,target,4,2.0,3,0.033707865168535536,1.9662921348314644,2.303370786516544,0.04494382022467317
XAUUSD,NY,2021-08-31,Tuesday,4,1819.21,1814.41,4.7999999999999545,long,2021-08-31 09:55:00,1810.2,2021-08-31 10:00:00,2021-08-31 10:05:00,1814.47,1810.2,1823.01,4.269999999999982,False,extreme,2021-08-31 10:10:00,1810.2,stop,2,-1.0,0,0.0,-1.0,0.07025761124120745,1.0187353629976943
XAUUSD,NY,2021-08-31,Tuesday,5,1819.21,1814.41,4.7999999999999545,long,2021-08-31 10:05:00,1804.21,2021-08-31 13:00:00,2021-08-31 13:05:00,1815.13,1807.18,1831.0300000000002,7.9500000000000455,True,swing,2021-08-31 23:55:00,1815.3,end_of_day,119,0.02138364779872257,0,0.0,0.02138364779872257,0.15974842767295278,0.5924528301886804
XAUUSD,NY,2021-09-01,Wednesday,1,1817.03,1811.07,5.960000000000036,long,2021-09-01 04:00:00,1809.39,2021-09-01 04:15:00,2021-09-01 04:20:00,1811.24,1809.39,1814.9399999999998,1.849999999999909,False,extreme,2021-09-01 08:15:00,1814.9399999999998,target,48,2.0,0,0.0,2.0,2.8108108108109735,0.4756756756757581
XAUUSD,NY,2021-09-01,Wednesday,2,1817.03,1811.07,5.960000000000036,short,2021-09-01 08:40:00,1820.09,2021-09-01 09:10:00,2021-09-01 09:15:00,1813.27,1820.09,1799.63,6.819999999999936,False,extreme,2021-09-01 23:55:00,1811.25,end_of_day,165,0.2961876832844576,0,0.0,0.2961876832844576,0.6700879765395864,0.6407624633431318
XAUUSD,NY,2021-09-02,Thursday,1,1815.36,1810.75,4.6099999999999,short,2021-09-02 04:40:00,1816.23,2021-09-02 05:25:00,2021-09-02 05:30:00,1815.34,1816.23,1813.5599999999997,0.8900000000001,False,extreme,2021-09-02 05:40:00,1816.23,stop,3,-1.0,0,0.0,-1.0,0.23595505617953416,1.7528089887640421
XAUUSD,NY,2021-09-02,Thursday,2,1815.36,1810.75,4.6099999999999,short,2021-09-02 05:30:00,1817.15,2021-09-02 06:55:00,2021-09-02 07:00:00,1815.32,1817.15,1811.6599999999996,1.8300000000001546,False,extreme,2021-09-02 08:30:00,1811.6599999999996,target,19,2.0,1,0.0054644808743164784,1.9945355191256835,2.2076502732238374,0.5573770491802709
XAUUSD,NY,2021-09-02,Thursday,3,1815.36,1810.75,4.6099999999999,long,2021-09-02 08:35:00,1809.48,2021-09-02 08:40:00,2021-09-02 08:45:00,1811.37,1809.48,1815.1499999999996,1.8899999999998727,False,extreme,2021-09-02 09:40:00,1809.48,stop,12,-1.0,0,0.0,-1.0,1.3227513227514118,1.1534391534391446
XAUUSD,NY,2021-09-02,Thursday,4,1815.36,1810.75,4.6099999999999,long,2021-09-02 09:35:00,1809.19,2021-09-02 09:45:00,2021-09-02 09:50:00,1812.83,1809.19,1820.1099999999997,3.6399999999998727,False,extreme,2021-09-02 10:00:00,1809.19,stop,3,-1.0,0,0.0,-1.0,0.2032967032967129,1.815934065934102
XAUUSD,NY,2021-09-02,Thursday,5,1815.36,1810.75,4.6099999999999,long,2021-09-02 10:00:00,1804.94,2021-09-02 10:35:00,2021-09-02 10:40:00,1811.44,1804.94,1824.44,6.5,False,extreme,2021-09-02 23:55:00,1812.59,end_of_day,148,0.17692307692305592,0,0.0,0.17692307692305592,0.5261538461538223,0.6846153846153916
XAUUSD,NY,2021-09-03,Friday,1,1814.43,1810.68,3.75,short,2021-09-03 07:00:00,1817.54,2021-09-03 08:25:00,2021-09-03 08:30:00,1814.3,1817.54,1807.82,3.240000000000009,False,extreme,2021-09-03 08:30:00,1817.54,stop,1,-1.0,2,0.006172839506172823,-1.0061728395061729,0.012345679012334417,4.675925925925941
XAUUSD,NY,2021-09-06,Monday,1,1828.35,1825.51,2.839999999999918,long,2021-09-06 04:25:00,1821.42,2021-09-06 20:20:00,2021-09-06 20:25:00,1825.72,1821.42,1834.32,4.2999999999999545,False,extreme,2021-09-06 23:55:00,1823.17,end_of_day,43,-0.5930232558139492,7,0.016279069767442034,-0.6093023255813912,0.35348837209302275,0.7186046511627793
XAUUSD,NY,2021-09-08,Wednesday,1,1801.26,1794.26,7.0,short,2021-09-08 08:10:00,1802.17,2021-09-08 08:15:00,2021-09-08 08:20:00,1801.09,1802.17,1798.9299999999996,1.0800000000001546,False,extreme,2021-09-08 08:25:00,1798.9299999999996,target,2,2.0,0,0.0,2.0,2.1574074074070313,0.33333333333340354
XAUUSD,NY,2021-09-09,Thursday,1,1792.88,1786.62,6.260000000000218,short,2021-09-09 04:05:00,1800.93,2021-09-09 08:40:00,2021-09-09 08:45:00,1791.91,1800.93,1773.8700000000001,9.019999999999982,False,extreme,2021-09-09 23:55:00,1798.13,end_of_day,171,-0.6895787139689623,0,0.0,-0.6895787139689623,0.901330376940147,0.8858093126385838
XAUUSD,NY,2021-09-10,Friday,1,1803.87,1796.21,7.6599999999998545,long,2021-09-10 06:15:00,1792.96,2021-09-10 07:20:00,2021-09-10 07:25:00,1796.41,1792.96,1803.3100000000002,3.4500000000000455,False,extreme,2021-09-10 08:45:00,1792.96,stop,17,-1.0,0,0.0,-1.0,1.1623188405796923,1.1043478260869921
XAUUSD,NY,2021-09-10,Friday,2,1803.87,1796.21,7.6599999999998545,long,2021-09-10 08:30:00,1789.65,2021-09-10 10:30:00,2021-09-10 10:35:00,1796.42,1789.65,1809.96,6.769999999999982,False,extreme,2021-09-10 13:45:00,1789.65,stop,39,-1.0,0,0.0,-1.0,0.07090103397341499,1.0339734121122628
XAUUSD,NY,2021-09-13,Monday,1,1793.67,1786.96,6.710000000000036,long,2021-09-13 08:55:00,1785.23,2021-09-13 09:05:00,2021-09-13 09:10:00,1787.78,1785.23,1792.8799999999999,2.5499999999999545,False,extreme,2021-09-13 09:55:00,1792.8799999999999,target,10,2.0,0,0.0,2.0,2.5960784313726415,0.07058823529414388
XAUUSD,NY,2021-09-13,Monday,2,1793.67,1786.96,6.710000000000036,short,2021-09-13 09:55:00,1798.41,2021-09-13 12:05:00,2021-09-13 12:10:00,1793.47,1798.41,1783.59,4.940000000000055,False,extreme,2021-09-13 23:55:00,1791.02,end_of_day,130,0.4959514170040523,0,0.0,0.4959514170040523,0.76315789473683,0.18218623481778415
XAUUSD,NY,2021-09-14,Tuesday,1,1794.87,1790.2,4.669999999999845,long,2021-09-14 04:00:00,1788.12,2021-09-14 04:20:00,2021-09-14 04:25:00,1790.3,1788.12,1794.66,2.1800000000000637,False,extreme,2021-09-14 05:10:00,1788.12,stop,10,-1.0,1,0.004587155963302618,-1.0045871559633026,0.1605504587156542,1.1146788990825656
XAUUSD,NY,2021-09-14,Tuesday,2,1794.87,1790.2,4.669999999999845,long,2021-09-14 08:45:00,1788.79,2021-09-14 08:50:00,2021-09-14 08:55:00,1794.86,1788.79,1806.9999999999998,6.069999999999936,False,extreme,2021-09-14 10:45:00,1806.9999999999998,target,23,2.0,0,0.0,2.0,2.159802306425085,0.6738056013179508
XAUUSD,NY,2021-09-15,Wednesday,1,1804.32,1799.63,4.689999999999827,long,2021-09-15 04:30:00,1798.98,2021-09-15 04:40:00,2021-09-15 04:45:00,1800.21,1798.98,1802.67,1.2300000000000182,False,extreme,2021-09-15 07:00:00,1802.67,target,28,2.0,1,0.008130081300812888,1.991869918699187,2.105691056910471,0.9105691056911396
XAUUSD,NY,2021-09-15,Wednesday,2,1804.32,1799.63,4.689999999999827,short,2021-09-15 08:20:00,1806.95,2021-09-15 08:30:00,2021-09-15 08:35:00,1804.33,1806.95,1799.0899999999997,2.6200000000001182,False,extreme,2021-09-15 08:50:00,1799.0899999999997,target,4,2.0,2,0.007633587786259197,1.9923664122137408,3.553435114503636,0.04961832061072644
XAUUSD,NY,2021-09-16,Thursday,1,1792.23,1782.79,9.440000000000055,long,2021-09-16 05:25:00,1781.5,2021-09-16 05:30:00,2021-09-16 05:35:00,1783.22,1781.5,1786.66,1.7200000000000273,False,extreme,2021-09-16 05:45:00,1781.5,stop,3,-1.0,0,0.0,-1.0,0.2732558139534999,1.1453488372093
XAUUSD,NY,2021-09-17,Friday,1,1765.43,1757.89,7.539999999999964,short,2021-09-17 04:55:00,1766.88,2021-09-17 05:05:00,2021-09-17 05:10:00,1765.28,1766.88,1762.0799999999997,1.6000000000001364,False,extreme,2021-09-17 05:50:00,1766.88,stop,9,-1.0,0,0.0,-1.0,0.3687499999999174,1.381249999999905
XAUUSD,NY,2021-09-17,Friday,2,1765.43,1757.89,7.539999999999964,short,2021-09-17 05:45:00,1767.49,2021-09-17 06:10:00,2021-09-17 06:15:00,1765.43,1767.49,1761.3100000000002,2.0599999999999454,False,extreme,2021-09-17 07:00:00,1761.3100000000002,target,10,2.0,0,0.0,2.0,2.6941747572816026,0.11165048543690499
XAUUSD,NY,2021-09-20,Monday,1,1754.84,1744.97,9.86999999999989,short,2021-09-20 04:25:00,1755.07,2021-09-20 04:30:00,2021-09-20 04:35:00,1754.34,1755.07,1752.8799999999999,0.7300000000000182,False,extreme,2021-09-20 04:40:00,1755.07,stop,2,-1.0,2,0.02739726027397192,-1.0273972602739718,0.10958904109578801,3.1232876712327613
XAUUSD,NY,2021-09-22,Wednesday,1,1780.35,1775.84,4.509999999999991,long,2021-09-22 04:05:00,1773.78,2021-09-22 04:45:00,2021-09-22 04:50:00,1776.07,1773.78,1780.6499999999999,2.2899999999999636,False,extreme,2021-09-22 07:20:00,1773.78,stop,31,-1.0,0,0.0,-1.0,0.3711790393013755,1.13973799126635
XAUUSD,NY,2021-09-22,Wednesday,2,1780.35,1775.84,4.509999999999991,long,2021-09-22 06:35:00,1771.48,2021-09-22 09:40:00,2021-09-22 09:45:00,1777.18,1771.48,1788.5800000000002,5.7000000000000455,False,extreme,2021-09-22 14:00:00,1771.48,stop,52,-1.0,0,0.0,-1.0,1.0842105263157522,1.5403508771929655
XAUUSD,NY,2021-09-23,Thursday,1,1767.27,1760.32,6.9500000000000455,short,2021-09-23 04:15:00,1769.69,2021-09-23 04:35:00,2021-09-23 04:40:00,1767.18,1769.69,1762.16,2.509999999999991,False,extreme,2021-09-23 05:05:00,1769.69,stop,6,-1.0,0,0.0,-1.0,0.1474103585657847,1.2589641434262413
XAUUSD,NY,2021-09-23,Thursday,2,1767.27,1760.32,6.9500000000000455,short,2021-09-23 04:40:00,1776.61,2021-09-23 08:45:00,2021-09-23 08:50:00,1766.77,1776.61,1747.0900000000001,9.839999999999918,False,extreme,2021-09-23 11:15:00,1747.0900000000001,target,30,2.0,0,0.0,2.0,2.1229674796748013,0.024390243902440153
XAUUSD,NY,2021-09-24,Friday,1,1756.52,1750.32,6.2000000000000455,short,2021-09-24 07:00:00,1757.66,2021-09-24 07:05:00,2021-09-24 07:10:00,1756.44,1757.66,1754.0,1.2200000000000273,False,extreme,2021-09-24 07:15:00,1754.0,target,2,2.0,2,0.016393442622950453,1.9836065573770496,3.4999999999999067,0.008196721311467772
XAUUSD,NY,2021-09-24,Friday,2,1756.52,1750.32,6.2000000000000455,long,2021-09-24 07:55:00,1749.17,2021-09-24 08:00:00,2021-09-24 08:05:00,1750.58,1749.17,1753.3999999999996,1.4099999999998545,False,extreme,2021-09-24 08:15:00,1749.17,stop,3,-1.0,0,0.0,-1.0,0.49645390070930334,1.4113475177306485
XAUUSD,NY,2021-09-24,Friday,3,1756.52,1750.32,6.2000000000000455,long,2021-09-24 08:20:00,1740.47,2021-09-24 11:00:00,2021-09-24 11:05:00,1753.69,1746.53,1768.0100000000002,7.160000000000082,True,swing,2021-09-24 14:55:00,1746.53,stop,47,-1.0,0,0.0,-1.0,0.01117318435753161,1.0069832402234573
XAUUSD,NY,2021-09-27,Monday,1,1760.8,1753.93,6.869999999999891,long,2021-09-27 04:15:00,1744.88,2021-09-27 09:45:00,2021-09-27 09:50:00,1755.0,1744.88,1775.2399999999998,10.11999999999989,False,extreme,2021-09-27 23:50:00,1749.87,end_of_day,157,-0.5069169960474471,0,0.0,-0.5069169960474471,0.28853754940712495,0.7786561264822326
XAUUSD,NY,2021-09-28,Tuesday,1,1751.84,1735.93,15.909999999999854,long,2021-09-28 06:45:00,1731.86,2021-09-28 07:40:00,2021-09-28 07:45:00,1736.0,1731.86,1744.2800000000002,4.1400000000001,False,extreme,2021-09-28 08:35:00,1731.86,stop,11,-1.0,0,0.0,-1.0,0.5362318840579646,1.091787439613496
XAUUSD,NY,2021-09-28,Tuesday,2,1751.84,1735.93,15.909999999999854,long,2021-09-28 08:25:00,1728.14,2021-09-28 09:05:00,2021-09-28 09:10:00,1736.72,1728.14,1753.8799999999999,8.579999999999927,False,extreme,2021-09-28 23:55:00,1740.6,end_of_day,166,0.4522144522144423,0,0.0,0.4522144522144423,0.5454545454545575,0.8146853146853227
XAUUSD,NY,2021-09-29,Wednesday,1,1742.17,1736.73,5.440000000000055,short,2021-09-29 04:55:00,1743.25,2021-09-29 05:30:00,2021-09-29 05:35:00,1741.5,1743.25,1738.0,1.75,False,extreme,2021-09-29 06:10:00,1743.25,stop,8,-1.0,0,0.0,-1.0,0.3371428571428104,1.068571428571366
XAUUSD,NY,2021-09-29,Wednesday,2,1742.17,1736.73,5.440000000000055,short,2021-09-29 05:55:00,1745.55,2021-09-29 07:20:00,2021-09-29 07:25:00,1741.16,1745.55,1732.3800000000003,4.389999999999873,False,extreme,2021-09-29 10:10:00,1732.3800000000003,target,34,2.0,0,0.0,2.0,2.5968109339408705,0.6833712984054868
XAUUSD,NY,2021-09-30,Thursday,1,1733.67,1726.26,7.410000000000082,short,2021-09-30 04:10:00,1733.98,2021-09-30 04:15:00,2021-09-30 04:20:00,1733.42,1733.98,1732.3000000000002,0.5599999999999454,False,extreme,2021-09-30 04:30:00,1732.3000000000002,target,3,2.0,3,0.053571428571433787,1.9464285714285663,2.6250000000003046,0.37500000000010153
XAUUSD,NY,2021-09-30,Thursday,2,1733.67,1726.26,7.410000000000082,long,2021-09-30 06:30:00,1722.21,2021-09-30 07:35:00,2021-09-30 07:40:00,1726.68,1722.21,1735.6200000000001,4.470000000000027,False,extreme,2021-09-30 08:55:00,1735.6200000000001,target,16,2.0,0,0.0,2.0,2.5033557046979324,0.4317673378076179
XAUUSD,NY,2021-10-01,Friday,1,1757.27,1750.94,6.329999999999927,long,2021-10-01 08:10:00,1749.78,2021-10-01 08:15:00,2021-10-01 08:20:00,1751.14,1749.78,1753.8600000000004,1.3600000000001273,False,extreme,2021-10-01 08:20:00,1753.8600000000004,target,1,2.0,0,0.0,2.0,2.3823529411762543,0.8088235294117893
XAUUSD,NY,2021-10-01,Friday,2,1757.27,1750.94,6.329999999999927,short,2021-10-01 08:45:00,1759.86,2021-10-01 08:50:00,2021-10-01 08:55:00,1756.03,1759.86,1748.3700000000001,3.8299999999999272,False,extreme,2021-10-01 09:50:00,1759.86,stop,12,-1.0,0,0.0,-1.0,0.37597911227156183,1.015665796344693
XAUUSD,NY,2021-10-01,Friday,3,1757.27,1750.94,6.329999999999927,short,2021-10-01 09:55:00,1757.75,2021-10-01 10:00:00,2021-10-01 10:05:00,1756.36,1757.75,1753.5799999999997,1.3900000000001,False,extreme,2021-10-01 10:05:00,1757.75,stop,1,-1.0,0,0.0,-1.0,0.1870503597122102,1.625899280575416
XAUUSD,NY,2021-10-01,Friday,4,1757.27,1750.94,6.329999999999927,short,2021-10-01 10:05:00,1764.31,2021-10-01 11:05:00,2021-10-01 11:10:00,1757.07,1764.31,1742.59,7.240000000000009,False,extreme,2021-10-01 16:55:00,1760.52,friday_close,70,-0.4765193370165803,0,0.0,-0.4765193370165803,0.16988950276243323,0.7955801104972353
XAUUSD,NY,2021-10-04,Monday,1,1762.74,1753.07,9.670000000000073,long,2021-10-04 04:25:00,1747.71,2021-10-04 07:50:00,2021-10-04 07:55:00,1753.66,1747.71,1765.5600000000002,5.9500000000000455,False,extreme,2021-10-04 10:35:00,1765.5600000000002,target,33,2.0,0,0.0,2.0,2.344537815126002,0.8672268907563097
XAUUSD,NY,2021-10-04,Monday,2,1762.74,1753.07,9.670000000000073,short,2021-10-04 10:35:00,1770.57,2021-10-04 22:40:00,2021-10-04 22:45:00,1762.26,1770.57,1745.64,8.309999999999945,False,extreme,2021-10-04 23:55:00,1759.96,end_of_day,15,0.2767749699157605,0,0.0,0.2767749699157605,0.3357400722021639,0.015643802647425993
XAUUSD,NY,2021-10-05,Tuesday,1,1761.02,1755.26,5.759999999999991,long,2021-10-05 06:50:00,1754.01,2021-10-05 07:00:00,2021-10-05 07:05:00,1755.47,1754.01,1758.39,1.4600000000000364,False,extreme,2021-10-05 07:15:00,1754.01,stop,3,-1.0,0,0.0,-1.0,0.4041095890410298,1.287671232876755
XAUUSD,NY,2021-10-05,Tuesday,2,1761.02,1755.26,5.759999999999991,long,2021-10-05 07:10:00,1753.59,2021-10-05 07:25:00,2021-10-05 07:30:00,1756.12,1753.59,1761.1799999999998,2.5299999999999727,False,extreme,2021-10-05 08:25:00,1761.1799999999998,target,12,2.0,0,0.0,2.0,2.1027667984190597,0.10671936758892676
XAUUSD,NY,2021-10-05,Tuesday,3,1761.02,1755.26,5.759999999999991,long,2021-10-05 09:05:00,1751.54,2021-10-05 09:35:00,2021-10-05 09:40:00,1755.59,1751.54,1763.6899999999998,4.0499999999999545,False,extreme,2021-10-05 09:50:00,1751.54,stop,3,-1.0,0,0.0,-1.0,0.19753086419757798,1.167901234567919
XAUUSD,NY,2021-10-05,Tuesday,4,1761.02,1755.26,5.759999999999991,long,2021-10-05 09:40:00,1748.61,2021-10-05 11:20:00,2021-10-05 11:25:00,1755.71,1748.61,1769.9100000000003,7.100000000000136,False,extreme,2021-10-05 23:55:00,1755.6,end_of_day,139,-0.015492957746496509,0,0.0,-0.015492957746496509,1.0366197183098251,0.20422535211267853
XAUUSD,NY,2021-10-06,Wednesday,1,1755.68,1747.33,8.350000000000136,long,2021-10-06 04:15:00,1745.88,2021-10-06 04:20:00,2021-10-06 04:25:00,1747.84,1745.88,1751.7599999999995,1.959999999999809,False,extreme,2021-10-06 07:00:00,1751.7599999999995,target,32,2.0,0,0.0,2.0,2.591836734694209,0.5867346938775386
XAUUSD,NY,2021-10-06,Wednesday,2,1755.68,1747.33,8.350000000000136,short,2021-10-06 07:20:00,1756.91,2021-10-06 07:30:00,2021-10-06 07:35:00,1754.58,1756.91,1749.9199999999996,2.3300000000001546,False,extreme,2021-10-06 08:05:00,1756.91,stop,7,-1.0,0,0.0,-1.0,0.5107296137337975,1.4077253218883068
XAUUSD,NY,2021-10-06,Wednesday,3,1755.68,1747.33,8.350000000000136,short,2021-10-06 08:00:00,1759.26,2021-10-06 08:15:00,2021-10-06 08:20:00,1754.95,1759.26,1746.3300000000002,4.309999999999945,False,extreme,2021-10-06 08:25:00,1759.26,stop,2,-1.0,2,0.004640371229698435,-1.0046403712296985,0.0,1.1438515081206788
XAUUSD,NY,2021-10-07,Thursday,1,1766.96,1756.05,10.910000000000082,long,2021-10-07 08:40:00,1754.07,2021-10-07 08:45:00,2021-10-07 08:50:00,1756.55,1754.07,1761.51,2.480000000000018,False,extreme,2021-10-07 09:00:00,1754.07,stop,3,-1.0,0,0.0,-1.0,0.1411290322581185,1.2741935483870288
XAUUSD,NY,2021-10-07,Thursday,2,1766.96,1756.05,10.910000000000082,long,2021-10-07 08:55:00,1751.94,2021-10-07 09:30:00,2021-10-07 09:35:00,1756.1,1751.94,1764.4199999999996,4.1599999999998545,False,extreme,2021-10-07 23:55:00,1759.3,end_of_day,161,0.769230769230807,0,0.0,0.769230769230807,1.6995192307693296,0.6562500000000273
XAUUSD,NY,2021-10-08,Friday,1,1760.32,1754.41,5.9099999999998545,short,2021-10-08 07:00:00,1781.36,2021-10-08 10:30:00,2021-10-08 10:35:00,1758.13,1774.21,1725.9700000000003,16.079999999999927,True,swing,2021-10-08 16:55:00,1756.79,friday_close,77,0.08333333333334277,0,0.0,0.08333333333334277,0.1641791044776189,0.15796019900497357
XAUUSD,NY,2021-10-11,Monday,1,1757.76,1753.46,4.2999999999999545,long,2021-10-11 04:55:00,1752.87,2021-10-11 05:00:00,2021-10-11 05:05:00,1753.52,1752.87,1754.8200000000002,0.650000000000091,False,extreme,2021-10-11 05:10:00,1752.87,stop,2,-1.0,0,0.0,-1.0,0.6461538461538677,1.1538461538459923
XAUUSD,NY,2021-10-11,Monday,2,1757.76,1753.46,4.2999999999999545,long,2021-10-11 05:05:00,1752.31,2021-10-11 05:40:00,2021-10-11 05:45:00,1753.69,1752.31,1756.4500000000003,1.3800000000001091,False,extreme,2021-10-11 08:10:00,1756.4500000000003,target,30,2.0,0,0.0,2.0,2.521739130434596,0.5724637681158704
XAUUSD,NY,2021-10-11,Monday,3,1757.76,1753.46,4.2999999999999545,long,2021-10-11 08:40:00,1750.17,2021-10-11 09:10:00,2021-10-11 09:15:00,1754.27,1750.17,1762.4699999999998,4.099999999999909,False,extreme,2021-10-11 23:55:00,1758.32,end_of_day,165,0.9878048780487914,0,0.0,0.9878048780487914,1.4487804878049235,0.8634146341463518
XAUUSD,NY,2021-10-12,Tuesday,1,1762.64,1756.54,6.100000000000136,short,2021-10-12 07:00:00,1763.04,2021-10-12 07:05:00,2021-10-12 07:10:00,1762.49,1763.04,1761.39,0.5499999999999545,False,extreme,2021-10-12 07:15:00,1763.04,stop,2,-1.0,3,0.05454545454545905,-1.0545454545454591,0.6727272727275433,1.6363636363639371
XAUUSD,NY,2021-10-12,Tuesday,2,1762.64,1756.54,6.100000000000136,short,2021-10-12 07:15:00,1765.01,2021-10-12 07:35:00,2021-10-12 07:40:00,1762.64,1765.01,1757.9000000000003,2.369999999999891,False,extreme,2021-10-12 08:25:00,1757.9000000000003,target,10,2.0,0,0.0,2.0,2.341772151898919,0.30379746835435995
XAUUSD,NY,2021-10-12,Tuesday,3,1762.64,1756.54,6.100000000000136,long,2021-10-12 08:30:00,1753.96,2021-10-12 08:50:00,2021-10-12 08:55:00,1756.85,1753.96,1762.6299999999997,2.8899999999998727,False,extreme,2021-10-12 09:05:00,1762.6299999999997,target,3,2.0,0,0.0,2.0,2.166089965398016,0.003460207612453753
XAUUSD,NY,2021-10-12,Tuesday,4,1762.64,1756.54,6.100000000000136,short,2021-10-12 09:05:00,1763.11,2021-10-12 09:10:00,2021-10-12 09:15:00,1762.35,1763.11,1760.83,0.7599999999999909,False,extreme,2021-10-12 09:20:00,1760.83,target,2,2.0,0,0.0,2.0,2.1184210526314726,0.6710526315789435
XAUUSD,NY,2021-10-12,Tuesday,5,1762.64,1756.54,6.100000000000136,short,2021-10-12 09:45:00,1769.39,2021-10-12 10:55:00,2021-10-12 11:00:00,1762.53,1769.39,1748.8099999999997,6.860000000000127,False,extreme,2021-10-12 23:55:00,1762.02,end_of_day,144,0.07434402332361245,0,0.0,0.07434402332361245,0.6720116618075531,0.2551020408163218
XAUUSD,NY,2021-10-13,Wednesday,1,1765.76,1760.78,4.980000000000018,long,2021-10-13 08:40:00,1758.14,2021-10-13 08:50:00,2021-10-13 08:55:00,1762.98,1758.14,1772.6599999999999,4.839999999999918,False,extreme,2021-10-13 09:05:00,1758.14,stop,3,-1.0,0,0.0,-1.0,0.04545454545455186,1.0557851239669862
XAUUSD,NY,2021-10-13,Wednesday,2,1765.76,1760.78,4.980000000000018,long,2021-10-13 09:00:00,1757.87,2021-10-13 09:10:00,2021-10-13 09:15:00,1764.27,1757.87,1777.0700000000002,6.400000000000091,False,extreme,2021-10-13 09:35:00,1777.0700000000002,target,5,2.0,0,0.0,2.0,2.440624999999984,0.10625000000000843
XAUUSD,NY,2021-10-14,Thursday,1,1795.08,1788.28,6.7999999999999545,short,2021-10-14 04:00:00,1796.02,2021-10-14 04:05:00,2021-10-14 04:10:00,1794.75,1796.02,1792.21,1.2699999999999818,False,extreme,2021-10-14 04:25:00,1796.02,stop,4,-1.0,0,0.0,-1.0,0.4251968503936782,1.1732283464567168
XAUUSD,NY,2021-10-14,Thursday,2,1795.08,1788.28,6.7999999999999545,short,2021-10-14 04:20:00,1800.59,2021-10-14 08:15:00,2021-10-14 08:20:00,1794.01,1800.59,1780.8500000000001,6.579999999999927,False,extreme,2021-10-14 23:55:00,1795.13,end_of_day,176,-0.17021276595746665,0,0.0,-0.17021276595746665,0.02735562310031393,0.8556231003039774
XAUUSD,NY,2021-10-18,Monday,1,1769.46,1761.93,7.529999999999973,long,2021-10-18 05:45:00,1761.34,2021-10-18 05:55:00,2021-10-18 06:00:00,1762.4,1761.34,1764.5200000000004,1.0600000000001728,False,extreme,2021-10-18 06:10:00,1761.34,stop,3,-1.0,0,0.0,-1.0,0.4528301886791886,1.9528301886790813
XAUUSD,NY,2021-10-18,Monday,2,1769.46,1761.93,7.529999999999973,long,2021-10-18 06:05:00,1760.31,2021-10-18 06:40:00,2021-10-18 06:45:00,1762.31,1760.31,1766.31,2.0,False,extreme,2021-10-18 08:05:00,1766.31,target,17,2.0,0,0.0,2.0,2.590000000000032,0.5199999999999818
XAUUSD,NY,2021-10-18,Monday,3,1769.46,1761.93,7.529999999999973,short,2021-10-18 10:05:00,1770.73,2021-10-18 10:10:00,2021-10-18 10:15:00,1768.88,1770.73,1765.1800000000003,1.849999999999909,False,extreme,2021-10-18 10:30:00,1770.73,stop,4,-1.0,0,0.0,-1.0,0.5729729729730946,1.2756756756756844
XAUUSD,NY,2021-10-18,Monday,4,1769.46,1761.93,7.529999999999973,short,2021-10-18 10:25:00,1771.24,2021-10-18 11:05:00,2021-10-18 11:10:00,1768.48,1771.24,1762.96,2.759999999999991,False,extreme,2021-10-18 19:15:00,1762.96,target,86,2.0,0,0.0,2.0,2.043478260869608,0.38405797101447425
XAUUSD,NY,2021-10-19,Tuesday,1,1782.9,1773.69,9.210000000000036,short,2021-10-19 04:30:00,1782.96,2021-10-19 04:35:00,2021-10-19 04:40:00,1782.25,1782.96,1780.83,0.7100000000000364,False,extreme,2021-10-19 05:05:00,1780.83,target,6,2.0,0,0.0,2.0,2.3802816901408,0.4225352112675199
XAUUSD,NY,2021-10-19,Tuesday,2,1782.9,1773.69,9.210000000000036,short,2021-10-19 08:15:00,1784.51,2021-10-19 08:20:00,2021-10-19 08:25:00,1778.31,1784.51,1765.9099999999999,6.2000000000000455,False,extreme,2021-10-19 09:05:00,1784.51,stop,9,-1.0,0,0.0,-1.0,0.14677419354836255,1.0983870967741767
XAUUSD,NY,2021-10-19,Tuesday,3,1782.9,1773.69,9.210000000000036,short,2021-10-19 09:00:00,1785.12,2021-10-19 09:10:00,2021-10-19 09:15:00,1778.48,1785.12,1765.2000000000003,6.639999999999873,False,extreme,2021-10-19 23:55:00,1774.09,end_of_day,165,0.6611445783132808,0,0.0,0.6611445783132808,1.7515060240964355,0.6039156626506126
XAUUSD,NY,2021-10-20,Wednesday,1,1778.05,1773.33,4.720000000000027,short,2021-10-20 04:35:00,1788.43,2021-10-20 09:30:00,2021-10-20 09:35:00,1777.37,1785.72,1760.6699999999996,8.350000000000136,True,swing,2021-10-20 12:30:00,1785.72,stop,36,-1.0,0,0.0,-1.0,0.07904191616764596,1.0526946107784487
XAUUSD,NY,2021-10-21,Thursday,1,1787.6,1780.9,6.699999999999818,short,2021-10-21 05:55:00,1787.74,2021-10-21 06:00:00,2021-10-21 06:05:00,1787.51,1787.74,1787.05,0.2300000000000182,False,extreme,2021-10-21 06:05:00,1787.05,target,1,2.0,3,0.13043478260868532,1.8695652173913146,3.565217391303789,0.8260869565219111
XAUUSD,NY,2021-10-21,Thursday,2,1787.6,1780.9,6.699999999999818,long,2021-10-21 07:25:00,1776.5,2021-10-21 08:15:00,2021-10-21 08:20:00,1782.17,1776.5,1793.5100000000002,5.670000000000073,False,extreme,2021-10-21 23:55:00,1787.09,end_of_day,176,0.8677248677248294,0,0.0,0.8677248677248294,1.0511463844797106,0.6684303350969868
XAUUSD,NY,2021-10-22,Friday,1,1794.55,1786.1,8.450000000000045,long,2021-10-22 11:55:00,1784.44,2021-10-22 12:00:00,2021-10-22 12:05:00,1788.09,1784.44,1795.3899999999996,3.6499999999998636,False,extreme,2021-10-22 12:30:00,1795.3899999999996,target,6,2.0,0,0.0,2.0,2.4876712328768478,0.1863013698629758
XAUUSD,NY,2021-10-22,Friday,2,1794.55,1786.1,8.450000000000045,short,2021-10-22 12:30:00,1798.62,2021-10-22 13:10:00,2021-10-22 13:15:00,1794.45,1798.62,1786.1100000000004,4.169999999999845,False,extreme,2021-10-22 16:55:00,1792.56,friday_close,45,0.45323741007198326,0,0.0,0.45323741007198326,0.7625899280575975,0.21822541966424178
XAUUSD,NY,2021-10-25,Monday,1,1801.17,1796.04,5.130000000000109,short,2021-10-25 04:20:00,1801.83,2021-10-25 04:25:00,2021-10-25 04:30:00,1800.32,1801.83,1797.3,1.509999999999991,False,extreme,2021-10-25 04:45:00,1801.83,stop,4,-1.0,0,0.0,-1.0,0.36423841059599854,1.8741721854305773
XAUUSD,NY,2021-10-25,Monday,2,1801.17,1796.04,5.130000000000109,short,2021-10-25 04:45:00,1803.7,2021-10-25 05:20:00,2021-10-25 05:25:00,1800.02,1803.7,1792.6599999999999,3.6800000000000637,False,extreme,2021-10-25 08:30:00,1803.7,stop,38,-1.0,0,0.0,-1.0,0.39673913043478565,1.163043478260842
XAUUSD,NY,2021-10-26,Tuesday,1,1806.57,1800.08,6.490000000000009,long,2021-10-26 08:25:00,1794.33,2021-10-26 09:00:00,2021-10-26 09:05:00,1800.28,1794.33,1812.18,5.9500000000000455,False,extreme,2021-10-26 09:30:00,1794.33,stop,6,-1.0,3,0.00504201680672265,-1.0050420168067227,0.03697478991597069,1.8436974789915872
XAUUSD,NY,2021-10-27,Wednesday,1,1791.71,1785.45,6.259999999999991,long,2021-10-27 04:30:00,1783.51,2021-10-27 04:40:00,2021-10-27 04:45:00,1785.77,1783.51,1790.29,2.259999999999991,False,extreme,2021-10-27 06:50:00,1790.29,target,26,2.0,1,0.004424778761061965,1.995575221238938,2.0265486725663475,0.8672566371681611
XAUUSD,NY,2021-10-27,Wednesday,2,1791.71,1785.45,6.259999999999991,short,2021-10-27 08:10:00,1796.06,2021-10-27 08:35:00,2021-10-27 08:40:00,1790.95,1796.06,1780.7300000000002,5.1099999999999,False,extreme,2021-10-27 09:35:00,1796.06,stop,12,-1.0,1,0.001956947162426653,-1.0019569471624266,0.10958904109588188,1.4129158512720486
XAUUSD,NY,2021-10-27,Wednesday,3,1791.71,1785.45,6.259999999999991,short,2021-10-27 08:40:00,1798.17,2021-10-27 10:05:00,2021-10-27 10:10:00,1790.15,1798.17,1774.1100000000001,8.019999999999982,False,extreme,2021-10-27 14:20:00,1798.17,stop,51,-1.0,0,0.0,-1.0,0.6620947630922924,1.011221945137147
XAUUSD,NY,2021-10-28,Thursday,1,1804.13,1798.57,5.560000000000173,long,2021-10-28 05:40:00,1795.78,2021-10-28 06:45:00,2021-10-28 06:50:00,1799.37,1795.78,1806.5499999999997,3.589999999999918,False,extreme,2021-10-28 08:20:00,1806.5499999999997,target,19,2.0,0,0.0,2.0,2.058495821727094,0.23676880222839233
XAUUSD,NY,2021-10-28,Thursday,2,1804.13,1798.57,5.560000000000173,short,2021-10-28 08:15:00,1806.76,2021-10-28 08:30:00,2021-10-28 08:35:00,1801.64,1806.76,1791.4000000000003,5.119999999999891,False,extreme,2021-10-28 09:25:00,1806.76,stop,11,-1.0,0,0.0,-1.0,0.8691406250000274,1.1328125000000153
XAUUSD,NY,2021-10-28,Thursday,3,1804.13,1798.57,5.560000000000173,short,2021-10-28 09:20:00,1810.41,2021-10-28 09:35:00,2021-10-28 09:40:00,1802.73,1810.41,1787.37,7.680000000000064,False,extreme,2021-10-28 23:55:00,1797.05,end_of_day,160,0.7395833333333355,0,0.0,0.7395833333333355,1.3554687499999993,0.3658854166666565
XAUUSD,NY,2021-10-29,Friday,1,1798.22,1793.02,5.2000000000000455,long,2021-10-29 04:25:00,1790.92,2021-10-29 04:50:00,2021-10-29 04:55:00,1793.04,1790.92,1797.2799999999997,2.119999999999891,False,extreme,2021-10-29 05:45:00,1797.2799999999997,target,11,2.0,0,0.0,2.0,2.2216981132076787,0.5188679245282857
XAUUSD,NY,2021-10-29,Friday,2,1798.22,1793.02,5.2000000000000455,short,2021-10-29 05:55:00,1799.17,2021-10-29 06:00:00,2021-10-29 06:05:00,1797.25,1799.17,1793.4099999999999,1.9200000000000728,False,extreme,2021-10-29 07:30:00,1793.4099999999999,target,18,2.0,0,0.0,2.0,2.1458333333331954,0.15104166666664198
XAUUSD,NY,2021-11-01,Monday,1,1787.77,1781.25,6.519999999999982,short,2021-11-01 08:20:00,1790.72,2021-11-01 09:05:00,2021-11-01 09:10:00,1787.65,1790.72,1781.5100000000002,3.0699999999999363,False,extreme,2021-11-01 09:20:00,1790.72,stop,3,-1.0,0,0.0,-1.0,0.0,1.0097719869706754
XAUUSD,NY,2021-11-01,Monday,2,1787.77,1781.25,6.519999999999982,short,2021-11-01 09:10:00,1791.48,2021-11-01 09:30:00,2021-11-01 09:35:00,1786.06,1791.48,1775.2199999999998,5.420000000000073,False,extreme,2021-11-01 09:50:00,1791.48,stop,4,-1.0,0,0.0,-1.0,0.0,1.1107011070110517
XAUUSD,NY,2021-11-02,Tuesday,1,1796.38,1791.02,5.360000000000127,long,2021-11-02 07:15:00,1790.45,2021-11-02 07:20:00,2021-11-02 07:25:00,1791.63,1790.45,1793.9900000000002,1.1800000000000637,False,extreme,2021-11-02 07:40:00,1790.45,stop,4,-1.0,2,0.01694915254237197,-1.016949152542372,0.7881355932201577,1.0169491525423566
XAUUSD,NY,2021-11-02,Tuesday,2,1796.38,1791.02,5.360000000000127,long,2021-11-02 07:40:00,1788.31,2021-11-02 08:10:00,2021-11-02 08:15:00,1794.44,1788.31,1806.7000000000003,6.130000000000109,False,extreme,2021-11-02 08:35:00,1788.31,stop,5,-1.0,0,0.0,-1.0,0.01794453507339282,1.011419249592159
XAUUSD,NY,2021-11-02,Tuesday,3,1796.38,1791.02,5.360000000000127,long,2021-11-02 08:30:00,1788.24,2021-11-02 08:40:00,2021-11-02 08:45:00,1791.87,1788.24,1799.1299999999997,3.6299999999998818,False,extreme,2021-11-02 10:05:00,1788.24,stop,17,-1.0,0,0.0,-1.0,0.43801652892567416,1.4876033057851348
XAUUSD,NY,2021-11-02,Tuesday,4,1796.38,1791.02,5.360000000000127,long,2021-11-02 09:55:00,1786.47,2021-11-02 10:45:00,2021-11-02 10:50:00,1791.39,1786.47,1801.2300000000002,4.920000000000073,False,extreme,2021-11-02 14:15:00,1786.47,stop,42,-1.0,1,0.002032520325203222,-1.0020325203252032,0.37195121951217486,1.0121951219512082
XAUUSD,NY,2021-11-03,Wednesday,1,1783.38,1778.25,5.130000000000109,short,2021-11-03 04:25:00,1783.55,2021-11-03 04:30:00,2021-11-03 04:35:00,1782.86,1783.55,1781.4799999999998,0.6900000000000546,False,extreme,2021-11-03 04:35:00,1783.55,stop,1,-1.0,2,0.02898550724637452,-1.0289855072463745,0.08695652173904447,1.1159420289857223
XAUUSD,NY,2021-11-03,Wednesday,2,1783.38,1778.25,5.130000000000109,short,2021-11-03 04:35:00,1783.93,2021-11-03 04:40:00,2021-11-03 04:45:00,1783.3,1783.93,1782.0399999999997,0.6300000000001091,False,extreme,2021-11-03 04:50:00,1782.0399999999997,target,2,2.0,0,0.0,2.0,2.5238095238089566,0.2539682539683399
XAUUSD,NY,2021-11-03,Wednesday,3,1783.38,1778.25,5.130000000000109,short,2021-11-03 07:00:00,1784.39,2021-11-03 07:15:00,2021-11-03 07:20:00,1783.27,1784.39,1781.0299999999997,1.1200000000001182,False,extreme,2021-11-03 07:25:00,1784.39,stop,2,-1.0,0,0.0,-1.0,0.562499999999835,1.5714285714283973
XAUUSD,NY,2021-11-03,Wednesday,4,1783.38,1778.25,5.130000000000109,short,2021-11-03 07:20:00,1785.65,2021-11-03 08:30:00,2021-11-03 08:35:00,1781.66,1785.65,1773.68,3.990000000000009,False,extreme,2021-11-03 09:10:00,1773.68,target,8,2.0,0,0.0,2.0,2.5789473684210944,0.03007518796989739
XAUUSD,NY,2021-11-04,Thursday,1,1775.99,1770.83,5.160000000000082,short,2021-11-04 04:40:00,1777.57,2021-11-04 05:10:00,2021-11-04 05:15:00,1775.37,1777.57,1770.9699999999998,2.2000000000000455,False,extreme,2021-11-04 05:55:00,1777.57,stop,9,-1.0,0,0.0,-1.0,0.04999999999995349,1.0772727272727587
XAUUSD,NY,2021-11-05,Friday,1,1798.44,1792.62,5.820000000000164,short,2021-11-05 04:15:00,1800.1,2021-11-05 04:35:00,2021-11-05 04:40:00,1798.4,1800.1,1795.0000000000005,1.699999999999818,False,extreme,2021-11-05 05:20:00,1795.0000000000005,target,9,2.0,2,0.0117647058823542,1.9882352941176458,2.1764705882355537,0.4647058823529695
XAUUSD,NY,2021-11-05,Friday,2,1798.44,1792.62,5.820000000000164,long,2021-11-05 07:15:00,1791.77,2021-11-05 07:20:00,2021-11-05 07:25:00,1793.1,1791.77,1795.7599999999998,1.3299999999999272,False,extreme,2021-11-05 08:25:00,1791.77,stop,13,-1.0,0,0.0,-1.0,1.5413533834588677,1.6240601503759193
XAUUSD,NY,2021-11-05,Friday,3,1798.44,1792.62,5.820000000000164,long,2021-11-05 08:30:00,1784.98,2021-11-05 08:35:00,2021-11-05 08:40:00,1793.72,1784.98,1811.2,8.740000000000009,False,extreme,2021-11-05 11:40:00,1811.2,target,37,2.0,0,0.0,2.0,2.0686498855835134,0.46910755148742933
XAUUSD,NY,2021-11-08,Monday,1,1821.51,1812.44,9.069999999999936,short,2021-11-08 08:25:00,1824.26,2021-11-08 08:30:00,2021-11-08 08:35:00,1820.63,1824.26,1813.3700000000003,3.6299999999998818,False,extreme,2021-11-08 09:00:00,1824.26,stop,6,-1.0,0,0.0,-1.0,0.7961432506887587,1.1074380165289566
XAUUSD,NY,2021-11-08,Monday,2,1821.51,1812.44,9.069999999999936,short,2021-11-08 08:55:00,1826.14,2021-11-08 09:30:00,2021-11-08 09:35:00,1821.07,1826.14,1810.9299999999996,5.070000000000164,False,extreme,2021-11-08 13:25:00,1826.14,stop,47,-1.0,0,0.0,-1.0,0.3214990138066724,1.0611439842208945
XAUUSD,NY,2021-11-09,Tuesday,1,1827.15,1819.18,7.970000000000027,short,2021-11-09 06:40:00,1828.64,2021-11-09 06:45:00,2021-11-09 06:50:00,1826.01,1828.64,1820.7499999999998,2.630000000000109,False,extreme,2021-11-09 08:30:00,1828.64,stop,21,-1.0,2,0.00760456273764227,-1.0076045627376422,1.2281368821292336,1.4942965779467303
XAUUSD,NY,2021-11-09,Tuesday,2,1827.15,1819.18,7.970000000000027,short,2021-11-09 08:40:00,1830.35,2021-11-09 09:25:00,2021-11-09 09:30:00,1826.92,1830.35,1820.0600000000004,3.4299999999998363,False,extreme,2021-11-09 12:50:00,1830.35,stop,41,-1.0,0,0.0,-1.0,1.9212827988339534,1.0816326530612868
XAUUSD,NY,2021-11-09,Tuesday,3,1827.15,1819.18,7.970000000000027,short,2021-11-09 11:45:00,1832.73,2021-11-09 22:35:00,2021-11-09 22:40:00,1826.96,1832.73,1815.42,5.769999999999982,False,extreme,2021-11-09 23:55:00,1826.49,end_of_day,16,0.08145580589255265,6,0.010398613518197606,0.07105719237435504,0.19237435008667778,0.08145580589255265
XAUUSD,NY,2021-11-10,Wednesday,1,1827.21,1822.98,4.230000000000018,short,2021-11-10 08:20:00,1828.15,2021-11-10 08:25:00,2021-11-10 08:30:00,1826.2,1828.15,1822.3,1.9500000000000455,False,extreme,2021-11-10 08:30:00,1828.15,stop,1,-1.0,0,0.0,-1.0,1.9743589743589982,8.020512820512568
XAUUSD,NY,2021-11-11,Thursday,1,1864.31,1848.94,15.36999999999989,short,2021-11-11 06:40:00,1865.59,2021-11-11 06:55:00,2021-11-11 07:00:00,1863.88,1865.59,1860.4600000000005,1.709999999999809,False,extreme,2021-11-11 07:15:00,1860.4600000000005,target,4,2.0,0,0.0,2.0,2.760233918128979,0.11111111111102247
XAUUSD,NY,2021-11-11,Thursday,2,1864.31,1848.94,15.36999999999989,short,2021-11-11 08:45:00,1865.98,2021-11-11 08:55:00,2021-11-11 09:00:00,1863.4,1865.98,1858.2400000000002,2.5799999999999272,False,extreme,2021-11-11 20:25:00,1858.2400000000002,target,126,2.0,0,0.0,2.0,2.050387596899357,0.3992248062015511
XAUUSD,NY,2021-11-12,Friday,1,1860.12,1852.37,7.75,long,2021-11-12 04:00:00,1849.42,2021-11-12 04:30:00,2021-11-12 04:35:00,1853.4,1849.42,1861.3600000000001,3.980000000000018,False,extreme,2021-11-12 05:25:00,1849.42,stop,11,-1.0,0,0.0,-1.0,0.21608040201002413,1.042713567839214
XAUUSD,NY,2021-11-12,Friday,2,1860.12,1852.37,7.75,long,2021-11-12 05:00:00,1845.24,2021-11-12 07:15:00,2021-11-12 07:20:00,1852.97,1845.24,1868.43,7.730000000000018,False,extreme,2021-11-12 13:50:00,1868.43,target,79,2.0,0,0.0,2.0,2.02975420439845,0.12419146183700312
XAUUSD,NY,2021-11-15,Monday,1,1863.52,1856.33,7.190000000000055,short,2021-11-15 05:15:00,1864.87,2021-11-15 05:40:00,2021-11-15 05:45:00,1862.82,1864.87,1858.72,2.0499999999999545,False,extreme,2021-11-15 08:05:00,1864.87,stop,29,-1.0,0,0.0,-1.0,1.0780487804878465,1.2926829268293414
XAUUSD,NY,2021-11-15,Monday,2,1863.52,1856.33,7.190000000000055,short,2021-11-15 07:55:00,1870.53,2021-11-15 09:05:00,2021-11-15 09:10:00,1862.7,1870.53,1847.0400000000002,7.829999999999927,False,extreme,2021-11-15 23:55:00,1865.68,end_of_day,166,-0.38058748403576576,0,0.0,-0.38058748403576576,0.5683269476373035,0.7841634738186373
XAUUSD,NY,2021-11-16,Tuesday,1,1874.38,1862.28,12.100000000000136,short,2021-11-16 08:10:00,1877.13,2021-11-16 08:20:00,2021-11-16 08:25:00,1873.02,1877.13,1864.7999999999997,4.110000000000127,False,extreme,2021-11-16 09:05:00,1864.7999999999997,target,9,2.0,7,0.017031630170315774,1.9829683698296843,2.8102189781020916,0.27493917274940977
XAUUSD,NY,2021-11-16,Tuesday,2,1874.38,1862.28,12.100000000000136,long,2021-11-16 09:10:00,1859.12,2021-11-16 09:30:00,2021-11-16 09:35:00,1864.95,1859.12,1876.6100000000004,5.830000000000155,False,extreme,2021-11-16 10:00:00,1859.12,stop,6,-1.0,0,0.0,-1.0,0.30360205831902826,1.4459691252143807
XAUUSD,NY,2021-11-16,Tuesday,3,1874.38,1862.28,12.100000000000136,long,2021-11-16 09:45:00,1856.52,2021-11-16 10:15:00,2021-11-16 10:20:00,1863.09,1856.52,1876.2299999999998,6.569999999999936,False,extreme,2021-11-16 11:25:00,1856.52,stop,14,-1.0,0,0.0,-1.0,0.2070015220700366,1.3105022831050204
XAUUSD,NY,2021-11-17,Wednesday,1,1860.17,1851.99,8.180000000000064,short,2021-11-17 04:00:00,1860.87,2021-11-17 04:05:00,2021-11-17 04:10:00,1860.07,1860.87,1858.47,0.7999999999999545,False,extreme,2021-11-17 04:15:00,1860.87,stop,2,-1.0,1,0.01250000000000071,-1.0125000000000006,0.13749999999988277,1.6625000000002879
XAUUSD,NY,2021-11-17,Wednesday,2,1860.17,1851.99,8.180000000000064,short,2021-11-17 04:10:00,1861.4,2021-11-17 04:20:00,2021-11-17 04:25:00,1860.05,1861.4,1857.3499999999997,1.3500000000001364,False,extreme,2021-11-17 06:30:00,1861.4,stop,26,-1.0,2,0.014814814814813318,-1.0148148148148133,1.5481481481479311,2.0740740740738306
XAUUSD,NY,2021-11-18,Thursday,1,1869.75,1862.6,7.150000000000091,long,2021-11-18 05:25:00,1858.78,2021-11-18 06:05:00,2021-11-18 06:10:00,1862.84,1858.78,1870.9599999999998,4.059999999999945,False,extreme,2021-11-18 08:20:00,1858.78,stop,27,-1.0,0,0.0,-1.0,0.9482758620690118,1.1379310344827471
XAUUSD,NY,2021-11-18,Thursday,2,1869.75,1862.6,7.150000000000091,long,2021-11-18 08:20:00,1855.14,2021-11-18 08:35:00,2021-11-18 08:40:00,1863.72,1855.14,1880.8799999999999,8.579999999999927,False,extreme,2021-11-18 23:55:00,1862.69,end_of_day,172,-0.12004662004661788,0,0.0,-0.12004662004661788,0.3776223776223819,0.8053613053613218
XAUUSD,NY,2021-11-19,Friday,1,1863.5,1853.77,9.730000000000018,long,2021-11-19 04:00:00,1851.57,2021-11-19 04:25:00,2021-11-19 04:30:00,1860.81,1851.57,1879.29,9.240000000000009,False,extreme,2021-11-19 12:40:00,1851.57,stop,99,-1.0,0,0.0,-1.0,0.5335497835497899,1.8950216450216422
XAUUSD,NY,2021-11-22,Monday,1,1848.66,1840.21,8.450000000000045,long,2021-11-22 05:35:00,1837.35,2021-11-22 06:35:00,2021-11-22 06:40:00,1840.53,1837.35,1846.89,3.1800000000000637,False,extreme,2021-11-22 08:30:00,1837.35,stop,23,-1.0,4,0.012578616352201007,-1.012578616352201,0.915094339622649,1.345911949685499
XAUUSD,NY,2021-11-22,Monday,2,1848.66,1840.21,8.450000000000045,long,2021-11-22 08:25:00,1835.0,2021-11-22 08:40:00,2021-11-22 08:45:00,1841.53,1835.0,1854.59,6.529999999999973,False,extreme,2021-11-22 09:00:00,1835.0,stop,4,-1.0,1,0.0015313935681470201,-1.001531393568147,0.010719754977019392,2.0781010719754964
XAUUSD,NY,2021-11-24,Wednesday,1,1796.41,1790.4,6.009999999999991,long,2021-11-24 05:00:00,1788.42,2021-11-24 05:30:00,2021-11-24 05:35:00,1791.29,1788.42,1797.0299999999997,2.869999999999891,False,extreme,2021-11-24 06:05:00,1788.42,stop,7,-1.0,3,0.010452961672474264,-1.0104529616724742,0.0,1.8815331010453202
XAUUSD,NY,2021-11-24,Wednesday,2,1796.41,1790.4,6.009999999999991,long,2021-11-24 05:40:00,1778.55,2021-11-24 19:05:00,2021-11-24 19:10:00,1790.84,1787.73,1797.0599999999997,3.1099999999999,True,swing,2021-11-24 23:55:00,1791.99,end_of_day,58,0.36977491961418907,11,0.035369774919615286,0.3344051446945738,1.1061093247588956,0.24758842443730114
XAUUSD,NY,2021-11-25,Thursday,1,1795.15,1791.49,3.660000000000082,long,2021-11-25 05:20:00,1790.35,2021-11-25 05:45:00,2021-11-25 05:50:00,1791.53,1790.35,1793.89,1.1800000000000637,False,extreme,2021-11-25 06:20:00,1790.35,stop,7,-1.0,5,0.04237288135592992,-1.0423728813559299,0.04237288135589138,1.2372881355931844
XAUUSD,NY,2021-11-25,Thursday,2,1795.15,1791.49,3.660000000000082,long,2021-11-25 05:50:00,1789.87,2021-11-25 07:05:00,2021-11-25 07:10:00,1791.57,1789.87,1794.97,1.7000000000000455,False,extreme,2021-11-25 08:00:00,1789.87,stop,11,-1.0,8,0.04705882352941051,-1.0470588235294105,0.7823529411765406,1.0941176470587355
XAUUSD,NY,2021-11-25,Thursday,3,1795.15,1791.49,3.660000000000082,long,2021-11-25 07:50:00,1789.37,2021-11-25 09:10:00,2021-11-25 09:15:00,1791.72,1789.37,1796.4200000000003,2.3500000000001364,False,extreme,2021-11-25 10:00:00,1789.37,stop,10,-1.0,4,0.017021276595743692,-1.0170212765957436,0.1829787234042718,1.480851063829709
XAUUSD,NY,2021-11-25,Thursday,4,1795.15,1791.49,3.660000000000082,long,2021-11-25 09:20:00,1787.57,2021-11-25 18:30:00,2021-11-25 18:35:00,1791.97,1787.57,1800.7700000000002,4.400000000000091,False,extreme,2021-11-25 23:55:00,1797.06,end_of_day,65,1.1568181818181393,8,0.018181818181817806,1.1386363636363215,1.6499999999999637,0.4568181818181703
XAUUSD,NY,2021-11-26,Friday,1,1808.97,1795.25,13.720000000000027,short,2021-11-26 04:55:00,1809.84,2021-11-26 05:00:00,2021-11-26 05:05:00,1807.2,1809.84,1801.9200000000003,2.6399999999998727,False,extreme,2021-11-26 05:05:00,1809.84,stop,1,-1.0,0,0.0,-1.0,0.3560606060606439,1.1287878787879402
XAUUSD,NY,2021-11-26,Friday,2,1808.97,1795.25,13.720000000000027,short,2021-11-26 05:10:00,1810.45,2021-11-26 05:40:00,2021-11-26 05:45:00,1808.49,1810.45,1804.57,1.9600000000000364,False,extreme,2021-11-26 05:50:00,1810.45,stop,2,-1.0,2,0.010204081632652871,-1.010204081632653,0.44897959183678204,1.0204081632652873
XAUUSD,NY,2021-11-26,Friday,3,1808.97,1795.25,13.720000000000027,short,2021-11-26 05:50:00,1815.53,2021-11-26 07:15:00,2021-11-26 07:20:00,1808.67,1815.53,1794.9500000000003,6.8599999999999,False,extreme,2021-11-26 11:30:00,1794.9500000000003,target,51,2.0,0,0.0,2.0,2.094752186588969,0.1545189504373121
XAUUSD,NY,2021-11-29,Monday,1,1799.27,1791.97,7.2999999999999545,short,2021-11-29 04:55:00,1799.41,2021-11-29 05:00:00,2021-11-29 05:05:00,1798.45,1799.41,1796.53,0.9600000000000364,False,extreme,2021-11-29 05:10:00,1796.53,target,2,2.0,9,0.09374999999999645,1.9062500000000036,2.0312499999999702,0.4687500000000296
XAUUSD,NY,2021-11-29,Monday,2,1799.27,1791.97,7.2999999999999545,long,2021-11-29 07:25:00,1790.3,2021-11-29 07:35:00,2021-11-29 07:40:00,1792.24,1790.3,1796.1200000000001,1.9400000000000546,False,extreme,2021-11-29 08:35:00,1790.3,stop,12,-1.0,0,0.0,-1.0,0.9793814432989884,1.8814432989690661
XAUUSD,NY,2021-11-30,Tuesday,1,1795.9,1787.98,7.920000000000073,short,2021-11-30 04:30:00,1798.51,2021-11-30 05:25:00,2021-11-30 05:30:00,1795.56,1798.51,1789.6599999999999,2.9500000000000455,False,extreme,2021-11-30 07:25:00,1789.6599999999999,target,24,2.0,1,0.003389830508474524,1.9966101694915255,2.183050847457612,0.755932203389825
XAUUSD,NY,2021-11-30,Tuesday,2,1795.9,1787.98,7.920000000000073,short,2021-11-30 08:45:00,1797.3,2021-11-30 08:55:00,2021-11-30 09:00:00,1795.73,1797.3,1792.5900000000001,1.5699999999999363,False,extreme,2021-11-30 09:45:00,1797.3,stop,10,-1.0,0,0.0,-1.0,1.2484076433121758,4.974522292993798
XAUUSD,NY,2021-11-30,Tuesday,3,1795.9,1787.98,7.920000000000073,short,2021-11-30 09:35:00,1808.77,2021-11-30 10:35:00,2021-11-30 10:40:00,1793.06,1808.77,1761.6399999999999,15.710000000000036,False,extreme,2021-11-30 23:55:00,1779.48,end_of_day,148,0.8644175684277464,0,0.0,0.8644175684277464,1.4754933163589932,0.12985359643538885
XAUUSD,NY,2021-12-03,Friday,1,1776.45,1767.5,8.950000000000045,long,2021-12-03 04:10:00,1766.13,2021-12-03 04:40:00,2021-12-03 04:45:00,1768.07,1766.13,1771.9499999999996,1.9399999999998272,False,extreme,2021-12-03 05:30:00,1771.9499999999996,target,10,2.0,3,0.015463917525774572,1.9845360824742255,2.711340206185804,0.4432989690721529
XAUUSD,NY,2021-12-03,Friday,2,1776.45,1767.5,8.950000000000045,short,2021-12-03 11:05:00,1778.04,2021-12-03 11:10:00,2021-12-03 11:15:00,1774.96,1778.04,1768.8000000000002,3.0799999999999272,False,extreme,2021-12-03 11:50:00,1778.04,stop,8,-1.0,3,0.00974025974025997,-1.00974025974026,0.11688311688316098,1.1558441558441654
XAUUSD,NY,2021-12-06,Monday,1,1786.06,1779.24,6.819999999999936,long,2021-12-06 04:35:00,1777.8,2021-12-06 04:45:00,2021-12-06 04:50:00,1779.51,1777.8,1782.93,1.7100000000000364,False,extreme,2021-12-06 06:25:00,1782.93,target,20,2.0,1,0.005847953216374145,1.9941520467836258,2.0,0.36257309941513316
XAUUSD,NY,2021-12-06,Monday,2,1786.06,1779.24,6.819999999999936,long,2021-12-06 07:15:00,1778.03,2021-12-06 07:25:00,2021-12-06 07:30:00,1779.21,1778.03,1781.5700000000002,1.1800000000000637,False,extreme,2021-12-06 07:35:00,1778.03,stop,2,-1.0,2,0.01694915254237197,-1.016949152542372,0.04237288135589138,1.5762711864407009
XAUUSD,NY,2021-12-06,Monday,3,1786.06,1779.24,6.819999999999936,long,2021-12-06 07:30:00,1776.73,2021-12-06 07:45:00,2021-12-06 07:50:00,1779.38,1776.73,1784.6800000000003,2.650000000000091,False,extreme,2021-12-06 08:15:00,1776.73,stop,6,-1.0,5,0.01886792452830124,-1.0188679245283012,0.5094339622640991,1.0037735849056568
XAUUSD,NY,2021-12-06,Monday,4,1786.06,1779.24,6.819999999999936,long,2021-12-06 08:10:00,1776.57,2021-12-06 08:20:00,2021-12-06 08:25:00,1779.25,1776.57,1784.6100000000001,2.6800000000000637,False,extreme,2021-12-06 09:40:00,1776.57,stop,16,-1.0,0,0.0,-1.0,1.0783582089552355,1.3134328358208576
XAUUSD,NY,2021-12-06,Monday,5,1786.06,1779.24,6.819999999999936,long,2021-12-06 09:35:00,1775.73,2021-12-06 10:00:00,2021-12-06 10:05:00,1780.62,1775.73,1790.3999999999996,4.889999999999873,False,extreme,2021-12-06 23:55:00,1777.86,end_of_day,155,-0.5644171779141233,5,0.010224948875255891,-0.5746421267893792,0.8916155419223396,0.764826175869096
XAUUSD,NY,2021-12-07,Tuesday,1,1784.6,1777.07,7.529999999999973,long,2021-12-07 08:30:00,1772.24,2021-12-07 09:10:00,2021-12-07 09:15:00,1779.01,1772.24,1792.55,6.769999999999982,False,extreme,2021-12-07 23:55:00,1789.33,end_of_day,165,1.5243722304283551,4,0.005908419497784359,1.5184638109305708,1.7001477104874478,0.08271787296897296
XAUUSD,NY,2021-12-08,Wednesday,1,1791.6,1785.79,5.809999999999945,short,2021-12-08 05:35:00,1793.1,2021-12-08 06:05:00,2021-12-08 06:10:00,1791.1,1793.1,1787.1,2.0,False,extreme,2021-12-08 06:45:00,1787.1,target,8,2.0,0,0.0,2.0,4.115000000000009,0.0
XAUUSD,NY,2021-12-08,Wednesday,2,1791.6,1785.79,5.809999999999945,long,2021-12-08 07:05:00,1779.61,2021-12-08 14:45:00,2021-12-08 14:50:00,1786.1,1779.61,1799.08,6.490000000000009,False,extreme,2021-12-08 23:55:00,1785.91,end_of_day,98,-0.02927580893679922,0,0.0,-0.02927580893679922,0.11556240369799675,0.6024653312788674
XAUUSD,NY,2021-12-09,Thursday,1,1787.71,1782.69,5.019999999999982,long,2021-12-09 04:35:00,1781.92,2021-12-09 04:55:00,2021-12-09 05:00:00,1782.91,1781.92,1784.89,0.9900000000000091,False,extreme,2021-12-09 05:05:00,1781.92,stop,2,-1.0,1,0.010101010101010008,-1.01010101010101,0.1414141414140115,1.3434343434344873
XAUUSD,NY,2021-12-09,Thursday,2,1787.71,1782.69,5.019999999999982,long,2021-12-09 05:00:00,1781.27,2021-12-09 05:30:00,2021-12-09 05:35:00,1783.06,1781.27,1786.6399999999999,1.7899999999999636,False,extreme,2021-12-09 06:40:00,1781.27,stop,14,-1.0,1,0.0055865921787710635,-1.005586592178771,0.6201117318436592,1.050279329608894
XAUUSD,NY,2021-12-10,Friday,1,1778.59,1770.49,8.099999999999909,short,2021-12-10 08:30:00,1782.63,2021-12-10 08:35:00,2021-12-10 08:40:00,1777.73,1782.63,1767.9299999999998,4.900000000000091,False,extreme,2021-12-10 08:55:00,1782.63,stop,4,-1.0,0,0.0,-1.0,0.2918367346938851,1.5469387755101605
XAUUSD,NY,2021-12-13,Monday,1,1787.85,1783.35,4.5,short,2021-12-13 06:30:00,1788.56,2021-12-13 06:50:00,2021-12-13 06:55:00,1787.84,1788.56,1786.3999999999999,0.7200000000000273,False,extreme,2021-12-13 07:20:00,1788.56,stop,6,-1.0,5,0.06944444444444181,-1.0694444444444418,0.8194444444442998,3.041666666666627
XAUUSD,NY,2021-12-13,Monday,2,1787.85,1783.35,4.5,short,2021-12-13 07:15:00,1791.56,2021-12-13 08:00:00,2021-12-13 08:05:00,1787.11,1791.56,1778.2099999999998,4.4500000000000455,False,extreme,2021-12-13 23:55:00,1785.89,end_of_day,179,0.27415730337073874,0,0.0,0.27415730337073874,1.1865168539325661,0.6831460674157662
XAUUSD,NY,2021-12-15,Wednesday,1,1770.73,1766.8,3.9300000000000637,short,2021-12-15 04:30:00,1770.88,2021-12-15 04:35:00,2021-12-15 04:40:00,1770.51,1770.88,1769.7699999999998,0.37000000000011823,False,extreme,2021-12-15 04:45:00,1770.88,stop,2,-1.0,0,0.0,-1.0,1.0540540540539876,2.324324324323311
XAUUSD,NY,2021-12-15,Wednesday,2,1770.73,1766.8,3.9300000000000637,short,2021-12-15 07:00:00,1770.91,2021-12-15 07:05:00,2021-12-15 07:10:00,1769.49,1770.91,1766.6499999999999,1.4200000000000728,False,extreme,2021-12-15 07:25:00,1770.91,stop,4,-1.0,1,0.0070422535211264,-1.0070422535211263,0.10563380281696004,1.3098591549294398
XAUUSD,NY,2021-12-15,Wednesday,3,1770.73,1766.8,3.9300000000000637,short,2021-12-15 07:25:00,1771.35,2021-12-15 07:30:00,2021-12-15 07:35:00,1769.66,1771.35,1766.2800000000004,1.6899999999998272,False,extreme,2021-12-15 07:55:00,1771.35,stop,5,-1.0,0,0.0,-1.0,0.33136094674569827,1.3964497041420953
XAUUSD,NY,2021-12-15,Wednesday,4,1770.73,1766.8,3.9300000000000637,short,2021-12-15 07:50:00,1772.02,2021-12-15 08:00:00,2021-12-15 08:05:00,1770.57,1772.02,1767.6699999999998,1.4500000000000455,False,extreme,2021-12-15 08:30:00,1772.02,stop,6,-1.0,0,0.0,-1.0,0.7586206896550859,2.144827586206917
XAUUSD,NY,2021-12-15,Wednesday,5,1770.73,1766.8,3.9300000000000637,short,2021-12-15 08:25:00,1773.68,2021-12-15 08:40:00,2021-12-15 08:45:00,1769.73,1773.68,1761.83,3.9500000000000455,False,extreme,2021-12-15 13:45:00,1761.83,target,61,2.0,0,0.0,2.0,2.926582278480965,0.6962025316455616
XAUUSD,NY,2021-12-15,Wednesday,6,1770.73,1766.8,3.9300000000000637,long,2021-12-15 12:45:00,1751.04,2021-12-15 14:45:00,2021-12-15 14:50:00,1766.78,1758.75,1782.84,8.029999999999973,True,swing,2021-12-15 21:00:00,1782.84,target,63,2.0,0,0.0,2.0,2.093399750933998,0.22415940224158912
XAUUSD,NY,2021-12-16,Thursday,1,1786.99,1780.96,6.029999999999973,short,2021-12-16 05:15:00,1787.3,2021-12-16 05:30:00,2021-12-16 05:35:00,1786.24,1787.3,1784.1200000000001,1.0599999999999454,False,extreme,2021-12-16 06:10:00,1787.3,stop,8,-1.0,0,0.0,-1.0,0.3207547169810714,1.867924528302
XAUUSD,NY,2021-12-16,Thursday,2,1786.99,1780.96,6.029999999999973,short,2021-12-16 06:10:00,1788.34,2021-12-16 06:30:00,2021-12-16 06:35:00,1786.27,1788.34,1782.13,2.0699999999999363,False,extreme,2021-12-16 08:10:00,1788.34,stop,20,-1.0,0,0.0,-1.0,1.961352657004865,1.5555555555556166
XAUUSD,NY,2021-12-16,Thursday,3,1786.99,1780.96,6.029999999999973,short,2021-12-16 08:05:00,1790.06,2021-12-16 08:20:00,2021-12-16 08:25:00,1786.95,1790.06,1780.7300000000002,3.1099999999999,False,extreme,2021-12-16 09:05:00,1790.06,stop,9,-1.0,2,0.00643086816720278,-1.0064308681672027,0.37942122186498445,1.2668810289389651
XAUUSD,NY,2021-12-17,Friday,1,1809.9,1802.08,7.820000000000164,short,2021-12-17 07:30:00,1814.25,2021-12-17 08:40:00,2021-12-17 08:45:00,1809.37,1814.25,1799.6099999999997,4.880000000000109,False,extreme,2021-12-17 15:05:00,1799.6099999999997,target,77,2.0,2,0.004098360655737613,1.9959016393442623,2.182377049180251,0.08811475409837173
XAUUSD,NY,2021-12-20,Monday,1,1804.14,1797.39,6.75,long,2021-12-20 05:35:00,1796.8,2021-12-20 05:40:00,2021-12-20 05:45:00,1797.53,1796.8,1798.99,0.7300000000000182,False,extreme,2021-12-20 06:10:00,1796.8,stop,6,-1.0,0,0.0,-1.0,1.3835616438355696,1.3835616438355696
XAUUSD,NY,2021-12-20,Monday,2,1804.14,1797.39,6.75,long,2021-12-20 06:05:00,1796.52,2021-12-20 06:15:00,2021-12-20 06:20:00,1797.56,1796.52,1799.6399999999999,1.0399999999999636,False,extreme,2021-12-20 06:55:00,1796.52,stop,8,-1.0,4,0.03846153846153981,-1.0384615384615399,0.31730769230785205,2.548076923076881
XAUUSD,NY,2021-12-20,Monday,3,1804.14,1797.39,6.75,long,2021-12-20 06:45:00,1794.91,2021-12-20 07:15:00,2021-12-20 07:20:00,1798.2,1794.91,1804.78,3.2899999999999636,False,extreme,2021-12-20 08:25:00,1794.91,stop,14,-1.0,0,0.0,-1.0,0.6079027355623168,1.106382978723447
XAUUSD,NY,2021-12-20,Monday,4,1804.14,1797.39,6.75,long,2021-12-20 08:25:00,1794.27,2021-12-20 08:35:00,2021-12-20 08:40:00,1797.89,1794.27,1805.1300000000003,3.6200000000001182,False,extreme,2021-12-20 09:55:00,1794.27,stop,16,-1.0,0,0.0,-1.0,0.1298342541435869,1.701657458563503
XAUUSD,NY,2021-12-21,Tuesday,1,1798.27,1788.87,9.400000000000091,short,2021-12-21 07:55:00,1800.46,2021-12-21 08:10:00,2021-12-21 08:15:00,1798.22,1800.46,1793.74,2.240000000000009,False,extreme,2021-12-21 09:30:00,1793.74,target,16,2.0,3,0.013392857142857088,1.986607142857143,2.102678571428579,0.7857142857142785
XAUUSD,NY,2021-12-21,Tuesday,2,1798.27,1788.87,9.400000000000091,long,2021-12-21 10:35:00,1784.86,2021-12-21 15:00:00,2021-12-21 15:05:00,1789.12,1784.86,1797.6399999999999,4.259999999999991,False,extreme,2021-12-21 23:55:00,1788.74,end_of_day,95,-0.08920187793424474,2,0.004694835680751184,-0.09389671361499592,0.48591549295778597,0.33333333333329773
XAUUSD,NY,2021-12-22,Wednesday,1,1789.8,1785.88,3.9199999999998454,short,2021-12-22 05:25:00,1791.48,2021-12-22 06:00:00,2021-12-22 06:05:00,1789.25,1791.48,1784.79,2.230000000000018,False,extreme,2021-12-22 07:20:00,1791.48,stop,16,-1.0,0,0.0,-1.0,0.34080717488788553,1.0
XAUUSD,NY,2021-12-22,Wednesday,2,1789.8,1785.88,3.9199999999998454,short,2021-12-22 06:15:00,1794.91,2021-12-22 09:50:00,2021-12-22 09:55:00,1789.59,1794.91,1778.9499999999996,5.320000000000164,False,extreme,2021-12-22 10:50:00,1794.91,stop,12,-1.0,0,0.0,-1.0,0.13345864661650134,1.0545112781954802
XAUUSD,NY,2021-12-23,Thursday,1,1808.3,1804.83,3.4700000000000273,long,2021-12-23 05:55:00,1804.62,2021-12-23 06:00:00,2021-12-23 06:05:00,1805.4,1804.62,1806.9600000000005,0.7800000000002001,False,extreme,2021-12-23 06:10:00,1804.62,stop,2,-1.0,0,0.0,-1.0,0.38461538461522765,1.5256410256407043
XAUUSD,NY,2021-12-23,Thursday,2,1808.3,1804.83,3.4700000000000273,long,2021-12-23 06:25:00,1804.49,2021-12-23 06:30:00,2021-12-23 06:35:00,1804.9,1804.49,1805.7200000000003,0.41000000000008185,False,extreme,2021-12-23 06:45:00,1805.7200000000003,target,3,2.0,0,0.0,2.0,3.390243902438037,0.5853658536584418
XAUUSD,NY,2021-12-23,Thursday,3,1808.3,1804.83,3.4700000000000273,long,2021-12-23 07:10:00,1803.37,2021-12-23 07:45:00,2021-12-23 07:50:00,1805.17,1803.37,1808.7700000000004,1.800000000000182,False,extreme,2021-12-23 08:30:00,1808.7700000000004,target,9,2.0,0,0.0,2.0,2.649999999999722,0.28333333333329963
XAUUSD,NY,2021-12-23,Thursday,4,1808.3,1804.83,3.4700000000000273,short,2021-12-23 08:30:00,1810.02,2021-12-23 08:40:00,2021-12-23 08:45:00,1807.2,1810.02,1801.5600000000002,2.8199999999999363,False,extreme,2021-12-23 09:35:00,1801.5600000000002,target,11,2.0,0,0.0,2.0,2.581560283687992,0.24113475177307767
XAUUSD,NY,2021-12-23,Thursday,5,1808.3,1804.83,3.4700000000000273,long,2021-12-23 10:30:00,1803.85,2021-12-23 10:40:00,2021-12-23 10:45:00,1805.24,1803.85,1808.0200000000002,1.3900000000001,False,extreme,2021-12-23 11:05:00,1808.0200000000002,target,5,2.0,1,0.007194244604316029,1.992805755395684,2.035971223021384,0.15827338129497226
XAUUSD,NY,2021-12-23,Thursday,6,1808.3,1804.83,3.4700000000000273,short,2021-12-23 12:20:00,1808.88,2021-12-23 12:25:00,2021-12-23 12:30:00,1807.45,1808.88,1804.59,1.4300000000000637,False,extreme,2021-12-23 12:55:00,1808.88,stop,6,-1.0,3,0.020979020979020043,-1.02097902097902,0.07692307692316254,1.0699300699300032
XAUUSD,NY,2021-12-23,Thursday,7,1808.3,1804.83,3.4700000000000273,short,2021-12-23 12:50:00,1810.75,2021-12-23 15:30:00,2021-12-23 15:35:00,1807.87,1810.75,1802.1099999999997,2.880000000000109,False,extreme,2021-12-23 16:55:00,1808.48,end_of_day,17,-0.21180555555559175,7,0.024305555555554637,-0.23611111111114638,0.15624999999993092,0.4826388888889053
XAUUSD,NY,2021-12-27,Monday,1,1810.65,1805.92,4.730000000000018,long,2021-12-27 04:05:00,1805.52,2021-12-27 04:10:00,2021-12-27 04:15:00,1806.0,1805.52,1806.96,0.4800000000000182,False,extreme,2021-12-27 04:25:00,1805.52,stop,3,-1.0,3,0.06249999999999763,-1.0624999999999976,0.5624999999999408,1.2291666666664496
XAUUSD,NY,2021-12-27,Monday,2,1810.65,1805.92,4.730000000000018,long,2021-12-27 04:30:00,1805.09,2021-12-27 04:55:00,2021-12-27 05:00:00,1806.48,1805.09,1809.2600000000002,1.3900000000001,False,extreme,2021-12-27 06:20:00,1805.09,stop,17,-1.0,0,0.0,-1.0,0.9424460431653605,1.1870503597122102
XAUUSD,NY,2021-12-27,Monday,3,1810.65,1805.92,4.730000000000018,long,2021-12-27 06:20:00,1804.79,2021-12-27 06:35:00,2021-12-27 06:40:00,1805.9,1804.79,1808.1200000000003,1.1100000000001273,False,extreme,2021-12-27 08:20:00,1804.79,stop,21,-1.0,0,0.0,-1.0,1.5135135135131925,1.2162162162161996
XAUUSD,NY,2021-12-27,Monday,4,1810.65,1805.92,4.730000000000018,long,2021-12-27 08:20:00,1802.99,2021-12-27 08:30:00,2021-12-27 08:35:00,1806.66,1802.99,1814.0000000000002,3.6700000000000728,False,extreme,2021-12-27 23:55:00,1810.0,end_of_day,173,0.9100817438691695,1,0.0027247956403269216,0.9073569482288426,1.8610354223432675,0.09536784741147943
XAUUSD,NY,2021-12-28,Tuesday,1,1816.03,1810.0,6.029999999999973,short,2021-12-28 05:30:00,1818.31,2021-12-28 08:05:00,2021-12-28 08:10:00,1815.87,1818.31,1810.9899999999998,2.4400000000000546,False,extreme,2021-12-28 08:25:00,1818.31,stop,4,-1.0,1,0.004098360655737613,-1.0040983606557377,0.22131147540981622,1.229508196721284
XAUUSD,NY,2021-12-28,Tuesday,2,1816.03,1810.0,6.029999999999973,short,2021-12-28 08:20:00,1820.21,2021-12-28 09:05:00,2021-12-28 09:10:00,1812.58,1820.21,1797.3199999999997,7.630000000000109,False,extreme,2021-12-28 23:55:00,1805.76,end_of_day,166,0.893840104849258,2,0.002621231979030107,0.8912188728702279,1.1153342070773091,0.4403669724770746
XAUUSD,NY,2021-12-29,Wednesday,1,1807.46,1802.17,5.289999999999964,long,2021-12-29 05:00:00,1789.42,2021-12-29 11:00:00,2021-12-29 11:05:00,1804.13,1799.11,1814.1700000000005,5.020000000000209,True,swing,2021-12-29 23:55:00,1800.76,end_of_day,143,-0.6713147410358522,0,0.0,-0.6713147410358522,0.3007968127489896,0.6952191235059489
XAUUSD,NY,2021-12-30,Thursday,1,1801.87,1796.18,5.689999999999827,short,2021-12-30 04:00:00,1802.21,2021-12-30 04:10:00,2021-12-30 04:15:00,1801.53,1802.21,1800.1699999999998,0.6800000000000637,False,extreme,2021-12-30 04:30:00,1800.1699999999998,target,4,2.0,2,0.0294117647058796,1.9705882352941204,2.6617647058820233,0.08823529411755855
XAUUSD,NY,2021-12-30,Thursday,2,1801.87,1796.18,5.689999999999827,short,2021-12-30 06:05:00,1803.25,2021-12-30 07:15:00,2021-12-30 07:20:00,1801.69,1803.25,1798.5700000000002,1.5599999999999454,False,extreme,2021-12-30 07:35:00,1803.25,stop,4,-1.0,3,0.0192307692307699,-1.0192307692307698,0.057692307692402994,1.6025641025641586
XAUUSD,NY,2021-12-30,Thursday,3,1801.87,1796.18,5.689999999999827,short,2021-12-30 07:25:00,1804.7,2021-12-30 08:15:00,2021-12-30 08:20:00,1800.84,1804.7,1793.1199999999997,3.8600000000001273,False,extreme,2021-12-30 09:30:00,1804.7,stop,15,-1.0,0,0.0,-1.0,0.5336787564766522,1.7202072538859796
XAUUSD,NY,2021-12-31,Friday,1,1820.26,1815.15,5.1099999999999,short,2021-12-31 06:10:00,1820.31,2021-12-31 06:15:00,2021-12-31 06:20:00,1820.1,1820.31,1819.6799999999998,0.21000000000003638,False,extreme,2021-12-31 06:25:00,1819.6799999999998,target,2,2.0,2,0.09523809523807875,1.9047619047619213,5.904761904760925,0.8571428571430119
XAUUSD,NY,2022-01-03,Monday,1,1825.79,1821.05,4.740000000000009,short,2022-01-03 04:50:00,1827.51,2022-01-03 05:40:00,2022-01-03 05:45:00,1825.57,1827.51,1821.6899999999998,1.9400000000000546,False,extreme,2022-01-03 07:30:00,1821.6899999999998,target,22,2.0,2,0.010309278350515174,1.9896907216494848,2.097938144329805,0.8092783505155255
XAUUSD,NY,2022-01-04,Tuesday,1,1807.43,1803.24,4.190000000000055,long,2022-01-04 04:00:00,1801.97,2022-01-04 04:10:00,2022-01-04 04:15:00,1804.28,1801.97,1808.8999999999999,2.3099999999999454,False,extreme,2022-01-04 07:10:00,1801.97,stop,36,-1.0,0,0.0,-1.0,1.8961038961039882,1.1298701298701133
XAUUSD,NY,2022-01-04,Tuesday,2,1807.43,1803.24,4.190000000000055,long,2022-01-04 07:10:00,1798.61,2022-01-04 08:20:00,2022-01-04 08:25:00,1803.57,1798.61,1813.49,4.960000000000036,False,extreme,2022-01-04 10:25:00,1813.49,target,25,2.0,1,0.0020161290322580497,1.997983870967742,2.3225806451612696,0.18145161290319697
XAUUSD,NY,2022-01-05,Wednesday,1,1817.6,1812.5,5.099999999999909,short,2022-01-05 04:20:00,1820.76,2022-01-05 07:20:00,2022-01-05 07:25:00,1817.18,1820.76,1810.0200000000002,3.5799999999999272,False,extreme,2022-01-05 08:25:00,1820.76,stop,13,-1.0,2,0.0055865921787710635,-1.005586592178771,0.6117318435754466,1.511173184357532
XAUUSD,NY,2022-01-05,Wednesday,2,1817.6,1812.5,5.099999999999909,short,2022-01-05 08:20:00,1829.64,2022-01-05 14:05:00,2022-01-05 14:10:00,1816.79,1824.35,1801.67,7.559999999999945,True,swing,2022-01-05 23:55:00,1805.35,end_of_day,106,1.5132275132275315,0,0.0,1.5132275132275315,1.5132275132275315,0.4444444444444645
XAUUSD,NY,2022-01-06,Thursday,1,1807.55,1794.71,12.839999999999918,long,2022-01-06 04:30:00,1794.32,2022-01-06 04:35:00,2022-01-06 04:40:00,1794.8,1794.32,1795.76,0.4800000000000182,False,extreme,2022-01-06 04:40:00,1794.32,stop,1,-1.0,0,0.0,-1.0,0.35416666666680485,1.1249999999998817
XAUUSD,NY,2022-01-06,Thursday,2,1807.55,1794.71,12.839999999999918,long,2022-01-06 04:40:00,1793.76,2022-01-06 04:50:00,2022-01-06 04:55:00,1795.89,1793.76,1800.1500000000003,2.130000000000109,False,extreme,2022-01-06 05:30:00,1800.1500000000003,target,8,2.0,0,0.0,2.0,4.15962441314528,0.9530516431925333
XAUUSD,NY,2022-01-06,Thursday,3,1807.55,1794.71,12.839999999999918,long,2022-01-06 07:55:00,1786.87,2022-01-06 09:30:00,2022-01-06 09:35:00,1794.99,1786.87,1811.2300000000002,8.120000000000118,False,extreme,2022-01-06 14:10:00,1786.87,stop,56,-1.0,0,0.0,-1.0,0.07266009852215635,1.0517241379310147
XAUUSD,NY,2022-01-07,Friday,1,1792.88,1787.82,5.060000000000173,short,2022-01-07 04:55:00,1793.99,2022-01-07 05:20:00,2022-01-07 05:25:00,1792.42,1793.99,1789.2800000000002,1.5699999999999363,False,extreme,2022-01-07 08:00:00,1789.2800000000002,target,32,2.0,0,0.0,2.0,2.5350318471338724,0.8535031847133583
XAUUSD,NY,2022-01-07,Friday,2,1792.88,1787.82,5.060000000000173,long,2022-01-07 08:35:00,1782.64,2022-01-07 08:40:00,2022-01-07 08:45:00,1790.38,1782.64,1805.8600000000001,7.740000000000009,False,extreme,2022-01-07 16:55:00,1796.62,friday_close,99,0.8062015503875678,0,0.0,0.8062015503875678,1.0723514211886234,0.49612403100777014
XAUUSD,NY,2022-01-10,Monday,1,1796.47,1791.34,5.130000000000109,short,2022-01-10 04:00:00,1802.34,2022-01-10 07:40:00,2022-01-10 07:45:00,1795.5,1802.34,1781.8200000000002,6.839999999999918,False,extreme,2022-01-10 18:30:00,1802.34,stop,118,-1.0,0,0.0,-1.0,0.7529239766082094,1.065789473684218
XAUUSD,NY,2022-01-11,Tuesday,1,1810.22,1805.72,4.5,long,2022-01-11 05:25:00,1804.84,2022-01-11 05:55:00,2022-01-11 06:00:00,1806.1,1804.84,1808.62,1.259999999999991,False,extreme,2022-01-11 06:00:00,1804.84,stop,1,-1.0,0,0.0,-1.0,0.087301587301689,1.3888888888888988
XAUUSD,NY,2022-01-11,Tuesday,2,1810.22,1805.72,4.5,long,2022-01-11 06:00:00,1804.35,2022-01-11 06:35:00,2022-01-11 06:40:00,1806.11,1804.35,1809.6299999999999,1.759999999999991,False,extreme,2022-01-11 09:00:00,1804.35,stop,29,-1.0,0,0.0,-1.0,1.659090909090959,1.897727272727236
XAUUSD,NY,2022-01-11,Tuesday,3,1810.22,1805.72,4.5,long,2022-01-11 08:55:00,1801.8,2022-01-11 09:55:00,2022-01-11 10:00:00,1805.93,1801.8,1814.1900000000003,4.130000000000109,False,extreme,2022-01-11 11:15:00,1814.1900000000003,target,16,2.0,0,0.0,2.0,2.084745762711785,0.11864406779660924
XAUUSD,NY,2022-01-12,Wednesday,1,1821.54,1814.72,6.819999999999936,short,2022-01-12 08:40:00,1825.39,2022-01-12 08:55:00,2022-01-12 09:00:00,1821.28,1825.39,1813.0599999999997,4.110000000000127,False,extreme,2022-01-12 12:20:00,1825.39,stop,41,-1.0,0,0.0,-1.0,0.5523114355230928,1.0097323600973145
XAUUSD,NY,2022-01-13,Thursday,1,1828.18,1820.69,7.490000000000009,long,2022-01-13 04:00:00,1819.05,2022-01-13 04:15:00,2022-01-13 04:20:00,1820.99,1819.05,1824.8700000000001,1.9400000000000546,False,extreme,2022-01-13 07:20:00,1824.8700000000001,target,37,2.0,0,0.0,2.0,2.16494845360821,0.5154639175257587
XAUUSD,NY,2022-01-13,Thursday,2,1828.18,1820.69,7.490000000000009,long,2022-01-13 08:20:00,1820.04,2022-01-13 08:25:00,2022-01-13 08:30:00,1820.77,1820.04,1822.23,0.7300000000000182,False,extreme,2022-01-13 08:30:00,1820.04,stop,1,-1.0,0,0.0,-1.0,1.4109589041095165,2.1506849315067087
XAUUSD,NY,2022-01-13,Thursday,3,1828.18,1820.69,7.490000000000009,long,2022-01-13 08:30:00,1819.2,2022-01-13 08:35:00,2022-01-13 08:40:00,1823.83,1819.2,1833.0899999999997,4.629999999999882,False,extreme,2022-01-13 09:45:00,1819.2,stop,14,-1.0,0,0.0,-1.0,0.0583153347732157,1.2570194384449427
XAUUSD,NY,2022-01-13,Thursday,4,1828.18,1820.69,7.490000000000009,long,2022-01-13 09:40:00,1812.31,2022-01-13 12:25:00,2022-01-13 12:30:00,1821.17,1812.31,1838.8900000000003,8.860000000000127,False,extreme,2022-01-13 23:55:00,1825.99,end_of_day,126,0.5440180586907299,2,0.002257336343115092,0.5417607223476149,0.6884875846500927,0.18735891647856184
XAUUSD,NY,2022-01-14,Friday,1,1829.22,1824.29,4.930000000000064,long,2022-01-14 04:00:00,1819.53,2022-01-14 08:20:00,2022-01-14 08:25:00,1824.48,1819.53,1834.38,4.9500000000000455,False,extreme,2022-01-14 09:30:00,1819.53,stop,14,-1.0,0,0.0,-1.0,0.6282828282828024,1.0323232323232485
XAUUSD,NY,2022-01-14,Friday,2,1829.22,1824.29,4.930000000000064,long,2022-01-14 09:25:00,1819.24,2022-01-14 09:55:00,2022-01-14 10:00:00,1824.32,1819.24,1834.4799999999998,5.079999999999927,False,extreme,2022-01-14 11:25:00,1819.24,stop,18,-1.0,0,0.0,-1.0,0.3169291338582973,1.2755905511811243
XAUUSD,NY,2022-01-17,Monday,1,1823.17,1818.26,4.910000000000082,long,2022-01-17 10:00:00,1817.69,2022-01-17 10:05:00,2022-01-17 10:10:00,1818.32,1817.69,1819.5799999999997,0.6299999999998818,False,extreme,2022-01-17 10:15:00,1819.5799999999997,target,2,2.0,0,0.0,2.0,2.1904761904767747,0.04761904761901325
XAUUSD,NY,2022-01-17,Monday,2,1823.17,1818.26,4.910000000000082,long,2022-01-17 13:55:00,1818.23,2022-01-17 14:00:00,2022-01-17 14:05:00,1818.54,1818.23,1819.1599999999999,0.30999999999994543,False,extreme,2022-01-17 14:20:00,1819.1599999999999,target,4,2.0,10,0.3225806451613471,1.677419354838653,2.3548387096778924,0.03225806451610537
XAUUSD,NY,2022-01-18,Tuesday,1,1818.28,1812.05,6.230000000000018,long,2022-01-18 04:25:00,1809.15,2022-01-18 06:35:00,2022-01-18 06:40:00,1812.15,1809.15,1818.15,3.0,False,extreme,2022-01-18 08:10:00,1809.15,stop,19,-1.0,0,0.0,-1.0,1.3599999999999757,1.5866666666666636
XAUUSD,NY,2022-01-18,Tuesday,2,1818.28,1812.05,6.230000000000018,long,2022-01-18 08:05:00,1805.79,2022-01-18 08:30:00,2022-01-18 08:35:00,1816.89,1805.79,1839.0900000000004,11.100000000000136,False,extreme,2022-01-18 23:55:00,1811.8,end_of_day,173,-0.45855855855856603,0,0.0,-0.45855855855856603,0.2909909909909686,0.5954954954954996
XAUUSD,NY,2022-01-19,Wednesday,1,1816.09,1811.26,4.829999999999927,short,2022-01-19 04:15:00,1816.68,2022-01-19 04:25:00,2022-01-19 04:30:00,1815.72,1816.68,1813.8,0.9600000000000364,False,extreme,2022-01-19 04:30:00,1816.68,stop,1,-1.0,0,0.0,-1.0,0.031249999999970395,1.4166666666665089
XAUUSD,NY,2022-01-20,Thursday,1,1842.16,1838.49,3.6700000000000728,long,2022-01-20 04:45:00,1837.06,2022-01-20 04:55:00,2022-01-20 05:00:00,1838.56,1837.06,1841.56,1.5,False,extreme,2022-01-20 05:30:00,1837.06,stop,7,-1.0,3,0.02,-1.02,0.7066666666666302,1.1999999999999698
XAUUSD,NY,2022-01-20,Thursday,2,1842.16,1838.49,3.6700000000000728,long,2022-01-20 05:25:00,1836.74,2022-01-20 06:30:00,2022-01-20 06:35:00,1838.57,1836.74,1842.2299999999998,1.8299999999999272,False,extreme,2022-01-20 07:20:00,1836.74,stop,10,-1.0,0,0.0,-1.0,0.5846994535520252,1.420765027322411
XAUUSD,NY,2022-01-20,Thursday,3,1842.16,1838.49,3.6700000000000728,long,2022-01-20 07:15:00,1835.97,2022-01-20 07:40:00,2022-01-20 07:45:00,1839.44,1835.97,1846.38,3.4700000000000273,False,extreme,2022-01-20 08:30:00,1846.38,target,10,2.0,0,0.0,2.0,2.1412103746397055,0.2593659942363354
XAUUSD,NY,2022-01-20,Thursday,4,1842.16,1838.49,3.6700000000000728,short,2022-01-20 08:30:00,1847.93,2022-01-20 11:20:00,2022-01-20 11:25:00,1840.27,1846.46,1827.8899999999999,6.190000000000055,True,swing,2022-01-20 23:55:00,1841.46,end_of_day,139,-0.19224555735057255,0,0.0,-0.19224555735057255,0.6413570274636498,0.5638126009693019
XAUUSD,NY,2022-01-24,Monday,1,1841.74,1836.49,5.25,short,2022-01-24 04:10:00,1844.35,2022-01-24 04:45:00,2022-01-24 04:50:00,1841.6,1844.35,1836.1,2.75,False,extreme,2022-01-24 08:45:00,1836.1,target,48,2.0,0,0.0,2.0,2.2327272727272263,0.5345454545454644
XAUUSD,NY,2022-01-24,Monday,2,1841.74,1836.49,5.25,long,2022-01-24 08:50:00,1834.68,2022-01-24 09:00:00,2022-01-24 09:05:00,1837.06,1834.68,1841.8199999999997,2.3799999999998818,False,extreme,2022-01-24 09:35:00,1834.68,stop,7,-1.0,0,0.0,-1.0,1.722689075630395,1.8193277310924967
XAUUSD,NY,2022-01-24,Monday,3,1841.74,1836.49,5.25,long,2022-01-24 09:30:00,1829.67,2022-01-24 12:40:00,2022-01-24 12:45:00,1837.27,1829.67,1852.4699999999998,7.599999999999909,False,extreme,2022-01-24 23:55:00,1842.01,end_of_day,123,0.6236842105263245,0,0.0,0.6236842105263245,0.8934210526315849,0.05131578947366807
XAUUSD,NY,2022-01-25,Tuesday,1,1843.35,1838.73,4.619999999999891,long,2022-01-25 04:00:00,1836.96,2022-01-25 05:10:00,2022-01-25 05:15:00,1838.73,1836.96,1842.27,1.7699999999999818,False,extreme,2022-01-25 05:30:00,1836.96,stop,4,-1.0,0,0.0,-1.0,0.13559322033898957,2.169491525423705
XAUUSD,NY,2022-01-25,Tuesday,2,1843.35,1838.73,4.619999999999891,long,2022-01-25 05:15:00,1834.89,2022-01-25 06:35:00,2022-01-25 06:40:00,1838.91,1834.89,1846.95,4.019999999999982,False,extreme,2022-01-25 09:45:00,1846.95,target,38,2.0,0,0.0,2.0,3.4228855721393168,0.4353233830845791
XAUUSD,NY,2022-01-25,Tuesday,3,1843.35,1838.73,4.619999999999891,short,2022-01-25 10:10:00,1844.37,2022-01-25 10:15:00,2022-01-25 10:20:00,1842.44,1844.37,1838.5800000000004,1.9299999999998363,False,extreme,2022-01-25 10:25:00,1844.37,stop,2,-1.0,0,0.0,-1.0,0.6683937823834575,1.1502590673576247
XAUUSD,NY,2022-01-26,Wednesday,1,1848.71,1843.79,4.920000000000073,long,2022-01-26 06:50:00,1842.69,2022-01-26 07:10:00,2022-01-26 07:15:00,1844.76,1842.69,1848.8999999999999,2.0699999999999363,False,extreme,2022-01-26 09:00:00,1842.69,stop,22,-1.0,0,0.0,-1.0,1.6135265700483192,1.4347826086957094
XAUUSD,NY,2022-01-27,Thursday,1,1816.47,1809.59,6.880000000000109,short,2022-01-27 04:50:00,1816.69,2022-01-27 04:55:00,2022-01-27 05:00:00,1816.06,1816.69,1814.7999999999997,0.6300000000001091,False,extreme,2022-01-27 05:05:00,1816.69,stop,2,-1.0,0,0.0,-1.0,0.603174603174311,1.349206349206332
XAUUSD,NY,2022-01-27,Thursday,2,1816.47,1809.59,6.880000000000109,long,2022-01-27 06:30:00,1807.61,2022-01-27 06:50:00,2022-01-27 06:55:00,1811.34,1807.61,1818.8,3.730000000000018,False,extreme,2022-01-27 07:45:00,1807.61,stop,11,-1.0,0,0.0,-1.0,0.6487935656836624,1.1554959785522585
XAUUSD,NY,2022-01-28,Friday,1,1798.84,1791.84,7.0,long,2022-01-28 04:10:00,1789.91,2022-01-28 04:30:00,2022-01-28 04:35:00,1792.44,1789.91,1797.5,2.5299999999999727,False,extreme,2022-01-28 05:30:00,1789.91,stop,12,-1.0,0,0.0,-1.0,0.21739130434781045,1.0711462450593146
XAUUSD,NY,2022-01-31,Monday,1,1792.46,1786.04,6.420000000000073,short,2022-01-31 06:50:00,1793.62,2022-01-31 06:55:00,2022-01-31 07:00:00,1792.32,1793.62,1789.72,1.2999999999999545,False,extreme,2022-01-31 08:25:00,1789.72,target,18,2.0,0,0.0,2.0,2.1000000000000876,0.23846153846167972
XAUUSD,NY,2022-01-31,Monday,2,1792.46,1786.04,6.420000000000073,short,2022-01-31 08:40:00,1793.91,2022-01-31 08:45:00,2022-01-31 08:50:00,1792.29,1793.91,1789.0499999999997,1.6200000000001182,False,extreme,2022-01-31 08:50:00,1793.91,stop,1,-1.0,0,0.0,-1.0,0.061728395061667746,2.598765432098598
XAUUSD,NY,2022-02-01,Tuesday,1,1804.94,1799.32,5.620000000000118,short,2022-02-01 04:00:00,1808.3,2022-02-01 07:55:00,2022-02-01 08:00:00,1804.52,1808.3,1796.96,3.7799999999999727,False,extreme,2022-02-01 08:05:00,1808.3,stop,2,-1.0,0,0.0,-1.0,0.0,1.1269841269841328
XAUUSD,NY,2022-02-01,Tuesday,2,1804.94,1799.32,5.620000000000118,short,2022-02-01 08:00:00,1808.78,2022-02-01 08:20:00,2022-02-01 08:25:00,1804.13,1808.78,1794.8300000000004,4.649999999999864,False,extreme,2022-02-01 23:55:00,1797.56,end_of_day,175,1.4129032258065282,0,0.0,1.4129032258065282,1.4623655913979314,0.8215053763440965
XAUUSD,NY,2022-02-02,Wednesday,1,1800.17,1794.41,5.759999999999991,short,2022-02-02 04:15:00,1800.7,2022-02-02 04:20:00,2022-02-02 04:25:00,1799.36,1800.7,1796.6799999999996,1.3400000000001455,False,extreme,2022-02-02 04:35:00,1800.7,stop,3,-1.0,0,0.0,-1.0,0.0,1.470149253731204
XAUUSD,NY,2022-02-03,Thursday,1,1806.85,1802.76,4.089999999999918,long,2022-02-03 05:25:00,1802.21,2022-02-03 05:30:00,2022-02-03 05:35:00,1803.31,1802.21,1805.5099999999998,1.099999999999909,False,extreme,2022-02-03 07:00:00,1802.21,stop,18,-1.0,0,0.0,-1.0,1.681818181818445,1.4818181818181968
XAUUSD,NY,2022-02-03,Thursday,2,1806.85,1802.76,4.089999999999918,long,2022-02-03 07:05:00,1800.07,2022-02-03 08:05:00,2022-02-03 08:10:00,1803.1,1800.07,1809.1599999999999,3.0299999999999727,False,extreme,2022-02-03 09:35:00,1800.07,stop,18,-1.0,0,0.0,-1.0,0.6765676567657427,1.1485148514851649
XAUUSD,NY,2022-02-03,Thursday,3,1806.85,1802.76,4.089999999999918,long,2022-02-03 11:00:00,1801.12,2022-02-03 11:05:00,2022-02-03 11:10:00,1804.09,1801.12,1810.03,2.9700000000000273,False,extreme,2022-02-03 23:55:00,1806.58,end_of_day,142,0.8383838383838338,0,0.0,0.8383838383838338,1.316498316498332,0.2861952861952529
XAUUSD,NY,2022-02-04,Friday,1,1810.01,1805.86,4.150000000000091,long,2022-02-04 08:30:00,1792.19,2022-02-04 09:40:00,2022-02-04 09:45:00,1806.48,1798.85,1821.7400000000002,7.630000000000109,True,swing,2022-02-04 16:55:00,1808.2,friday_close,87,0.22542595019659276,0,0.0,0.22542595019659276,0.5111402359108828,0.5635648754914669
XAUUSD,NY,2022-02-07,Monday,1,1814.12,1808.74,5.379999999999882,short,2022-02-07 08:00:00,1817.16,2022-02-07 08:50:00,2022-02-07 08:55:00,1813.44,1817.16,1806.0,3.7200000000000273,False,extreme,2022-02-07 11:25:00,1817.16,stop,31,-1.0,0,0.0,-1.0,0.45967741935484513,1.1720430107526527
XAUUSD,NY,2022-02-08,Tuesday,1,1821.59,1815.46,6.129999999999882,short,2022-02-08 08:45:00,1824.76,2022-02-08 09:15:00,2022-02-08 09:20:00,1821.45,1824.76,1814.8300000000002,3.3099999999999454,False,extreme,2022-02-08 10:10:00,1824.76,stop,11,-1.0,0,0.0,-1.0,0.3746223564954772,1.0392749244713326
XAUUSD,NY,2022-02-09,Wednesday,1,1829.12,1825.77,3.349999999999909,short,2022-02-09 08:00:00,1832.56,2022-02-09 08:40:00,2022-02-09 08:45:00,1828.02,1832.56,1818.94,4.539999999999964,False,extreme,2022-02-09 11:40:00,1832.56,stop,36,-1.0,0,0.0,-1.0,0.7334801762114436,1.1123348017621135
XAUUSD,NY,2022-02-10,Thursday,1,1836.15,1830.47,5.680000000000064,long,2022-02-10 08:20:00,1821.76,2022-02-10 08:40:00,2022-02-10 08:45:00,1830.94,1821.76,1849.3000000000002,9.180000000000064,False,extreme,2022-02-10 23:55:00,1824.22,end_of_day,171,-0.7320261437908475,0,0.0,-0.7320261437908475,1.2004357298474841,0.8518518518518637
XAUUSD,NY,2022-02-11,Friday,1,1827.62,1820.98,6.639999999999873,short,2022-02-11 05:35:00,1827.8,2022-02-11 05:40:00,2022-02-11 05:45:00,1827.12,1827.8,1825.7599999999998,0.6800000000000637,False,extreme,2022-02-11 06:05:00,1825.7599999999998,target,5,2.0,0,0.0,2.0,2.1911764705877093,0.4411764705884615
XAUUSD,NY,2022-02-11,Friday,2,1827.62,1820.98,6.639999999999873,short,2022-02-11 07:10:00,1833.33,2022-02-11 08:40:00,2022-02-11 08:45:00,1826.67,1833.33,1813.3500000000004,6.6599999999998545,False,extreme,2022-02-11 10:15:00,1833.33,stop,19,-1.0,0,0.0,-1.0,0.25675675675676785,1.2792792792793044
XAUUSD,NY,2022-02-15,Tuesday,1,1879.49,1857.43,22.059999999999945,long,2022-02-15 04:10:00,1856.6,2022-02-15 04:15:00,2022-02-15 04:20:00,1858.33,1856.6,1861.79,1.7300000000000182,False,extreme,2022-02-15 04:20:00,1856.6,stop,1,-1.0,0,0.0,-1.0,0.0,2.196531791907465
XAUUSD,NY,2022-02-15,Tuesday,2,1879.49,1857.43,22.059999999999945,long,2022-02-15 04:20:00,1852.43,2022-02-15 04:50:00,2022-02-15 04:55:00,1859.1,1852.43,1872.4399999999996,6.669999999999845,False,extreme,2022-02-15 06:45:00,1852.43,stop,23,-1.0,0,0.0,-1.0,0.09145427286358943,1.3103448275862386
XAUUSD,NY,2022-02-16,Wednesday,1,1857.62,1852.29,5.329999999999927,short,2022-02-16 04:45:00,1859.62,2022-02-16 05:15:00,2022-02-16 05:20:00,1857.11,1859.62,1852.09,2.509999999999991,False,extreme,2022-02-16 07:45:00,1852.09,target,30,2.0,0,0.0,2.0,2.254980079681225,0.003984063745016311
XAUUSD,NY,2022-02-16,Wednesday,2,1857.62,1852.29,5.329999999999927,long,2022-02-16 08:00:00,1851.54,2022-02-16 08:05:00,2022-02-16 08:10:00,1852.55,1851.54,1854.57,1.009999999999991,False,extreme,2022-02-16 08:20:00,1854.57,target,3,2.0,0,0.0,2.0,2.306930693069481,0.900990099009765
XAUUSD,NY,2022-02-16,Wednesday,3,1857.62,1852.29,5.329999999999927,short,2022-02-16 08:45:00,1858.31,2022-02-16 08:50:00,2022-02-16 08:55:00,1856.75,1858.31,1853.63,1.5599999999999454,False,extreme,2022-02-16 08:55:00,1858.31,stop,1,-1.0,0,0.0,-1.0,0.019230769230752412,1.4551282051282444
XAUUSD,NY,2022-02-17,Thursday,1,1890.95,1870.58,20.37000000000012,short,2022-02-17 04:25:00,1893.33,2022-02-17 04:40:00,2022-02-17 04:45:00,1890.62,1893.33,1885.1999999999998,2.7100000000000364,False,extreme,2022-02-17 05:10:00,1885.1999999999998,target,6,2.0,0,0.0,2.0,2.394833948339371,0.033210332103374283
XAUUSD,NY,2022-02-17,Thursday,2,1890.95,1870.58,20.37000000000012,short,2022-02-17 08:20:00,1897.74,2022-02-17 09:05:00,2022-02-17 09:10:00,1890.42,1897.74,1875.7800000000002,7.319999999999936,False,extreme,2022-02-17 11:45:00,1897.74,stop,32,-1.0,0,0.0,-1.0,0.6133879781420831,1.215846994535511
XAUUSD,NY,2022-02-17,Thursday,3,1890.95,1870.58,20.37000000000012,short,2022-02-17 09:40:00,1902.49,2022-02-17 20:55:00,2022-02-17 21:00:00,1890.25,1902.49,1865.77,12.240000000000009,False,extreme,2022-02-17 23:55:00,1890.45,end_of_day,36,-0.016339869281049454,0,0.0,-0.016339869281049454,0.13562091503268633,0.1446078431372533
XAUUSD,NY,2022-02-18,Friday,1,1895.86,1889.93,5.929999999999836,long,2022-02-18 05:25:00,1886.58,2022-02-18 06:35:00,2022-02-18 06:40:00,1890.38,1886.58,1897.9800000000005,3.800000000000182,False,extreme,2022-02-18 08:15:00,1897.9800000000005,target,20,2.0,0,0.0,2.0,2.0473684210525263,0.2578947368420977
XAUUSD,NY,2022-02-18,Friday,2,1895.86,1889.93,5.929999999999836,short,2022-02-18 08:10:00,1899.99,2022-02-18 09:50:00,2022-02-18 09:55:00,1894.22,1899.99,1882.68,5.769999999999982,False,extreme,2022-02-18 16:55:00,1897.46,friday_close,85,-0.5615251299826723,0,0.0,-0.5615251299826723,0.6533795493934131,0.9150779896013846
XAUUSD,NY,2022-02-21,Monday,1,1897.73,1887.66,10.069999999999936,short,2022-02-21 04:15:00,1898.11,2022-02-21 04:20:00,2022-02-21 04:25:00,1896.78,1898.11,1894.1200000000001,1.3299999999999272,False,extreme,2022-02-21 05:55:00,1898.11,stop,19,-1.0,0,0.0,-1.0,1.6766917293234136,1.203007518797161
XAUUSD,NY,2022-02-21,Monday,2,1897.73,1887.66,10.069999999999936,short,2022-02-21 06:40:00,1898.71,2022-02-21 06:45:00,2022-02-21 06:50:00,1897.27,1898.71,1894.3899999999999,1.4400000000000546,False,extreme,2022-02-21 07:00:00,1894.3899999999999,target,3,2.0,0,0.0,2.0,3.361111111110927,0.1388888888889152
XAUUSD,NY,2022-02-21,Monday,3,1897.73,1887.66,10.069999999999936,short,2022-02-21 12:55:00,1899.56,2022-02-21 13:00:00,2022-02-21 13:05:00,1897.11,1899.56,1892.2099999999998,2.4500000000000455,False,extreme,2022-02-21 13:10:00,1899.56,stop,2,-1.0,3,0.012244897959183446,-1.0122448979591834,0.06938775510197642,1.0326530612245524
XAUUSD,NY,2022-02-22,Tuesday,1,1913.42,1895.79,17.63000000000011,long,2022-02-22 05:30:00,1894.31,2022-02-22 05:40:00,2022-02-22 05:45:00,1896.23,1894.31,1900.0700000000002,1.9200000000000728,False,extreme,2022-02-22 05:45:00,1894.31,stop,1,-1.0,0,0.0,-1.0,0.04687499999995559,1.177083333333284
XAUUSD,NY,2022-02-22,Tuesday,2,1913.42,1895.79,17.63000000000011,long,2022-02-22 05:45:00,1893.97,2022-02-22 05:55:00,2022-02-22 06:00:00,1896.54,1893.97,1901.6799999999998,2.5699999999999363,False,extreme,2022-02-22 06:25:00,1893.97,stop,6,-1.0,0,0.0,-1.0,0.6575875486381698,1.2996108949416345
XAUUSD,NY,2022-02-22,Tuesday,3,1913.42,1895.79,17.63000000000011,long,2022-02-22 06:20:00,1893.2,2022-02-22 06:35:00,2022-02-22 06:40:00,1896.64,1893.2,1903.5200000000002,3.4400000000000546,False,extreme,2022-02-22 06:50:00,1893.2,stop,3,-1.0,0,0.0,-1.0,0.01744186046510014,1.5174418604651
XAUUSD,NY,2022-02-22,Tuesday,4,1913.42,1895.79,17.63000000000011,long,2022-02-22 06:40:00,1891.42,2022-02-22 07:10:00,2022-02-22 07:15:00,1895.85,1891.42,1904.7099999999996,4.429999999999836,False,extreme,2022-02-22 08:30:00,1904.7099999999996,target,16,2.0,0,0.0,2.0,2.2799097065463902,0.1738148984198669
XAUUSD,NY,2022-02-22,Tuesday,5,1913.42,1895.79,17.63000000000011,long,2022-02-22 10:45:00,1893.92,2022-02-22 10:55:00,2022-02-22 11:00:00,1897.9,1893.92,1905.8600000000001,3.980000000000018,False,extreme,2022-02-22 23:55:00,1897.01,end_of_day,144,-0.22361809045228542,0,0.0,-0.22361809045228542,1.9648241206029902,0.38442211055281234
XAUUSD,NY,2022-02-23,Wednesday,1,1898.39,1892.12,6.270000000000209,long,2022-02-23 04:30:00,1889.67,2022-02-23 04:40:00,2022-02-23 04:45:00,1892.36,1889.67,1897.7399999999996,2.689999999999827,False,extreme,2022-02-23 08:00:00,1897.7399999999996,target,40,2.0,0,0.0,2.0,2.0966542750931088,0.561338289962858
XAUUSD,NY,2022-02-24,Thursday,1,1946.16,1933.78,12.38000000000011,short,2022-02-24 04:30:00,1974.41,2022-02-24 09:30:00,2022-02-24 09:35:00,1945.63,1963.11,1910.6700000000005,17.47999999999979,True,swing,2022-02-24 14:05:00,1910.6700000000005,target,55,2.0,0,0.0,2.0,2.2219679633867626,0.0440503432494274
XAUUSD,NY,2022-02-25,Friday,1,1921.3,1908.96,12.339999999999918,long,2022-02-25 05:20:00,1907.15,2022-02-25 05:30:00,2022-02-25 05:35:00,1909.09,1907.15,1912.9699999999996,1.9399999999998272,False,extreme,2022-02-25 06:00:00,1912.9699999999996,target,6,2.0,0,0.0,2.0,2.489690721649786,0.3092783505154446
XAUUSD,NY,2022-02-28,Monday,1,1911.97,1893.17,18.799999999999955,short,2022-02-28 07:55:00,1914.63,2022-02-28 08:00:00,2022-02-28 08:05:00,1911.6,1914.63,1905.5399999999995,3.0300000000002,False,extreme,2022-02-28 08:40:00,1914.63,stop,8,-1.0,0,0.0,-1.0,1.0924092409240023,1.4554455445543864
XAUUSD,NY,2022-02-28,Monday,2,1911.97,1893.17,18.799999999999955,short,2022-02-28 08:35:00,1918.29,2022-02-28 09:30:00,2022-02-28 09:35:00,1908.48,1918.29,1888.8600000000001,9.809999999999945,False,extreme,2022-02-28 23:55:00,1905.59,end_of_day,161,0.29459734964323303,0,0.0,0.29459734964323303,1.7859327217125462,0.8960244648318055
XAUUSD,NY,2022-03-01,Tuesday,1,1914.15,1904.62,9.5300000000002,short,2022-03-01 04:05:00,1926.3,2022-03-01 08:45:00,2022-03-01 08:50:00,1913.2,1926.3,1887.0000000000002,13.099999999999909,False,extreme,2022-03-01 09:55:00,1926.3,stop,14,-1.0,0,0.0,-1.0,0.04427480916031745,1.0694656488549685
XAUUSD,NY,2022-03-02,Wednesday,1,1947.94,1931.79,16.15000000000009,long,2022-03-02 05:25:00,1913.74,2022-03-02 08:40:00,2022-03-02 08:45:00,1932.68,1913.74,1970.5600000000002,18.940000000000055,False,extreme,2022-03-02 23:55:00,1924.58,end_of_day,171,-0.42766631467793625,0,0.0,-0.42766631467793625,0.15258711721224205,0.9376979936641996
XAUUSD,NY,2022-03-03,Thursday,1,1935.04,1922.05,12.990000000000009,short,2022-03-03 06:00:00,1935.69,2022-03-03 06:05:00,2022-03-03 06:10:00,1934.57,1935.69,1932.3299999999997,1.1200000000001182,False,extreme,2022-03-03 06:30:00,1935.69,stop,5,-1.0,0,0.0,-1.0,0.6964285714284736,3.714285714285395
XAUUSD,NY,2022-03-03,Thursday,2,1935.04,1922.05,12.990000000000009,short,2022-03-03 06:30:00,1938.73,2022-03-03 06:50:00,2022-03-03 06:55:00,1933.97,1938.73,1924.45,4.759999999999991,False,extreme,2022-03-03 08:55:00,1924.45,target,25,2.0,0,0.0,2.0,2.012605042016795,0.6869747899159638
XAUUSD,NY,2022-03-03,Thursday,3,1935.04,1922.05,12.990000000000009,short,2022-03-03 14:00:00,1935.71,2022-03-03 14:05:00,2022-03-03 14:10:00,1933.54,1935.71,1929.1999999999998,2.1700000000000728,False,extreme,2022-03-03 15:00:00,1935.71,stop,11,-1.0,2,0.009216589861750843,-1.009216589861751,0.5760368663594276,1.792626728110585
XAUUSD,NY,2022-03-03,Thursday,4,1935.04,1922.05,12.990000000000009,short,2022-03-03 14:55:00,1941.2,2022-03-03 18:55:00,2022-03-03 19:00:00,1934.93,1941.2,1922.39,6.269999999999982,False,extreme,2022-03-03 19:15:00,1941.2,stop,4,-1.0,4,0.006379585326953766,-1.0063795853269537,0.02392344497609113,1.178628389154688
XAUUSD,NY,2022-03-03,Thursday,5,1935.04,1922.05,12.990000000000009,short,2022-03-03 19:00:00,1950.85,2022-03-03 20:50:00,2022-03-03 20:55:00,1933.88,1950.85,1899.9400000000005,16.9699999999998,False,extreme,2022-03-03 23:55:00,1939.06,end_of_day,37,-0.30524454920447247,2,0.0011785503830288883,-0.30642309958750136,0.12139068945198568,0.4378314672952224
XAUUSD,NY,2022-03-07,Monday,1,1998.6,1976.04,22.559999999999945,short,2022-03-07 04:45:00,2001.51,2022-03-07 04:50:00,2022-03-07 04:55:00,1998.14,2001.51,1991.4000000000003,3.369999999999891,False,extreme,2022-03-07 05:35:00,2001.51,stop,9,-1.0,0,0.0,-1.0,0.7151335311573175,1.12462908011872
XAUUSD,NY,2022-03-07,Monday,2,1998.6,1976.04,22.559999999999945,short,2022-03-07 05:20:00,2002.6,2022-03-07 06:15:00,2022-03-07 06:20:00,1997.76,2002.6,1988.0800000000002,4.839999999999918,False,extreme,2022-03-07 06:30:00,1988.0800000000002,target,3,2.0,0,0.0,2.0,2.4194214876033544,0.12809917355374562
XAUUSD,NY,2022-03-07,Monday,3,1998.6,1976.04,22.559999999999945,long,2022-03-07 08:15:00,1961.01,2022-03-07 08:55:00,2022-03-07 09:00:00,1979.03,1961.01,2015.07,18.019999999999982,False,extreme,2022-03-07 23:55:00,1991.21,end_of_day,168,0.6759156492785836,0,0.0,0.6759156492785836,1.1670366259711429,0.6254162042175357
XAUUSD,NY,2022-03-10,Thursday,1,1988.98,1974.42,14.559999999999945,short,2022-03-10 05:10:00,2009.16,2022-03-10 10:15:00,2022-03-10 10:20:00,1986.62,2009.16,1941.5399999999995,22.54000000000019,False,extreme,2022-03-10 23:55:00,1988.01,end_of_day,152,-0.06166814551908111,0,0.0,-0.06166814551908111,0.034605146406387136,0.8589174800354908
XAUUSD,NY,2022-03-11,Friday,1,1994.83,1981.01,13.819999999999936,long,2022-03-11 06:25:00,1969.45,2022-03-11 06:50:00,2022-03-11 06:55:00,1981.23,1969.45,2004.79,11.779999999999973,False,extreme,2022-03-11 07:10:00,1969.45,stop,4,-1.0,0,0.0,-1.0,0.07809847198642401,1.145161290322584
XAUUSD,NY,2022-03-11,Friday,2,1994.83,1981.01,13.819999999999936,long,2022-03-11 06:55:00,1958.7,2022-03-11 11:10:00,2022-03-11 11:15:00,1982.69,1958.7,2030.67,23.99000000000001,False,extreme,2022-03-11 16:55:00,1987.31,friday_close,69,0.19258024176739846,0,0.0,0.19258024176739846,0.3063776573572283,0.09754064193414526
XAUUSD,NY,2022-03-14,Monday,1,1978.58,1971.29,7.289999999999964,long,2022-03-14 04:05:00,1967.81,2022-03-14 04:25:00,2022-03-14 04:30:00,1971.89,1967.81,1980.0500000000004,4.080000000000155,False,extreme,2022-03-14 04:55:00,1967.81,stop,6,-1.0,0,0.0,-1.0,0.2647058823529133,1.2377450980392133
XAUUSD,NY,2022-03-15,Tuesday,1,1942.36,1924.98,17.37999999999988,long,2022-03-15 06:55:00,1920.62,2022-03-15 07:10:00,2022-03-15 07:15:00,1925.08,1920.62,1934.0,4.460000000000036,False,extreme,2022-03-15 08:30:00,1920.62,stop,16,-1.0,0,0.0,-1.0,0.8430493273542512,1.2735426008968138
XAUUSD,NY,2022-03-15,Tuesday,2,1942.36,1924.98,17.37999999999988,long,2022-03-15 08:20:00,1913.75,2022-03-15 09:40:00,2022-03-15 09:45:00,1925.18,1913.75,1948.0400000000002,11.430000000000064,False,extreme,2022-03-15 10:10:00,1913.75,stop,6,-1.0,0,0.0,-1.0,0.012248468941371118,1.2458442694663105
XAUUSD,NY,2022-03-15,Tuesday,3,1942.36,1924.98,17.37999999999988,long,2022-03-15 09:45:00,1907.09,2022-03-15 11:55:00,2022-03-15 12:00:00,1925.21,1907.09,1961.4500000000003,18.12000000000012,False,extreme,2022-03-15 23:55:00,1918.11,end_of_day,132,-0.39183222958057895,0,0.0,-0.39183222958057895,0.3184326710816746,0.6258278145695404
XAUUSD,NY,2022-03-16,Wednesday,1,1920.16,1912.57,7.5900000000001455,short,2022-03-16 05:30:00,1923.93,2022-03-16 06:10:00,2022-03-16 06:15:00,1918.35,1923.93,1907.1899999999996,5.580000000000155,False,extreme,2022-03-16 07:40:00,1923.93,stop,18,-1.0,0,0.0,-1.0,0.10215053763439436,1.3387096774193226
XAUUSD,NY,2022-03-16,Wednesday,2,1920.16,1912.57,7.5900000000001455,short,2022-03-16 06:40:00,1927.12,2022-03-16 08:20:00,2022-03-16 08:25:00,1917.02,1927.12,1896.8200000000002,10.099999999999909,False,extreme,2022-03-16 14:15:00,1896.8200000000002,target,71,2.0,0,0.0,2.0,2.012871287128724,0.4960396039603996
XAUUSD,NY,2022-03-16,Wednesday,3,1920.16,1912.57,7.5900000000001455,short,2022-03-16 15:15:00,1924.27,2022-03-16 15:25:00,2022-03-16 15:30:00,1918.47,1924.27,1906.8700000000001,5.7999999999999545,False,extreme,2022-03-16 15:35:00,1924.27,stop,2,-1.0,2,0.003448275862068993,-1.003448275862069,0.006896551724131713,1.162068965517252
XAUUSD,NY,2022-03-17,Thursday,1,1937.37,1930.07,7.2999999999999545,short,2022-03-17 04:15:00,1942.71,2022-03-17 05:10:00,2022-03-17 05:15:00,1937.09,1942.71,1925.8499999999997,5.620000000000118,False,extreme,2022-03-17 05:45:00,1942.71,stop,7,-1.0,0,0.0,-1.0,0.4341637010675758,1.0978647686832639
XAUUSD,NY,2022-03-17,Thursday,2,1937.37,1930.07,7.2999999999999545,short,2022-03-17 05:25:00,1946.88,2022-03-17 08:20:00,2022-03-17 08:25:00,1936.74,1946.88,1916.4599999999998,10.1400000000001,False,extreme,2022-03-17 10:00:00,1946.88,stop,20,-1.0,0,0.0,-1.0,0.051282051282048983,1.019723865877694
XAUUSD,NY,2022-03-17,Thursday,3,1937.37,1930.07,7.2999999999999545,short,2022-03-17 08:30:00,1949.81,2022-03-17 15:45:00,2022-03-17 15:50:00,1936.83,1949.81,1910.87,12.980000000000018,False,extreme,2022-03-17 23:55:00,1935.17,end_of_day,86,0.12788906009243853,9,0.006933744221879805,0.12095531587055872,0.7981510015408232,0.6502311248073993
XAUUSD,NY,2022-03-18,Friday,1,1936.2,1930.06,6.1400000000001,short,2022-03-18 04:30:00,1937.09,2022-03-18 04:35:00,2022-03-18 04:40:00,1934.68,1937.09,1929.8600000000004,2.4099999999998545,False,extreme,2022-03-18 06:45:00,1929.8600000000004,target,26,2.0,0,0.0,2.0,2.3775933609960016,0.5850622406638754
XAUUSD,NY,2022-03-18,Friday,2,1936.2,1930.06,6.1400000000001,short,2022-03-18 07:00:00,1940.81,2022-03-18 08:50:00,2022-03-18 08:55:00,1936.02,1940.81,1926.44,4.789999999999964,False,extreme,2022-03-18 09:20:00,1926.44,target,6,2.0,0,0.0,2.0,2.9916492693110723,0.4885177453027006
XAUUSD,NY,2022-03-18,Friday,3,1936.2,1930.06,6.1400000000001,long,2022-03-18 09:15:00,1921.69,2022-03-18 09:30:00,2022-03-18 09:35:00,1932.41,1921.69,1953.8500000000001,10.720000000000027,False,extreme,2022-03-18 15:00:00,1921.69,stop,66,-1.0,0,0.0,-1.0,0.5429104477611867,1.128731343283592
XAUUSD,NY,2022-03-21,Monday,1,1928.93,1922.01,6.920000000000073,long,2022-03-21 09:15:00,1917.98,2022-03-21 09:30:00,2022-03-21 09:35:00,1923.74,1917.98,1935.26,5.759999999999991,False,extreme,2022-03-21 10:05:00,1935.26,target,7,2.0,1,0.0017361111111111138,1.9982638888888888,2.0416666666666683,0.16145833333334464
XAUUSD,NY,2022-03-21,Monday,2,1928.93,1922.01,6.920000000000073,short,2022-03-21 09:45:00,1937.48,2022-03-21 13:10:00,2022-03-21 13:15:00,1927.79,1937.48,1908.4099999999999,9.690000000000055,False,extreme,2022-03-21 14:55:00,1937.48,stop,21,-1.0,0,0.0,-1.0,0.08771929824560415,1.3828689370485052
XAUUSD,NY,2022-03-24,Thursday,1,1944.03,1937.4,6.629999999999882,short,2022-03-24 04:05:00,1945.92,2022-03-24 04:15:00,2022-03-24 04:20:00,1943.15,1945.92,1937.6100000000001,2.769999999999982,False,extreme,2022-03-24 06:20:00,1945.92,stop,25,-1.0,0,0.0,-1.0,1.866425992779822,1.0469314079421959
XAUUSD,NY,2022-03-24,Thursday,2,1944.03,1937.4,6.629999999999882,short,2022-03-24 06:15:00,1947.27,2022-03-24 06:55:00,2022-03-24 07:00:00,1943.9,1947.27,1937.1600000000003,3.369999999999891,False,extreme,2022-03-24 07:15:00,1947.27,stop,4,-1.0,0,0.0,-1.0,0.04747774480714749,1.0
XAUUSD,NY,2022-03-25,Friday,1,1962.52,1953.25,9.269999999999982,long,2022-03-25 06:40:00,1949.95,2022-03-25 07:50:00,2022-03-25 07:55:00,1953.42,1949.95,1960.3600000000001,3.4700000000000273,False,extreme,2022-03-25 09:20:00,1949.95,stop,18,-1.0,0,0.0,-1.0,1.0806916426512883,2.0201729106628057
XAUUSD,NY,2022-03-25,Friday,2,1962.52,1953.25,9.269999999999982,long,2022-03-25 09:10:00,1943.1,2022-03-25 11:00:00,2022-03-25 11:05:00,1954.69,1943.1,1977.8700000000003,11.590000000000146,False,extreme,2022-03-25 16:55:00,1957.78,friday_close,71,0.26660914581534767,0,0.0,0.26660914581534767,0.6091458153580549,0.2571182053494375
XAUUSD,NY,2022-03-28,Monday,1,1944.94,1931.64,13.299999999999955,long,2022-03-28 04:25:00,1925.41,2022-03-28 05:55:00,2022-03-28 06:00:00,1932.27,1925.41,1945.9899999999998,6.8599999999999,False,extreme,2022-03-28 15:05:00,1925.41,stop,110,-1.0,0,0.0,-1.0,1.9504373177843009,1.4766763848396545
XAUUSD,NY,2022-03-29,Tuesday,1,1925.31,1918.9,6.4099999999998545,long,2022-03-29 04:05:00,1917.83,2022-03-29 04:10:00,2022-03-29 04:15:00,1919.45,1917.83,1922.6900000000003,1.6200000000001182,False,extreme,2022-03-29 04:25:00,1917.83,stop,3,-1.0,0,0.0,-1.0,0.01234567901233355,2.209876543209811
XAUUSD,NY,2022-03-29,Tuesday,2,1925.31,1918.9,6.4099999999998545,long,2022-03-29 04:15:00,1890.1,2022-03-29 15:35:00,2022-03-29 15:40:00,1918.93,1916.35,1924.0900000000004,2.5800000000001546,True,swing,2022-03-29 19:55:00,1916.35,stop,40,-1.0,4,0.01550387596899132,-1.0155038759689914,0.9651162790697131,1.050387596899176
XAUUSD,NY,2022-03-29,Tuesday,3,1925.31,1918.9,6.4099999999998545,long,2022-03-29 19:20:00,1915.96,2022-03-29 20:55:00,2022-03-29 21:00:00,1919.23,1915.96,1925.77,3.269999999999982,False,extreme,2022-03-29 23:55:00,1923.64,end_of_day,36,1.3486238532110417,0,0.0,1.3486238532110417,1.920489296636088,0.1804281345565509
XAUUSD,NY,2022-03-30,Wednesday,1,1928.34,1920.67,7.669999999999845,long,2022-03-30 04:15:00,1919.46,2022-03-30 04:20:00,2022-03-30 04:25:00,1920.76,1919.46,1923.36,1.2999999999999545,False,extreme,2022-03-30 04:40:00,1923.36,target,4,2.0,0,0.0,2.0,2.161538461538495,0.19230769230769904
XAUUSD,NY,2022-03-30,Wednesday,2,1928.34,1920.67,7.669999999999845,long,2022-03-30 04:55:00,1918.61,2022-03-30 05:05:00,2022-03-30 05:10:00,1921.03,1918.61,1925.8700000000001,2.4200000000000728,False,extreme,2022-03-30 05:15:00,1918.61,stop,2,-1.0,0,0.0,-1.0,0.012396694214864386,1.0661157024792767
XAUUSD,NY,2022-03-30,Wednesday,3,1928.34,1920.67,7.669999999999845,long,2022-03-30 05:10:00,1917.23,2022-03-30 06:00:00,2022-03-30 06:05:00,1921.61,1917.23,1930.3699999999997,4.379999999999882,False,extreme,2022-03-30 08:15:00,1930.3699999999997,target,27,2.0,5,0.01141552511415556,1.9885844748858443,2.4155251141553515,0.5479452054794357
XAUUSD,NY,2022-03-30,Wednesday,4,1928.34,1920.67,7.669999999999845,short,2022-03-30 08:15:00,1932.19,2022-03-30 08:20:00,2022-03-30 08:25:00,1927.37,1932.19,1917.7299999999996,4.820000000000164,False,extreme,2022-03-30 09:40:00,1932.19,stop,16,-1.0,0,0.0,-1.0,1.0145228215767026,1.1493775933609964
XAUUSD,NY,2022-03-30,Wednesday,5,1928.34,1920.67,7.669999999999845,short,2022-03-30 09:30:00,1938.51,2022-03-30 21:25:00,2022-03-30 21:30:00,1927.77,1938.51,1906.29,10.740000000000009,False,extreme,2022-03-30 23:55:00,1925.11,end_of_day,30,0.24767225325885284,0,0.0,0.24767225325885284,0.36778398510242477,0.14432029795157852
XAUUSD,NY,2022-03-31,Thursday,1,1933.86,1919.18,14.679999999999836,short,2022-03-31 08:30:00,1935.86,2022-03-31 08:35:00,2022-03-31 08:40:00,1933.81,1935.86,1929.71,2.0499999999999545,False,extreme,2022-03-31 09:10:00,1935.86,stop,7,-1.0,0,0.0,-1.0,1.2829268292682634,2.5951219512196495
XAUUSD,NY,2022-03-31,Thursday,2,1933.86,1919.18,14.679999999999836,short,2022-03-31 09:05:00,1949.77,2022-03-31 20:25:00,2022-03-31 20:30:00,1932.86,1949.77,1899.0399999999997,16.910000000000082,False,extreme,2022-03-31 23:55:00,1938.15,end_of_day,42,-0.31283264340627825,6,0.003548196333530438,-0.3163808397398087,0.016558249556473763,0.34240094618569855
XAUUSD,NY,2022-04-01,Friday,1,1939.52,1929.44,10.079999999999927,long,2022-04-01 06:55:00,1924.26,2022-04-01 07:50:00,2022-04-01 07:55:00,1929.62,1924.26,1940.3399999999997,5.3599999999999,False,extreme,2022-04-01 09:00:00,1924.26,stop,14,-1.0,1,0.0018656716417910797,-1.001865671641791,0.79664179104483,1.3395522388059646
XAUUSD,NY,2022-04-01,Friday,2,1939.52,1929.44,10.079999999999927,long,2022-04-01 08:50:00,1922.44,2022-04-01 09:35:00,2022-04-01 09:40:00,1930.47,1922.44,1946.53,8.029999999999973,False,extreme,2022-04-01 10:30:00,1922.44,stop,11,-1.0,0,0.0,-1.0,0.3985056039850631,1.4694894146948936
XAUUSD,NY,2022-04-04,Monday,1,1931.05,1915.55,15.5,short,2022-04-04 04:00:00,1933.02,2022-04-04 04:05:00,2022-04-04 04:10:00,1930.68,1933.02,1926.0000000000002,2.339999999999918,False,extreme,2022-04-04 05:50:00,1926.0000000000002,target,21,2.0,0,0.0,2.0,2.029914529914601,0.7264957264957713
XAUUSD,NY,2022-04-04,Monday,2,1931.05,1915.55,15.5,short,2022-04-04 08:00:00,1933.32,2022-04-04 08:10:00,2022-04-04 08:15:00,1930.38,1933.32,1924.5000000000005,2.939999999999827,False,extreme,2022-04-04 08:25:00,1933.32,stop,3,-1.0,0,0.0,-1.0,0.23129251700683798,1.0850340136054473
XAUUSD,NY,2022-04-04,Monday,3,1931.05,1915.55,15.5,short,2022-04-04 08:20:00,1936.11,2022-04-04 09:15:00,2022-04-04 09:20:00,1930.79,1936.11,1920.15,5.319999999999936,False,extreme,2022-04-04 09:40:00,1936.11,stop,5,-1.0,0,0.0,-1.0,0.22744360902256594,1.1484962406015415
XAUUSD,NY,2022-04-04,Monday,4,1931.05,1915.55,15.5,short,2022-04-04 09:25:00,1936.9,2022-04-04 09:50:00,2022-04-04 09:55:00,1929.31,1936.9,1914.1299999999997,7.5900000000001455,False,extreme,2022-04-04 23:55:00,1928.62,end_of_day,157,0.09090909090909635,0,0.0,0.09090909090909635,0.6403162055335714,0.9262187088273831
XAUUSD,NY,2022-04-05,Tuesday,1,1933.55,1926.47,7.079999999999927,long,2022-04-05 08:00:00,1924.14,2022-04-05 08:20:00,2022-04-05 08:25:00,1930.24,1924.14,1942.4399999999998,6.099999999999909,False,extreme,2022-04-05 09:30:00,1942.4399999999998,target,14,2.0,0,0.0,2.0,2.0213114754098545,0.26721311475412024
XAUUSD,NY,2022-04-05,Tuesday,2,1933.55,1926.47,7.079999999999927,short,2022-04-05 08:45:00,1944.59,2022-04-05 10:20:00,2022-04-05 10:25:00,1932.32,1944.59,1907.78,12.269999999999982,False,extreme,2022-04-05 23:55:00,1923.87,end_of_day,151,0.6886715566422215,0,0.0,0.6886715566422215,1.278728606356956,0.14099429502852656
XAUUSD,NY,2022-04-06,Wednesday,1,1924.37,1915.1,9.269999999999982,short,2022-04-06 04:40:00,1933.4,2022-04-06 06:55:00,2022-04-06 07:00:00,1922.39,1933.4,1900.3700000000001,11.009999999999991,False,extreme,2022-04-06 23:55:00,1922.32,end_of_day,192,0.006357856494111151,0,0.0,0.006357856494111151,0.6194368755676811,0.8646684831970927
XAUUSD,NY,2022-04-07,Thursday,1,1928.18,1920.55,7.630000000000109,short,2022-04-07 05:50:00,1928.71,2022-04-07 05:55:00,2022-04-07 06:00:00,1927.51,1928.71,1925.11,1.2000000000000455,False,extreme,2022-04-07 07:05:00,1925.11,target,14,2.0,0,0.0,2.0,3.2583333333332782,0.6249999999999764
XAUUSD,NY,2022-04-07,Thursday,2,1928.18,1920.55,7.630000000000109,short,2022-04-07 07:15:00,1934.22,2022-04-07 08:30:00,2022-04-07 08:35:00,1927.63,1934.22,1914.4500000000003,6.589999999999918,False,extreme,2022-04-07 10:00:00,1934.22,stop,18,-1.0,0,0.0,-1.0,0.4430955993930363,1.0515933232169836
XAUUSD,NY,2022-04-08,Friday,1,1932.99,1927.71,5.279999999999973,short,2022-04-08 06:05:00,1934.6,2022-04-08 07:05:00,2022-04-08 07:10:00,1931.03,1934.6,1923.89,3.5699999999999363,False,extreme,2022-04-08 08:05:00,1934.6,stop,12,-1.0,0,0.0,-1.0,0.21568627450980268,1.291316526610703
XAUUSD,NY,2022-04-08,Friday,2,1932.99,1927.71,5.279999999999973,short,2022-04-08 07:55:00,1938.81,2022-04-08 08:30:00,2022-04-08 08:35:00,1932.28,1938.81,1919.22,6.529999999999973,False,extreme,2022-04-08 09:35:00,1938.81,stop,13,-1.0,0,0.0,-1.0,0.4823889739662905,1.23430321592649
XAUUSD,NY,2022-04-11,Monday,1,1946.96,1939.97,6.990000000000009,short,2022-04-11 04:00:00,1969.74,2022-04-11 12:50:00,2022-04-11 12:55:00,1942.76,1948.71,1930.86,5.9500000000000455,True,swing,2022-04-11 14:20:00,1948.71,stop,18,-1.0,0,0.0,-1.0,0.3159663865545996,1.1226890756302543
XAUUSD,NY,2022-04-12,Tuesday,1,1960.41,1952.88,7.529999999999973,long,2022-04-12 04:15:00,1951.49,2022-04-12 04:25:00,2022-04-12 04:30:00,1954.16,1951.49,1959.5000000000002,2.6700000000000728,False,extreme,2022-04-12 04:50:00,1951.49,stop,5,-1.0,0,0.0,-1.0,0.22846441947561175,1.097378277153552
XAUUSD,NY,2022-04-12,Tuesday,2,1960.41,1952.88,7.529999999999973,long,2022-04-12 04:40:00,1949.82,2022-04-12 05:55:00,2022-04-12 06:00:00,1953.19,1949.82,1959.9300000000003,3.3700000000001182,False,extreme,2022-04-12 08:10:00,1959.9300000000003,target,27,2.0,0,0.0,2.0,2.367952522255115,0.21364985163204808
XAUUSD,NY,2022-04-14,Thursday,1,1978.38,1970.73,7.650000000000091,long,2022-04-14 05:00:00,1967.25,2022-04-14 06:50:00,2022-04-14 06:55:00,1973.78,1967.25,1986.84,6.529999999999973,False,extreme,2022-04-14 09:50:00,1967.25,stop,36,-1.0,0,0.0,-1.0,0.9310872894333772,1.4471669218989411
XAUUSD,NY,2022-04-14,Thursday,2,1978.38,1970.73,7.650000000000091,long,2022-04-14 09:45:00,1960.56,2022-04-14 10:40:00,2022-04-14 10:45:00,1971.28,1960.56,1992.72,10.720000000000027,False,extreme,2022-04-14 16:55:00,1973.37,end_of_day,75,0.19496268656715604,0,0.0,0.19496268656715604,0.352611940298504,0.7947761194029813
XAUUSD,NY,2022-04-18,Monday,1,1992.71,1983.38,9.329999999999927,short,2022-04-18 04:00:00,1992.95,2022-04-18 04:05:00,2022-04-18 04:10:00,1992.37,1992.95,1991.2099999999996,0.5800000000001546,False,extreme,2022-04-18 04:10:00,1992.95,stop,1,-1.0,0,0.0,-1.0,0.5344827586204531,1.3793103448275321
XAUUSD,NY,2022-04-18,Monday,2,1992.71,1983.38,9.329999999999927,short,2022-04-18 04:10:00,1993.17,2022-04-18 04:15:00,2022-04-18 04:20:00,1990.35,1993.17,1984.7099999999996,2.8200000000001637,False,extreme,2022-04-18 05:00:00,1993.17,stop,9,-1.0,0,0.0,-1.0,0.10992907801415866,1.1453900709219258
XAUUSD,NY,2022-04-18,Monday,3,1992.71,1983.38,9.329999999999927,short,2022-04-18 04:55:00,1993.58,2022-04-18 05:10:00,2022-04-18 05:15:00,1992.24,1993.58,1989.5600000000002,1.3399999999999181,False,extreme,2022-04-18 05:20:00,1993.58,stop,2,-1.0,7,0.05223880597015245,-1.0522388059701524,0.059701492537262785,1.1119402985075375
XAUUSD,NY,2022-04-18,Monday,4,1992.71,1983.38,9.329999999999927,short,2022-04-18 05:20:00,1993.88,2022-04-18 06:05:00,2022-04-18 06:10:00,1992.55,1993.88,1989.8899999999996,1.3300000000001546,False,extreme,2022-04-18 06:25:00,1989.8899999999996,target,4,2.0,0,0.0,2.0,2.3609022556387274,0.0
XAUUSD,NY,2022-04-18,Monday,5,1992.71,1983.38,9.329999999999927,short,2022-04-18 08:00:00,1998.36,2022-04-18 09:15:00,2022-04-18 09:20:00,1992.43,1998.36,1980.5700000000004,5.929999999999836,False,extreme,2022-04-18 13:35:00,1980.5700000000004,target,52,2.0,0,0.0,2.0,2.1112984822934786,0.3355817875210901
XAUUSD,NY,2022-04-19,Tuesday,1,1980.82,1972.75,8.069999999999936,short,2022-04-19 08:15:00,1981.97,2022-04-19 08:20:00,2022-04-19 08:25:00,1978.45,1981.97,1971.41,3.519999999999982,False,extreme,2022-04-19 08:40:00,1971.41,target,4,2.0,0,0.0,2.0,2.4176136363636465,0.4715909090908702
XAUUSD,NY,2022-04-20,Wednesday,1,1946.74,1939.35,7.3900000000001,short,2022-04-20 04:50:00,1947.21,2022-04-20 04:55:00,2022-04-20 05:00:00,1946.68,1947.21,1945.6200000000001,0.5299999999999727,False,extreme,2022-04-20 05:25:00,1947.21,stop,6,-1.0,0,0.0,-1.0,1.5094339622641428,2.113207547169714
XAUUSD,NY,2022-04-20,Wednesday,2,1946.74,1939.35,7.3900000000001,short,2022-04-20 05:25:00,1955.1,2022-04-20 08:30:00,2022-04-20 08:35:00,1946.14,1955.1,1928.2200000000005,8.959999999999809,False,extreme,2022-04-20 15:30:00,1955.1,stop,84,-1.0,0,0.0,-1.0,0.24776785714286548,1.0167410714285818
XAUUSD,NY,2022-04-21,Thursday,1,1954.04,1949.67,4.369999999999891,long,2022-04-21 04:00:00,1936.81,2022-04-21 14:40:00,2022-04-21 14:45:00,1949.79,1945.58,1958.21,4.210000000000036,True,swing,2022-04-21 23:55:00,1950.45,end_of_day,99,0.15676959619954303,0,0.0,0.15676959619954303,0.9904988123515527,0.9192399049880896
XAUUSD,NY,2022-04-22,Friday,1,1955.62,1949.75,5.869999999999891,long,2022-04-22 04:00:00,1949.43,2022-04-22 04:05:00,2022-04-22 04:10:00,1950.56,1949.43,1952.8199999999997,1.1299999999998818,False,extreme,2022-04-22 04:10:00,1949.43,stop,1,-1.0,0,0.0,-1.0,0.08849557522136893,1.0707964601771354
XAUUSD,NY,2022-04-26,Tuesday,1,1907.45,1895.7,11.75,short,2022-04-26 06:55:00,1909.67,2022-04-26 07:05:00,2022-04-26 07:10:00,1906.66,1909.67,1900.64,3.009999999999991,False,extreme,2022-04-26 08:30:00,1900.64,target,17,2.0,0,0.0,2.0,2.0764119601328965,0.6345514950165648
XAUUSD,NY,2022-04-26,Tuesday,2,1907.45,1895.7,11.75,short,2022-04-26 09:25:00,1911.19,2022-04-26 09:45:00,2022-04-26 09:50:00,1907.25,1911.19,1899.37,3.9400000000000546,False,extreme,2022-04-26 14:25:00,1899.37,target,56,2.0,0,0.0,2.0,2.5431472081217876,0.24619289340101874
XAUUSD,NY,2022-04-27,Wednesday,1,1903.5,1895.93,7.569999999999936,long,2022-04-27 04:00:00,1885.19,2022-04-27 05:30:00,2022-04-27 05:35:00,1896.33,1885.19,1918.6099999999997,11.139999999999873,False,extreme,2022-04-27 09:40:00,1885.19,stop,50,-1.0,0,0.0,-1.0,0.9560143626571107,1.0834829443447105
XAUUSD,NY,2022-04-28,Thursday,1,1886.76,1872.04,14.720000000000027,short,2022-04-28 04:40:00,1889.97,2022-04-28 04:55:00,2022-04-28 05:00:00,1886.29,1889.97,1878.9299999999998,3.6800000000000637,False,extreme,2022-04-28 05:30:00,1889.97,stop,7,-1.0,0,0.0,-1.0,0.0733695652173851,1.0788043478260758
XAUUSD,NY,2022-04-28,Thursday,2,1886.76,1872.04,14.720000000000027,short,2022-04-28 05:05:00,1891.76,2022-04-28 06:20:00,2022-04-28 06:25:00,1885.94,1891.76,1874.3000000000002,5.819999999999936,False,extreme,2022-04-28 08:30:00,1891.76,stop,26,-1.0,0,0.0,-1.0,0.6907216494845405,1.647766323024059
XAUUSD,NY,2022-04-28,Thursday,3,1886.76,1872.04,14.720000000000027,short,2022-04-28 08:30:00,1895.53,2022-04-28 08:45:00,2022-04-28 08:50:00,1886.53,1895.53,1868.53,9.0,False,extreme,2022-04-28 15:15:00,1895.53,stop,78,-1.0,0,0.0,-1.0,0.3688888888888818,1.0844444444444434
XAUUSD,NY,2022-04-29,Friday,1,1917.85,1903.46,14.389999999999873,short,2022-04-29 07:50:00,1919.9,2022-04-29 08:00:00,2022-04-29 08:05:00,1916.39,1919.9,1909.3700000000001,3.509999999999991,False,extreme,2022-04-29 08:30:00,1909.3700000000001,target,6,2.0,0,0.0,2.0,2.0883190883191376,0.07407407407407167
XAUUSD,NY,2022-04-29,Friday,2,1917.85,1903.46,14.389999999999873,long,2022-04-29 09:35:00,1902.54,2022-04-29 09:40:00,2022-04-29 09:45:00,1905.34,1902.54,1910.9399999999998,2.7999999999999545,False,extreme,2022-04-29 09:55:00,1910.9399999999998,target,3,2.0,0,0.0,2.0,2.3321428571428853,0.5392857142857198
XAUUSD,NY,2022-04-29,Friday,3,1917.85,1903.46,14.389999999999873,long,2022-04-29 15:10:00,1902.54,2022-04-29 15:15:00,2022-04-29 15:20:00,1903.77,1902.54,1906.23,1.2300000000000182,False,extreme,2022-04-29 15:25:00,1902.54,stop,2,-1.0,6,0.04878048780487733,-1.0487804878048774,0.5528455284553281,2.8211382113820944
XAUUSD,NY,2022-05-03,Tuesday,1,1864.56,1853.46,11.099999999999909,long,2022-05-03 04:20:00,1852.23,2022-05-03 04:25:00,2022-05-03 04:30:00,1853.8,1852.23,1856.9399999999998,1.5699999999999363,False,extreme,2022-05-03 04:40:00,1852.23,stop,3,-1.0,0,0.0,-1.0,0.1656050955414022,1.1847133757961628
XAUUSD,NY,2022-05-03,Tuesday,2,1864.56,1853.46,11.099999999999909,long,2022-05-03 04:30:00,1850.42,2022-05-03 04:45:00,2022-05-03 04:50:00,1853.56,1850.42,1859.8399999999997,3.1399999999998727,False,extreme,2022-05-03 06:05:00,1859.8399999999997,target,16,2.0,1,0.0031847133757963077,1.9968152866242037,2.3566878980892967,0.28980891719741764
XAUUSD,NY,2022-05-03,Tuesday,3,1864.56,1853.46,11.099999999999909,short,2022-05-03 09:00:00,1866.46,2022-05-03 09:15:00,2022-05-03 09:20:00,1862.76,1866.46,1855.36,3.7000000000000455,False,extreme,2022-05-03 09:30:00,1866.46,stop,3,-1.0,0,0.0,-1.0,0.18378378378379873,1.4297297297297022
XAUUSD,NY,2022-05-03,Tuesday,4,1864.56,1853.46,11.099999999999909,short,2022-05-03 09:30:00,1878.13,2022-05-03 21:05:00,2022-05-03 21:10:00,1864.55,1878.13,1837.3899999999996,13.580000000000155,False,extreme,2022-05-03 23:55:00,1864.78,end_of_day,34,-0.01693667157584798,0,0.0,-0.01693667157584798,0.220176730486007,0.08541973490427604
XAUUSD,NY,2022-05-04,Wednesday,1,1871.92,1861.45,10.470000000000027,short,2022-05-04 14:00:00,1876.43,2022-05-04 14:30:00,2022-05-04 14:35:00,1862.61,1876.43,1834.9699999999996,13.820000000000164,False,extreme,2022-05-04 14:40:00,1876.43,stop,2,-1.0,1,0.0007235890014471695,-1.0007235890014472,0.05788712011577026,1.0542691751085378
XAUUSD,NY,2022-05-05,Thursday,1,1902.29,1891.73,10.559999999999945,long,2022-05-05 04:15:00,1889.58,2022-05-05 04:45:00,2022-05-05 04:50:00,1891.8,1889.58,1896.24,2.2200000000000273,False,extreme,2022-05-05 05:50:00,1896.24,target,13,2.0,1,0.004504504504504449,1.9954954954954955,3.139639639639613,0.2297297297297228
XAUUSD,NY,2022-05-05,Thursday,2,1902.29,1891.73,10.559999999999945,short,2022-05-05 08:30:00,1909.79,2022-05-05 09:20:00,2022-05-05 09:25:00,1901.46,1909.79,1884.8000000000002,8.329999999999927,False,extreme,2022-05-05 10:45:00,1884.8000000000002,target,17,2.0,0,0.0,2.0,2.2292917166866864,0.32292917166867685
XAUUSD,NY,2022-05-06,Friday,1,1877.91,1873.06,4.850000000000136,short,2022-05-06 09:25:00,1880.62,2022-05-06 09:35:00,2022-05-06 09:40:00,1875.33,1880.62,1864.75,5.289999999999964,False,extreme,2022-05-06 09:45:00,1880.62,stop,2,-1.0,0,0.0,-1.0,0.054820415879010514,1.568998109640877
XAUUSD,NY,2022-05-09,Monday,1,1876.21,1866.52,9.690000000000055,long,2022-05-09 04:35:00,1864.2,2022-05-09 05:15:00,2022-05-09 05:20:00,1866.5,1864.2,1871.1,2.2999999999999545,False,extreme,2022-05-09 05:25:00,1864.2,stop,2,-1.0,1,0.004347826086956608,-1.0043478260869567,0.23913043478259366,1.800000000000079
XAUUSD,NY,2022-05-09,Monday,2,1876.21,1866.52,9.690000000000055,long,2022-05-09 05:20:00,1856.12,2022-05-09 08:20:00,2022-05-09 08:25:00,1866.76,1856.12,1888.0400000000002,10.6400000000001,False,extreme,2022-05-09 13:50:00,1856.12,stop,66,-1.0,0,0.0,-1.0,0.44924812030074507,1.1090225563909628
XAUUSD,NY,2022-05-10,Tuesday,1,1865.46,1859.38,6.079999999999927,long,2022-05-10 04:00:00,1858.79,2022-05-10 04:05:00,2022-05-10 04:10:00,1859.72,1858.79,1861.5800000000002,0.9300000000000637,False,extreme,2022-05-10 04:20:00,1861.5800000000002,target,3,2.0,0,0.0,2.0,2.580645161289999,0.8064516129031706
XAUUSD,NY,2022-05-10,Tuesday,2,1865.46,1859.38,6.079999999999927,long,2022-05-10 05:55:00,1856.28,2022-05-10 07:15:00,2022-05-10 07:20:00,1860.16,1856.28,1867.9200000000003,3.880000000000109,False,extreme,2022-05-10 09:45:00,1856.28,stop,30,-1.0,0,0.0,-1.0,1.1211340206185016,1.332474226804105
XAUUSD,NY,2022-05-11,Wednesday,1,1851.19,1835.92,15.269999999999982,short,2022-05-11 04:55:00,1852.51,2022-05-11 05:00:00,2022-05-11 05:05:00,1851.14,1852.51,1848.4000000000003,1.3699999999998909,False,extreme,2022-05-11 05:10:00,1852.51,stop,2,-1.0,0,0.0,-1.0,0.35036496350369084,2.313868613138758
XAUUSD,NY,2022-05-11,Wednesday,2,1851.19,1835.92,15.269999999999982,short,2022-05-11 05:05:00,1854.31,2022-05-11 05:20:00,2022-05-11 05:25:00,1850.89,1854.31,1844.0500000000004,3.4199999999998454,False,extreme,2022-05-11 08:30:00,1844.0500000000004,target,38,2.0,3,0.0087719298245618,1.9912280701754381,2.5058479532165356,0.9766081871345231
XAUUSD,NY,2022-05-11,Wednesday,3,1851.19,1835.92,15.269999999999982,short,2022-05-11 09:40:00,1858.12,2022-05-11 10:05:00,2022-05-11 10:10:00,1850.53,1858.12,1835.3500000000001,7.589999999999918,False,extreme,2022-05-11 21:30:00,1858.12,stop,125,-1.0,0,0.0,-1.0,0.5415019762845776,1.077733860342576
XAUUSD,NY,2022-05-12,Thursday,1,1854.16,1844.0,10.160000000000082,long,2022-05-12 07:40:00,1840.07,2022-05-12 08:10:00,2022-05-12 08:15:00,1844.1,1840.07,1852.1599999999999,4.029999999999973,False,extreme,2022-05-12 09:55:00,1840.07,stop,21,-1.0,0,0.0,-1.0,1.2506203473945967,1.334987593052089
XAUUSD,NY,2022-05-17,Tuesday,1,1830.33,1822.69,7.639999999999873,short,2022-05-17 07:30:00,1836.11,2022-05-17 08:20:00,2022-05-17 08:25:00,1830.1,1836.11,1818.08,6.009999999999991,False,extreme,2022-05-17 10:50:00,1818.08,target,30,2.0,0,0.0,2.0,2.006655574043255,0.6722129783694172
XAUUSD,NY,2022-05-18,Wednesday,1,1816.68,1807.93,8.75,short,2022-05-18 04:15:00,1817.22,2022-05-18 04:20:00,2022-05-18 04:25:00,1815.73,1817.22,1812.75,1.490000000000009,False,extreme,2022-05-18 05:30:00,1817.22,stop,14,-1.0,0,0.0,-1.0,1.3892617449663918,1.986577181208066
XAUUSD,NY,2022-05-18,Wednesday,2,1816.68,1807.93,8.75,short,2022-05-18 05:30:00,1820.44,2022-05-18 07:00:00,2022-05-18 07:05:00,1816.16,1820.44,1807.6000000000001,4.279999999999973,False,extreme,2022-05-18 08:15:00,1807.6000000000001,target,15,2.0,0,0.0,2.0,2.0490654205607566,0.01869158878502985
XAUUSD,NY,2022-05-18,Wednesday,3,1816.68,1807.93,8.75,long,2022-05-18 08:15:00,1807.39,2022-05-18 08:20:00,2022-05-18 08:25:00,1809.57,1807.39,1813.9299999999996,2.1799999999998363,False,extreme,2022-05-18 08:35:00,1813.9299999999996,target,3,2.0,0,0.0,2.0,2.022935779816703,0.39908256880731935
XAUUSD,NY,2022-05-18,Wednesday,4,1816.68,1807.93,8.75,short,2022-05-18 11:25:00,1824.7,2022-05-18 13:30:00,2022-05-18 13:35:00,1816.06,1824.7,1798.7799999999997,8.6400000000001,False,extreme,2022-05-18 23:55:00,1816.11,end_of_day,113,-0.005787037037031707,0,0.0,-0.005787037037031707,0.2534722222222256,0.6990740740740617
XAUUSD,NY,2022-05-20,Friday,1,1849.43,1840.96,8.470000000000027,long,2022-05-20 09:25:00,1832.38,2022-05-20 11:00:00,2022-05-20 11:05:00,1841.5,1832.38,1859.7399999999998,9.11999999999989,False,extreme,2022-05-20 16:55:00,1846.3,friday_close,71,0.5263157894736855,0,0.0,0.5263157894736855,0.5625000000000187,0.2028508771929749
XAUUSD,NY,2022-05-23,Monday,1,1858.23,1852.07,6.160000000000082,short,2022-05-23 04:15:00,1865.37,2022-05-23 08:30:00,2022-05-23 08:35:00,1857.71,1865.37,1842.3900000000003,7.6599999999998545,False,extreme,2022-05-23 23:55:00,1855.71,end_of_day,173,0.2610966057441303,0,0.0,0.2610966057441303,1.3981723237598225,0.23759791122715024
XAUUSD,NY,2022-05-24,Tuesday,1,1860.06,1850.32,9.740000000000009,short,2022-05-24 08:55:00,1862.72,2022-05-24 09:20:00,2022-05-24 09:25:00,1859.56,1862.72,1853.2399999999998,3.160000000000082,False,extreme,2022-05-24 09:45:00,1862.72,stop,5,-1.0,0,0.0,-1.0,0.2658227848100938,2.4683544303796685
XAUUSD,NY,2022-05-24,Tuesday,2,1860.06,1850.32,9.740000000000009,short,2022-05-24 09:45:00,1869.7,2022-05-24 22:50:00,2022-05-24 22:55:00,1859.97,1869.7,1840.51,9.730000000000018,False,extreme,2022-05-24 23:55:00,1862.61,end_of_day,13,-0.27132579650563904,2,0.0020554984583761524,-0.2733812949640152,0.03186022610482475,0.2908530318602181
XAUUSD,NY,2022-05-25,Wednesday,1,1863.38,1855.96,7.420000000000073,long,2022-05-25 04:25:00,1855.12,2022-05-25 04:30:00,2022-05-25 04:35:00,1856.13,1855.12,1858.1500000000005,1.0100000000002183,False,extreme,2022-05-25 05:15:00,1858.1500000000005,target,9,2.0,0,0.0,2.0,2.316831683167735,0.7425742574255821
XAUUSD,NY,2022-05-25,Wednesday,2,1863.38,1855.96,7.420000000000073,long,2022-05-25 06:05:00,1851.33,2022-05-25 07:45:00,2022-05-25 07:50:00,1855.92,1851.33,1865.1000000000004,4.5900000000001455,False,extreme,2022-05-25 08:50:00,1851.33,stop,13,-1.0,0,0.0,-1.0,0.2527233115468012,1.080610021786466
XAUUSD,NY,2022-05-25,Wednesday,3,1863.38,1855.96,7.420000000000073,long,2022-05-25 08:40:00,1841.99,2022-05-25 15:40:00,2022-05-25 15:45:00,1856.01,1841.99,1884.05,14.019999999999982,False,extreme,2022-05-25 23:55:00,1850.81,end_of_day,87,-0.37089871611983255,5,0.0035663338088445127,-0.3744650499286771,0.014978601997149548,0.5099857346647718
XAUUSD,NY,2022-05-26,Thursday,1,1851.59,1842.94,8.649999999999864,long,2022-05-26 07:25:00,1842.36,2022-05-26 07:30:00,2022-05-26 07:35:00,1844.26,1842.36,1848.0600000000002,1.900000000000091,False,extreme,2022-05-26 09:40:00,1842.36,stop,26,-1.0,0,0.0,-1.0,1.9473684210525624,1.5157894736840758
XAUUSD,NY,2022-05-26,Thursday,2,1851.59,1842.94,8.649999999999864,short,2022-05-26 10:15:00,1853.44,2022-05-26 10:20:00,2022-05-26 10:25:00,1851.19,1853.44,1846.69,2.25,False,extreme,2022-05-26 10:55:00,1846.69,target,7,2.0,0,0.0,2.0,2.373333333333398,0.6666666666666666
XAUUSD,NY,2022-05-26,Thursday,3,1851.59,1842.94,8.649999999999864,short,2022-05-26 14:50:00,1853.74,2022-05-26 16:10:00,2022-05-26 16:15:00,1851.45,1853.74,1846.8700000000001,2.2899999999999636,False,extreme,2022-05-26 19:55:00,1853.74,stop,33,-1.0,0,0.0,-1.0,0.5851528384280205,1.0218340611353516
XAUUSD,NY,2022-05-26,Thursday,4,1851.59,1842.94,8.649999999999864,short,2022-05-26 19:05:00,1853.79,2022-05-26 20:05:00,2022-05-26 20:10:00,1851.24,1853.79,1846.14,2.5499999999999545,False,extreme,2022-05-26 21:50:00,1853.79,stop,21,-1.0,0,0.0,-1.0,1.2745098039215914,1.623529411764774
XAUUSD,NY,2022-05-27,Friday,1,1858.56,1851.98,6.579999999999927,short,2022-05-27 04:05:00,1860.48,2022-05-27 04:45:00,2022-05-27 04:50:00,1857.99,1860.48,1853.01,2.490000000000009,False,extreme,2022-05-27 08:00:00,1860.48,stop,39,-1.0,0,0.0,-1.0,0.5220883534136345,1.5863453815261168
XAUUSD,NY,2022-05-27,Friday,2,1858.56,1851.98,6.579999999999927,short,2022-05-27 08:00:00,1861.94,2022-05-27 08:25:00,2022-05-27 08:30:00,1857.05,1861.94,1847.2699999999998,4.8900000000001,False,extreme,2022-05-27 16:55:00,1853.0,friday_close,102,0.8282208588956793,0,0.0,0.8282208588956793,1.2985685071574191,0.867075664621661
XAUUSD,NY,2022-05-30,Monday,1,1864.0,1858.48,5.519999999999982,long,2022-05-30 04:15:00,1856.28,2022-05-30 04:35:00,2022-05-30 04:40:00,1859.46,1856.28,1865.8200000000002,3.1800000000000637,False,extreme,2022-05-30 06:25:00,1856.28,stop,22,-1.0,0,0.0,-1.0,0.2201257861635319,1.289308176100646
XAUUSD,NY,2022-05-30,Monday,2,1864.0,1858.48,5.519999999999982,long,2022-05-30 06:10:00,1854.13,2022-05-30 09:15:00,2022-05-30 09:20:00,1859.3,1854.13,1869.6399999999996,5.169999999999845,False,extreme,2022-05-30 13:55:00,1854.13,stop,56,-1.0,0,0.0,-1.0,0.34042553191490205,1.0038684719536188
XAUUSD,NY,2022-05-31,Tuesday,1,1856.41,1851.14,5.269999999999982,short,2022-05-31 04:15:00,1857.16,2022-05-31 04:30:00,2022-05-31 04:35:00,1856.38,1857.16,1854.8200000000002,0.7799999999999727,False,extreme,2022-05-31 04:45:00,1854.8200000000002,target,3,2.0,0,0.0,2.0,3.0256410256412947,0.20512820512802574
XAUUSD,NY,2022-05-31,Tuesday,2,1856.41,1851.14,5.269999999999982,long,2022-05-31 05:40:00,1844.66,2022-05-31 08:10:00,2022-05-31 08:15:00,1851.98,1844.66,1866.62,7.319999999999936,False,extreme,2022-05-31 10:05:00,1844.66,stop,23,-1.0,1,0.001366120218579247,-1.0013661202185793,0.46721311475411237,1.0846994535519294
XAUUSD,NY,2022-06-01,Wednesday,1,1836.88,1829.69,7.190000000000055,long,2022-06-01 05:10:00,1828.51,2022-06-01 05:35:00,2022-06-01 05:40:00,1829.77,1828.51,1832.29,1.259999999999991,False,extreme,2022-06-01 06:35:00,1832.29,target,12,2.0,0,0.0,2.0,2.0238095238095024,0.42063492063490204
XAUUSD,NY,2022-06-01,Wednesday,2,1836.88,1829.69,7.190000000000055,long,2022-06-01 07:15:00,1829.26,2022-06-01 07:20:00,2022-06-01 07:25:00,1830.44,1829.26,1832.8000000000002,1.1800000000000637,False,extreme,2022-06-01 08:00:00,1829.26,stop,8,-1.0,0,0.0,-1.0,1.3305084745761455,1.2796610169490759
XAUUSD,NY,2022-06-01,Wednesday,3,1836.88,1829.69,7.190000000000055,long,2022-06-01 08:00:00,1828.93,2022-06-01 08:05:00,2022-06-01 08:10:00,1831.29,1828.93,1836.0099999999998,2.3599999999999,False,extreme,2022-06-01 08:35:00,1836.0099999999998,target,6,2.0,0,0.0,2.0,3.919491525423895,0.21610169491525955
XAUUSD,NY,2022-06-02,Thursday,1,1853.32,1844.12,9.200000000000045,short,2022-06-02 05:15:00,1858.78,2022-06-02 08:30:00,2022-06-02 08:35:00,1851.22,1858.78,1836.1000000000001,7.559999999999945,False,extreme,2022-06-02 09:00:00,1858.78,stop,6,-1.0,0,0.0,-1.0,0.007936507936500775,1.0370370370370336
XAUUSD,NY,2022-06-03,Friday,1,1869.2,1864.36,4.8400000000001455,long,2022-06-03 05:00:00,1863.91,2022-06-03 05:05:00,2022-06-03 05:10:00,1864.59,1863.91,1865.9499999999996,0.6799999999998363,False,extreme,2022-06-03 05:10:00,1863.91,stop,1,-1.0,0,0.0,-1.0,0.04411764705879403,1.2941176470589613
XAUUSD,NY,2022-06-03,Friday,2,1869.2,1864.36,4.8400000000001455,long,2022-06-03 05:10:00,1863.36,2022-06-03 05:35:00,2022-06-03 05:40:00,1864.55,1863.36,1866.93,1.1900000000000546,False,extreme,2022-06-03 07:00:00,1866.93,target,17,2.0,4,0.03361344537814972,1.9663865546218502,2.1512605042015362,0.3529411764704421
XAUUSD,NY,2022-06-03,Friday,3,1869.2,1864.36,4.8400000000001455,long,2022-06-03 07:45:00,1864.22,2022-06-03 07:50:00,2022-06-03 07:55:00,1865.18,1864.22,1867.1000000000001,0.9600000000000364,False,extreme,2022-06-03 07:55:00,1864.22,stop,1,-1.0,1,0.010416666666666272,-1.0104166666666663,0.10416666666656799,1.8437499999999112
XAUUSD,NY,2022-06-03,Friday,4,1869.2,1864.36,4.8400000000001455,long,2022-06-03 07:55:00,1863.41,2022-06-03 08:00:00,2022-06-03 08:05:00,1864.78,1863.41,1867.5199999999998,1.3699999999998909,False,extreme,2022-06-03 08:25:00,1863.41,stop,5,-1.0,0,0.0,-1.0,1.5182481751825496,1.6350364963505017
XAUUSD,NY,2022-06-03,Friday,5,1869.2,1864.36,4.8400000000001455,long,2022-06-03 08:20:00,1856.73,2022-06-03 10:05:00,2022-06-03 10:10:00,1865.04,1856.73,1881.6599999999999,8.309999999999945,False,extreme,2022-06-03 11:00:00,1856.73,stop,11,-1.0,0,0.0,-1.0,0.0,1.1973525872442974
XAUUSD,NY,2022-06-06,Monday,1,1856.66,1851.56,5.100000000000136,long,2022-06-06 04:40:00,1850.94,2022-06-06 04:50:00,2022-06-06 04:55:00,1852.02,1850.94,1854.1799999999998,1.0799999999999272,False,extreme,2022-06-06 06:00:00,1854.1799999999998,target,14,2.0,0,0.0,2.0,2.0000000000002105,0.731481481481497
XAUUSD,NY,2022-06-07,Tuesday,1,1846.36,1838.51,7.849999999999909,short,2022-06-07 04:40:00,1851.95,2022-06-07 08:15:00,2022-06-07 08:20:00,1845.49,1851.95,1832.57,6.460000000000036,False,extreme,2022-06-07 09:50:00,1851.95,stop,19,-1.0,2,0.0030959752321981253,-1.0030959752321982,0.48606811145512113,1.1873065015479922
XAUUSD,NY,2022-06-08,Wednesday,1,1851.36,1845.58,5.779999999999973,short,2022-06-08 07:35:00,1851.76,2022-06-08 07:40:00,2022-06-08 07:45:00,1850.48,1851.76,1847.92,1.2799999999999727,False,extreme,2022-06-08 08:00:00,1851.76,stop,4,-1.0,0,0.0,-1.0,0.3203125000000708,1.7265625000000653
XAUUSD,NY,2022-06-08,Wednesday,2,1851.36,1845.58,5.779999999999973,short,2022-06-08 07:50:00,1852.69,2022-06-08 08:10:00,2022-06-08 08:15:00,1851.0,1852.69,1847.62,1.6900000000000546,False,extreme,2022-06-08 08:20:00,1847.62,target,2,2.0,0,0.0,2.0,2.0177514792899243,0.18934911242599173
XAUUSD,NY,2022-06-08,Wednesday,3,1851.36,1845.58,5.779999999999973,short,2022-06-08 08:45:00,1859.66,2022-06-08 16:30:00,2022-06-08 16:35:00,1850.76,1859.66,1832.9599999999998,8.900000000000091,False,extreme,2022-06-08 23:55:00,1855.12,end_of_day,77,-0.48988764044942196,12,0.013483146067415592,-0.5033707865168375,0.04269662921346942,0.5157303370786372
XAUUSD,NY,2022-06-09,Thursday,1,1855.28,1848.99,6.289999999999964,long,2022-06-09 04:20:00,1847.54,2022-06-09 04:35:00,2022-06-09 04:40:00,1849.05,1847.54,1852.07,1.509999999999991,False,extreme,2022-06-09 07:00:00,1847.54,stop,29,-1.0,0,0.0,-1.0,1.291390728476859,1.0066225165562854
XAUUSD,NY,2022-06-09,Thursday,2,1855.28,1848.99,6.289999999999964,long,2022-06-09 07:00:00,1846.62,2022-06-09 07:40:00,2022-06-09 07:45:00,1849.4,1846.62,1854.9600000000005,2.7800000000002,False,extreme,2022-06-09 07:45:00,1846.62,stop,1,-1.0,0,0.0,-1.0,0.19784172661867444,1.6294964028776526
XAUUSD,NY,2022-06-09,Thursday,3,1855.28,1848.99,6.289999999999964,long,2022-06-09 07:45:00,1843.84,2022-06-09 08:20:00,2022-06-09 08:25:00,1849.18,1843.84,1859.8600000000004,5.3400000000001455,False,extreme,2022-06-09 10:05:00,1843.84,stop,21,-1.0,0,0.0,-1.0,0.6329588014980879,1.155430711610469
XAUUSD,NY,2022-06-09,Thursday,4,1855.28,1848.99,6.289999999999964,long,2022-06-09 09:35:00,1840.06,2022-06-09 12:40:00,2022-06-09 12:45:00,1849.99,1840.06,1869.8500000000001,9.930000000000064,False,extreme,2022-06-09 23:55:00,1844.82,end_of_day,123,-0.5206445115810715,0,0.0,-0.5206445115810715,0.057401812688814974,0.5528700906344385
XAUUSD,NY,2022-06-10,Friday,1,1847.62,1843.24,4.379999999999882,long,2022-06-10 05:25:00,1842.34,2022-06-10 05:30:00,2022-06-10 05:35:00,1843.54,1842.34,1845.94,1.2000000000000455,False,extreme,2022-06-10 06:00:00,1842.34,stop,6,-1.0,0,0.0,-1.0,0.3583333333333728,1.2
XAUUSD,NY,2022-06-10,Friday,2,1847.62,1843.24,4.379999999999882,long,2022-06-10 05:55:00,1841.82,2022-06-10 06:35:00,2022-06-10 06:40:00,1843.43,1841.82,1846.6500000000003,1.6100000000001273,False,extreme,2022-06-10 07:15:00,1841.82,stop,8,-1.0,0,0.0,-1.0,0.11801242236013178,1.5093167701862555
XAUUSD,NY,2022-06-13,Monday,1,1867.22,1855.7,11.519999999999982,long,2022-06-13 04:35:00,1852.6,2022-06-13 05:20:00,2022-06-13 05:25:00,1856.61,1852.6,1864.6299999999999,4.009999999999991,False,extreme,2022-06-13 08:15:00,1852.6,stop,35,-1.0,4,0.009975062344139673,-1.0099750623441397,0.5960099750623704,2.0099750623441306
XAUUSD,NY,2022-06-14,Tuesday,1,1831.54,1824.0,7.539999999999964,long,2022-06-14 05:00:00,1821.72,2022-06-14 05:20:00,2022-06-14 05:25:00,1824.14,1821.72,1828.9800000000002,2.4200000000000728,False,extreme,2022-06-14 06:10:00,1821.72,stop,10,-1.0,6,0.02479338842975132,-1.0247933884297513,0.2892561983470236,1.1322314049586475
XAUUSD,NY,2022-06-14,Tuesday,2,1831.54,1824.0,7.539999999999964,long,2022-06-14 06:05:00,1820.12,2022-06-14 06:55:00,2022-06-14 07:00:00,1824.6,1820.12,1833.56,4.480000000000018,False,extreme,2022-06-14 07:20:00,1820.12,stop,5,-1.0,5,0.01116071428571424,-1.0111607142857142,0.16071428571429114,1.0223214285714082
XAUUSD,NY,2022-06-15,Wednesday,1,1824.05,1813.18,10.86999999999989,short,2022-06-15 05:35:00,1836.5,2022-06-15 09:50:00,2022-06-15 09:55:00,1823.88,1836.5,1798.6400000000003,12.61999999999989,False,extreme,2022-06-15 14:40:00,1836.5,stop,58,-1.0,0,0.0,-1.0,0.8137876386688033,1.2820919175911234
XAUUSD,NY,2022-06-16,Thursday,1,1833.6,1826.5,7.099999999999909,short,2022-06-16 05:10:00,1836.1,2022-06-16 05:15:00,2022-06-16 05:20:00,1832.76,1836.1,1826.0800000000002,3.339999999999918,False,extreme,2022-06-16 06:05:00,1826.0800000000002,target,10,2.0,1,0.0029940119760479777,1.9970059880239521,2.850299401197669,0.35928143712577093
XAUUSD,NY,2022-06-16,Thursday,2,1833.6,1826.5,7.099999999999909,long,2022-06-16 06:05:00,1815.8,2022-06-16 08:30:00,2022-06-16 08:35:00,1832.04,1822.68,1850.7599999999998,9.3599999999999,True,swing,2022-06-16 12:40:00,1850.7599999999998,target,50,2.0,0,0.0,2.0,2.0309829059829267,0.722222222222229
XAUUSD,NY,2022-06-17,Friday,1,1850.05,1841.96,8.089999999999918,short,2022-06-17 04:10:00,1850.98,2022-06-17 04:30:00,2022-06-17 04:35:00,1849.87,1850.98,1847.6499999999996,1.1100000000001273,False,extreme,2022-06-17 04:55:00,1850.98,stop,5,-1.0,0,0.0,-1.0,0.9909909909907954,1.1801801801802005
XAUUSD,NY,2022-06-17,Friday,2,1850.05,1841.96,8.089999999999918,short,2022-06-17 04:40:00,1851.18,2022-06-17 05:00:00,2022-06-17 05:05:00,1849.84,1851.18,1847.1599999999996,1.3400000000001455,False,extreme,2022-06-17 05:05:00,1851.18,stop,1,-1.0,0,0.0,-1.0,0.029850746268626327,1.4776119402983605
XAUUSD,NY,2022-06-17,Friday,3,1850.05,1841.96,8.089999999999918,short,2022-06-17 05:05:00,1852.55,2022-06-17 05:45:00,2022-06-17 05:50:00,1849.09,1852.55,1842.1699999999998,3.4600000000000364,False,extreme,2022-06-17 08:50:00,1852.55,stop,37,-1.0,6,0.017341040462427564,-1.0173410404624275,1.309248554913273,1.1242774566474159
XAUUSD,NY,2022-06-17,Friday,4,1850.05,1841.96,8.089999999999918,short,2022-06-17 08:40:00,1852.98,2022-06-17 09:05:00,2022-06-17 09:10:00,1848.74,1852.98,1840.26,4.240000000000009,False,extreme,2022-06-17 10:10:00,1840.26,target,13,2.0,0,0.0,2.0,2.2688679245283248,0.3396226415094461
XAUUSD,NY,2022-06-17,Friday,5,1850.05,1841.96,8.089999999999918,long,2022-06-17 10:10:00,1836.76,2022-06-17 10:35:00,2022-06-17 10:40:00,1842.01,1836.76,1852.51,5.25,False,extreme,2022-06-17 15:15:00,1835.04,stop_gap,52,-1.3276190476190528,0,0.0,-1.3276190476190528,0.5600000000000104,0.9904761904761992
XAUUSD,NY,2022-06-20,Monday,1,1845.1,1839.42,5.679999999999836,long,2022-06-20 04:05:00,1838.96,2022-06-20 04:15:00,2022-06-20 04:20:00,1839.66,1838.96,1841.0600000000002,0.7000000000000455,False,extreme,2022-06-20 04:20:00,1841.0600000000002,target,1,2.0,0,0.0,2.0,2.1285714285713033,0.20000000000012993
XAUUSD,NY,2022-06-20,Monday,2,1845.1,1839.42,5.679999999999836,long,2022-06-20 06:00:00,1836.44,2022-06-20 08:15:00,2022-06-20 08:20:00,1839.65,1836.44,1846.0700000000002,3.2100000000000364,False,extreme,2022-06-20 10:00:00,1836.44,stop,21,-1.0,0,0.0,-1.0,1.1277258566977726,1.1246105919003384
XAUUSD,NY,2022-06-20,Monday,3,1845.1,1839.42,5.679999999999836,long,2022-06-20 09:55:00,1835.51,2022-06-20 20:00:00,2022-06-20 20:05:00,1839.41,1835.51,1847.2100000000003,3.900000000000091,False,extreme,2022-06-20 23:55:00,1840.26,end_of_day,47,0.21794871794868956,13,0.033333333333332556,0.184615384615357,0.7717948717948515,0.17948717948718695
XAUUSD,NY,2022-06-21,Tuesday,1,1840.85,1832.64,8.209999999999809,long,2022-06-21 07:05:00,1832.1,2022-06-21 07:15:00,2022-06-21 07:20:00,1833.82,1832.1,1837.26,1.7200000000000273,False,extreme,2022-06-21 07:25:00,1832.1,stop,2,-1.0,0,0.0,-1.0,0.04069767441869918,1.0
XAUUSD,NY,2022-06-21,Tuesday,2,1840.85,1832.64,8.209999999999809,long,2022-06-21 07:25:00,1832.1,2022-06-21 07:30:00,2022-06-21 07:35:00,1832.94,1832.1,1834.6200000000003,0.8400000000001455,False,extreme,2022-06-21 07:40:00,1832.1,stop,2,-1.0,1,0.011904761904759843,-1.0119047619047599,1.7261904761902314,1.023809523809498
XAUUSD,NY,2022-06-21,Tuesday,3,1840.85,1832.64,8.209999999999809,long,2022-06-21 07:40:00,1830.81,2022-06-21 07:55:00,2022-06-21 08:00:00,1833.58,1830.81,1839.12,2.769999999999982,False,extreme,2022-06-21 08:30:00,1839.12,target,7,2.0,0,0.0,2.0,2.1516245487364896,0.2418772563176353
XAUUSD,NY,2022-06-21,Tuesday,4,1840.85,1832.64,8.209999999999809,short,2022-06-21 10:30:00,1843.63,2022-06-21 10:45:00,2022-06-21 10:50:00,1840.05,1843.63,1832.8899999999996,3.5800000000001546,False,extreme,2022-06-21 14:10:00,1832.8899999999996,target,41,2.0,0,0.0,2.0,2.0195530726256163,0.24301675977655884
XAUUSD,NY,2022-06-21,Tuesday,5,1840.85,1832.64,8.209999999999809,long,2022-06-21 14:45:00,1828.55,2022-06-21 16:15:00,2022-06-21 16:20:00,1833.58,1828.55,1843.6399999999999,5.029999999999973,False,extreme,2022-06-21 20:10:00,1828.55,stop,35,-1.0,8,0.01590457256461241,-1.0159045725646123,0.21868787276344778,1.2365805168986206
XAUUSD,NY,2022-06-22,Wednesday,1,1830.37,1823.89,6.479999999999791,long,2022-06-22 04:20:00,1823.86,2022-06-22 04:25:00,2022-06-22 04:30:00,1824.44,1823.86,1825.6000000000004,0.5800000000001546,False,extreme,2022-06-22 04:30:00,1825.6000000000004,target,1,2.0,0,0.0,2.0,2.155172413792529,0.20689655172428664
XAUUSD,NY,2022-06-22,Wednesday,2,1830.37,1823.89,6.479999999999791,short,2022-06-22 06:30:00,1831.12,2022-06-22 06:40:00,2022-06-22 06:45:00,1830.26,1831.12,1828.5400000000002,0.8599999999999,False,extreme,2022-06-22 06:45:00,1831.12,stop,1,-1.0,0,0.0,-1.0,0.0,1.7209302325583609
XAUUSD,NY,2022-06-23,Thursday,1,1838.15,1831.1,7.050000000000182,long,2022-06-23 05:30:00,1830.51,2022-06-23 05:35:00,2022-06-23 05:40:00,1831.22,1830.51,1832.64,0.7100000000000364,False,extreme,2022-06-23 05:45:00,1830.51,stop,2,-1.0,0,0.0,-1.0,1.1408450704223998,1.0704225352112
XAUUSD,NY,2022-06-23,Thursday,2,1838.15,1831.1,7.050000000000182,long,2022-06-23 05:50:00,1830.58,2022-06-23 05:55:00,2022-06-23 06:00:00,1831.99,1830.58,1834.8100000000002,1.4100000000000819,False,extreme,2022-06-23 06:00:00,1830.58,stop,1,-1.0,0,0.0,-1.0,0.0,3.070921985815373
XAUUSD,NY,2022-06-23,Thursday,3,1838.15,1831.1,7.050000000000182,long,2022-06-23 06:00:00,1823.88,2022-06-23 08:20:00,2022-06-23 08:25:00,1831.28,1823.88,1846.0799999999997,7.399999999999864,False,extreme,2022-06-23 14:15:00,1823.88,stop,71,-1.0,0,0.0,-1.0,1.9986486486486805,1.100000000000003
XAUUSD,NY,2022-06-24,Friday,1,1831.76,1821.19,10.569999999999936,long,2022-06-24 09:00:00,1816.93,2022-06-24 09:05:00,2022-06-24 09:10:00,1821.45,1816.93,1830.49,4.519999999999982,False,extreme,2022-06-24 11:25:00,1830.49,target,28,2.0,0,0.0,2.0,2.0309734513274558,0.04424778761062971
XAUUSD,NY,2022-06-27,Monday,1,1841.04,1834.42,6.619999999999891,long,2022-06-27 04:15:00,1833.86,2022-06-27 04:20:00,2022-06-27 04:25:00,1837.31,1833.86,1844.21,3.4500000000000455,False,extreme,2022-06-27 07:55:00,1833.86,stop,43,-1.0,0,0.0,-1.0,0.9420289855072339,1.1507246376811522
XAUUSD,NY,2022-06-28,Tuesday,1,1829.23,1824.77,4.460000000000036,short,2022-06-28 04:40:00,1829.52,2022-06-28 04:45:00,2022-06-28 04:50:00,1827.44,1829.52,1823.2800000000002,2.0799999999999272,False,extreme,2022-06-28 06:40:00,1823.2800000000002,target,23,2.0,0,0.0,2.0,2.0384615384616143,0.19230769230763345
XAUUSD,NY,2022-06-28,Tuesday,2,1829.23,1824.77,4.460000000000036,long,2022-06-28 06:35:00,1820.48,2022-06-28 07:55:00,2022-06-28 08:00:00,1825.44,1820.48,1835.3600000000001,4.960000000000036,False,extreme,2022-06-28 09:45:00,1820.48,stop,22,-1.0,0,0.0,-1.0,0.26612903225804974,1.3104838709677322
XAUUSD,NY,2022-06-29,Wednesday,1,1822.4,1815.95,6.4500000000000455,long,2022-06-29 05:30:00,1812.03,2022-06-29 05:40:00,2022-06-29 05:45:00,1816.36,1812.03,1825.0199999999998,4.329999999999927,False,extreme,2022-06-29 06:40:00,1825.0199999999998,target,12,2.0,4,0.009237875288683759,1.9907621247113163,2.3325635103926805,0.6143187066974363
XAUUSD,NY,2022-06-29,Wednesday,2,1822.4,1815.95,6.4500000000000455,short,2022-06-29 06:35:00,1833.07,2022-06-29 09:45:00,2022-06-29 09:50:00,1821.35,1833.07,1797.9099999999999,11.720000000000027,False,extreme,2022-06-29 23:55:00,1817.4,end_of_day,158,0.3370307167235332,0,0.0,0.3370307167235332,0.5503412969283108,0.05460750853243162
XAUUSD,NY,2022-06-30,Thursday,1,1817.82,1811.75,6.069999999999936,long,2022-06-30 05:40:00,1811.12,2022-06-30 05:45:00,2022-06-30 05:50:00,1812.23,1811.12,1814.4500000000003,1.1100000000001273,False,extreme,2022-06-30 06:15:00,1811.12,stop,6,-1.0,4,0.0360360360360319,-1.036036036036032,0.7297297297295968,1.3603603603601961
XAUUSD,NY,2022-06-30,Thursday,2,1817.82,1811.75,6.069999999999936,short,2022-06-30 08:40:00,1825.06,2022-06-30 09:15:00,2022-06-30 09:20:00,1816.18,1825.06,1798.4200000000003,8.879999999999882,False,extreme,2022-06-30 23:55:00,1801.5,end_of_day,164,1.6531531531531822,2,0.002252252252252282,1.65090090090093,1.6711711711712098,0.8029279279279253
XAUUSD,NY,2022-07-01,Friday,1,1803.16,1792.44,10.720000000000027,long,2022-07-01 06:20:00,1784.53,2022-07-01 09:00:00,2022-07-01 09:05:00,1793.28,1784.53,1810.78,8.75,False,extreme,2022-07-01 16:55:00,1808.94,friday_close,95,1.7897142857142951,0,0.0,1.7897142857142951,1.8308571428571407,0.233142857142853
XAUUSD,NY,2022-07-04,Monday,1,1813.44,1808.26,5.180000000000064,long,2022-07-04 04:00:00,1807.76,2022-07-04 04:15:00,2022-07-04 04:20:00,1808.44,1807.76,1809.8000000000002,0.6800000000000637,False,extreme,2022-07-04 04:30:00,1807.76,stop,3,-1.0,2,0.0294117647058796,-1.0294117647058796,1.1470588235292642,1.1617647058821907
XAUUSD,NY,2022-07-04,Monday,2,1813.44,1808.26,5.180000000000064,long,2022-07-04 04:30:00,1807.65,2022-07-04 04:35:00,2022-07-04 04:40:00,1808.8,1807.65,1811.0999999999997,1.1499999999998636,False,extreme,2022-07-04 04:40:00,1807.65,stop,1,-1.0,0,0.0,-1.0,0.19130434782613337,2.069565217391447
XAUUSD,NY,2022-07-04,Monday,3,1813.44,1808.26,5.180000000000064,long,2022-07-04 04:40:00,1806.42,2022-07-04 05:25:00,2022-07-04 05:30:00,1808.48,1806.42,1812.6,2.0599999999999454,False,extreme,2022-07-04 05:40:00,1806.42,stop,3,-1.0,0,0.0,-1.0,0.11650485436893954,1.44660194174762
XAUUSD,NY,2022-07-04,Monday,4,1813.44,1808.26,5.180000000000064,long,2022-07-04 05:30:00,1803.97,2022-07-04 08:40:00,2022-07-04 08:45:00,1809.58,1803.97,1820.7999999999997,5.6099999999999,False,extreme,2022-07-04 23:55:00,1810.9,end_of_day,141,0.2352941176470922,8,0.014260249554367456,0.22103386809272477,0.459893048128378,0.7290552584670216
XAUUSD,NY,2022-07-06,Wednesday,1,1770.26,1763.11,7.150000000000091,short,2022-07-06 04:10:00,1771.82,2022-07-06 04:15:00,2022-07-06 04:20:00,1769.8,1771.82,1765.76,2.019999999999982,False,extreme,2022-07-06 04:40:00,1765.76,target,5,2.0,0,0.0,2.0,2.356435643564373,0.5643564356436189
XAUUSD,NY,2022-07-06,Wednesday,2,1770.26,1763.11,7.150000000000091,long,2022-07-06 06:05:00,1760.12,2022-07-06 07:55:00,2022-07-06 08:00:00,1763.22,1760.12,1769.4200000000003,3.1000000000001364,False,extreme,2022-07-06 08:30:00,1759.52,stop_gap,7,-1.1935483870967363,5,0.016129032258063808,-1.2096774193548,0.5483870967741841,0.9870967741934873
XAUUSD,NY,2022-07-06,Wednesday,3,1770.26,1763.11,7.150000000000091,long,2022-07-06 08:20:00,1759.52,2022-07-06 08:45:00,2022-07-06 08:50:00,1764.76,1759.52,1775.24,5.240000000000009,False,extreme,2022-07-06 09:50:00,1759.52,stop,13,-1.0,0,0.0,-1.0,0.6068702290076446,1.7919847328244434
XAUUSD,NY,2022-07-07,Thursday,1,1747.71,1741.22,6.490000000000009,long,2022-07-07 04:50:00,1740.07,2022-07-07 04:55:00,2022-07-07 05:00:00,1742.36,1740.07,1746.9399999999998,2.2899999999999636,False,extreme,2022-07-07 08:30:00,1740.07,stop,43,-1.0,0,0.0,-1.0,1.5545851528385282,1.013100436681211
XAUUSD,NY,2022-07-07,Thursday,2,1747.71,1741.22,6.490000000000009,long,2022-07-07 08:30:00,1739.88,2022-07-07 08:40:00,2022-07-07 08:45:00,1741.57,1739.88,1744.9499999999996,1.6899999999998272,False,extreme,2022-07-07 08:45:00,1739.88,stop,1,-1.0,0,0.0,-1.0,0.18934911242615174,1.5207100591717155
XAUUSD,NY,2022-07-07,Thursday,3,1747.71,1741.22,6.490000000000009,long,2022-07-07 08:45:00,1737.96,2022-07-07 09:15:00,2022-07-07 09:20:00,1743.69,1737.96,1755.15,5.730000000000018,False,extreme,2022-07-07 23:55:00,1742.46,end_of_day,164,-0.21465968586387685,0,0.0,-0.21465968586387685,0.9458987783594813,0.8656195462478221
XAUUSD,NY,2022-07-08,Friday,1,1743.88,1733.28,10.600000000000136,short,2022-07-08 08:10:00,1745.61,2022-07-08 08:20:00,2022-07-08 08:25:00,1740.72,1745.61,1730.9400000000003,4.889999999999873,False,extreme,2022-07-08 10:30:00,1745.61,stop,26,-1.0,0,0.0,-1.0,1.5930470347648602,1.2453987730061507
XAUUSD,NY,2022-07-08,Friday,2,1743.88,1733.28,10.600000000000136,short,2022-07-08 10:30:00,1752.34,2022-07-08 11:35:00,2022-07-08 11:40:00,1743.71,1752.34,1726.4500000000003,8.629999999999882,False,extreme,2022-07-08 16:55:00,1742.45,friday_close,64,0.14600231749710407,0,0.0,0.14600231749710407,0.36500579374277337,0.16685979142526933
XAUUSD,NY,2022-07-11,Monday,1,1742.75,1736.0,6.75,long,2022-07-11 05:45:00,1734.14,2022-07-11 06:35:00,2022-07-11 06:40:00,1736.08,1734.14,1739.9599999999996,1.9399999999998272,False,extreme,2022-07-11 07:35:00,1734.14,stop,12,-1.0,2,0.010309278350516383,-1.0103092783505163,1.0463917525773987,1.2577319587629097
XAUUSD,NY,2022-07-11,Monday,2,1742.75,1736.0,6.75,long,2022-07-11 07:25:00,1733.64,2022-07-11 08:15:00,2022-07-11 08:20:00,1736.51,1733.64,1742.2499999999998,2.869999999999891,False,extreme,2022-07-11 09:50:00,1742.2499999999998,target,19,2.0,0,0.0,2.0,2.1358885017422797,0.7804878048780817
XAUUSD,NY,2022-07-11,Monday,3,1742.75,1736.0,6.75,long,2022-07-11 12:20:00,1734.15,2022-07-11 13:10:00,2022-07-11 13:15:00,1735.95,1734.15,1739.55,1.7999999999999545,False,extreme,2022-07-11 13:25:00,1734.15,stop,3,-1.0,2,0.011111111111111393,-1.0111111111111113,0.04999999999995579,1.7833333333333985
XAUUSD,NY,2022-07-11,Monday,4,1742.75,1736.0,6.75,long,2022-07-11 13:15:00,1732.74,2022-07-11 13:55:00,2022-07-11 14:00:00,1736.14,1732.74,1742.9400000000003,3.400000000000091,False,extreme,2022-07-11 15:40:00,1732.74,stop,21,-1.0,5,0.014705882352940784,-1.0147058823529407,0.1823529411764336,1.3294117647059083
XAUUSD,NY,2022-07-11,Monday,5,1742.75,1736.0,6.75,long,2022-07-11 14:00:00,1723.24,2022-07-11 22:10:00,2022-07-11 22:15:00,1736.57,1723.24,1763.2299999999998,13.329999999999927,False,extreme,2022-07-11 23:55:00,1733.41,end_of_day,21,-0.23705926481619444,2,0.0015003750937734516,-0.2385596399099679,0.041260315078766506,0.31582895723931426
XAUUSD,NY,2022-07-12,Tuesday,1,1738.01,1725.52,12.490000000000009,short,2022-07-12 04:35:00,1739.14,2022-07-12 04:40:00,2022-07-12 04:45:00,1737.56,1739.14,1734.3999999999996,1.5800000000001546,False,extreme,2022-07-12 04:55:00,1734.3999999999996,target,3,2.0,2,0.012658227848100027,1.9873417721519,2.063291139240299,0.17088607594933886
XAUUSD,NY,2022-07-12,Tuesday,2,1738.01,1725.52,12.490000000000009,short,2022-07-12 07:25:00,1738.88,2022-07-12 07:30:00,2022-07-12 07:35:00,1737.09,1738.88,1733.5099999999995,1.790000000000191,False,extreme,2022-07-12 08:20:00,1733.5099999999995,target,10,2.0,0,0.0,2.0,2.229050279329376,0.4972067039106174
XAUUSD,NY,2022-07-12,Tuesday,3,1738.01,1725.52,12.490000000000009,long,2022-07-12 14:05:00,1724.93,2022-07-12 14:10:00,2022-07-12 14:15:00,1725.8,1724.93,1727.5399999999997,0.8699999999998909,False,extreme,2022-07-12 14:30:00,1727.5399999999997,target,4,2.0,0,0.0,2.0,2.0689655172415864,0.011494252873554206
XAUUSD,NY,2022-07-12,Tuesday,4,1738.01,1725.52,12.490000000000009,long,2022-07-12 15:35:00,1724.51,2022-07-12 15:55:00,2022-07-12 16:00:00,1725.71,1724.51,1728.1100000000001,1.2000000000000455,False,extreme,2022-07-12 20:00:00,1724.51,stop,37,-1.0,1,0.008333333333333017,-1.008333333333333,0.5583333333333728,1.2166666666666508
XAUUSD,NY,2022-07-12,Tuesday,5,1738.01,1725.52,12.490000000000009,long,2022-07-12 19:50:00,1722.65,2022-07-12 21:00:00,2022-07-12 21:05:00,1726.76,1722.65,1734.9799999999998,4.1099999999999,False,extreme,2022-07-12 23:55:00,1727.21,end_of_day,35,0.10948905109490424,15,0.03649635036496439,0.07299270072993985,0.4987834549878356,0.22384428223846597
XAUUSD,NY,2022-07-13,Wednesday,1,1728.54,1722.45,6.089999999999918,short,2022-07-13 05:10:00,1730.23,2022-07-13 05:50:00,2022-07-13 05:55:00,1728.14,1730.23,1723.9600000000003,2.089999999999918,False,extreme,2022-07-13 07:00:00,1730.23,stop,14,-1.0,1,0.004784688995215498,-1.0047846889952154,0.521531100478559,1.3253588516746844
XAUUSD,NY,2022-07-13,Wednesday,2,1728.54,1722.45,6.089999999999918,short,2022-07-13 06:30:00,1731.85,2022-07-13 07:50:00,2022-07-13 07:55:00,1728.49,1731.85,1721.7700000000002,3.3599999999999,False,extreme,2022-07-13 08:30:00,1721.7700000000002,target,8,2.0,0,0.0,2.0,4.800595238095413,0.5416666666666639
XAUUSD,NY,2022-07-13,Wednesday,3,1728.54,1722.45,6.089999999999918,long,2022-07-13 08:30:00,1707.15,2022-07-13 09:35:00,2022-07-13 09:40:00,1724.21,1713.94,1744.75,10.269999999999982,True,swing,2022-07-13 11:05:00,1744.75,target,18,2.0,3,0.0029211295034079895,1.997078870496592,2.023369036027265,0.35540408958131425
XAUUSD,NY,2022-07-13,Wednesday,4,1728.54,1722.45,6.089999999999918,short,2022-07-13 10:35:00,1745.36,2022-07-13 20:35:00,2022-07-13 20:40:00,1728.35,1732.46,1720.1299999999997,4.110000000000127,True,swing,2022-07-13 23:05:00,1732.46,stop,30,-1.0,12,0.029197080291969896,-1.0291970802919699,0.6958637469585915,1.0364963503649292
XAUUSD,NY,2022-07-14,Thursday,1,1732.26,1715.09,17.170000000000073,long,2022-07-14 05:30:00,1711.6,2022-07-14 05:40:00,2022-07-14 05:45:00,1715.84,1711.6,1724.32,4.240000000000009,False,extreme,2022-07-14 06:55:00,1711.6,stop,15,-1.0,0,0.0,-1.0,0.3632075471698556,1.1580188679244916
XAUUSD,NY,2022-07-14,Thursday,2,1732.26,1715.09,17.170000000000073,long,2022-07-14 06:05:00,1709.91,2022-07-14 07:40:00,2022-07-14 07:45:00,1715.25,1709.91,1725.9299999999998,5.339999999999918,False,extreme,2022-07-14 08:20:00,1709.91,stop,8,-1.0,8,0.01498127340823993,-1.01498127340824,0.102996254681641,1.009363295880184
XAUUSD,NY,2022-07-14,Thursday,3,1732.26,1715.09,17.170000000000073,long,2022-07-14 07:45:00,1697.56,2022-07-14 22:00:00,2022-07-14 22:05:00,1715.12,1697.56,1750.2399999999998,17.559999999999945,False,extreme,2022-07-14 23:55:00,1708.56,end_of_day,23,-0.3735763097949867,9,0.005125284738041018,-0.3787015945330277,0.07972665148064324,0.37585421412300285
XAUUSD,NY,2022-07-15,Friday,1,1712.32,1700.66,11.659999999999854,short,2022-07-15 09:10:00,1714.11,2022-07-15 09:15:00,2022-07-15 09:20:00,1709.89,1714.11,1701.4500000000005,4.2199999999998,False,extreme,2022-07-15 10:15:00,1701.4500000000005,target,12,2.0,0,0.0,2.0,2.559241706161302,0.04028436018953873
XAUUSD,NY,2022-07-15,Friday,2,1712.32,1700.66,11.659999999999854,long,2022-07-15 10:15:00,1699.09,2022-07-15 10:20:00,2022-07-15 10:25:00,1701.93,1699.09,1707.6100000000004,2.8400000000001455,False,extreme,2022-07-15 11:25:00,1707.6100000000004,target,13,2.0,0,0.0,2.0,2.24295774647872,0.6126760563379999
XAUUSD,NY,2022-07-18,Monday,1,1720.78,1711.94,8.839999999999918,short,2022-07-18 05:20:00,1723.91,2022-07-18 06:05:00,2022-07-18 06:10:00,1719.14,1723.91,1709.6000000000001,4.769999999999982,False,extreme,2022-07-18 11:25:00,1709.6000000000001,target,64,2.0,0,0.0,2.0,2.1446540880503266,0.44025157232702666
XAUUSD,NY,2022-07-18,Monday,2,1720.78,1711.94,8.839999999999918,long,2022-07-18 11:05:00,1708.91,2022-07-18 12:35:00,2022-07-18 12:40:00,1712.02,1708.91,1718.2399999999998,3.1099999999999,False,extreme,2022-07-18 14:15:00,1708.91,stop,20,-1.0,5,0.01607717041800695,-1.016077170418007,0.28938906752415433,1.061093247588444
XAUUSD,NY,2022-07-19,Tuesday,1,1711.69,1707.39,4.2999999999999545,short,2022-07-19 04:05:00,1712.24,2022-07-19 04:10:00,2022-07-19 04:15:00,1711.51,1712.24,1710.05,0.7300000000000182,False,extreme,2022-07-19 04:15:00,1712.24,stop,1,-1.0,0,0.0,-1.0,0.287671232876755,1.0
XAUUSD,NY,2022-07-19,Tuesday,2,1711.69,1707.39,4.2999999999999545,short,2022-07-19 04:15:00,1713.08,2022-07-19 04:45:00,2022-07-19 04:50:00,1711.69,1713.08,1708.9100000000003,1.3899999999998727,False,extreme,2022-07-19 04:55:00,1713.08,stop,2,-1.0,1,0.007194244604317206,-1.0071942446043172,0.20863309352517279,1.1942446043165516
XAUUSD,NY,2022-07-19,Tuesday,3,1711.69,1707.39,4.2999999999999545,short,2022-07-19 04:50:00,1718.44,2022-07-19 08:15:00,2022-07-19 08:20:00,1711.51,1718.44,1697.6499999999999,6.930000000000064,False,extreme,2022-07-19 23:55:00,1712.16,end_of_day,176,-0.09379509379510606,0,0.0,-0.09379509379510606,0.4227994227994281,0.5411255411255361
XAUUSD,NY,2022-07-20,Wednesday,1,1713.45,1706.01,7.440000000000055,short,2022-07-20 09:25:00,1714.46,2022-07-20 09:30:00,2022-07-20 09:35:00,1712.42,1714.46,1708.3400000000001,2.0399999999999636,False,extreme,2022-07-20 09:50:00,1708.3400000000001,target,4,2.0,0,0.0,2.0,2.2794117647059675,0.5098039215686188
XAUUSD,NY,2022-07-21,Thursday,1,1693.87,1685.28,8.589999999999918,long,2022-07-21 04:55:00,1682.26,2022-07-21 05:35:00,2022-07-21 05:40:00,1686.32,1682.26,1694.4399999999998,4.059999999999945,False,extreme,2022-07-21 06:40:00,1682.26,stop,13,-1.0,9,0.02216748768472936,-1.0221674876847293,0.059113300492613874,1.1871921182266012
XAUUSD,NY,2022-07-21,Thursday,2,1693.87,1685.28,8.589999999999918,long,2022-07-21 05:55:00,1680.92,2022-07-21 08:15:00,2022-07-21 08:20:00,1686.3,1680.92,1697.0599999999997,5.379999999999882,False,extreme,2022-07-21 08:35:00,1697.0599999999997,target,4,2.0,2,0.0037174721189591896,1.9962825278810408,2.137546468401534,0.022304832713734853
XAUUSD,NY,2022-07-25,Monday,1,1729.2,1723.81,5.3900000000001,short,2022-07-25 04:35:00,1730.32,2022-07-25 04:50:00,2022-07-25 04:55:00,1729.09,1730.32,1726.6299999999999,1.2300000000000182,False,extreme,2022-07-25 05:10:00,1730.32,stop,4,-1.0,2,0.016260162601625775,-1.0162601626016259,0.7723577235770764,1.3902439024390334
XAUUSD,NY,2022-07-25,Monday,2,1729.2,1723.81,5.3900000000001,short,2022-07-25 05:00:00,1736.22,2022-07-25 07:05:00,2022-07-25 07:10:00,1728.58,1736.22,1713.2999999999997,7.6400000000001,False,extreme,2022-07-25 23:55:00,1724.1,end_of_day,190,0.5863874345549686,0,0.0,0.5863874345549686,1.8115183246072954,0.3586387434554939
XAUUSD,NY,2022-07-26,Tuesday,1,1727.91,1721.1,6.810000000000173,long,2022-07-26 05:25:00,1713.62,2022-07-26 09:35:00,2022-07-26 09:40:00,1721.32,1713.62,1736.72,7.7000000000000455,False,extreme,2022-07-26 23:55:00,1716.76,end_of_day,160,-0.5922077922077816,1,0.0012987012987012911,-0.5935064935064829,0.054545454545463674,0.8961038961038731
XAUUSD,NY,2022-07-27,Wednesday,1,1721.89,1713.62,8.27000000000021,short,2022-07-27 04:10:00,1725.16,2022-07-27 06:45:00,2022-07-27 06:50:00,1721.33,1725.16,1713.6699999999996,3.8300000000001546,False,extreme,2022-07-27 09:55:00,1713.6699999999996,target,38,2.0,0,0.0,2.0,2.5665796344646292,0.4882506527415255
XAUUSD,NY,2022-07-27,Wednesday,2,1721.89,1713.62,8.27000000000021,long,2022-07-27 10:10:00,1713.21,2022-07-27 10:15:00,2022-07-27 10:20:00,1714.09,1713.21,1715.8499999999997,0.8799999999998818,False,extreme,2022-07-27 10:20:00,1713.21,stop,1,-1.0,0,0.0,-1.0,0.6477272727275458,1.1477272727274166
XAUUSD,NY,2022-07-27,Wednesday,3,1721.89,1713.62,8.27000000000021,long,2022-07-27 10:20:00,1712.9,2022-07-27 10:35:00,2022-07-27 10:40:00,1713.88,1712.9,1715.8400000000001,0.9800000000000182,False,extreme,2022-07-27 10:45:00,1715.8400000000001,target,2,2.0,1,0.010204081632652871,1.989795918367347,2.102040816326436,0.20408163265310383
XAUUSD,NY,2022-07-27,Wednesday,4,1721.89,1713.62,8.27000000000021,short,2022-07-27 13:15:00,1722.38,2022-07-27 13:20:00,2022-07-27 13:25:00,1721.37,1722.38,1719.3499999999995,1.0100000000002183,False,extreme,2022-07-27 13:55:00,1722.38,stop,7,-1.0,0,0.0,-1.0,0.8811881188115647,1.534653465346383
XAUUSD,NY,2022-07-27,Wednesday,5,1721.89,1713.62,8.27000000000021,short,2022-07-27 14:00:00,1726.97,2022-07-27 14:30:00,2022-07-27 14:35:00,1720.32,1726.97,1707.0199999999998,6.650000000000091,False,extreme,2022-07-27 14:35:00,1726.97,stop,1,-1.0,2,0.00300751879699244,-1.0030075187969925,0.009022556390969114,1.4210526315789347
XAUUSD,NY,2022-07-28,Thursday,1,1744.7,1735.38,9.319999999999936,short,2022-07-28 04:05:00,1748.5,2022-07-28 04:50:00,2022-07-28 04:55:00,1744.36,1748.5,1736.0799999999997,4.1400000000001,False,extreme,2022-07-28 08:45:00,1748.5,stop,47,-1.0,2,0.004830917874396019,-1.004830917874396,1.9951690821255534,1.2246376811594302
XAUUSD,NY,2022-07-28,Thursday,2,1744.7,1735.38,9.319999999999936,short,2022-07-28 08:35:00,1749.88,2022-07-28 09:00:00,2022-07-28 09:05:00,1742.85,1749.88,1728.7899999999995,7.0300000000002,False,extreme,2022-07-28 09:20:00,1749.88,stop,4,-1.0,1,0.0014224751066855925,-1.0014224751066856,0.24893314366997868,1.0796586059743853
XAUUSD,NY,2022-07-29,Friday,1,1767.94,1760.59,7.350000000000136,long,2022-07-29 05:15:00,1756.28,2022-07-29 06:10:00,2022-07-29 06:15:00,1761.6,1756.28,1772.2399999999998,5.319999999999936,False,extreme,2022-07-29 08:30:00,1756.28,stop,28,-1.0,5,0.009398496240601616,-1.0093984962406015,0.3327067669172938,1.1052631578947278
XAUUSD,NY,2022-07-29,Friday,2,1767.94,1760.59,7.350000000000136,long,2022-07-29 08:30:00,1752.07,2022-07-29 10:45:00,2022-07-29 10:50:00,1761.56,1752.07,1780.54,9.490000000000009,False,extreme,2022-07-29 16:55:00,1766.0,friday_close,74,0.4678609062170759,0,0.0,0.4678609062170759,0.5879873551106585,0.06954689146468428
XAUUSD,NY,2022-08-01,Monday,1,1767.46,1758.36,9.100000000000136,short,2022-08-01 05:35:00,1775.24,2022-08-01 08:40:00,2022-08-01 08:45:00,1766.34,1775.24,1748.5399999999997,8.900000000000091,False,extreme,2022-08-01 20:20:00,1775.24,stop,128,-1.0,3,0.003370786516853898,-1.003370786516854,0.23595505617976265,1.0191011235955136
XAUUSD,NY,2022-08-02,Tuesday,1,1776.14,1768.86,7.2800000000002,short,2022-08-02 06:15:00,1776.42,2022-08-02 06:20:00,2022-08-02 06:25:00,1775.25,1776.42,1772.9099999999999,1.1700000000000728,False,extreme,2022-08-02 07:05:00,1776.42,stop,9,-1.0,0,0.0,-1.0,1.512820512820403,1.2820512820512022
XAUUSD,NY,2022-08-02,Tuesday,2,1776.14,1768.86,7.2800000000002,short,2022-08-02 07:05:00,1788.09,2022-08-02 12:05:00,2022-08-02 12:10:00,1775.52,1788.09,1750.38,12.569999999999936,False,extreme,2022-08-02 23:55:00,1768.92,end_of_day,130,0.5250596658711172,0,0.0,0.5250596658711172,1.629276054097066,0.1416070007955435
XAUUSD,NY,2022-08-03,Wednesday,1,1770.66,1765.14,5.519999999999982,long,2022-08-03 04:35:00,1764.1,2022-08-03 04:45:00,2022-08-03 04:50:00,1765.17,1764.1,1767.3100000000004,1.0700000000001637,False,extreme,2022-08-03 06:15:00,1764.1,stop,18,-1.0,1,0.009345794392521934,-1.009345794392522,1.5607476635510187,2.280373831775403
XAUUSD,NY,2022-08-03,Wednesday,2,1770.66,1765.14,5.519999999999982,long,2022-08-03 06:05:00,1760.2,2022-08-03 07:15:00,2022-08-03 07:20:00,1766.0,1760.2,1777.6,5.7999999999999545,False,extreme,2022-08-03 10:00:00,1760.2,stop,33,-1.0,4,0.006896551724137986,-1.006896551724138,1.1724137931034497,1.1224137931034555
XAUUSD,NY,2022-08-03,Wednesday,3,1770.66,1765.14,5.519999999999982,long,2022-08-03 10:00:00,1754.3,2022-08-03 15:20:00,2022-08-03 15:25:00,1765.3,1754.3,1787.3,11.0,False,extreme,2022-08-03 23:55:00,1770.75,end_of_day,91,0.4954545454545496,5,0.004545454545454546,0.49090909090909507,0.5672727272727282,0.18636363636363223
XAUUSD,NY,2022-08-04,Thursday,1,1774.86,1769.13,5.729999999999791,short,2022-08-04 04:15:00,1775.3,2022-08-04 04:20:00,2022-08-04 04:25:00,1774.28,1775.3,1772.24,1.0199999999999818,False,extreme,2022-08-04 04:50:00,1775.3,stop,6,-1.0,0,0.0,-1.0,1.4803921568627625,1.3823529411765756
XAUUSD,NY,2022-08-05,Friday,1,1792.94,1788.58,4.360000000000127,long,2022-08-05 04:05:00,1783.9,2022-08-05 08:25:00,2022-08-05 08:30:00,1788.66,1783.9,1798.18,4.759999999999991,False,extreme,2022-08-05 08:30:00,1783.9,stop,1,-1.0,4,0.008403361344537832,-1.0084033613445378,0.0,3.1932773109243855
XAUUSD,NY,2022-08-09,Tuesday,1,1789.16,1783.54,5.620000000000118,short,2022-08-09 04:00:00,1793.43,2022-08-09 05:35:00,2022-08-09 05:40:00,1788.36,1793.43,1778.2199999999996,5.070000000000164,False,extreme,2022-08-09 06:40:00,1793.43,stop,13,-1.0,5,0.009861932938855698,-1.0098619329388556,0.015779092702154766,1.2426035502958537
XAUUSD,NY,2022-08-09,Tuesday,2,1789.16,1783.54,5.620000000000118,short,2022-08-09 05:45:00,1794.66,2022-08-09 08:15:00,2022-08-09 08:20:00,1788.97,1794.66,1777.59,5.690000000000055,False,extreme,2022-08-09 09:05:00,1794.66,stop,10,-1.0,2,0.0035149384885764163,-1.0035149384885764,0.0017574692442866096,1.6151142355008727
XAUUSD,NY,2022-08-10,Wednesday,1,1791.83,1787.61,4.220000000000027,short,2022-08-10 04:40:00,1795.35,2022-08-10 06:35:00,2022-08-10 06:40:00,1791.56,1795.35,1783.98,3.7899999999999636,False,extreme,2022-08-10 08:30:00,1795.35,stop,23,-1.0,1,0.0026385224274406587,-1.0026385224274406,0.8970976253297879,4.087071240105582
XAUUSD,NY,2022-08-10,Wednesday,2,1791.83,1787.61,4.220000000000027,short,2022-08-10 08:30:00,1807.92,2022-08-10 14:20:00,2022-08-10 14:25:00,1791.61,1798.3,1778.2299999999998,6.690000000000055,True,swing,2022-08-10 23:55:00,1785.85,end_of_day,103,0.8609865470851934,0,0.0,0.8609865470851934,1.0657698056800933,0.19581464872947116
XAUUSD,NY,2022-08-11,Thursday,1,1788.34,1783.58,4.759999999999991,short,2022-08-11 04:55:00,1790.36,2022-08-11 05:40:00,2022-08-11 05:45:00,1788.3,1790.36,1784.18,2.0599999999999454,False,extreme,2022-08-11 06:00:00,1790.36,stop,4,-1.0,0,0.0,-1.0,0.02912621359220729,1.0048543689320346
XAUUSD,NY,2022-08-11,Thursday,2,1788.34,1783.58,4.759999999999991,short,2022-08-11 05:45:00,1799.27,2022-08-11 11:10:00,2022-08-11 11:15:00,1788.02,1794.1,1775.8600000000001,6.079999999999927,True,swing,2022-08-11 23:55:00,1791.1,end_of_day,141,-0.5065789473684151,0,0.0,-0.5065789473684151,0.4835526315789621,0.6480263157894904
XAUUSD,NY,2022-08-12,Friday,1,1794.12,1787.32,6.7999999999999545,long,2022-08-12 04:30:00,1786.78,2022-08-12 04:35:00,2022-08-12 04:40:00,1787.32,1786.78,1788.3999999999999,0.5399999999999636,False,extreme,2022-08-12 04:40:00,1786.78,stop,1,-1.0,0,0.0,-1.0,1.240740740740959,1.0925925925925146
XAUUSD,NY,2022-08-12,Friday,2,1794.12,1787.32,6.7999999999999545,long,2022-08-12 04:40:00,1786.08,2022-08-12 04:45:00,2022-08-12 04:50:00,1787.66,1786.08,1790.8200000000004,1.5800000000001546,False,extreme,2022-08-12 06:10:00,1786.08,stop,17,-1.0,0,0.0,-1.0,0.6518987341771342,1.0949367088606639
XAUUSD,NY,2022-08-12,Friday,3,1794.12,1787.32,6.7999999999999545,long,2022-08-12 06:05:00,1785.93,2022-08-12 06:20:00,2022-08-12 06:25:00,1787.44,1785.93,1790.46,1.509999999999991,False,extreme,2022-08-12 06:45:00,1785.93,stop,5,-1.0,0,0.0,-1.0,0.69536423841057,1.0397350993378631
XAUUSD,NY,2022-08-12,Friday,4,1794.12,1787.32,6.7999999999999545,long,2022-08-12 06:35:00,1785.87,2022-08-12 06:55:00,2022-08-12 07:00:00,1788.1,1785.87,1792.56,2.230000000000018,False,extreme,2022-08-12 07:20:00,1785.87,stop,5,-1.0,4,0.017937219730941558,-1.0179372197309415,0.7085201793722609,1.318385650224127
XAUUSD,NY,2022-08-12,Friday,5,1794.12,1787.32,6.7999999999999545,long,2022-08-12 07:20:00,1784.94,2022-08-12 08:10:00,2022-08-12 08:15:00,1788.66,1784.94,1796.1000000000001,3.7200000000000273,False,extreme,2022-08-12 09:30:00,1796.1000000000001,target,16,2.0,3,0.008064516129032199,1.9919354838709677,2.0967741935483595,0.13440860215053665
XAUUSD,NY,2022-08-12,Friday,6,1794.12,1787.32,6.7999999999999545,short,2022-08-12 09:15:00,1798.74,2022-08-12 10:00:00,2022-08-12 10:05:00,1792.56,1798.74,1780.1999999999998,6.180000000000064,False,extreme,2022-08-12 13:00:00,1798.74,stop,36,-1.0,0,0.0,-1.0,0.34304207119738983,1.1197411003236248
XAUUSD,NY,2022-08-16,Tuesday,1,1782.2,1775.99,6.210000000000036,long,2022-08-16 04:00:00,1774.02,2022-08-16 04:35:00,2022-08-16 04:40:00,1776.24,1774.02,1780.68,2.2200000000000273,False,extreme,2022-08-16 06:25:00,1774.02,stop,22,-1.0,4,0.018018018018017796,-1.0180180180180178,0.6306306306306638,1.0450450450450035
XAUUSD,NY,2022-08-16,Tuesday,2,1782.2,1775.99,6.210000000000036,long,2022-08-16 06:15:00,1773.92,2022-08-16 06:45:00,2022-08-16 06:50:00,1776.16,1773.92,1780.64,2.240000000000009,False,extreme,2022-08-16 08:30:00,1773.92,stop,21,-1.0,6,0.026785714285714177,-1.0267857142857142,1.0892857142856327,2.0982142857142976
XAUUSD,NY,2022-08-16,Tuesday,3,1782.2,1775.99,6.210000000000036,long,2022-08-16 08:30:00,1771.46,2022-08-16 09:15:00,2022-08-16 09:20:00,1776.12,1771.46,1785.4399999999996,4.6599999999998545,False,extreme,2022-08-16 23:55:00,1775.87,end_of_day,164,-0.05364806866952957,0,0.0,-0.05364806866952957,0.5386266094421237,0.7038626609442221
XAUUSD,NY,2022-08-17,Wednesday,1,1782.34,1773.47,8.86999999999989,long,2022-08-17 04:00:00,1772.01,2022-08-17 04:20:00,2022-08-17 04:25:00,1773.86,1772.01,1777.5599999999997,1.849999999999909,False,extreme,2022-08-17 06:25:00,1772.01,stop,25,-1.0,0,0.0,-1.0,1.691891891892034,1.5027027027027617
XAUUSD,NY,2022-08-18,Thursday,1,1765.42,1760.92,4.5,short,2022-08-18 04:50:00,1772.42,2022-08-18 09:05:00,2022-08-18 09:10:00,1763.72,1772.42,1746.32,8.700000000000045,False,extreme,2022-08-18 23:55:00,1754.24,end_of_day,166,1.0896551724137895,0,0.0,1.0896551724137895,1.179310344827579,0.7195402298850526
XAUUSD,NY,2022-08-19,Friday,1,1757.4,1751.85,5.550000000000182,long,2022-08-19 06:00:00,1749.84,2022-08-19 07:40:00,2022-08-19 07:45:00,1753.08,1749.84,1759.56,3.240000000000009,False,extreme,2022-08-19 10:30:00,1749.84,stop,34,-1.0,0,0.0,-1.0,1.55555555555554,1.641975308641951
XAUUSD,NY,2022-08-22,Monday,1,1746.57,1736.56,10.009999999999991,long,2022-08-22 04:15:00,1731.74,2022-08-22 05:50:00,2022-08-22 05:55:00,1736.62,1731.74,1746.3799999999997,4.879999999999882,False,extreme,2022-08-22 07:40:00,1731.74,stop,22,-1.0,0,0.0,-1.0,0.3975409836065782,1.2049180327868902
XAUUSD,NY,2022-08-22,Monday,2,1746.57,1736.56,10.009999999999991,long,2022-08-22 06:30:00,1727.82,2022-08-22 09:30:00,2022-08-22 09:35:00,1737.46,1727.82,1756.7400000000002,9.6400000000001,False,extreme,2022-08-22 23:55:00,1738.46,end_of_day,161,0.10373443983402382,0,0.0,0.10373443983402382,0.323651452282143,0.5788381742738453
XAUUSD,NY,2022-08-23,Tuesday,1,1738.91,1734.76,4.150000000000091,short,2022-08-23 04:00:00,1743.88,2022-08-23 05:35:00,2022-08-23 05:40:00,1738.43,1743.88,1727.53,5.4500000000000455,False,extreme,2022-08-23 09:45:00,1743.88,stop,50,-1.0,0,0.0,-1.0,1.3926605504587306,1.799999999999975
XAUUSD,NY,2022-08-24,Wednesday,1,1748.21,1744.23,3.980000000000018,short,2022-08-24 04:00:00,1750.06,2022-08-24 04:10:00,2022-08-24 04:15:00,1747.84,1750.06,1743.3999999999999,2.2200000000000273,False,extreme,2022-08-24 04:25:00,1750.06,stop,3,-1.0,0,0.0,-1.0,0.08108108108100634,1.0900900900901094
XAUUSD,NY,2022-08-24,Wednesday,2,1748.21,1744.23,3.980000000000018,short,2022-08-24 04:15:00,1753.66,2022-08-24 06:20:00,2022-08-24 06:25:00,1746.64,1753.66,1732.6000000000001,7.019999999999982,False,extreme,2022-08-24 11:10:00,1753.66,stop,58,-1.0,0,0.0,-1.0,0.5897435897436055,1.0598290598290379
XAUUSD,NY,2022-08-24,Wednesday,3,1748.21,1744.23,3.980000000000018,short,2022-08-24 10:40:00,1755.86,2022-08-24 13:35:00,2022-08-24 13:40:00,1748.14,1755.86,1732.7000000000005,7.7199999999998,False,extreme,2022-08-24 21:25:00,1755.86,stop,82,-1.0,0,0.0,-1.0,0.01554404145079292,1.0038860103627203
XAUUSD,NY,2022-08-25,Thursday,1,1763.76,1755.48,8.279999999999973,short,2022-08-25 04:20:00,1765.23,2022-08-25 04:40:00,2022-08-25 04:45:00,1763.52,1765.23,1760.1,1.7100000000000364,False,extreme,2022-08-25 07:15:00,1765.23,stop,31,-1.0,0,0.0,-1.0,0.964912280701787,1.1520467836257224
XAUUSD,NY,2022-08-25,Thursday,2,1763.76,1755.48,8.279999999999973,short,2022-08-25 07:05:00,1765.49,2022-08-25 07:35:00,2022-08-25 07:40:00,1763.6,1765.49,1759.8199999999997,1.8900000000001,False,extreme,2022-08-25 07:45:00,1765.49,stop,2,-1.0,0,0.0,-1.0,0.04232804232800159,1.0052910052910002
XAUUSD,NY,2022-08-25,Thursday,3,1763.76,1755.48,8.279999999999973,short,2022-08-25 07:40:00,1765.5,2022-08-25 07:50:00,2022-08-25 07:55:00,1763.0,1765.5,1758.0,2.5,False,extreme,2022-08-25 08:30:00,1758.0,target,8,2.0,0,0.0,2.0,2.4,0.22799999999997453
XAUUSD,NY,2022-08-25,Thursday,4,1763.76,1755.48,8.279999999999973,long,2022-08-25 09:40:00,1752.3,2022-08-25 10:05:00,2022-08-25 10:10:00,1755.75,1752.3,1762.65,3.4500000000000455,False,extreme,2022-08-25 23:55:00,1757.49,end_of_day,154,0.5043478260869525,0,0.0,0.5043478260869525,1.2086956521739183,0.985507246376825
XAUUSD,NY,2022-08-26,Friday,1,1758.8,1751.82,6.980000000000018,long,2022-08-26 04:05:00,1750.98,2022-08-26 04:10:00,2022-08-26 04:15:00,1752.17,1750.98,1754.5500000000002,1.1900000000000546,False,extreme,2022-08-26 04:25:00,1750.98,stop,3,-1.0,0,0.0,-1.0,0.4369747899159311,1.638655462184837
XAUUSD,NY,2022-08-26,Friday,2,1758.8,1751.82,6.980000000000018,long,2022-08-26 04:15:00,1750.22,2022-08-26 04:40:00,2022-08-26 04:45:00,1752.32,1750.22,1756.5199999999998,2.099999999999909,False,extreme,2022-08-26 05:50:00,1750.22,stop,14,-1.0,0,0.0,-1.0,0.27619047619056175,1.3190476190476674
XAUUSD,NY,2022-08-26,Friday,3,1758.8,1751.82,6.980000000000018,long,2022-08-26 05:30:00,1743.76,2022-08-26 09:15:00,2022-08-26 09:20:00,1752.92,1743.76,1771.2400000000002,9.160000000000082,False,extreme,2022-08-26 10:00:00,1743.76,stop,9,-1.0,0,0.0,-1.0,0.10589519650655226,1.242358078602621
XAUUSD,NY,2022-08-26,Friday,4,1758.8,1751.82,6.980000000000018,long,2022-08-26 09:55:00,1741.54,2022-08-26 10:05:00,2022-08-26 10:10:00,1753.62,1741.54,1777.7799999999997,12.079999999999927,False,extreme,2022-08-26 10:50:00,1741.54,stop,9,-1.0,0,0.0,-1.0,0.2069536423841072,1.0562913907284823
XAUUSD,NY,2022-08-29,Monday,1,1725.92,1720.55,5.370000000000118,short,2022-08-29 06:25:00,1727.08,2022-08-29 06:35:00,2022-08-29 06:40:00,1725.72,1727.08,1723.0000000000002,1.3599999999999,False,extreme,2022-08-29 06:40:00,1727.08,stop,1,-1.0,0,0.0,-1.0,0.007352941176464442,1.1176470588235983
XAUUSD,NY,2022-08-29,Monday,2,1725.92,1720.55,5.370000000000118,short,2022-08-29 06:40:00,1729.76,2022-08-29 07:45:00,2022-08-29 07:50:00,1725.64,1729.76,1717.4000000000003,4.119999999999891,False,extreme,2022-08-29 08:20:00,1729.76,stop,7,-1.0,0,0.0,-1.0,0.024271844660227932,1.412621359223323
XAUUSD,NY,2022-08-31,Wednesday,1,1726.55,1719.72,6.829999999999927,long,2022-08-31 04:15:00,1709.71,2022-08-31 10:25:00,2022-08-31 10:30:00,1721.12,1709.71,1743.9399999999996,11.409999999999854,False,extreme,2022-08-31 16:00:00,1709.71,stop,67,-1.0,0,0.0,-1.0,0.20858895705522695,1.0052585451358411
XAUUSD,NY,2022-09-01,Thursday,1,1708.54,1702.74,5.7999999999999545,long,2022-09-01 04:15:00,1701.12,2022-09-01 04:20:00,2022-09-01 04:25:00,1703.44,1701.12,1708.0800000000004,2.3200000000001637,False,extreme,2022-09-01 04:30:00,1701.12,stop,2,-1.0,0,0.0,-1.0,0.21982758620687712,1.1767241379309592
XAUUSD,NY,2022-09-01,Thursday,2,1708.54,1702.74,5.7999999999999545,long,2022-09-01 04:30:00,1700.64,2022-09-01 05:00:00,2022-09-01 05:05:00,1704.38,1700.64,1711.8600000000001,3.740000000000009,False,extreme,2022-09-01 06:30:00,1700.64,stop,18,-1.0,0,0.0,-1.0,1.1631016042780478,1.0614973262032132
XAUUSD,NY,2022-09-01,Thursday,3,1708.54,1702.74,5.7999999999999545,long,2022-09-01 06:15:00,1699.96,2022-09-01 07:40:00,2022-09-01 07:45:00,1703.74,1699.96,1711.3,3.7799999999999727,False,extreme,2022-09-01 08:20:00,1699.96,stop,8,-1.0,0,0.0,-1.0,0.05026455026456506,1.0158730158730016
XAUUSD,NY,2022-09-01,Thursday,4,1708.54,1702.74,5.7999999999999545,long,2022-09-01 07:45:00,1699.9,2022-09-01 08:25:00,2022-09-01 08:30:00,1703.08,1699.9,1709.4399999999996,3.1799999999998363,False,extreme,2022-09-01 08:35:00,1699.9,stop,2,-1.0,0,0.0,-1.0,0.3270440251572381,1.0849056603773573
XAUUSD,NY,2022-09-02,Friday,1,1704.56,1698.64,5.919999999999845,short,2022-09-02 05:00:00,1704.96,2022-09-02 05:05:00,2022-09-02 05:10:00,1704.53,1704.96,1703.6699999999998,0.43000000000006366,False,extreme,2022-09-02 05:20:00,1704.96,stop,3,-1.0,0,0.0,-1.0,0.25581395348810154,1.4186046511628767
XAUUSD,NY,2022-09-02,Friday,2,1704.56,1698.64,5.919999999999845,short,2022-09-02 05:20:00,1715.05,2022-09-02 08:40:00,2022-09-02 08:45:00,1704.3,1715.05,1682.8,10.75,False,extreme,2022-09-02 10:40:00,1715.05,stop,24,-1.0,0,0.0,-1.0,0.0,1.1274418604651273
XAUUSD,NY,2022-09-05,Monday,1,1714.1,1708.28,5.819999999999936,short,2022-09-05 05:50:00,1715.82,2022-09-05 06:30:00,2022-09-05 06:35:00,1712.96,1715.82,1707.2400000000002,2.8599999999999,False,extreme,2022-09-05 20:10:00,1715.82,stop,123,-1.0,0,0.0,-1.0,1.1818181818182614,1.1783216783216814
XAUUSD,NY,2022-09-06,Tuesday,1,1720.79,1713.66,7.129999999999882,long,2022-09-06 04:45:00,1710.7,2022-09-06 07:05:00,2022-09-06 07:10:00,1713.71,1710.7,1719.73,3.009999999999991,False,extreme,2022-09-06 08:45:00,1710.7,stop,20,-1.0,0,0.0,-1.0,0.435215946843837,1.0431893687708005
XAUUSD,NY,2022-09-07,Wednesday,1,1703.72,1691.42,12.299999999999955,short,2022-09-07 04:00:00,1705.48,2022-09-07 04:10:00,2022-09-07 04:15:00,1703.36,1705.48,1699.1199999999997,2.1200000000001182,False,extreme,2022-09-07 05:00:00,1705.48,stop,10,-1.0,0,0.0,-1.0,0.7499999999999195,1.0094339622641417
XAUUSD,NY,2022-09-07,Wednesday,2,1703.72,1691.42,12.299999999999955,short,2022-09-07 04:35:00,1707.17,2022-09-07 06:45:00,2022-09-07 06:50:00,1702.79,1707.17,1694.0299999999997,4.380000000000109,False,extreme,2022-09-07 10:25:00,1707.17,stop,44,-1.0,0,0.0,-1.0,1.3036529680365054,1.5091324200913157
XAUUSD,NY,2022-09-08,Thursday,1,1722.84,1713.94,8.899999999999864,short,2022-09-08 06:35:00,1723.77,2022-09-08 06:40:00,2022-09-08 06:45:00,1722.12,1723.77,1718.8199999999997,1.650000000000091,False,extreme,2022-09-08 06:50:00,1723.77,stop,2,-1.0,0,0.0,-1.0,0.1636363636363436,1.4606060606060296
XAUUSD,NY,2022-09-08,Thursday,2,1722.84,1713.94,8.899999999999864,short,2022-09-08 06:50:00,1725.29,2022-09-08 07:20:00,2022-09-08 07:25:00,1722.54,1725.29,1717.04,2.75,False,extreme,2022-09-08 07:35:00,1725.29,stop,3,-1.0,0,0.0,-1.0,0.03999999999996362,1.83999999999998
XAUUSD,NY,2022-09-08,Thursday,3,1722.84,1713.94,8.899999999999864,short,2022-09-08 07:25:00,1728.2,2022-09-08 08:15:00,2022-09-08 08:20:00,1721.64,1728.2,1708.5200000000002,6.559999999999945,False,extreme,2022-09-08 10:00:00,1708.5200000000002,target,21,2.0,0,0.0,2.0,2.161585365853686,0.30487804878049035
XAUUSD,NY,2022-09-08,Thursday,4,1722.84,1713.94,8.899999999999864,long,2022-09-08 09:50:00,1704.02,2022-09-08 20:25:00,2022-09-08 20:30:00,1714.11,1704.02,1734.2899999999997,10.089999999999918,False,extreme,2022-09-08 23:55:00,1719.3,end_of_day,42,0.5143706640237955,0,0.0,0.5143706640237955,0.6501486620416478,0.0822596630326991
XAUUSD,NY,2022-09-09,Friday,1,1729.52,1718.22,11.299999999999955,long,2022-09-09 09:00:00,1717.49,2022-09-09 09:05:00,2022-09-09 09:10:00,1718.38,1717.49,1720.1600000000003,0.8900000000001,False,extreme,2022-09-09 09:20:00,1717.49,stop,3,-1.0,0,0.0,-1.0,1.3932584269658903,3.224719101123366
XAUUSD,NY,2022-09-09,Friday,2,1729.52,1718.22,11.299999999999955,long,2022-09-09 09:10:00,1711.39,2022-09-09 11:40:00,2022-09-09 11:45:00,1718.57,1711.39,1732.9299999999996,7.179999999999836,False,extreme,2022-09-09 16:55:00,1716.85,friday_close,63,-0.23955431754875578,0,0.0,-0.23955431754875578,0.24373259052925347,0.5501392757660356
XAUUSD,NY,2022-09-12,Monday,1,1726.52,1712.0,14.519999999999982,short,2022-09-12 05:00:00,1727.21,2022-09-12 05:05:00,2022-09-12 05:10:00,1726.32,1727.21,1724.5399999999997,0.8900000000001,False,extreme,2022-09-12 05:35:00,1727.21,stop,6,-1.0,0,0.0,-1.0,0.786516853932547,1.2921348314606311
XAUUSD,NY,2022-09-12,Monday,2,1726.52,1712.0,14.519999999999982,short,2022-09-12 05:25:00,1727.47,2022-09-12 05:45:00,2022-09-12 05:50:00,1726.09,1727.47,1723.3299999999997,1.3800000000001091,False,extreme,2022-09-12 06:55:00,1727.47,stop,14,-1.0,0,0.0,-1.0,1.920289855072213,1.0797101449274575
XAUUSD,NY,2022-09-12,Monday,3,1726.52,1712.0,14.519999999999982,short,2022-09-12 06:50:00,1733.92,2022-09-12 09:35:00,2022-09-12 09:40:00,1724.82,1733.92,1706.6199999999997,9.100000000000136,False,extreme,2022-09-12 11:50:00,1733.92,stop,27,-1.0,0,0.0,-1.0,0.0945054945054821,1.0725274725274554
XAUUSD,NY,2022-09-12,Monday,4,1726.52,1712.0,14.519999999999982,short,2022-09-12 10:15:00,1735.13,2022-09-12 14:15:00,2022-09-12 14:20:00,1726.17,1735.13,1708.25,8.960000000000036,False,extreme,2022-09-12 23:55:00,1721.4,end_of_day,104,0.5323660714285673,0,0.0,0.5323660714285673,0.6060267857142904,0.1618303571428362
XAUUSD,NY,2022-09-13,Tuesday,1,1725.36,1720.04,5.319999999999936,short,2022-09-13 04:45:00,1726.12,2022-09-13 04:50:00,2022-09-13 04:55:00,1724.93,1726.12,1722.5500000000004,1.1899999999998272,False,extreme,2022-09-13 05:00:00,1726.12,stop,2,-1.0,0,0.0,-1.0,0.025210084033594177,1.3361344537816378
XAUUSD,NY,2022-09-13,Tuesday,2,1725.36,1720.04,5.319999999999936,short,2022-09-13 04:55:00,1728.17,2022-09-13 06:25:00,2022-09-13 06:30:00,1725.31,1728.17,1719.5899999999997,2.8600000000001273,False,extreme,2022-09-13 06:50:00,1728.17,stop,5,-1.0,0,0.0,-1.0,0.03846153846150177,1.0734265734265829
XAUUSD,NY,2022-09-14,Wednesday,1,1705.12,1698.92,6.199999999999818,short,2022-09-14 04:05:00,1706.06,2022-09-14 04:10:00,2022-09-14 04:15:00,1704.86,1706.06,1702.4599999999998,1.2000000000000455,False,extreme,2022-09-14 04:40:00,1706.06,stop,6,-1.0,0,0.0,-1.0,0.8999999999999052,1.1000000000000947
XAUUSD,NY,2022-09-14,Wednesday,2,1705.12,1698.92,6.199999999999818,short,2022-09-14 04:40:00,1706.18,2022-09-14 04:45:00,2022-09-14 04:50:00,1704.12,1706.18,1699.9999999999995,2.060000000000173,False,extreme,2022-09-14 08:30:00,1699.9999999999995,target,45,2.0,0,0.0,2.0,2.330097087378423,0.9271844660193794
XAUUSD,NY,2022-09-14,Wednesday,3,1705.12,1698.92,6.199999999999818,short,2022-09-14 08:50:00,1707.08,2022-09-14 09:00:00,2022-09-14 09:05:00,1704.84,1707.08,1700.36,2.240000000000009,False,extreme,2022-09-14 13:00:00,1700.36,target,48,2.0,0,0.0,2.0,2.2499999999999747,0.9821428571428734
XAUUSD,NY,2022-09-15,Thursday,1,1693.32,1685.68,7.639999999999873,long,2022-09-15 07:05:00,1684.47,2022-09-15 07:20:00,2022-09-15 07:25:00,1685.92,1684.47,1688.8200000000002,1.4500000000000455,False,extreme,2022-09-15 08:10:00,1684.47,stop,10,-1.0,0,0.0,-1.0,1.0413793103447886,1.0206896551723943
XAUUSD,NY,2022-09-15,Thursday,2,1693.32,1685.68,7.639999999999873,long,2022-09-15 08:20:00,1682.49,2022-09-15 08:40:00,2022-09-15 08:45:00,1688.24,1682.49,1699.74,5.75,False,extreme,2022-09-15 09:30:00,1682.49,stop,10,-1.0,0,0.0,-1.0,0.7095652173912917,1.0747826086956633
XAUUSD,NY,2022-09-15,Thursday,3,1693.32,1685.68,7.639999999999873,long,2022-09-15 09:15:00,1680.44,2022-09-15 09:45:00,2022-09-15 09:50:00,1688.28,1680.44,1703.9599999999998,7.839999999999918,False,extreme,2022-09-15 10:45:00,1680.44,stop,12,-1.0,0,0.0,-1.0,0.3431122448979697,1.5727040816326603
XAUUSD,NY,2022-09-16,Friday,1,1665.51,1654.42,11.089999999999918,short,2022-09-16 06:55:00,1667.11,2022-09-16 07:10:00,2022-09-16 07:15:00,1664.37,1667.11,1658.8899999999999,2.740000000000009,False,extreme,2022-09-16 07:35:00,1667.11,stop,5,-1.0,0,0.0,-1.0,0.28467153284670443,1.0729927007299433
XAUUSD,NY,2022-09-16,Friday,2,1665.51,1654.42,11.089999999999918,short,2022-09-16 07:35:00,1667.84,2022-09-16 07:55:00,2022-09-16 08:00:00,1665.42,1667.84,1660.5800000000004,2.4199999999998454,False,extreme,2022-09-16 08:50:00,1660.5800000000004,target,11,2.0,0,0.0,2.0,2.252066115702642,0.0743801652891933
XAUUSD,NY,2022-09-19,Monday,1,1669.76,1659.68,10.079999999999927,short,2022-09-19 10:40:00,1675.34,2022-09-19 13:10:00,2022-09-19 13:15:00,1669.66,1675.34,1658.3000000000004,5.679999999999836,False,extreme,2022-09-19 16:15:00,1675.34,stop,37,-1.0,1,0.001760563380281741,-1.0017605633802817,0.13028169014085042,1.0457746478873238
XAUUSD,NY,2022-09-20,Tuesday,1,1677.26,1670.31,6.9500000000000455,long,2022-09-20 04:10:00,1668.07,2022-09-20 04:40:00,2022-09-20 04:45:00,1670.38,1668.07,1675.0000000000005,2.310000000000173,False,extreme,2022-09-20 05:10:00,1668.07,stop,6,-1.0,0,0.0,-1.0,0.021645021645000338,1.1168831168831002
XAUUSD,NY,2022-09-21,Wednesday,1,1676.29,1661.74,14.549999999999955,long,2022-09-21 14:00:00,1653.96,2022-09-21 14:15:00,2022-09-21 14:20:00,1662.26,1653.96,1678.86,8.299999999999955,False,extreme,2022-09-21 14:30:00,1678.86,target,3,2.0,0,0.0,2.0,2.004819277108457,0.03373493975903304
XAUUSD,NY,2022-09-21,Wednesday,2,1676.29,1661.74,14.549999999999955,short,2022-09-21 14:30:00,1682.5,2022-09-21 14:35:00,2022-09-21 14:40:00,1676.23,1682.5,1663.69,6.269999999999982,False,extreme,2022-09-21 14:40:00,1682.5,stop,1,-1.0,0,0.0,-1.0,0.3524720893142014,1.2519936204146622
XAUUSD,NY,2022-09-21,Wednesday,3,1676.29,1661.74,14.549999999999955,short,2022-09-21 14:40:00,1688.06,2022-09-21 15:35:00,2022-09-21 15:40:00,1675.14,1688.06,1649.3000000000004,12.919999999999845,False,extreme,2022-09-21 23:55:00,1660.58,end_of_day,88,1.1269349845201506,0,0.0,1.1269349845201506,1.417956656346779,0.13003095975231085
XAUUSD,NY,2022-09-27,Tuesday,1,1640.62,1630.98,9.639999999999873,short,2022-09-27 07:35:00,1642.43,2022-09-27 07:40:00,2022-09-27 07:45:00,1640.54,1642.43,1636.7599999999998,1.8900000000001,False,extreme,2022-09-27 07:55:00,1636.7599999999998,target,3,2.0,0,0.0,2.0,2.0687830687828823,0.3439153439153738
XAUUSD,NY,2022-09-27,Tuesday,2,1640.62,1630.98,9.639999999999873,long,2022-09-27 12:05:00,1629.98,2022-09-27 12:10:00,2022-09-27 12:15:00,1630.86,1629.98,1632.6199999999997,0.8799999999998818,False,extreme,2022-09-27 12:30:00,1632.6199999999997,target,4,2.0,0,0.0,2.0,2.0568181818186546,0.9545454545454898
XAUUSD,NY,2022-09-27,Tuesday,3,1640.62,1630.98,9.639999999999873,long,2022-09-27 12:40:00,1626.8,2022-09-27 14:00:00,2022-09-27 14:05:00,1631.86,1626.8,1641.9799999999998,5.059999999999945,False,extreme,2022-09-27 15:45:00,1626.8,stop,21,-1.0,0,0.0,-1.0,0.1541501976284997,1.0
XAUUSD,NY,2022-09-28,Wednesday,1,1625.73,1614.87,10.860000000000127,short,2022-09-28 06:15:00,1631.65,2022-09-28 07:35:00,2022-09-28 07:40:00,1623.58,1631.65,1607.4399999999996,8.070000000000164,False,extreme,2022-09-28 08:15:00,1631.65,stop,8,-1.0,0,0.0,-1.0,0.1437422552663979,1.0631970260223025
XAUUSD,NY,2022-09-29,Thursday,1,1654.56,1641.55,13.009999999999991,short,2022-09-29 08:25:00,1656.2,2022-09-29 08:30:00,2022-09-29 08:35:00,1649.08,1656.2,1634.8399999999997,7.120000000000118,False,extreme,2022-09-29 09:15:00,1656.2,stop,9,-1.0,0,0.0,-1.0,0.1755617977528061,1.1362359550561814
XAUUSD,NY,2022-09-29,Thursday,2,1654.56,1641.55,13.009999999999991,short,2022-09-29 09:10:00,1658.15,2022-09-29 09:40:00,2022-09-29 09:45:00,1650.73,1658.15,1635.8899999999999,7.420000000000073,False,extreme,2022-09-29 11:05:00,1658.15,stop,17,-1.0,0,0.0,-1.0,0.8328840970350408,1.1886792452829986
XAUUSD,NY,2022-09-30,Friday,1,1674.33,1661.22,13.1099999999999,short,2022-09-30 10:35:00,1675.42,2022-09-30 10:40:00,2022-09-30 10:45:00,1672.05,1675.42,1665.3099999999997,3.3700000000001182,False,extreme,2022-09-30 12:40:00,1665.3099999999997,target,24,2.0,0,0.0,2.0,2.175074183976163,0.8753709198812885
XAUUSD,NY,2022-09-30,Friday,2,1674.33,1661.22,13.1099999999999,long,2022-09-30 13:45:00,1661.05,2022-09-30 13:50:00,2022-09-30 13:55:00,1662.24,1661.05,1664.6200000000001,1.1900000000000546,False,extreme,2022-09-30 14:30:00,1664.6200000000001,target,8,2.0,0,0.0,2.0,2.1428571428570065,0.016806722689059573
XAUUSD,NY,2022-09-30,Friday,3,1674.33,1661.22,13.1099999999999,long,2022-09-30 15:50:00,1660.16,2022-09-30 15:55:00,2022-09-30 16:00:00,1661.85,1660.16,1665.2299999999996,1.6899999999998272,False,extreme,2022-09-30 16:55:00,1660.79,friday_close,12,-0.6272189349112745,6,0.03550295857988529,-0.6627218934911597,0.43195266272194843,0.8224852071006005
XAUUSD,NY,2022-10-03,Monday,1,1668.34,1661.88,6.459999999999809,long,2022-10-03 04:00:00,1661.11,2022-10-03 04:10:00,2022-10-03 04:15:00,1662.52,1661.11,1665.3400000000001,1.4100000000000819,False,extreme,2022-10-03 04:25:00,1665.3400000000001,target,3,2.0,0,0.0,2.0,2.1418439716310687,0.2978723404255662
XAUUSD,NY,2022-10-03,Monday,2,1668.34,1661.88,6.459999999999809,long,2022-10-03 05:25:00,1659.71,2022-10-03 06:05:00,2022-10-03 06:10:00,1664.59,1659.71,1674.3499999999997,4.879999999999882,False,extreme,2022-10-03 09:15:00,1674.3499999999997,target,38,2.0,0,0.0,2.0,2.069672131147619,0.3545081967213238
XAUUSD,NY,2022-10-03,Monday,3,1668.34,1661.88,6.459999999999809,short,2022-10-03 09:10:00,1674.69,2022-10-03 09:30:00,2022-10-03 09:35:00,1667.26,1674.69,1652.3999999999999,7.430000000000064,False,extreme,2022-10-03 10:00:00,1674.69,stop,6,-1.0,0,0.0,-1.0,0.040376850605646296,1.0336473755047104
XAUUSD,NY,2022-10-04,Tuesday,1,1710.71,1697.46,13.25,short,2022-10-04 06:20:00,1712.5,2022-10-04 06:25:00,2022-10-04 06:30:00,1710.52,1712.5,1706.56,1.9800000000000182,False,extreme,2022-10-04 06:55:00,1706.56,target,6,2.0,0,0.0,2.0,2.3535353535353734,0.4646464646464971
XAUUSD,NY,2022-10-04,Tuesday,2,1710.71,1697.46,13.25,short,2022-10-04 08:50:00,1714.0,2022-10-04 09:20:00,2022-10-04 09:25:00,1710.15,1714.0,1702.4500000000003,3.849999999999909,False,extreme,2022-10-04 10:00:00,1714.0,stop,8,-1.0,0,0.0,-1.0,0.9896103896104579,1.6285714285714623
XAUUSD,NY,2022-10-05,Wednesday,1,1727.82,1715.1,12.720000000000027,long,2022-10-05 04:05:00,1709.86,2022-10-05 04:50:00,2022-10-05 04:55:00,1715.57,1709.86,1726.99,5.710000000000036,False,extreme,2022-10-05 05:40:00,1709.86,stop,10,-1.0,0,0.0,-1.0,0.03677758318739668,1.0017513134851121
XAUUSD,NY,2022-10-05,Wednesday,2,1727.82,1715.1,12.720000000000027,long,2022-10-05 04:55:00,1700.54,2022-10-05 14:10:00,2022-10-05 14:15:00,1715.16,1700.54,1744.4000000000003,14.620000000000118,False,extreme,2022-10-05 23:55:00,1722.26,end_of_day,105,0.48563611491107056,0,0.0,0.48563611491107056,0.6231190150478677,0.09028727770178885
XAUUSD,NY,2022-10-07,Friday,1,1714.08,1708.41,5.669999999999845,short,2022-10-07 05:00:00,1714.82,2022-10-07 05:15:00,2022-10-07 05:20:00,1713.7,1714.82,1711.4600000000003,1.1199999999998909,False,extreme,2022-10-07 05:30:00,1711.4600000000003,target,3,2.0,0,0.0,2.0,2.357142857143176,0.07142857142851343
XAUUSD,NY,2022-10-07,Friday,2,1714.08,1708.41,5.669999999999845,long,2022-10-07 06:20:00,1706.27,2022-10-07 06:35:00,2022-10-07 06:40:00,1708.74,1706.27,1713.68,2.4700000000000273,False,extreme,2022-10-07 08:30:00,1706.27,stop,23,-1.0,1,0.004048582995951372,-1.0040485829959513,0.959514170040431,2.923076923076902
XAUUSD,NY,2022-10-10,Monday,1,1689.62,1682.22,7.399999999999864,long,2022-10-10 04:10:00,1680.29,2022-10-10 04:20:00,2022-10-10 04:25:00,1682.46,1680.29,1686.8000000000002,2.1700000000000728,False,extreme,2022-10-10 04:30:00,1680.29,stop,2,-1.0,1,0.004608294930875422,-1.0046082949308754,0.20737327188941493,1.0967741935484006
XAUUSD,NY,2022-10-10,Monday,2,1689.62,1682.22,7.399999999999864,long,2022-10-10 04:25:00,1680.04,2022-10-10 05:00:00,2022-10-10 05:05:00,1683.36,1680.04,1689.9999999999998,3.3199999999999363,False,extreme,2022-10-10 05:20:00,1680.04,stop,4,-1.0,0,0.0,-1.0,0.36144578313255077,1.0602409638554366
XAUUSD,NY,2022-10-11,Tuesday,1,1669.68,1661.98,7.7000000000000455,long,2022-10-11 06:10:00,1661.02,2022-10-11 06:15:00,2022-10-11 06:20:00,1662.44,1661.02,1665.2800000000002,1.4200000000000728,False,extreme,2022-10-11 06:50:00,1665.2800000000002,target,7,2.0,0,0.0,2.0,2.09859154929568,0.0
XAUUSD,NY,2022-10-11,Tuesday,2,1669.68,1661.98,7.7000000000000455,short,2022-10-11 07:50:00,1672.97,2022-10-11 08:35:00,2022-10-11 08:40:00,1669.66,1672.97,1663.0400000000002,3.3099999999999454,False,extreme,2022-10-11 11:30:00,1672.97,stop,35,-1.0,0,0.0,-1.0,1.8580060422961306,2.50151057401816
XAUUSD,NY,2022-10-11,Tuesday,3,1669.68,1661.98,7.7000000000000455,short,2022-10-11 11:00:00,1683.98,2022-10-11 14:55:00,2022-10-11 15:00:00,1667.28,1678.9,1644.0399999999997,11.620000000000118,True,swing,2022-10-11 23:55:00,1665.36,end_of_day,96,0.16523235800344693,0,0.0,0.16523235800344693,0.5043029259896592,0.09294320137692912
XAUUSD,NY,2022-10-12,Wednesday,1,1675.43,1664.78,10.650000000000091,short,2022-10-12 14:10:00,1678.28,2022-10-12 14:30:00,2022-10-12 14:35:00,1675.44,1678.28,1669.7600000000002,2.839999999999918,False,extreme,2022-10-12 22:55:00,1669.7600000000002,target,89,2.0,0,0.0,2.0,2.0070422535212007,0.4507042253521161
XAUUSD,NY,2022-10-13,Thursday,1,1672.51,1667.05,5.460000000000036,long,2022-10-13 08:30:00,1642.44,2022-10-13 11:50:00,2022-10-13 11:55:00,1667.54,1645.4,1711.8199999999997,22.139999999999873,True,swing,2022-10-13 23:55:00,1669.08,end_of_day,133,0.06955736224028783,0,0.0,0.06955736224028783,0.2267389340560077,0.3839205058717276
XAUUSD,NY,2022-10-17,Monday,1,1657.47,1648.37,9.100000000000136,short,2022-10-17 06:05:00,1660.62,2022-10-17 06:20:00,2022-10-17 06:25:00,1656.48,1660.62,1648.2000000000003,4.139999999999873,False,extreme,2022-10-17 08:20:00,1660.62,stop,24,-1.0,0,0.0,-1.0,0.38164251207728883,2.3260869565217823
XAUUSD,NY,2022-10-17,Monday,2,1657.47,1648.37,9.100000000000136,short,2022-10-17 07:50:00,1668.42,2022-10-17 12:55:00,2022-10-17 13:00:00,1657.42,1668.42,1635.42,11.0,False,extreme,2022-10-17 23:55:00,1652.49,end_of_day,120,0.44818181818182395,0,0.0,0.44818181818182395,0.9654545454545562,0.2363636363636281
XAUUSD,NY,2022-10-18,Tuesday,1,1660.88,1651.34,9.540000000000191,long,2022-10-18 04:55:00,1648.65,2022-10-18 05:15:00,2022-10-18 05:20:00,1652.34,1648.65,1659.7199999999996,3.689999999999827,False,extreme,2022-10-18 10:30:00,1648.65,stop,63,-1.0,0,0.0,-1.0,1.3658536585367012,1.0054200542005374
XAUUSD,NY,2022-10-18,Tuesday,2,1660.88,1651.34,9.540000000000191,long,2022-10-18 10:20:00,1648.63,2022-10-18 10:45:00,2022-10-18 10:50:00,1652.14,1648.63,1659.16,3.509999999999991,False,extreme,2022-10-18 11:20:00,1648.63,stop,7,-1.0,0,0.0,-1.0,0.3418803418802909,1.566951566951571
XAUUSD,NY,2022-10-18,Tuesday,3,1660.88,1651.34,9.540000000000191,long,2022-10-18 11:15:00,1645.86,2022-10-18 12:35:00,2022-10-18 12:40:00,1651.4,1645.86,1662.4800000000005,5.540000000000191,False,extreme,2022-10-18 23:55:00,1649.33,end_of_day,124,-0.3736462093862983,0,0.0,-0.3736462093862983,0.5505415162454602,0.5667870036101068
XAUUSD,NY,2022-10-20,Thursday,1,1635.08,1625.18,9.899999999999864,short,2022-10-20 05:45:00,1636.02,2022-10-20 05:55:00,2022-10-20 06:00:00,1634.89,1636.02,1632.6300000000003,1.1299999999998818,False,extreme,2022-10-20 06:40:00,1636.02,stop,9,-1.0,0,0.0,-1.0,1.7787610619470806,3.4424778761064423
XAUUSD,NY,2022-10-20,Thursday,2,1635.08,1625.18,9.899999999999864,short,2022-10-20 06:35:00,1640.04,2022-10-20 08:35:00,2022-10-20 08:40:00,1634.33,1640.04,1622.9099999999999,5.710000000000036,False,extreme,2022-10-20 10:15:00,1640.04,stop,20,-1.0,1,0.0017513134851138243,-1.001751313485114,0.6830122591943676,1.1471103327495866
XAUUSD,NY,2022-10-20,Thursday,3,1635.08,1625.18,9.899999999999864,short,2022-10-20 10:00:00,1645.62,2022-10-20 13:00:00,2022-10-20 13:05:00,1634.67,1645.62,1612.7700000000004,10.949999999999818,False,extreme,2022-10-20 23:55:00,1621.64,end_of_day,119,1.1899543378995607,0,0.0,1.1899543378995607,1.2739726027397513,0.0036529680365264185
XAUUSD,NY,2022-10-24,Monday,1,1658.7,1648.9,9.799999999999955,long,2022-10-24 04:10:00,1644.42,2022-10-24 05:10:00,2022-10-24 05:15:00,1649.24,1644.42,1658.8799999999999,4.819999999999936,False,extreme,2022-10-24 10:20:00,1644.42,stop,62,-1.0,3,0.006224066390041576,-1.0062240663900415,1.0933609958506332,1.0933609958506332
XAUUSD,NY,2022-10-24,Monday,2,1658.7,1648.9,9.799999999999955,long,2022-10-24 10:15:00,1643.97,2022-10-24 11:20:00,2022-10-24 11:25:00,1649.09,1643.97,1659.3299999999997,5.119999999999891,False,extreme,2022-10-24 23:55:00,1651.61,end_of_day,139,0.49218750000000694,0,0.0,0.49218750000000694,1.1308593750000615,0.3593749999999917
XAUUSD,NY,2022-10-25,Tuesday,1,1652.22,1644.55,7.670000000000073,long,2022-10-25 04:55:00,1638.31,2022-10-25 07:40:00,2022-10-25 07:45:00,1644.92,1638.31,1658.1400000000003,6.610000000000127,False,extreme,2022-10-25 09:45:00,1658.1400000000003,target,25,2.0,0,0.0,2.0,2.2526475037820854,0.8819969742813982
XAUUSD,NY,2022-10-25,Tuesday,2,1652.22,1644.55,7.670000000000073,short,2022-10-25 09:25:00,1662.38,2022-10-25 18:20:00,2022-10-25 18:25:00,1651.96,1662.38,1631.12,10.420000000000073,False,extreme,2022-10-25 23:55:00,1657.1,end_of_day,67,-0.49328214971207646,7,0.0067178502879078235,-0.4999999999999843,0.21305182341650786,0.5470249520153556
XAUUSD,NY,2022-10-26,Wednesday,1,1671.56,1655.22,16.339999999999918,short,2022-10-26 04:00:00,1673.53,2022-10-26 04:10:00,2022-10-26 04:15:00,1670.58,1673.53,1664.6799999999998,2.9500000000000455,False,extreme,2022-10-26 04:50:00,1673.53,stop,8,-1.0,3,0.010169491525423572,-1.0101694915254236,0.4338983050847298,1.0067796610169428
XAUUSD,NY,2022-10-26,Wednesday,2,1671.56,1655.22,16.339999999999918,short,2022-10-26 04:35:00,1674.97,2022-10-26 05:25:00,2022-10-26 05:30:00,1670.44,1674.97,1661.38,4.529999999999973,False,extreme,2022-10-26 08:50:00,1661.38,target,41,2.0,0,0.0,2.0,2.0220750551876683,0.35761589403971317
XAUUSD,NY,2022-10-26,Wednesday,3,1671.56,1655.22,16.339999999999918,short,2022-10-26 11:10:00,1672.64,2022-10-26 11:25:00,2022-10-26 11:30:00,1671.53,1672.64,1669.3099999999997,1.1100000000001273,False,extreme,2022-10-26 11:40:00,1669.3099999999997,target,3,2.0,0,0.0,2.0,2.6756756756753934,0.5855855855856004
XAUUSD,NY,2022-10-27,Thursday,1,1669.76,1659.08,10.680000000000064,long,2022-10-27 08:20:00,1654.93,2022-10-27 08:25:00,2022-10-27 08:30:00,1661.46,1654.93,1674.52,6.529999999999973,False,extreme,2022-10-27 23:55:00,1664.78,end_of_day,174,0.5084226646248009,0,0.0,0.5084226646248009,0.8575803981623173,0.8330781010719873
XAUUSD,NY,2022-10-28,Friday,1,1665.4,1651.42,13.980000000000018,long,2022-10-28 04:00:00,1647.94,2022-10-28 04:45:00,2022-10-28 04:50:00,1651.68,1647.94,1659.16,3.740000000000009,False,extreme,2022-10-28 05:15:00,1647.94,stop,6,-1.0,5,0.01336898395721922,-1.0133689839572193,0.010695187165765648,1.2727272727272672
XAUUSD,NY,2022-10-28,Friday,2,1665.4,1651.42,13.980000000000018,long,2022-10-28 04:50:00,1646.26,2022-10-28 07:25:00,2022-10-28 07:30:00,1651.39,1646.26,1661.6500000000003,5.130000000000109,False,extreme,2022-10-28 08:25:00,1646.26,stop,12,-1.0,0,0.0,-1.0,0.3294346978557098,1.405458089668593
XAUUSD,NY,2022-10-31,Monday,1,1645.68,1640.5,5.180000000000064,long,2022-10-31 04:00:00,1635.67,2022-10-31 07:05:00,2022-10-31 07:10:00,1640.66,1635.67,1650.64,4.990000000000009,False,extreme,2022-10-31 08:35:00,1635.67,stop,18,-1.0,6,0.012024048096192362,-1.0120240480961924,0.28256513026049135,1.0040080160320606
XAUUSD,NY,2022-10-31,Monday,2,1645.68,1640.5,5.180000000000064,long,2022-10-31 08:15:00,1633.44,2022-10-31 10:25:00,2022-10-31 10:30:00,1640.73,1633.44,1655.31,7.289999999999964,False,extreme,2022-10-31 15:10:00,1633.44,stop,57,-1.0,0,0.0,-1.0,0.18655692729765525,1.0137174211248474
XAUUSD,NY,2022-11-01,Tuesday,1,1649.9,1636.52,13.38000000000011,short,2022-11-01 05:50:00,1657.03,2022-11-01 10:00:00,2022-11-01 10:05:00,1645.48,1657.03,1622.38,11.549999999999955,False,extreme,2022-11-01 23:55:00,1650.82,end_of_day,155,-0.46233766233765705,0,0.0,-0.46233766233765705,0.2943722943723034,0.6770562770562742
XAUUSD,NY,2022-11-02,Wednesday,1,1653.38,1649.4,3.980000000000018,short,2022-11-02 04:15:00,1655.48,2022-11-02 04:45:00,2022-11-02 04:50:00,1652.89,1655.48,1647.7100000000003,2.589999999999918,False,extreme,2022-11-02 05:20:00,1655.48,stop,7,-1.0,0,0.0,-1.0,0.3667953667953959,1.023166023166003
XAUUSD,NY,2022-11-02,Wednesday,2,1653.38,1649.4,3.980000000000018,short,2022-11-02 05:05:00,1658.86,2022-11-02 10:00:00,2022-11-02 10:05:00,1651.83,1658.86,1637.77,7.029999999999973,False,extreme,2022-11-02 14:00:00,1658.86,stop,48,-1.0,0,0.0,-1.0,0.873399715504964,1.33285917496446
XAUUSD,NY,2022-11-02,Wednesday,3,1653.38,1649.4,3.980000000000018,long,2022-11-02 14:50:00,1644.72,2022-11-02 14:55:00,2022-11-02 15:00:00,1649.62,1644.72,1659.4199999999996,4.899999999999864,False,extreme,2022-11-02 15:15:00,1644.72,stop,4,-1.0,4,0.008163265306122677,-1.0081632653061228,0.5428571428571747,1.5795918367346933
XAUUSD,NY,2022-11-03,Thursday,1,1638.96,1628.4,10.559999999999945,long,2022-11-03 04:00:00,1626.72,2022-11-03 04:05:00,2022-11-03 04:10:00,1628.36,1626.72,1631.6399999999996,1.6399999999998727,False,extreme,2022-11-03 04:20:00,1626.72,stop,3,-1.0,0,0.0,-1.0,0.7439024390244646,1.256097560975674
XAUUSD,NY,2022-11-03,Thursday,2,1638.96,1628.4,10.559999999999945,long,2022-11-03 04:15:00,1616.66,2022-11-03 10:50:00,2022-11-03 10:55:00,1629.17,1616.66,1654.19,12.509999999999991,False,extreme,2022-11-03 23:55:00,1639.2,end_of_day,145,0.801758593125498,0,0.0,0.801758593125498,0.8721023181454726,0.3421262989608294
XAUUSD,NY,2022-11-04,Friday,1,1649.84,1638.65,11.189999999999827,short,2022-11-04 05:15:00,1652.5,2022-11-04 05:40:00,2022-11-04 05:45:00,1648.38,1652.5,1640.1400000000003,4.119999999999891,False,extreme,2022-11-04 07:05:00,1652.5,stop,17,-1.0,0,0.0,-1.0,1.1067961165049256,1.1165048543689395
XAUUSD,NY,2022-11-04,Friday,2,1649.84,1638.65,11.189999999999827,short,2022-11-04 07:00:00,1653.49,2022-11-04 08:30:00,2022-11-04 08:35:00,1648.84,1653.49,1639.5399999999997,4.650000000000091,False,extreme,2022-11-04 08:35:00,1653.49,stop,1,-1.0,0,0.0,-1.0,0.027956989247285853,1.6258064516129085
XAUUSD,NY,2022-11-07,Monday,1,1676.13,1666.88,9.25,short,2022-11-07 04:00:00,1680.45,2022-11-07 07:20:00,2022-11-07 07:25:00,1675.14,1680.45,1664.5200000000002,5.309999999999945,False,extreme,2022-11-07 09:10:00,1680.45,stop,22,-1.0,0,0.0,-1.0,0.2937853107344988,1.1544256120527203
XAUUSD,NY,2022-11-07,Monday,2,1676.13,1666.88,9.25,short,2022-11-07 08:25:00,1681.88,2022-11-07 10:20:00,2022-11-07 10:25:00,1675.84,1681.88,1663.7599999999995,6.040000000000191,False,extreme,2022-11-07 23:55:00,1670.16,end_of_day,151,0.9403973509933207,0,0.0,0.9403973509933207,1.0579470198674952,0.7301324503311163
XAUUSD,NY,2022-11-08,Tuesday,1,1671.54,1666.3,5.240000000000009,long,2022-11-08 04:00:00,1664.74,2022-11-08 04:10:00,2022-11-08 04:15:00,1666.42,1664.74,1669.7800000000002,1.6800000000000637,False,extreme,2022-11-08 04:35:00,1669.7800000000002,target,5,2.0,2,0.011904761904761453,1.9880952380952386,2.5595238095236854,0.023809523809501253
XAUUSD,NY,2022-11-08,Tuesday,2,1671.54,1666.3,5.240000000000009,short,2022-11-08 05:05:00,1672.02,2022-11-08 05:15:00,2022-11-08 05:20:00,1671.05,1672.02,1669.11,0.9700000000000273,False,extreme,2022-11-08 06:10:00,1672.02,stop,11,-1.0,0,0.0,-1.0,1.3092783505154084,1.0412371134020233
XAUUSD,NY,2022-11-08,Tuesday,3,1671.54,1666.3,5.240000000000009,short,2022-11-08 06:10:00,1673.38,2022-11-08 07:10:00,2022-11-08 07:15:00,1671.13,1673.38,1666.63,2.25,False,extreme,2022-11-08 08:20:00,1673.38,stop,14,-1.0,1,0.0044444444444444444,-1.0044444444444445,0.4933333333333899,1.8088888888888606
XAUUSD,NY,2022-11-09,Wednesday,1,1715.84,1707.44,8.399999999999864,long,2022-11-09 05:05:00,1703.96,2022-11-09 05:40:00,2022-11-09 05:45:00,1708.45,1703.96,1717.43,4.490000000000009,False,extreme,2022-11-09 08:15:00,1703.96,stop,31,-1.0,0,0.0,-1.0,0.3541202672605601,1.1781737193763815
XAUUSD,NY,2022-11-09,Wednesday,2,1715.84,1707.44,8.399999999999864,long,2022-11-09 08:10:00,1703.16,2022-11-09 08:30:00,2022-11-09 08:35:00,1709.15,1703.16,1721.13,5.990000000000009,False,extreme,2022-11-09 10:05:00,1721.13,target,19,2.0,0,0.0,2.0,2.0617696160266927,0.29215358931552543
XAUUSD,NY,2022-11-09,Wednesday,3,1715.84,1707.44,8.399999999999864,short,2022-11-09 10:05:00,1722.34,2022-11-09 10:25:00,2022-11-09 10:30:00,1712.32,1722.34,1692.28,10.019999999999982,False,extreme,2022-11-09 23:55:00,1709.78,end_of_day,150,0.2534930139720527,0,0.0,0.2534930139720527,1.0119760479041808,0.2065868263473221
XAUUSD,NY,2022-11-10,Thursday,1,1712.58,1705.28,7.2999999999999545,long,2022-11-10 04:15:00,1704.63,2022-11-10 04:20:00,2022-11-10 04:25:00,1706.55,1704.63,1710.3899999999996,1.9199999999998454,False,extreme,2022-11-10 05:20:00,1704.63,stop,12,-1.0,0,0.0,-1.0,1.1979166666667393,1.0937500000000406
XAUUSD,NY,2022-11-10,Thursday,2,1712.58,1705.28,7.2999999999999545,long,2022-11-10 05:20:00,1704.03,2022-11-10 05:30:00,2022-11-10 05:35:00,1706.32,1704.03,1710.8999999999999,2.2899999999999636,False,extreme,2022-11-10 08:20:00,1710.8999999999999,target,34,2.0,0,0.0,2.0,2.5589519650655985,0.3493449781659246
XAUUSD,NY,2022-11-11,Friday,1,1766.15,1752.49,13.660000000000082,short,2022-11-11 14:25:00,1767.73,2022-11-11 14:45:00,2022-11-11 14:50:00,1766.06,1767.73,1762.7199999999998,1.6700000000000728,False,extreme,2022-11-11 14:55:00,1767.73,stop,2,-1.0,0,0.0,-1.0,0.0,1.1437125748502985
XAUUSD,NY,2022-11-11,Friday,2,1766.15,1752.49,13.660000000000082,short,2022-11-11 14:50:00,1768.12,2022-11-11 15:00:00,2022-11-11 15:05:00,1765.9,1768.12,1761.4600000000005,2.2199999999998,False,extreme,2022-11-11 16:15:00,1768.12,stop,15,-1.0,0,0.0,-1.0,0.20720720720724228,1.0225225225226064
XAUUSD,NY,2022-11-14,Monday,1,1766.14,1757.94,8.200000000000045,long,2022-11-14 04:55:00,1755.75,2022-11-14 05:20:00,2022-11-14 05:25:00,1758.08,1755.75,1762.7399999999998,2.3299999999999272,False,extreme,2022-11-14 05:30:00,1755.75,stop,2,-1.0,0,0.0,-1.0,0.051502145922799135,1.0987124463519422
XAUUSD,NY,2022-11-14,Monday,2,1766.14,1757.94,8.200000000000045,long,2022-11-14 05:25:00,1753.27,2022-11-14 07:25:00,2022-11-14 07:30:00,1758.35,1753.27,1768.5099999999998,5.079999999999927,False,extreme,2022-11-14 09:55:00,1768.5099999999998,target,30,2.0,0,0.0,2.0,2.368110236220546,0.2263779527558819
XAUUSD,NY,2022-11-15,Tuesday,1,1784.49,1768.72,15.769999999999982,short,2022-11-15 08:30:00,1786.51,2022-11-15 08:40:00,2022-11-15 08:45:00,1777.78,1786.51,1760.32,8.730000000000018,False,extreme,2022-11-15 23:55:00,1771.94,end_of_day,171,0.6689576174112148,0,0.0,0.6689576174112148,1.1145475372279494,0.9221076746849871
XAUUSD,NY,2022-11-16,Wednesday,1,1779.29,1770.98,8.309999999999945,short,2022-11-16 04:00:00,1785.06,2022-11-16 08:10:00,2022-11-16 08:15:00,1778.73,1785.06,1766.0700000000002,6.329999999999927,False,extreme,2022-11-16 22:00:00,1766.0700000000002,target,154,2.0,0,0.0,2.0,2.011058451816772,0.4375987361769374
XAUUSD,NY,2022-11-17,Thursday,1,1771.06,1761.44,9.61999999999989,long,2022-11-17 08:00:00,1756.72,2022-11-17 08:20:00,2022-11-17 08:25:00,1762.92,1756.72,1775.3200000000002,6.2000000000000455,False,extreme,2022-11-17 08:55:00,1756.72,stop,7,-1.0,0,0.0,-1.0,0.5451612903225576,1.0612903225806622
XAUUSD,NY,2022-11-17,Thursday,2,1771.06,1761.44,9.61999999999989,long,2022-11-17 08:35:00,1754.47,2022-11-17 10:15:00,2022-11-17 10:20:00,1761.86,1754.47,1776.6399999999996,7.389999999999873,False,extreme,2022-11-17 23:55:00,1762.57,end_of_day,152,0.09607577807849102,0,0.0,0.09607577807849102,0.5250338294993472,0.8633288227334224
XAUUSD,NY,2022-11-18,Friday,1,1766.96,1761.18,5.779999999999973,long,2022-11-18 06:40:00,1759.97,2022-11-18 06:50:00,2022-11-18 06:55:00,1761.2,1759.97,1763.66,1.2300000000000182,False,extreme,2022-11-18 07:00:00,1759.97,stop,2,-1.0,0,0.0,-1.0,0.2032520325203222,1.650406504064994
XAUUSD,NY,2022-11-18,Friday,2,1766.96,1761.18,5.779999999999973,long,2022-11-18 06:55:00,1759.17,2022-11-18 07:05:00,2022-11-18 07:10:00,1761.38,1759.17,1765.8000000000002,2.2100000000000364,False,extreme,2022-11-18 08:00:00,1759.17,stop,11,-1.0,0,0.0,-1.0,0.5610859728505707,1.4615384615384457
XAUUSD,NY,2022-11-18,Friday,3,1766.96,1761.18,5.779999999999973,long,2022-11-18 07:30:00,1758.15,2022-11-18 08:15:00,2022-11-18 08:20:00,1762.39,1758.15,1770.8700000000001,4.240000000000009,False,extreme,2022-11-18 09:25:00,1758.15,stop,14,-1.0,1,0.002358490566037731,-1.0023584905660377,0.4103773584905673,1.7617924528301914
XAUUSD,NY,2022-11-21,Monday,1,1747.13,1740.58,6.550000000000182,long,2022-11-21 04:05:00,1739.17,2022-11-21 04:15:00,2022-11-21 04:20:00,1740.8,1739.17,1744.0599999999997,1.6299999999998818,False,extreme,2022-11-21 04:40:00,1739.17,stop,5,-1.0,0,0.0,-1.0,0.44171779141109174,2.0490797546013253
XAUUSD,NY,2022-11-21,Monday,2,1747.13,1740.58,6.550000000000182,long,2022-11-21 04:20:00,1736.98,2022-11-21 05:00:00,2022-11-21 05:05:00,1740.66,1736.98,1748.0200000000002,3.6800000000000637,False,extreme,2022-11-21 10:05:00,1736.98,stop,61,-1.0,0,0.0,-1.0,1.7201086956521243,1.2445652173913249
XAUUSD,NY,2022-11-21,Monday,3,1747.13,1740.58,6.550000000000182,long,2022-11-21 10:00:00,1732.55,2022-11-21 19:25:00,2022-11-21 19:30:00,1740.9,1732.55,1757.6000000000004,8.350000000000136,False,extreme,2022-11-21 23:55:00,1745.1,end_of_day,54,0.5029940119760179,4,0.004790419161676569,0.49820359281434135,0.5772455089820189,0.07185628742516487
XAUUSD,NY,2022-11-22,Tuesday,1,1746.31,1740.4,5.9099999999998545,short,2022-11-22 04:30:00,1748.42,2022-11-22 05:55:00,2022-11-22 06:00:00,1746.09,1748.42,1741.4299999999996,2.3300000000001546,False,extreme,2022-11-22 06:35:00,1748.42,stop,8,-1.0,0,0.0,-1.0,0.12446351931328085,1.592274678111498
XAUUSD,NY,2022-11-22,Tuesday,2,1746.31,1740.4,5.9099999999998545,short,2022-11-22 06:15:00,1749.8,2022-11-22 08:05:00,2022-11-22 08:10:00,1746.12,1749.8,1738.7599999999998,3.6800000000000637,False,extreme,2022-11-22 12:40:00,1738.7599999999998,target,55,2.0,0,0.0,2.0,2.043478260869525,0.13586956521738897
XAUUSD,NY,2022-11-22,Tuesday,3,1746.31,1740.4,5.9099999999998545,long,2022-11-22 12:25:00,1737.06,2022-11-22 16:35:00,2022-11-22 16:40:00,1740.45,1737.06,1747.2300000000002,3.3900000000001,False,extreme,2022-11-22 22:55:00,1737.06,stop,64,-1.0,6,0.017699115044247263,-1.0176991150442474,0.7286135693215204,1.0353982300884623
XAUUSD,NY,2022-11-23,Wednesday,1,1745.76,1733.57,12.190000000000055,short,2022-11-23 13:35:00,1746.51,2022-11-23 13:50:00,2022-11-23 13:55:00,1744.64,1746.51,1740.9000000000003,1.8699999999998909,False,extreme,2022-11-23 14:00:00,1746.51,stop,2,-1.0,1,0.0053475935828880125,-1.005347593582888,1.1176470588236724,4.684491978609894
XAUUSD,NY,2022-11-24,Thursday,1,1757.63,1752.46,5.170000000000073,short,2022-11-24 04:10:00,1758.21,2022-11-24 04:25:00,2022-11-24 04:30:00,1757.28,1758.21,1755.4199999999998,0.9300000000000637,False,extreme,2022-11-24 05:05:00,1758.21,stop,8,-1.0,0,0.0,-1.0,1.6989247311826012,1.0537634408601624
XAUUSD,NY,2022-11-24,Thursday,2,1757.63,1752.46,5.170000000000073,short,2022-11-24 05:10:00,1758.62,2022-11-24 05:15:00,2022-11-24 05:20:00,1757.66,1758.62,1755.7400000000005,0.959999999999809,False,extreme,2022-11-24 05:30:00,1755.7400000000005,target,3,2.0,1,0.010416666666668739,1.9895833333333313,3.177083333334155,0.2604166666667185
XAUUSD,NY,2022-11-24,Thursday,3,1757.63,1752.46,5.170000000000073,short,2022-11-24 06:35:00,1758.64,2022-11-24 07:45:00,2022-11-24 07:50:00,1757.47,1758.64,1755.1299999999999,1.1700000000000728,False,extreme,2022-11-24 08:20:00,1755.1299999999999,target,7,2.0,1,0.008547008547008015,1.991452991452992,2.008547008547,0.4273504273504008
XAUUSD,NY,2022-11-24,Thursday,4,1757.63,1752.46,5.170000000000073,short,2022-11-24 10:30:00,1758.57,2022-11-24 10:45:00,2022-11-24 10:50:00,1757.61,1758.57,1755.6899999999998,0.9600000000000364,False,extreme,2022-11-24 12:25:00,1755.6899999999998,target,20,2.0,2,0.020833333333332545,1.9791666666666674,2.062499999999704,0.3645833333334616
XAUUSD,NY,2022-11-24,Thursday,5,1757.63,1752.46,5.170000000000073,short,2022-11-24 21:10:00,1759.42,2022-11-24 22:25:00,2022-11-24 22:30:00,1757.63,1759.42,1754.0500000000002,1.7899999999999636,False,extreme,2022-11-24 22:50:00,1759.42,stop,5,-1.0,0,0.0,-1.0,0.03351955307272292,1.1005586592177876
XAUUSD,NY,2022-11-25,Friday,1,1759.08,1750.06,9.019999999999982,long,2022-11-25 04:50:00,1749.26,2022-11-25 04:55:00,2022-11-25 05:00:00,1750.94,1749.26,1754.3000000000002,1.6800000000000637,False,extreme,2022-11-25 05:35:00,1754.3000000000002,target,8,2.0,0,0.0,2.0,2.0892857142856296,0.4761904761904311
XAUUSD,NY,2022-11-25,Friday,2,1759.08,1750.06,9.019999999999982,long,2022-11-25 08:05:00,1745.97,2022-11-25 09:40:00,2022-11-25 09:45:00,1750.47,1745.97,1759.47,4.5,False,extreme,2022-11-25 13:40:00,1754.65,friday_close,48,0.9288888888889031,0,0.0,0.9288888888889031,1.3133333333333514,0.25333333333335556
XAUUSD,NY,2022-11-28,Monday,1,1759.99,1748.5,11.490000000000009,short,2022-11-28 04:00:00,1763.75,2022-11-28 06:35:00,2022-11-28 06:40:00,1759.98,1763.75,1752.44,3.769999999999982,False,extreme,2022-11-28 08:15:00,1752.44,target,20,2.0,0,0.0,2.0,2.2015915119363383,0.04774535809020279
XAUUSD,NY,2022-11-28,Monday,2,1759.99,1748.5,11.490000000000009,long,2022-11-28 09:40:00,1745.18,2022-11-28 10:00:00,2022-11-28 10:05:00,1749.42,1745.18,1757.9,4.240000000000009,False,extreme,2022-11-28 10:50:00,1745.18,stop,10,-1.0,0,0.0,-1.0,0.18867924528300775,1.4952830188679556
XAUUSD,NY,2022-11-28,Monday,3,1759.99,1748.5,11.490000000000009,long,2022-11-28 10:30:00,1739.67,2022-11-28 22:20:00,2022-11-28 22:25:00,1749.3,1739.67,1768.5599999999997,9.629999999999882,False,extreme,2022-11-28 23:55:00,1753.87,end_of_day,19,0.4745586708203523,0,0.0,0.4745586708203523,0.5067497403946177,0.051921079958463776
XAUUSD,NY,2022-11-29,Tuesday,1,1759.01,1751.47,7.539999999999964,long,2022-11-29 08:50:00,1750.2,2022-11-29 08:55:00,2022-11-29 09:00:00,1751.66,1750.2,1754.5800000000002,1.4600000000000364,False,extreme,2022-11-29 09:15:00,1750.2,stop,4,-1.0,0,0.0,-1.0,1.2054794520547583,1.6712328767123246
XAUUSD,NY,2022-11-29,Tuesday,2,1759.01,1751.47,7.539999999999964,long,2022-11-29 09:15:00,1746.96,2022-11-29 09:45:00,2022-11-29 09:50:00,1751.8,1746.96,1761.4799999999998,4.839999999999918,False,extreme,2022-11-29 23:55:00,1754.26,end_of_day,158,0.5082644628099334,2,0.004132231404958748,0.5041322314049747,1.3016528925619961,0.820247933884317
XAUUSD,NY,2022-11-30,Wednesday,1,1759.81,1752.94,6.869999999999891,short,2022-11-30 04:00:00,1763.15,2022-11-30 05:35:00,2022-11-30 05:40:00,1759.56,1763.15,1752.3799999999997,3.5900000000001455,False,extreme,2022-11-30 07:00:00,1763.15,stop,17,-1.0,0,0.0,-1.0,0.328690807799384,1.0111420612813264
XAUUSD,NY,2022-11-30,Wednesday,2,1759.81,1752.94,6.869999999999891,short,2022-11-30 06:20:00,1764.68,2022-11-30 08:30:00,2022-11-30 08:35:00,1757.46,1764.68,1743.02,7.220000000000027,False,extreme,2022-11-30 14:40:00,1764.68,stop,74,-1.0,0,0.0,-1.0,1.716066481994467,1.2645429362880676
XAUUSD,NY,2022-12-01,Thursday,1,1783.68,1774.67,9.009999999999991,short,2022-12-01 07:30:00,1784.56,2022-12-01 07:35:00,2022-12-01 07:40:00,1783.64,1784.56,1781.8000000000004,0.9199999999998454,False,extreme,2022-12-01 07:45:00,1784.56,stop,2,-1.0,0,0.0,-1.0,0.5869565217394367,1.695652173913269
XAUUSD,NY,2022-12-02,Friday,1,1803.01,1796.3,6.710000000000036,long,2022-12-02 08:30:00,1778.61,2022-12-02 12:10:00,2022-12-02 12:15:00,1798.07,1784.69,1824.8299999999997,13.379999999999882,True,swing,2022-12-02 16:55:00,1798.52,friday_close,57,0.03363228699551939,0,0.0,0.03363228699551939,0.11210762331838664,0.3348281016442495
XAUUSD,NY,2022-12-05,Monday,1,1809.43,1796.83,12.600000000000136,long,2022-12-05 04:05:00,1795.81,2022-12-05 04:10:00,2022-12-05 04:15:00,1797.82,1795.81,1801.84,2.009999999999991,False,extreme,2022-12-05 04:35:00,1795.81,stop,5,-1.0,0,0.0,-1.0,0.5870646766169497,1.3631840796020007
XAUUSD,NY,2022-12-05,Monday,2,1809.43,1796.83,12.600000000000136,long,2022-12-05 04:30:00,1795.08,2022-12-05 04:45:00,2022-12-05 04:50:00,1796.85,1795.08,1800.3899999999999,1.7699999999999818,False,extreme,2022-12-05 05:20:00,1795.08,stop,7,-1.0,0,0.0,-1.0,0.37288135593225347,1.615819209039508
XAUUSD,NY,2022-12-05,Monday,3,1809.43,1796.83,12.600000000000136,long,2022-12-05 05:15:00,1793.33,2022-12-05 07:55:00,2022-12-05 08:00:00,1797.98,1793.33,1807.2800000000002,4.650000000000091,False,extreme,2022-12-05 08:40:00,1793.33,stop,9,-1.0,0,0.0,-1.0,0.1053763440860214,1.0989247311828017
XAUUSD,NY,2022-12-06,Tuesday,1,1773.95,1767.34,6.610000000000127,short,2022-12-06 05:35:00,1775.16,2022-12-06 05:40:00,2022-12-06 05:45:00,1773.44,1775.16,1770.0,1.7200000000000273,False,extreme,2022-12-06 06:05:00,1775.16,stop,5,-1.0,0,0.0,-1.0,0.5348837209302664,1.0058139534883668
XAUUSD,NY,2022-12-06,Tuesday,2,1773.95,1767.34,6.610000000000127,short,2022-12-06 06:00:00,1780.88,2022-12-06 10:00:00,2022-12-06 10:05:00,1772.76,1780.88,1756.5199999999998,8.120000000000118,False,extreme,2022-12-06 23:55:00,1770.98,end_of_day,155,0.21921182266009198,0,0.0,0.21921182266009198,0.6662561576354683,0.43719211822658904
XAUUSD,NY,2022-12-08,Thursday,1,1787.16,1782.0,5.160000000000082,short,2022-12-08 08:05:00,1788.66,2022-12-08 08:10:00,2022-12-08 08:15:00,1786.97,1788.66,1783.59,1.6900000000000546,False,extreme,2022-12-08 08:20:00,1788.66,stop,2,-1.0,0,0.0,-1.0,0.07100591715983098,1.621301775147882
XAUUSD,NY,2022-12-08,Thursday,2,1787.16,1782.0,5.160000000000082,short,2022-12-08 08:15:00,1791.93,2022-12-08 09:35:00,2022-12-08 09:40:00,1786.5,1791.93,1775.6399999999999,5.430000000000064,False,extreme,2022-12-08 09:55:00,1791.93,stop,4,-1.0,0,0.0,-1.0,0.3720073664824969,1.1289134438305777
XAUUSD,NY,2022-12-08,Thursday,3,1787.16,1782.0,5.160000000000082,short,2022-12-08 09:50:00,1794.88,2022-12-08 13:00:00,2022-12-08 13:05:00,1787.04,1794.88,1771.3599999999997,7.8400000000001455,False,extreme,2022-12-08 20:15:00,1794.92,stop_gap,75,-1.0051020408163218,0,0.0,-1.0051020408163218,0.05357142857143686,0.9974489795918101
XAUUSD,NY,2022-12-09,Friday,1,1797.74,1790.28,7.460000000000036,long,2022-12-09 04:30:00,1788.98,2022-12-09 04:45:00,2022-12-09 04:50:00,1790.42,1788.98,1793.3000000000002,1.4400000000000546,False,extreme,2022-12-09 05:00:00,1793.3000000000002,target,3,2.0,0,0.0,2.0,2.722222222222012,0.0
XAUUSD,NY,2022-12-09,Friday,2,1797.74,1790.28,7.460000000000036,short,2022-12-09 06:25:00,1804.56,2022-12-09 08:35:00,2022-12-09 08:40:00,1797.53,1804.56,1783.47,7.029999999999973,False,extreme,2022-12-09 11:30:00,1804.56,stop,35,-1.0,0,0.0,-1.0,1.0455192034139313,1.11806543385493
XAUUSD,NY,2022-12-09,Friday,3,1797.74,1790.28,7.460000000000036,short,2022-12-09 11:10:00,1806.14,2022-12-09 14:05:00,2022-12-09 14:10:00,1797.44,1806.14,1780.04,8.700000000000045,False,extreme,2022-12-09 16:55:00,1797.26,friday_close,31,0.020689655172421002,0,0.0,0.020689655172421002,0.2988505747126578,0.3091954022988552
XAUUSD,NY,2022-12-12,Monday,1,1792.01,1785.52,6.490000000000009,short,2022-12-12 04:55:00,1792.78,2022-12-12 05:15:00,2022-12-12 05:20:00,1791.57,1792.78,1789.1499999999999,1.2100000000000364,False,extreme,2022-12-12 06:15:00,1792.78,stop,12,-1.0,0,0.0,-1.0,1.52066115702468,1.4628099173553128
XAUUSD,NY,2022-12-12,Monday,2,1792.01,1785.52,6.490000000000009,short,2022-12-12 06:05:00,1795.5,2022-12-12 07:40:00,2022-12-12 07:45:00,1791.84,1795.5,1784.5199999999998,3.660000000000082,False,extreme,2022-12-12 10:35:00,1784.5199999999998,target,35,2.0,0,0.0,2.0,2.1939890710381946,0.0
XAUUSD,NY,2022-12-12,Monday,3,1792.01,1785.52,6.490000000000009,long,2022-12-12 10:35:00,1783.12,2022-12-12 10:50:00,2022-12-12 10:55:00,1786.32,1783.12,1792.72,3.2000000000000455,False,extreme,2022-12-12 11:10:00,1783.12,stop,4,-1.0,1,0.0031249999999999555,-1.003125,0.0562500000000191,1.3968749999999888
XAUUSD,NY,2022-12-12,Monday,4,1792.01,1785.52,6.490000000000009,long,2022-12-12 10:55:00,1777.54,2022-12-12 21:40:00,2022-12-12 21:45:00,1785.55,1777.54,1801.57,8.009999999999991,False,extreme,2022-12-12 23:55:00,1782.61,end_of_day,27,-0.3670411985018799,2,0.0024968789013732865,-0.3695380774032532,0.06616729088638867,0.5430711610486784
XAUUSD,NY,2022-12-13,Tuesday,1,1788.67,1782.42,6.25,short,2022-12-13 07:45:00,1790.18,2022-12-13 08:05:00,2022-12-13 08:10:00,1787.52,1790.18,1782.1999999999998,2.660000000000082,False,extreme,2022-12-13 08:25:00,1790.18,stop,4,-1.0,0,0.0,-1.0,0.0751879699248268,2.7293233082705894
XAUUSD,NY,2022-12-14,Wednesday,1,1813.21,1806.52,6.690000000000055,long,2022-12-14 06:45:00,1805.32,2022-12-14 06:55:00,2022-12-14 07:00:00,1806.76,1805.32,1809.64,1.4400000000000546,False,extreme,2022-12-14 07:40:00,1805.32,stop,9,-1.0,0,0.0,-1.0,0.6319444444444774,1.3333333333333333
XAUUSD,NY,2022-12-14,Wednesday,2,1813.21,1806.52,6.690000000000055,long,2022-12-14 07:35:00,1804.31,2022-12-14 08:00:00,2022-12-14 08:05:00,1807.58,1804.31,1814.12,3.269999999999982,False,extreme,2022-12-14 14:00:00,1804.31,stop,72,-1.0,0,0.0,-1.0,1.675840978593287,3.675840978593287
XAUUSD,NY,2022-12-14,Wednesday,3,1813.21,1806.52,6.690000000000055,long,2022-12-14 14:00:00,1795.56,2022-12-14 15:05:00,2022-12-14 15:10:00,1807.82,1795.56,1832.34,12.259999999999991,False,extreme,2022-12-14 21:50:00,1795.56,stop,69,-1.0,0,0.0,-1.0,0.5163132137031125,1.018760195758566
XAUUSD,NY,2022-12-16,Friday,1,1785.0,1774.32,10.680000000000064,short,2022-12-16 06:35:00,1785.43,2022-12-16 06:40:00,2022-12-16 06:45:00,1783.08,1785.43,1778.3799999999997,2.3500000000001364,False,extreme,2022-12-16 08:00:00,1785.43,stop,16,-1.0,0,0.0,-1.0,0.48510638297864106,1.2425531914893206
XAUUSD,NY,2022-12-16,Friday,2,1785.0,1774.32,10.680000000000064,short,2022-12-16 07:55:00,1786.56,2022-12-16 08:20:00,2022-12-16 08:25:00,1784.78,1786.56,1781.22,1.7799999999999727,False,extreme,2022-12-16 08:45:00,1786.56,stop,5,-1.0,0,0.0,-1.0,0.6460674157302704,1.0280898876404243
XAUUSD,NY,2022-12-16,Friday,3,1785.0,1774.32,10.680000000000064,short,2022-12-16 08:40:00,1786.61,2022-12-16 08:50:00,2022-12-16 08:55:00,1784.83,1786.61,1781.27,1.7799999999999727,False,extreme,2022-12-16 09:00:00,1786.61,stop,2,-1.0,0,0.0,-1.0,0.03932584269659405,1.724719101123714
XAUUSD,NY,2022-12-16,Friday,4,1785.0,1774.32,10.680000000000064,short,2022-12-16 08:55:00,1787.9,2022-12-16 09:05:00,2022-12-16 09:10:00,1784.3,1787.9,1777.0999999999997,3.6000000000001364,False,extreme,2022-12-16 09:45:00,1787.9,stop,8,-1.0,0,0.0,-1.0,0.583333333333286,1.2277777777777514
XAUUSD,NY,2022-12-19,Monday,1,1798.68,1790.32,8.360000000000127,long,2022-12-19 09:35:00,1788.93,2022-12-19 09:40:00,2022-12-19 09:45:00,1790.55,1788.93,1793.7899999999997,1.6199999999998909,False,extreme,2022-12-19 10:20:00,1793.7899999999997,target,8,2.0,0,0.0,2.0,3.3395061728397817,0.9876543209876647
XAUUSD,NY,2022-12-19,Monday,2,1798.68,1790.32,8.360000000000127,long,2022-12-19 10:40:00,1783.88,2022-12-19 12:45:00,2022-12-19 12:50:00,1790.64,1783.88,1804.16,6.759999999999991,False,extreme,2022-12-19 23:55:00,1790.36,end_of_day,122,-0.04142011834322492,0,0.0,-0.04142011834322492,0.8195266272189307,0.8860946745562156
XAUUSD,NY,2022-12-20,Tuesday,1,1805.48,1786.99,18.49000000000001,short,2022-12-20 04:35:00,1807.83,2022-12-20 05:40:00,2022-12-20 05:45:00,1805.08,1807.83,1799.58,2.75,False,extreme,2022-12-20 06:20:00,1807.83,stop,8,-1.0,0,0.0,-1.0,0.1781818181818215,1.0981818181818115
XAUUSD,NY,2022-12-20,Tuesday,2,1805.48,1786.99,18.49000000000001,short,2022-12-20 06:10:00,1809.46,2022-12-20 07:20:00,2022-12-20 07:25:00,1804.85,1809.46,1795.6299999999997,4.610000000000127,False,extreme,2022-12-20 09:45:00,1809.46,stop,29,-1.0,0,0.0,-1.0,1.4078091106290302,1.6550976138828413
XAUUSD,NY,2022-12-21,Wednesday,1,1817.36,1811.84,5.519999999999982,short,2022-12-21 08:15:00,1819.8,2022-12-21 09:00:00,2022-12-21 09:05:00,1816.17,1819.8,1808.9100000000003,3.6299999999998818,False,extreme,2022-12-21 09:50:00,1819.8,stop,10,-1.0,0,0.0,-1.0,0.1404958677685971,1.0358126721763399
XAUUSD,NY,2022-12-21,Wednesday,2,1817.36,1811.84,5.519999999999982,short,2022-12-21 09:35:00,1823.8,2022-12-21 11:05:00,2022-12-21 11:10:00,1816.64,1823.8,1802.3200000000004,7.1599999999998545,False,extreme,2022-12-21 23:55:00,1820.12,end_of_day,142,-0.4860335195530533,0,0.0,-0.4860335195530533,0.5279329608938934,0.5041899441340745
XAUUSD,NY,2022-12-23,Friday,1,1798.28,1794.49,3.7899999999999636,short,2022-12-23 04:55:00,1799.33,2022-12-23 05:00:00,2022-12-23 05:05:00,1797.08,1799.33,1792.58,2.25,False,extreme,2022-12-23 06:00:00,1799.33,stop,12,-1.0,0,0.0,-1.0,0.1111111111111111,1.066666666666707
XAUUSD,NY,2022-12-23,Friday,2,1798.28,1794.49,3.7899999999999636,short,2022-12-23 05:55:00,1799.7,2022-12-23 06:25:00,2022-12-23 06:30:00,1797.9,1799.7,1794.3000000000002,1.7999999999999545,False,extreme,2022-12-23 08:25:00,1799.7,stop,24,-1.0,4,0.022222222222222785,-1.0222222222222228,0.8166666666667025,1.1000000000000378
XAUUSD,NY,2022-12-23,Friday,3,1798.28,1794.49,3.7899999999999636,short,2022-12-23 08:20:00,1799.92,2022-12-23 08:30:00,2022-12-23 08:35:00,1795.79,1799.92,1787.5299999999997,4.130000000000109,False,extreme,2022-12-23 08:35:00,1799.92,stop,1,-1.0,0,0.0,-1.0,0.27360774818398353,1.0895883777239421
XAUUSD,NY,2022-12-23,Friday,4,1798.28,1794.49,3.7899999999999636,short,2022-12-23 08:35:00,1800.37,2022-12-23 08:45:00,2022-12-23 08:50:00,1796.9,1800.37,1789.9600000000005,3.4699999999998,False,extreme,2022-12-23 10:35:00,1800.37,stop,22,-1.0,0,0.0,-1.0,1.64553314121048,1.2622478386167535
XAUUSD,NY,2022-12-23,Friday,5,1798.28,1794.49,3.7899999999999636,short,2022-12-23 10:25:00,1803.31,2022-12-23 12:50:00,2022-12-23 12:55:00,1798.22,1803.31,1788.0400000000002,5.089999999999918,False,extreme,2022-12-23 16:55:00,1798.46,friday_close,49,-0.047151277013755,0,0.0,-0.047151277013755,0.8939096267190624,0.07465618860508602
XAUUSD,NY,2022-12-27,Tuesday,1,1808.48,1803.82,4.660000000000082,short,2022-12-27 04:20:00,1809.84,2022-12-27 05:00:00,2022-12-27 05:05:00,1807.67,1809.84,1803.3300000000004,2.1699999999998454,False,extreme,2022-12-27 06:25:00,1809.84,stop,17,-1.0,0,0.0,-1.0,0.17972350230420636,1.0046082949308717
XAUUSD,NY,2022-12-27,Tuesday,2,1808.48,1803.82,4.660000000000082,short,2022-12-27 05:50:00,1811.56,2022-12-27 08:20:00,2022-12-27 08:25:00,1807.64,1811.56,1799.8000000000004,3.9199999999998454,False,extreme,2022-12-27 10:00:00,1811.56,stop,20,-1.0,0,0.0,-1.0,1.3316326530612839,1.1811224489796082
XAUUSD,NY,2022-12-28,Wednesday,1,1812.14,1803.05,9.090000000000146,long,2022-12-28 04:00:00,1799.28,2022-12-28 05:10:00,2022-12-28 05:15:00,1804.48,1799.28,1814.88,5.2000000000000455,False,extreme,2022-12-28 10:55:00,1799.28,stop,69,-1.0,0,0.0,-1.0,0.9538461538461525,1.186538461538465
XAUUSD,NY,2022-12-28,Wednesday,2,1812.14,1803.05,9.090000000000146,long,2022-12-28 10:25:00,1797.06,2022-12-28 12:10:00,2022-12-28 12:15:00,1803.13,1797.06,1815.2700000000004,6.070000000000164,False,extreme,2022-12-28 23:55:00,1808.9,end_of_day,129,0.9505766062602679,6,0.009884678747940426,0.9406919275123274,1.0197693574958253,0.054365733113697814
XAUUSD,NY,2022-12-29,Thursday,1,1810.56,1804.82,5.740000000000009,short,2022-12-29 04:00:00,1811.95,2022-12-29 04:25:00,2022-12-29 04:30:00,1809.59,1811.95,1804.8699999999997,2.3600000000001273,False,extreme,2022-12-29 05:45:00,1804.8699999999997,target,16,2.0,0,0.0,2.0,2.131355932203263,0.5
XAUUSD,NY,2022-12-29,Thursday,2,1810.56,1804.82,5.740000000000009,long,2022-12-29 05:45:00,1804.4,2022-12-29 05:50:00,2022-12-29 05:55:00,1805.14,1804.4,1806.6200000000001,0.7400000000000091,False,extreme,2022-12-29 06:15:00,1806.6200000000001,target,5,2.0,0,0.0,2.0,2.0945945945945073,0.37837837837864413
XAUUSD,NY,2022-12-29,Thursday,3,1810.56,1804.82,5.740000000000009,short,2022-12-29 08:35:00,1812.11,2022-12-29 08:50:00,2022-12-29 08:55:00,1809.34,1812.11,1803.8,2.769999999999982,False,extreme,2022-12-29 09:00:00,1812.11,stop,2,-1.0,0,0.0,-1.0,0.1444043321299156,1.1732851985559645
XAUUSD,NY,2022-12-29,Thursday,4,1810.56,1804.82,5.740000000000009,short,2022-12-29 09:00:00,1812.59,2022-12-29 09:05:00,2022-12-29 09:10:00,1810.61,1812.59,1806.6499999999999,1.9800000000000182,False,extreme,2022-12-29 09:30:00,1812.59,stop,5,-1.0,0,0.0,-1.0,0.9292929292928794,1.6414141414141263
XAUUSD,NY,2022-12-30,Friday,1,1822.38,1815.31,7.070000000000164,long,2022-12-30 04:35:00,1814.9,2022-12-30 04:40:00,2022-12-30 04:45:00,1815.99,1814.9,1818.1699999999998,1.0899999999999181,False,extreme,2022-12-30 04:55:00,1814.9,stop,3,-1.0,0,0.0,-1.0,0.47706422018350536,1.0275229357800022
XAUUSD,NY,2022-12-30,Friday,2,1822.38,1815.31,7.070000000000164,long,2022-12-30 04:55:00,1814.87,2022-12-30 05:00:00,2022-12-30 05:05:00,1816.46,1814.87,1819.6400000000003,1.5900000000001455,False,extreme,2022-12-30 05:30:00,1814.87,stop,6,-1.0,0,0.0,-1.0,0.16352201257859567,1.8742138364778274
XAUUSD,NY,2022-12-30,Friday,3,1822.38,1815.31,7.070000000000164,long,2022-12-30 05:25:00,1813.48,2022-12-30 05:40:00,2022-12-30 05:45:00,1816.07,1813.48,1821.2499999999998,2.589999999999918,False,extreme,2022-12-30 08:40:00,1821.2499999999998,target,36,2.0,0,0.0,2.0,2.2432432432433806,0.1853281853281982
XAUUSD,NY,2022-12-30,Friday,4,1822.38,1815.31,7.070000000000164,short,2022-12-30 09:00:00,1825.23,2022-12-30 09:10:00,2022-12-30 09:15:00,1821.72,1825.23,1814.7,3.509999999999991,False,extreme,2022-12-30 10:05:00,1814.7,target,11,2.0,0,0.0,2.0,2.102564102564139,0.3504273504273565
XAUUSD,NY,2022-12-30,Friday,5,1822.38,1815.31,7.070000000000164,long,2022-12-30 11:35:00,1814.34,2022-12-30 11:45:00,2022-12-30 11:50:00,1816.06,1814.34,1819.5,1.7200000000000273,False,extreme,2022-12-30 12:25:00,1819.5,target,8,2.0,0,0.0,2.0,2.453488372093,0.7034883720930333
XAUUSD,NY,2022-12-30,Friday,6,1822.38,1815.31,7.070000000000164,short,2022-12-30 12:55:00,1826.1,2022-12-30 13:20:00,2022-12-30 13:25:00,1820.98,1826.1,1810.7400000000002,5.119999999999891,False,extreme,2022-12-30 16:55:00,1823.73,friday_close,43,-0.5371093750000114,0,0.0,-0.5371093750000114,0.4609375000000347,0.7304687500000173
XAUUSD,NY,2023-01-03,Tuesday,1,1849.98,1834.59,15.3900000000001,long,2023-01-03 05:55:00,1830.89,2023-01-03 07:25:00,2023-01-03 07:30:00,1835.47,1830.89,1844.6299999999999,4.579999999999927,False,extreme,2023-01-03 09:30:00,1844.6299999999999,target,25,2.0,0,0.0,2.0,2.262008733624468,0.3820960698690017
XAUUSD,NY,2023-01-03,Tuesday,2,1849.98,1834.59,15.3900000000001,long,2023-01-03 10:25:00,1827.64,2023-01-03 12:00:00,2023-01-03 12:05:00,1835.7,1827.64,1851.82,8.059999999999945,False,extreme,2023-01-03 23:55:00,1846.7,end_of_day,131,1.3647642679900838,0,0.0,1.3647642679900838,1.4218362282878554,0.10049627791562667
XAUUSD,NY,2023-01-05,Thursday,1,1855.72,1843.87,11.850000000000136,long,2023-01-05 08:15:00,1841.91,2023-01-05 08:20:00,2023-01-05 08:25:00,1846.22,1841.91,1854.84,4.309999999999945,False,extreme,2023-01-05 08:35:00,1841.91,stop,3,-1.0,0,0.0,-1.0,0.04872389791184201,1.1740139211136913
XAUUSD,NY,2023-01-06,Friday,1,1840.65,1835.77,4.880000000000109,long,2023-01-06 04:15:00,1833.29,2023-01-06 04:25:00,2023-01-06 04:30:00,1836.16,1833.29,1841.9000000000003,2.8700000000001182,False,extreme,2023-01-06 08:30:00,1841.9000000000003,target,49,2.0,0,0.0,2.0,2.5574912891984725,0.74564459930314
XAUUSD,NY,2023-01-09,Monday,1,1880.99,1873.61,7.380000000000109,long,2023-01-09 04:00:00,1871.28,2023-01-09 04:45:00,2023-01-09 04:50:00,1873.68,1871.28,1878.4800000000002,2.400000000000091,False,extreme,2023-01-09 06:05:00,1871.28,stop,16,-1.0,0,0.0,-1.0,0.5208333333333136,1.0083333333333255
XAUUSD,NY,2023-01-09,Monday,2,1880.99,1873.61,7.380000000000109,long,2023-01-09 05:35:00,1870.54,2023-01-09 07:10:00,2023-01-09 07:15:00,1875.24,1870.54,1884.64,4.7000000000000455,False,extreme,2023-01-09 12:15:00,1870.54,stop,61,-1.0,0,0.0,-1.0,1.340425531914871,1.0574468085106339
XAUUSD,NY,2023-01-09,Monday,3,1880.99,1873.61,7.380000000000109,long,2023-01-09 12:10:00,1869.11,2023-01-09 13:30:00,2023-01-09 13:35:00,1874.35,1869.11,1884.83,5.240000000000009,False,extreme,2023-01-09 19:15:00,1869.11,stop,57,-1.0,0,0.0,-1.0,0.2652671755725377,1.0
XAUUSD,NY,2023-01-09,Monday,4,1880.99,1873.61,7.380000000000109,long,2023-01-09 15:00:00,1867.87,2023-01-09 20:25:00,2023-01-09 20:30:00,1873.63,1867.87,1885.1500000000005,5.760000000000218,False,extreme,2023-01-09 23:55:00,1871.36,end_of_day,42,-0.3940972222222436,2,0.0034722222222220906,-0.3975694444444657,0.4149305555555177,0.49826388888889056
XAUUSD,NY,2023-01-10,Tuesday,1,1876.28,1870.63,5.649999999999864,short,2023-01-10 04:30:00,1877.32,2023-01-10 04:40:00,2023-01-10 04:45:00,1875.98,1877.32,1873.3000000000002,1.3399999999999181,False,extreme,2023-01-10 07:15:00,1873.3000000000002,target,31,2.0,0,0.0,2.0,2.567164179104675,0.8880597014926322
XAUUSD,NY,2023-01-10,Tuesday,2,1876.28,1870.63,5.649999999999864,long,2023-01-10 07:45:00,1870.44,2023-01-10 07:50:00,2023-01-10 07:55:00,1872.23,1870.44,1875.81,1.7899999999999636,False,extreme,2023-01-10 09:00:00,1875.81,target,14,2.0,0,0.0,2.0,2.960893854748638,0.7374301675977448
XAUUSD,NY,2023-01-10,Tuesday,3,1876.28,1870.63,5.649999999999864,short,2023-01-10 09:00:00,1877.54,2023-01-10 09:05:00,2023-01-10 09:10:00,1875.42,1877.54,1871.1800000000003,2.119999999999891,False,extreme,2023-01-10 09:15:00,1877.54,stop,2,-1.0,0,0.0,-1.0,0.4056603773585715,1.2028301886792858
XAUUSD,NY,2023-01-10,Tuesday,4,1876.28,1870.63,5.649999999999864,short,2023-01-10 09:10:00,1880.76,2023-01-10 10:40:00,2023-01-10 10:45:00,1875.46,1880.76,1864.8600000000001,5.2999999999999545,False,extreme,2023-01-10 23:55:00,1877.9,end_of_day,147,-0.46037735849058026,0,0.0,-0.46037735849058026,0.8358490566037927,0.6113207547169881
XAUUSD,NY,2023-01-11,Wednesday,1,1886.1,1877.44,8.659999999999854,long,2023-01-11 07:15:00,1876.58,2023-01-11 07:20:00,2023-01-11 07:25:00,1877.91,1876.58,1880.5700000000004,1.3300000000001546,False,extreme,2023-01-11 07:25:00,1876.58,stop,1,-1.0,0,0.0,-1.0,0.06766917293226142,1.586466165413445
XAUUSD,NY,2023-01-11,Wednesday,2,1886.1,1877.44,8.659999999999854,long,2023-01-11 07:50:00,1876.67,2023-01-11 08:00:00,2023-01-11 08:05:00,1877.7,1876.67,1879.76,1.0299999999999727,False,extreme,2023-01-11 08:05:00,1876.67,stop,1,-1.0,0,0.0,-1.0,0.0,1.33980582524286
XAUUSD,NY,2023-01-11,Wednesday,3,1886.1,1877.44,8.659999999999854,long,2023-01-11 08:05:00,1876.32,2023-01-11 08:10:00,2023-01-11 08:15:00,1879.16,1876.32,1884.8400000000004,2.8400000000001455,False,extreme,2023-01-11 08:35:00,1876.32,stop,5,-1.0,0,0.0,-1.0,0.007042253521119994,1.09154929577464
XAUUSD,NY,2023-01-11,Wednesday,4,1886.1,1877.44,8.659999999999854,long,2023-01-11 09:00:00,1876.48,2023-01-11 09:05:00,2023-01-11 09:10:00,1878.24,1876.48,1881.76,1.759999999999991,False,extreme,2023-01-11 09:20:00,1876.48,stop,3,-1.0,0,0.0,-1.0,0.2613636363636584,1.1250000000000162
XAUUSD,NY,2023-01-11,Wednesday,5,1886.1,1877.44,8.659999999999854,long,2023-01-11 09:35:00,1867.14,2023-01-11 13:35:00,2023-01-11 13:40:00,1877.7,1867.14,1898.82,10.559999999999945,False,extreme,2023-01-11 23:55:00,1884.47,end_of_day,112,0.6410984848484864,0,0.0,0.6410984848484864,0.685606060606065,0.28598484848484823
XAUUSD,NY,2023-01-12,Thursday,1,1885.01,1879.98,5.029999999999973,short,2023-01-12 06:10:00,1901.6,2023-01-12 09:45:00,2023-01-12 09:50:00,1884.85,1894.65,1865.2499999999995,9.800000000000182,True,swing,2023-01-12 12:15:00,1894.65,stop,30,-1.0,0,0.0,-1.0,0.5091836734693792,1.1153061224489653
XAUUSD,NY,2023-01-13,Friday,1,1909.65,1892.35,17.300000000000182,short,2023-01-13 09:50:00,1913.1,2023-01-13 10:00:00,2023-01-13 10:05:00,1909.53,1913.1,1902.39,3.5699999999999363,False,extreme,2023-01-13 10:20:00,1913.1,stop,4,-1.0,0,0.0,-1.0,0.28011204481793217,1.0
XAUUSD,NY,2023-01-16,Monday,1,1922.38,1910.85,11.5300000000002,long,2023-01-16 21:30:00,1909.49,2023-01-16 21:45:00,2023-01-16 21:50:00,1911.16,1909.49,1914.5000000000002,1.6700000000000728,False,extreme,2023-01-16 23:05:00,1909.49,stop,16,-1.0,1,0.005988023952095548,-1.0059880239520955,0.14970059880238867,1.2095808383232898
XAUUSD,NY,2023-01-16,Monday,2,1922.38,1910.85,11.5300000000002,long,2023-01-16 22:30:00,1908.17,2023-01-16 23:20:00,2023-01-16 23:25:00,1911.1,1908.17,1916.9599999999996,2.9299999999998363,False,extreme,2023-01-16 23:55:00,1911.36,end_of_day,7,0.08873720136518956,2,0.006825938566553283,0.08191126279863628,0.2662116040956463,0.1843003412969262
XAUUSD,NY,2023-01-17,Tuesday,1,1913.25,1907.0,6.25,long,2023-01-17 04:40:00,1906.2,2023-01-17 04:45:00,2023-01-17 04:50:00,1907.25,1906.2,1909.35,1.0499999999999545,False,extreme,2023-01-17 04:50:00,1906.2,stop,1,-1.0,0,0.0,-1.0,0.08571428571421147,1.295238095238056
XAUUSD,NY,2023-01-17,Tuesday,2,1913.25,1907.0,6.25,long,2023-01-17 04:50:00,1904.28,2023-01-17 06:05:00,2023-01-17 06:10:00,1907.21,1904.28,1913.0700000000002,2.9300000000000637,False,extreme,2023-01-17 07:00:00,1913.0700000000002,target,11,2.0,0,0.0,2.0,2.2320819112627377,0.3822525597269945
XAUUSD,NY,2023-01-17,Tuesday,3,1913.25,1907.0,6.25,short,2023-01-17 07:05:00,1913.9,2023-01-17 07:10:00,2023-01-17 07:15:00,1913.08,1913.9,1911.4399999999996,0.8200000000001637,False,extreme,2023-01-17 07:40:00,1911.4399999999996,target,6,2.0,0,0.0,2.0,4.292682926828389,0.9024390243900748
XAUUSD,NY,2023-01-17,Tuesday,4,1913.25,1907.0,6.25,short,2023-01-17 08:45:00,1914.43,2023-01-17 08:50:00,2023-01-17 08:55:00,1912.87,1914.43,1909.7499999999995,1.5600000000001728,False,extreme,2023-01-17 09:10:00,1914.43,stop,4,-1.0,0,0.0,-1.0,0.5128205128204268,2.1923076923074962
XAUUSD,NY,2023-01-17,Tuesday,5,1913.25,1907.0,6.25,short,2023-01-17 09:00:00,1916.62,2023-01-17 09:35:00,2023-01-17 09:40:00,1912.0,1916.62,1902.7600000000002,4.619999999999891,False,extreme,2023-01-17 21:40:00,1902.7600000000002,target,133,2.0,0,0.0,2.0,2.463203463203545,0.8138528138528311
XAUUSD,NY,2023-01-18,Wednesday,1,1914.9,1896.64,18.25999999999999,short,2023-01-18 04:45:00,1915.95,2023-01-18 04:55:00,2023-01-18 05:00:00,1914.84,1915.95,1912.6199999999997,1.1100000000001273,False,extreme,2023-01-18 05:05:00,1912.6199999999997,target,2,2.0,0,0.0,2.0,2.252252252251994,0.10810810810820222
XAUUSD,NY,2023-01-18,Wednesday,2,1914.9,1896.64,18.25999999999999,short,2023-01-18 06:00:00,1915.36,2023-01-18 06:05:00,2023-01-18 06:10:00,1914.72,1915.36,1913.4400000000003,0.6399999999998727,False,extreme,2023-01-18 06:15:00,1915.36,stop,2,-1.0,1,0.01562500000000311,-1.015625000000003,0.8125000000001332,1.8437500000004663
XAUUSD,NY,2023-01-18,Wednesday,3,1914.9,1896.64,18.25999999999999,short,2023-01-18 06:10:00,1915.9,2023-01-18 06:20:00,2023-01-18 06:25:00,1914.74,1915.9,1912.4199999999998,1.1600000000000819,False,extreme,2023-01-18 06:50:00,1915.9,stop,6,-1.0,0,0.0,-1.0,0.5689655172414098,1.241379310344787
XAUUSD,NY,2023-01-18,Wednesday,4,1914.9,1896.64,18.25999999999999,short,2023-01-18 06:50:00,1925.95,2023-01-18 10:35:00,2023-01-18 10:40:00,1914.81,1925.95,1892.5299999999997,11.1400000000001,False,extreme,2023-01-18 23:55:00,1909.82,end_of_day,148,0.44793536804308476,0,0.0,0.44793536804308476,1.2360861759425366,0.21454219030521351
XAUUSD,NY,2023-01-19,Thursday,1,1916.77,1906.42,10.349999999999909,short,2023-01-19 09:20:00,1918.18,2023-01-19 09:30:00,2023-01-19 09:35:00,1916.62,1918.18,1913.4999999999995,1.5600000000001728,False,extreme,2023-01-19 10:00:00,1918.18,stop,6,-1.0,0,0.0,-1.0,1.3141025641023893,1.8910256410254607
XAUUSD,NY,2023-01-20,Friday,1,1937.52,1923.16,14.3599999999999,long,2023-01-20 09:30:00,1920.71,2023-01-20 09:40:00,2023-01-20 09:45:00,1923.21,1920.71,1928.21,2.5,False,extreme,2023-01-20 10:20:00,1928.21,target,8,2.0,0,0.0,2.0,2.0800000000000183,0.0
XAUUSD,NY,2023-01-23,Monday,1,1929.88,1918.92,10.960000000000036,long,2023-01-23 09:05:00,1915.46,2023-01-23 09:20:00,2023-01-23 09:25:00,1919.06,1915.46,1926.2599999999998,3.599999999999909,False,extreme,2023-01-23 09:40:00,1915.46,stop,4,-1.0,0,0.0,-1.0,0.28611111111111076,1.2777777777777848
XAUUSD,NY,2023-01-23,Monday,2,1929.88,1918.92,10.960000000000036,long,2023-01-23 09:25:00,1913.4,2023-01-23 09:50:00,2023-01-23 09:55:00,1920.24,1913.4,1933.9199999999998,6.839999999999918,False,extreme,2023-01-23 10:05:00,1913.4,stop,3,-1.0,0,0.0,-1.0,0.0,1.286549707602348
XAUUSD,NY,2023-01-23,Monday,3,1929.88,1918.92,10.960000000000036,long,2023-01-23 09:55:00,1911.44,2023-01-23 10:30:00,2023-01-23 10:35:00,1920.22,1911.44,1937.78,8.779999999999973,False,extreme,2023-01-23 23:55:00,1932.7,end_of_day,149,1.4214123006833779,0,0.0,1.4214123006833779,1.9202733485193568,0.25512528473804286
XAUUSD,NY,2023-01-24,Tuesday,1,1942.49,1932.58,9.910000000000082,long,2023-01-24 08:45:00,1917.18,2023-01-24 10:40:00,2023-01-24 10:45:00,1933.61,1917.18,1966.4699999999996,16.429999999999836,False,extreme,2023-01-24 23:55:00,1928.52,end_of_day,147,-0.3097991479001807,0,0.0,-0.3097991479001807,0.36822884966526126,0.35849056603773166
XAUUSD,NY,2023-01-25,Wednesday,1,1933.77,1925.84,7.930000000000064,long,2023-01-25 05:10:00,1922.82,2023-01-25 05:25:00,2023-01-25 05:30:00,1925.94,1922.82,1932.1800000000003,3.1200000000001182,False,extreme,2023-01-25 07:05:00,1922.82,stop,20,-1.0,0,0.0,-1.0,0.3557692307691852,1.0128205128205008
XAUUSD,NY,2023-01-25,Wednesday,2,1933.77,1925.84,7.930000000000064,long,2023-01-25 07:00:00,1922.78,2023-01-25 07:35:00,2023-01-25 07:40:00,1926.37,1922.78,1933.5499999999997,3.589999999999918,False,extreme,2023-01-25 08:50:00,1922.78,stop,15,-1.0,0,0.0,-1.0,0.3398328690807953,1.1643454038997023
XAUUSD,NY,2023-01-25,Wednesday,3,1933.77,1925.84,7.930000000000064,long,2023-01-25 08:30:00,1919.91,2023-01-25 09:10:00,2023-01-25 09:15:00,1926.52,1919.91,1939.7399999999998,6.6099999999999,False,extreme,2023-01-25 12:30:00,1939.7399999999998,target,40,2.0,0,0.0,2.0,2.0121028744327014,0.08925869894098745
XAUUSD,NY,2023-01-26,Thursday,1,1949.0,1938.09,10.910000000000082,long,2023-01-26 04:20:00,1931.22,2023-01-26 09:00:00,2023-01-26 09:05:00,1939.18,1931.22,1955.1000000000001,7.960000000000036,False,extreme,2023-01-26 09:45:00,1931.22,stop,9,-1.0,0,0.0,-1.0,0.40577889447236226,1.2135678391959845
XAUUSD,NY,2023-01-27,Friday,1,1926.04,1921.43,4.6099999999999,short,2023-01-27 04:00:00,1928.22,2023-01-27 04:45:00,2023-01-27 04:50:00,1925.07,1928.22,1918.7699999999998,3.150000000000091,False,extreme,2023-01-27 05:10:00,1928.22,stop,5,-1.0,0,0.0,-1.0,0.031746031746001956,1.0634920634920761
XAUUSD,NY,2023-01-27,Friday,2,1926.04,1921.43,4.6099999999999,short,2023-01-27 05:00:00,1935.0,2023-01-27 09:30:00,2023-01-27 09:35:00,1923.19,1929.7,1910.17,6.509999999999991,True,swing,2023-01-27 11:15:00,1929.7,stop,21,-1.0,0,0.0,-1.0,0.9938556067588381,1.2150537634408396
XAUUSD,NY,2023-01-27,Friday,3,1926.04,1921.43,4.6099999999999,short,2023-01-27 11:10:00,1932.22,2023-01-27 12:25:00,2023-01-27 12:30:00,1925.94,1932.22,1913.38,6.279999999999973,False,extreme,2023-01-27 16:55:00,1928.32,friday_close,54,-0.37898089171972804,0,0.0,-0.37898089171972804,0.023885350318485925,0.9665605095541342
XAUUSD,NY,2023-01-30,Monday,1,1933.75,1920.71,13.039999999999964,long,2023-01-30 23:15:00,1919.74,2023-01-30 23:20:00,2023-01-30 23:25:00,1921.1,1919.74,1923.8199999999997,1.3599999999999,False,extreme,2023-01-30 23:30:00,1919.74,stop,2,-1.0,0,0.0,-1.0,0.05147058823541828,1.6029411764705859
XAUUSD,NY,2023-01-31,Tuesday,1,1921.39,1905.14,16.25,long,2023-01-31 04:35:00,1902.3,2023-01-31 05:25:00,2023-01-31 05:30:00,1905.48,1902.3,1911.8400000000001,3.1800000000000637,False,extreme,2023-01-31 06:30:00,1902.3,stop,13,-1.0,0,0.0,-1.0,0.144654088050323,1.3364779874213568
XAUUSD,NY,2023-01-31,Tuesday,2,1921.39,1905.14,16.25,long,2023-01-31 06:10:00,1900.87,2023-01-31 07:40:00,2023-01-31 07:45:00,1905.43,1900.87,1914.5500000000004,4.560000000000173,False,extreme,2023-01-31 08:30:00,1914.5500000000004,target,10,2.0,0,0.0,2.0,2.539473684210414,0.0
XAUUSD,NY,2023-01-31,Tuesday,3,1921.39,1905.14,16.25,short,2023-01-31 09:20:00,1924.27,2023-01-31 09:35:00,2023-01-31 09:40:00,1920.31,1924.27,1912.3899999999999,3.9600000000000364,False,extreme,2023-01-31 09:50:00,1924.27,stop,3,-1.0,0,0.0,-1.0,0.14393939393937655,1.5580808080808122
XAUUSD,NY,2023-02-01,Wednesday,1,1929.27,1923.35,5.920000000000073,short,2023-02-01 06:25:00,1930.27,2023-02-01 06:35:00,2023-02-01 06:40:00,1929.02,1930.27,1926.52,1.25,False,extreme,2023-02-01 07:00:00,1930.27,stop,5,-1.0,0,0.0,-1.0,0.35200000000004367,1.4239999999999782
XAUUSD,NY,2023-02-01,Wednesday,2,1929.27,1923.35,5.920000000000073,short,2023-02-01 07:00:00,1931.62,2023-02-01 07:30:00,2023-02-01 07:35:00,1928.92,1931.62,1923.5200000000004,2.699999999999818,False,extreme,2023-02-01 08:15:00,1931.62,stop,9,-1.0,0,0.0,-1.0,0.3296296296296889,1.4444444444444913
XAUUSD,NY,2023-02-01,Wednesday,3,1929.27,1923.35,5.920000000000073,short,2023-02-01 07:35:00,1933.27,2023-02-01 08:30:00,2023-02-01 08:35:00,1928.44,1933.27,1918.7800000000002,4.829999999999927,False,extreme,2023-02-01 14:40:00,1933.27,stop,74,-1.0,0,0.0,-1.0,1.616977225672891,2.180124223602512
XAUUSD,NY,2023-02-03,Friday,1,1918.25,1910.17,8.079999999999927,long,2023-02-03 05:20:00,1909.53,2023-02-03 05:30:00,2023-02-03 05:35:00,1910.6,1909.53,1912.7399999999998,1.0699999999999363,False,extreme,2023-02-03 06:15:00,1909.53,stop,9,-1.0,0,0.0,-1.0,1.6168224299066554,1.2149532710280673
XAUUSD,NY,2023-02-03,Friday,2,1918.25,1910.17,8.079999999999927,long,2023-02-03 06:05:00,1909.3,2023-02-03 06:20:00,2023-02-03 06:25:00,1912.24,1909.3,1918.1200000000001,2.9400000000000546,False,extreme,2023-02-03 08:30:00,1909.3,stop,26,-1.0,0,0.0,-1.0,1.6598639455781603,6.187074829931876
XAUUSD,NY,2023-02-06,Monday,1,1881.3,1874.34,6.960000000000036,long,2023-02-06 04:10:00,1870.14,2023-02-06 04:30:00,2023-02-06 04:35:00,1875.14,1870.14,1885.14,5.0,False,extreme,2023-02-06 06:35:00,1870.14,stop,25,-1.0,0,0.0,-1.0,0.05999999999999091,1.37800000000002
XAUUSD,NY,2023-02-06,Monday,2,1881.3,1874.34,6.960000000000036,long,2023-02-06 04:35:00,1863.12,2023-02-06 21:50:00,2023-02-06 21:55:00,1875.08,1863.12,1899.0,11.960000000000036,False,extreme,2023-02-06 23:55:00,1873.14,end_of_day,25,-0.16220735785951684,0,0.0,-0.16220735785951684,0.04682274247493069,0.27926421404681506
XAUUSD,NY,2023-02-07,Tuesday,1,1877.75,1871.83,5.920000000000073,long,2023-02-07 04:00:00,1871.19,2023-02-07 04:05:00,2023-02-07 04:10:00,1873.62,1871.19,1878.4799999999996,2.4299999999998363,False,extreme,2023-02-07 06:00:00,1871.19,stop,23,-1.0,0,0.0,-1.0,1.8189300411524159,1.3786008230453228
XAUUSD,NY,2023-02-07,Tuesday,2,1877.75,1871.83,5.920000000000073,long,2023-02-07 06:00:00,1866.08,2023-02-07 07:20:00,2023-02-07 07:25:00,1872.0,1866.08,1883.8400000000001,5.920000000000073,False,extreme,2023-02-07 08:30:00,1866.08,stop,14,-1.0,0,0.0,-1.0,0.1351351351351258,1.047297297297292
XAUUSD,NY,2023-02-07,Tuesday,3,1877.75,1871.83,5.920000000000073,long,2023-02-07 07:45:00,1865.8,2023-02-07 10:35:00,2023-02-07 10:40:00,1873.2,1865.8,1888.0000000000002,7.400000000000091,False,extreme,2023-02-07 13:45:00,1865.8,stop,38,-1.0,0,0.0,-1.0,1.5027027027026696,1.112162162162151
XAUUSD,NY,2023-02-07,Tuesday,4,1877.75,1871.83,5.920000000000073,long,2023-02-07 13:30:00,1864.97,2023-02-07 14:15:00,2023-02-07 14:20:00,1872.79,1864.97,1888.4299999999998,7.819999999999936,False,extreme,2023-02-07 23:55:00,1877.04,end_of_day,104,0.5434782608695696,0,0.0,0.5434782608695696,0.7148337595908173,0.7097186700767263
XAUUSD,NY,2023-02-08,Wednesday,1,1886.34,1873.29,13.049999999999955,long,2023-02-08 08:20:00,1872.68,2023-02-08 08:25:00,2023-02-08 08:30:00,1875.41,1872.68,1880.8700000000001,2.730000000000018,False,extreme,2023-02-08 09:10:00,1880.8700000000001,target,9,2.0,0,0.0,2.0,2.44322344322337,0.7545787545788128
XAUUSD,NY,2023-02-08,Wednesday,2,1886.34,1873.29,13.049999999999955,long,2023-02-08 09:45:00,1869.1,2023-02-08 09:55:00,2023-02-08 10:00:00,1873.24,1869.1,1881.5200000000002,4.1400000000001,False,extreme,2023-02-08 23:55:00,1879.49,end_of_day,156,1.509661835748756,0,0.0,1.509661835748756,1.7318840579709902,0.7995169082125279
XAUUSD,NY,2023-02-09,Thursday,1,1885.45,1876.83,8.620000000000118,short,2023-02-09 05:45:00,1886.2,2023-02-09 05:50:00,2023-02-09 05:55:00,1885.44,1886.2,1883.92,0.7599999999999909,False,extreme,2023-02-09 06:10:00,1883.92,target,4,2.0,0,0.0,2.0,2.52631578947381,0.5657894736840019
XAUUSD,NY,2023-02-09,Thursday,2,1885.45,1876.83,8.620000000000118,short,2023-02-09 08:50:00,1890.28,2023-02-09 09:30:00,2023-02-09 09:35:00,1883.46,1890.28,1869.8200000000002,6.819999999999936,False,extreme,2023-02-09 11:00:00,1869.8200000000002,target,18,2.0,0,0.0,2.0,2.5337243401759726,0.07038123167155758
XAUUSD,NY,2023-02-13,Monday,1,1866.65,1857.0,9.650000000000091,long,2023-02-13 04:35:00,1854.69,2023-02-13 04:50:00,2023-02-13 04:55:00,1857.69,1854.69,1863.69,3.0,False,extreme,2023-02-13 05:10:00,1854.69,stop,4,-1.0,0,0.0,-1.0,0.20999999999996058,1.2366666666666788
XAUUSD,NY,2023-02-13,Monday,2,1866.65,1857.0,9.650000000000091,long,2023-02-13 05:00:00,1853.98,2023-02-13 05:20:00,2023-02-13 05:25:00,1857.9,1853.98,1865.7400000000002,3.9200000000000728,False,extreme,2023-02-13 09:35:00,1853.98,stop,51,-1.0,0,0.0,-1.0,1.3137755102040225,1.1862244897959195
XAUUSD,NY,2023-02-13,Monday,3,1866.65,1857.0,9.650000000000091,long,2023-02-13 09:55:00,1854.63,2023-02-13 10:25:00,2023-02-13 10:30:00,1857.64,1854.63,1863.66,3.009999999999991,False,extreme,2023-02-13 11:00:00,1854.63,stop,7,-1.0,0,0.0,-1.0,0.26245847176078607,1.6810631229236506
XAUUSD,NY,2023-02-13,Monday,4,1866.65,1857.0,9.650000000000091,long,2023-02-13 10:45:00,1850.46,2023-02-13 21:10:00,2023-02-13 21:15:00,1857.27,1850.46,1870.8899999999999,6.809999999999945,False,extreme,2023-02-13 23:55:00,1858.21,end_of_day,33,0.1380323054331956,3,0.00440528634361237,0.13362701908958324,0.2716593245227495,0.14243759177680398
XAUUSD,NY,2023-02-14,Tuesday,1,1864.85,1857.79,7.059999999999945,long,2023-02-14 06:20:00,1853.72,2023-02-14 07:15:00,2023-02-14 07:20:00,1858.05,1853.72,1866.7099999999998,4.329999999999927,False,extreme,2023-02-14 08:30:00,1853.72,both_touched,15,-1.0,0,0.0,-1.0,2.8706697459584927,1.8013856812933222
XAUUSD,NY,2023-02-14,Tuesday,2,1864.85,1857.79,7.059999999999945,short,2023-02-14 08:30:00,1870.48,2023-02-14 08:35:00,2023-02-14 08:40:00,1859.95,1870.48,1838.89,10.529999999999973,False,extreme,2023-02-14 23:55:00,1847.82,end_of_day,172,1.1519468186134987,0,0.0,1.1519468186134987,1.5726495726495715,0.6343779677113087
XAUUSD,NY,2023-02-15,Wednesday,1,1847.83,1831.81,16.019999999999982,long,2023-02-15 10:40:00,1830.58,2023-02-15 10:45:00,2023-02-15 10:50:00,1832.1,1830.58,1835.1399999999999,1.5199999999999818,False,extreme,2023-02-15 11:00:00,1835.1399999999999,target,3,2.0,0,0.0,2.0,2.5855263157895467,0.07236842105256662
XAUUSD,NY,2023-02-16,Thursday,1,1844.8,1834.33,10.470000000000027,long,2023-02-16 08:45:00,1827.66,2023-02-16 09:05:00,2023-02-16 09:10:00,1835.11,1827.66,1850.0099999999995,7.449999999999818,False,extreme,2023-02-16 21:00:00,1827.66,stop,131,-1.0,0,0.0,-1.0,1.3704697986577565,1.2201342281879384
XAUUSD,NY,2023-02-17,Friday,1,1827.67,1818.9,8.769999999999982,short,2023-02-17 07:40:00,1828.84,2023-02-17 07:50:00,2023-02-17 07:55:00,1827.2,1828.84,1823.9200000000003,1.6399999999998727,False,extreme,2023-02-17 08:15:00,1828.84,stop,5,-1.0,0,0.0,-1.0,0.8292682926830689,1.030487804878162
XAUUSD,NY,2023-02-17,Friday,2,1827.67,1818.9,8.769999999999982,short,2023-02-17 08:05:00,1828.89,2023-02-17 08:20:00,2023-02-17 08:25:00,1827.14,1828.89,1823.64,1.75,False,extreme,2023-02-17 08:35:00,1828.89,stop,3,-1.0,1,0.005714285714285714,-1.0057142857142858,0.8342857142857351,1.0742857142856468
XAUUSD,NY,2023-02-17,Friday,3,1827.67,1818.9,8.769999999999982,short,2023-02-17 08:35:00,1829.02,2023-02-17 08:40:00,2023-02-17 08:45:00,1827.34,1829.02,1823.9799999999998,1.6800000000000637,False,extreme,2023-02-17 08:45:00,1829.02,stop,1,-1.0,0,0.0,-1.0,0.011904761904750627,1.7916666666665935
XAUUSD,NY,2023-02-17,Friday,4,1827.67,1818.9,8.769999999999982,short,2023-02-17 09:10:00,1828.62,2023-02-17 09:20:00,2023-02-17 09:25:00,1827.38,1828.62,1824.9000000000005,1.2399999999997817,False,extreme,2023-02-17 09:35:00,1824.9000000000005,target,3,2.0,8,0.06451612903226943,1.9354838709677307,2.0564516129037345,0.6209677419355785
XAUUSD,NY,2023-02-20,Monday,1,1847.51,1841.15,6.3599999999999,long,2023-02-20 12:50:00,1840.78,2023-02-20 13:00:00,2023-02-20 13:05:00,1841.49,1840.78,1842.91,0.7100000000000364,False,extreme,2023-02-20 13:45:00,1840.78,stop,9,-1.0,2,0.0281690140845056,-1.0281690140845057,0.16901408450687988,1.42253521126752
XAUUSD,NY,2023-02-20,Monday,2,1847.51,1841.15,6.3599999999999,long,2023-02-20 13:35:00,1840.48,2023-02-20 13:50:00,2023-02-20 13:55:00,1841.18,1840.48,1842.5800000000002,0.7000000000000455,False,extreme,2023-02-20 18:20:00,1842.5800000000002,target,12,2.0,5,0.07142857142856679,1.9285714285714333,2.1999999999998052,0.2571428571429314
XAUUSD,NY,2023-02-20,Monday,3,1847.51,1841.15,6.3599999999999,long,2023-02-20 19:05:00,1840.54,2023-02-20 19:15:00,2023-02-20 19:20:00,1842.58,1840.54,1846.6599999999999,2.0399999999999636,False,extreme,2023-02-20 20:30:00,1840.54,stop,15,-1.0,2,0.009803921568627626,-1.0098039215686276,0.6127450980392266,1.2598039215686188
XAUUSD,NY,2023-02-20,Monday,4,1847.51,1841.15,6.3599999999999,long,2023-02-20 20:30:00,1840.01,2023-02-20 20:35:00,2023-02-20 20:40:00,1842.27,1840.01,1846.79,2.259999999999991,False,extreme,2023-02-20 22:10:00,1840.01,stop,19,-1.0,2,0.00884955752212393,-1.008849557522124,0.517699115044282,1.606194690265441
XAUUSD,NY,2023-02-21,Tuesday,1,1839.8,1831.1,8.700000000000045,long,2023-02-21 07:20:00,1830.34,2023-02-21 07:30:00,2023-02-21 07:35:00,1831.77,1830.34,1834.63,1.4300000000000637,False,extreme,2023-02-21 07:35:00,1830.34,stop,1,-1.0,3,0.020979020979020043,-1.02097902097902,0.0,1.020979020979001
XAUUSD,NY,2023-02-21,Tuesday,2,1839.8,1831.1,8.700000000000045,long,2023-02-21 07:35:00,1830.23,2023-02-21 07:40:00,2023-02-21 07:45:00,1831.17,1830.23,1833.0500000000002,0.9400000000000546,False,extreme,2023-02-21 07:55:00,1833.0500000000002,target,3,2.0,0,0.0,2.0,2.425531914893447,0.14893617021286373
XAUUSD,NY,2023-02-21,Tuesday,3,1839.8,1831.1,8.700000000000045,short,2023-02-21 09:15:00,1843.83,2023-02-21 09:45:00,2023-02-21 09:50:00,1835.95,1843.83,1820.1900000000003,7.879999999999882,False,extreme,2023-02-21 23:55:00,1836.54,end_of_day,158,-0.07487309644669124,0,0.0,-0.07487309644669124,0.5342639593908756,0.8045685279187834
XAUUSD,NY,2023-02-22,Wednesday,1,1841.18,1832.93,8.25,long,2023-02-22 05:30:00,1832.26,2023-02-22 05:35:00,2023-02-22 05:40:00,1833.52,1832.26,1836.04,1.259999999999991,False,extreme,2023-02-22 06:05:00,1836.04,target,6,2.0,2,0.015873015873015987,1.984126984126984,2.7301587301587933,0.28571428571420837
XAUUSD,NY,2023-02-22,Wednesday,2,1841.18,1832.93,8.25,short,2023-02-22 07:15:00,1846.01,2023-02-22 07:50:00,2023-02-22 07:55:00,1840.42,1846.01,1829.2400000000002,5.589999999999918,False,extreme,2023-02-22 14:00:00,1829.2400000000002,target,74,2.0,3,0.005366726296958934,1.994633273703041,2.07692307692313,0.2593917710196493
XAUUSD,NY,2023-02-23,Thursday,1,1833.8,1826.6,7.2000000000000455,long,2023-02-23 04:00:00,1826.1,2023-02-23 04:05:00,2023-02-23 04:10:00,1827.06,1826.1,1828.98,0.9600000000000364,False,extreme,2023-02-23 04:10:00,1826.1,stop,1,-1.0,1,0.010416666666666272,-1.0104166666666663,0.010416666666656797,1.0
XAUUSD,NY,2023-02-23,Thursday,2,1833.8,1826.6,7.2000000000000455,long,2023-02-23 04:20:00,1825.66,2023-02-23 04:35:00,2023-02-23 04:40:00,1826.82,1825.66,1829.1399999999996,1.1599999999998545,False,extreme,2023-02-23 05:00:00,1825.66,stop,5,-1.0,4,0.034482758620693985,-1.034482758620694,0.3706896551725152,1.2413793103448343
XAUUSD,NY,2023-02-23,Thursday,3,1833.8,1826.6,7.2000000000000455,long,2023-02-23 04:55:00,1824.45,2023-02-23 05:50:00,2023-02-23 05:55:00,1826.9,1824.45,1831.8000000000002,2.4500000000000455,False,extreme,2023-02-23 06:25:00,1824.45,stop,7,-1.0,4,0.016326530612244594,-1.0163265306122446,0.48571428571420616,1.208163265306115
XAUUSD,NY,2023-02-23,Thursday,4,1833.8,1826.6,7.2000000000000455,long,2023-02-23 06:10:00,1823.94,2023-02-23 07:30:00,2023-02-23 07:35:00,1827.62,1823.94,1834.9799999999996,3.6799999999998363,False,extreme,2023-02-23 08:30:00,1823.94,stop,12,-1.0,0,0.0,-1.0,0.21195652173919424,2.0679347826087606
XAUUSD,NY,2023-02-23,Thursday,5,1833.8,1826.6,7.2000000000000455,long,2023-02-23 08:00:00,1817.46,2023-02-23 09:15:00,2023-02-23 09:20:00,1828.06,1817.46,1849.2599999999998,10.599999999999909,False,extreme,2023-02-23 23:55:00,1825.54,end_of_day,164,-0.2377358490566041,0,0.0,-0.2377358490566041,0.19433962264150595,0.9056603773584898
XAUUSD,NY,2023-02-27,Monday,1,1813.75,1807.18,6.569999999999936,short,2023-02-27 08:35:00,1814.88,2023-02-27 08:40:00,2023-02-27 08:45:00,1813.03,1814.88,1809.3299999999997,1.8500000000001364,False,extreme,2023-02-27 08:50:00,1814.88,stop,2,-1.0,0,0.0,-1.0,0.0054054054054000905,1.7837837837836277
XAUUSD,NY,2023-02-27,Monday,2,1813.75,1807.18,6.569999999999936,short,2023-02-27 08:45:00,1820.05,2023-02-27 11:25:00,2023-02-27 11:30:00,1813.59,1820.05,1800.6699999999998,6.460000000000036,False,extreme,2023-02-27 13:50:00,1820.05,stop,29,-1.0,0,0.0,-1.0,0.1532507739938086,1.018575851393207
XAUUSD,NY,2023-03-01,Wednesday,1,1836.7,1829.88,6.819999999999936,short,2023-03-01 04:00:00,1838.02,2023-03-01 04:05:00,2023-03-01 04:10:00,1835.43,1838.02,1830.2500000000002,2.589999999999918,False,extreme,2023-03-01 06:30:00,1838.02,stop,29,-1.0,6,0.023166023166023897,-1.023166023166024,1.9189189189189901,1.2007722007722001
XAUUSD,NY,2023-03-01,Wednesday,2,1836.7,1829.88,6.819999999999936,short,2023-03-01 06:20:00,1838.54,2023-03-01 06:35:00,2023-03-01 06:40:00,1836.39,1838.54,1832.0900000000004,2.1499999999998636,False,extreme,2023-03-01 07:30:00,1838.54,stop,11,-1.0,3,0.013953488372093908,-1.013953488372094,0.9162790697675127,1.120930232558143
XAUUSD,NY,2023-03-01,Wednesday,3,1836.7,1829.88,6.819999999999936,short,2023-03-01 07:15:00,1841.66,2023-03-01 08:30:00,2023-03-01 08:35:00,1835.1,1841.66,1821.9799999999996,6.560000000000173,False,extreme,2023-03-01 09:35:00,1841.66,stop,13,-1.0,0,0.0,-1.0,0.18292682926826015,1.044207317073164
XAUUSD,NY,2023-03-01,Wednesday,4,1836.7,1829.88,6.819999999999936,short,2023-03-01 08:50:00,1844.56,2023-03-01 10:05:00,2023-03-01 10:10:00,1836.17,1844.56,1819.3900000000003,8.389999999999873,False,extreme,2023-03-01 23:55:00,1834.4,end_of_day,154,0.21096543504171736,0,0.0,0.21096543504171736,0.6090584028605727,0.8164481525625761
XAUUSD,NY,2023-03-02,Thursday,1,1834.81,1829.98,4.829999999999927,short,2023-03-02 06:25:00,1837.62,2023-03-02 07:20:00,2023-03-02 07:25:00,1834.72,1837.62,1828.9200000000003,2.8999999999998636,False,extreme,2023-03-02 09:50:00,1837.62,stop,30,-1.0,0,0.0,-1.0,1.6000000000001098,1.2000000000000628
XAUUSD,NY,2023-03-02,Thursday,2,1834.81,1829.98,4.829999999999927,short,2023-03-02 09:30:00,1838.95,2023-03-02 12:10:00,2023-03-02 12:15:00,1833.95,1838.95,1823.95,5.0,False,extreme,2023-03-02 19:00:00,1838.95,stop,70,-1.0,0,0.0,-1.0,0.33000000000001817,1.3179999999999836
XAUUSD,NY,2023-03-03,Friday,1,1845.76,1837.86,7.900000000000091,short,2023-03-03 04:05:00,1847.44,2023-03-03 04:50:00,2023-03-03 04:55:00,1845.1,1847.44,1840.4199999999996,2.3400000000001455,False,extreme,2023-03-03 05:40:00,1847.44,stop,10,-1.0,3,0.012820512820512022,-1.012820512820512,0.08547008547000243,1.170940170940102
XAUUSD,NY,2023-03-03,Friday,2,1845.76,1837.86,7.900000000000091,short,2023-03-03 05:30:00,1849.24,2023-03-03 07:40:00,2023-03-03 07:45:00,1845.24,1849.24,1837.24,4.0,False,extreme,2023-03-03 13:50:00,1849.24,stop,74,-1.0,5,0.0125,-1.0125,1.5550000000000068,1.009999999999991
XAUUSD,NY,2023-03-06,Monday,1,1858.24,1852.44,5.7999999999999545,long,2023-03-06 04:25:00,1851.3,2023-03-06 04:35:00,2023-03-06 04:40:00,1852.5,1851.3,1854.9,1.2000000000000455,False,extreme,2023-03-06 04:45:00,1851.3,stop,2,-1.0,0,0.0,-1.0,0.43333333333330176,1.1666666666666983
XAUUSD,NY,2023-03-06,Monday,2,1858.24,1852.44,5.7999999999999545,long,2023-03-06 04:40:00,1850.6,2023-03-06 05:20:00,2023-03-06 05:25:00,1852.56,1850.6,1856.48,1.9600000000000364,False,extreme,2023-03-06 05:45:00,1850.6,stop,5,-1.0,6,0.030612244897958614,-1.0306122448979587,0.2551020408163218,1.0816326530611486
XAUUSD,NY,2023-03-06,Monday,3,1858.24,1852.44,5.7999999999999545,long,2023-03-06 05:30:00,1847.27,2023-03-06 08:20:00,2023-03-06 08:25:00,1853.17,1847.27,1864.9700000000003,5.900000000000091,False,extreme,2023-03-06 13:45:00,1847.27,stop,65,-1.0,0,0.0,-1.0,0.13728813559320896,1.125423728813559
XAUUSD,NY,2023-03-07,Tuesday,1,1851.66,1845.41,6.25,long,2023-03-07 04:15:00,1844.84,2023-03-07 04:20:00,2023-03-07 04:25:00,1845.75,1844.84,1847.5700000000002,0.9100000000000819,False,extreme,2023-03-07 04:45:00,1844.84,stop,5,-1.0,4,0.043956043956040004,-1.04395604395604,0.989010989011,1.7802197802195001
XAUUSD,NY,2023-03-08,Wednesday,1,1815.19,1810.48,4.710000000000036,short,2023-03-08 06:00:00,1816.73,2023-03-08 06:55:00,2023-03-08 07:00:00,1815.12,1816.73,1811.8999999999996,1.6100000000001273,False,extreme,2023-03-08 09:30:00,1816.73,stop,31,-1.0,4,0.024844720496892445,-1.0248447204968925,1.81987577639727,1.6086956521738762
XAUUSD,NY,2023-03-08,Wednesday,2,1815.19,1810.48,4.710000000000036,short,2023-03-08 09:30:00,1824.26,2023-03-08 13:00:00,2023-03-08 13:05:00,1815.0,1824.26,1796.48,9.259999999999991,False,extreme,2023-03-08 23:55:00,1814.32,end_of_day,119,0.07343412526998534,1,0.0010799136069114482,0.07235421166307389,0.33477321814253913,0.15658747300216488
XAUUSD,NY,2023-03-09,Thursday,1,1819.07,1812.74,6.329999999999927,short,2023-03-09 06:05:00,1820.4,2023-03-09 06:55:00,2023-03-09 07:00:00,1818.73,1820.4,1815.3899999999999,1.6700000000000728,False,extreme,2023-03-09 08:30:00,1820.4,stop,19,-1.0,4,0.02395209580838219,-1.023952095808382,1.9401197604789628,2.2095808383232898
XAUUSD,NY,2023-03-13,Monday,1,1883.74,1871.51,12.230000000000018,short,2023-03-13 04:50:00,1893.81,2023-03-13 06:30:00,2023-03-13 06:35:00,1882.88,1893.81,1861.0200000000004,10.929999999999836,False,extreme,2023-03-13 08:20:00,1893.81,stop,22,-1.0,1,0.0009149130832571043,-1.000914913083257,0.17932296431839576,1.0201280878316588
XAUUSD,NY,2023-03-14,Tuesday,1,1913.53,1901.52,12.009999999999991,long,2023-03-14 05:40:00,1900.85,2023-03-14 05:50:00,2023-03-14 05:55:00,1902.07,1900.85,1904.51,1.2200000000000273,False,extreme,2023-03-14 06:20:00,1904.51,target,6,2.0,0,0.0,2.0,2.07377049180321,0.9098360655736681
XAUUSD,NY,2023-03-14,Tuesday,2,1913.53,1901.52,12.009999999999991,long,2023-03-14 06:35:00,1900.9,2023-03-14 06:40:00,2023-03-14 06:45:00,1901.91,1900.9,1903.93,1.009999999999991,False,extreme,2023-03-14 07:00:00,1903.93,target,4,2.0,0,0.0,2.0,2.34653465346526,0.4059405940594906
XAUUSD,NY,2023-03-14,Tuesday,3,1913.53,1901.52,12.009999999999991,long,2023-03-14 09:40:00,1895.43,2023-03-14 09:55:00,2023-03-14 10:00:00,1902.37,1895.43,1916.2499999999995,6.939999999999827,False,extreme,2023-03-14 23:55:00,1902.84,end_of_day,156,0.06772334293948688,0,0.0,0.06772334293948688,1.121037463977002,0.3472622478386044
XAUUSD,NY,2023-03-15,Wednesday,1,1903.45,1896.3,7.150000000000091,long,2023-03-15 04:00:00,1885.7,2023-03-15 05:40:00,2023-03-15 05:45:00,1896.91,1885.7,1919.3300000000002,11.210000000000036,False,extreme,2023-03-15 08:00:00,1919.3300000000002,target,27,2.0,0,0.0,2.0,2.369313113291691,0.4130240856378318
XAUUSD,NY,2023-03-16,Thursday,1,1920.63,1912.3,8.330000000000155,short,2023-03-16 05:00:00,1922.12,2023-03-16 05:15:00,2023-03-16 05:20:00,1919.86,1922.12,1915.34,2.259999999999991,False,extreme,2023-03-16 05:50:00,1922.12,stop,7,-1.0,0,0.0,-1.0,0.9823008849556676,1.039823008849622
XAUUSD,NY,2023-03-16,Thursday,2,1920.63,1912.3,8.330000000000155,short,2023-03-16 05:45:00,1922.72,2023-03-16 06:25:00,2023-03-16 06:30:00,1920.64,1922.72,1916.4800000000002,2.0799999999999272,False,extreme,2023-03-16 06:55:00,1922.72,stop,6,-1.0,0,0.0,-1.0,0.9423076923077428,1.1634615384615048
XAUUSD,NY,2023-03-16,Thursday,3,1920.63,1912.3,8.330000000000155,short,2023-03-16 06:50:00,1933.44,2023-03-16 11:15:00,2023-03-16 11:20:00,1918.38,1933.44,1888.2600000000002,15.059999999999945,False,extreme,2023-03-16 23:55:00,1927.72,end_of_day,140,-0.6201859229747644,0,0.0,-0.6201859229747644,0.3333333333333484,0.754316069057101
XAUUSD,NY,2023-03-17,Friday,1,1934.35,1927.28,7.069999999999936,short,2023-03-17 07:20:00,1937.14,2023-03-17 07:35:00,2023-03-17 07:40:00,1934.23,1937.14,1928.4099999999999,2.910000000000082,False,extreme,2023-03-17 08:05:00,1937.14,stop,6,-1.0,0,0.0,-1.0,0.10996563573880665,1.1958762886597665
XAUUSD,NY,2023-03-20,Monday,1,2009.8,1973.11,36.690000000000055,long,2023-03-20 10:00:00,1965.88,2023-03-20 10:15:00,2023-03-20 10:20:00,1973.58,1965.88,1988.9799999999996,7.699999999999818,False,extreme,2023-03-20 23:55:00,1983.86,end_of_day,152,1.335064935064963,0,0.0,1.335064935064963,1.5025974025974593,0.8272727272727326
XAUUSD,NY,2023-03-22,Wednesday,1,1943.59,1934.27,9.319999999999936,short,2023-03-22 04:15:00,1945.32,2023-03-22 04:35:00,2023-03-22 04:40:00,1943.16,1945.32,1938.8400000000004,2.1599999999998545,False,extreme,2023-03-22 05:35:00,1945.32,stop,12,-1.0,0,0.0,-1.0,1.2592592592593568,1.1527777777778596
XAUUSD,NY,2023-03-22,Wednesday,2,1943.59,1934.27,9.319999999999936,short,2023-03-22 05:30:00,1945.65,2023-03-22 06:30:00,2023-03-22 06:35:00,1942.28,1945.65,1935.5399999999997,3.3700000000001182,False,extreme,2023-03-22 10:10:00,1945.65,stop,44,-1.0,0,0.0,-1.0,1.531157270029644,1.0148367952522115
XAUUSD,NY,2023-03-23,Thursday,1,1983.64,1974.92,8.720000000000027,long,2023-03-23 08:35:00,1966.66,2023-03-23 09:15:00,2023-03-23 09:20:00,1976.42,1966.66,1995.94,9.759999999999991,False,extreme,2023-03-23 13:30:00,1995.94,target,51,2.0,0,0.0,2.0,2.036885245901629,0.11987704918033544
XAUUSD,NY,2023-03-24,Friday,1,1993.31,1985.26,8.049999999999955,long,2023-03-24 04:35:00,1981.29,2023-03-24 04:45:00,2023-03-24 04:50:00,1985.69,1981.29,1994.4900000000002,4.400000000000091,False,extreme,2023-03-24 05:55:00,1994.4900000000002,target,14,2.0,2,0.0045454545454544516,1.9954545454545456,2.084090909090831,0.34318181818180904
XAUUSD,NY,2023-03-24,Friday,2,1993.31,1985.26,8.049999999999955,short,2023-03-24 05:50:00,2000.32,2023-03-24 07:00:00,2023-03-24 07:05:00,1992.01,2000.32,1975.39,8.309999999999945,False,extreme,2023-03-24 08:30:00,2000.32,stop,18,-1.0,2,0.0024067388688327473,-1.0024067388688327,0.07460890493380204,1.327316486161257
XAUUSD,NY,2023-03-24,Friday,3,1993.31,1985.26,8.049999999999955,short,2023-03-24 07:35:00,2003.04,2023-03-24 09:55:00,2023-03-24 10:00:00,1989.5,2003.04,1962.42,13.539999999999964,False,extreme,2023-03-24 16:55:00,1978.55,friday_close,84,0.8087149187592374,0,0.0,0.8087149187592374,1.0531757754800612,0.6543574593796103
XAUUSD,NY,2023-03-28,Tuesday,1,1960.9,1951.96,8.940000000000055,long,2023-03-28 04:50:00,1949.16,2023-03-28 05:10:00,2023-03-28 05:15:00,1952.0,1949.16,1957.6799999999998,2.839999999999918,False,extreme,2023-03-28 07:30:00,1957.6799999999998,target,28,2.0,2,0.007042253521126964,1.992957746478873,2.0211267605634418,0.8028169014084643
XAUUSD,NY,2023-03-28,Tuesday,2,1960.9,1951.96,8.940000000000055,short,2023-03-28 08:20:00,1967.45,2023-03-28 10:15:00,2023-03-28 10:20:00,1960.08,1967.45,1945.3399999999997,7.370000000000118,False,extreme,2023-03-28 10:35:00,1967.45,stop,4,-1.0,0,0.0,-1.0,0.08955223880594897,1.0420624151967355
XAUUSD,NY,2023-03-29,Wednesday,1,1968.92,1958.73,10.190000000000055,short,2023-03-29 10:40:00,1971.73,2023-03-29 11:00:00,2023-03-29 11:05:00,1968.65,1971.73,1962.4900000000002,3.0799999999999272,False,extreme,2023-03-29 11:55:00,1962.4900000000002,target,11,2.0,1,0.0032467532467533237,1.9967532467532467,2.574675324675406,0.11363636363633679
XAUUSD,NY,2023-03-29,Wednesday,2,1968.92,1958.73,10.190000000000055,short,2023-03-29 13:55:00,1969.21,2023-03-29 14:00:00,2023-03-29 14:05:00,1967.81,1969.21,1965.0099999999998,1.400000000000091,False,extreme,2023-03-29 15:20:00,1965.0099999999998,target,16,2.0,0,0.0,2.0,2.407142857142623,0.5499999999999513
XAUUSD,NY,2023-03-29,Wednesday,3,1968.92,1958.73,10.190000000000055,long,2023-03-29 21:05:00,1957.23,2023-03-29 21:15:00,2023-03-29 21:20:00,1958.94,1957.23,1962.3600000000001,1.7100000000000364,False,extreme,2023-03-29 21:40:00,1957.23,stop,5,-1.0,7,0.04093567251461901,-1.040935672514619,0.7660818713449811,2.093567251462034
XAUUSD,NY,2023-03-29,Wednesday,4,1968.92,1958.73,10.190000000000055,long,2023-03-29 21:35:00,1955.36,2023-03-29 21:55:00,2023-03-29 22:00:00,1959.06,1955.36,1966.46,3.7000000000000455,False,extreme,2023-03-29 23:55:00,1959.58,end_of_day,24,0.1405405405405339,5,0.013513513513513348,0.12702702702702054,0.4918918918919301,0.38648648648643746
XAUUSD,NY,2023-03-30,Thursday,1,1971.52,1958.95,12.569999999999936,short,2023-03-30 08:25:00,1975.32,2023-03-30 08:40:00,2023-03-30 08:45:00,1968.72,1975.32,1955.5200000000002,6.599999999999909,False,extreme,2023-03-30 12:00:00,1975.32,stop,40,-1.0,0,0.0,-1.0,0.7181818181818295,1.4848484848484984
XAUUSD,NY,2023-03-31,Friday,1,1985.06,1974.87,10.190000000000055,long,2023-03-31 04:35:00,1973.24,2023-03-31 04:45:00,2023-03-31 04:50:00,1974.89,1973.24,1978.1900000000003,1.650000000000091,False,extreme,2023-03-31 05:05:00,1978.1900000000003,target,4,2.0,1,0.006060606060605727,1.9939393939393943,2.084848484848265,0.07272727272734038
XAUUSD,NY,2023-03-31,Friday,2,1985.06,1974.87,10.190000000000055,short,2023-03-31 08:30:00,1987.56,2023-03-31 08:40:00,2023-03-31 08:45:00,1981.94,1987.56,1970.7000000000003,5.619999999999891,False,extreme,2023-03-31 13:25:00,1970.7000000000003,target,57,2.0,0,0.0,2.0,2.467971530249179,0.3896797153025084
XAUUSD,NY,2023-04-04,Tuesday,1,1983.82,1977.02,6.7999999999999545,short,2023-04-04 06:25:00,1984.34,2023-04-04 06:30:00,2023-04-04 06:35:00,1983.51,1984.34,1981.8500000000001,0.8299999999999272,False,extreme,2023-04-04 06:45:00,1981.8500000000001,target,3,2.0,3,0.03614457831325618,1.9638554216867439,2.5180722891567484,0.048192771084297745
XAUUSD,NY,2023-04-04,Tuesday,2,1983.82,1977.02,6.7999999999999545,short,2023-04-04 08:10:00,1984.61,2023-04-04 08:15:00,2023-04-04 08:20:00,1983.72,1984.61,1981.9400000000003,0.8899999999998727,False,extreme,2023-04-04 08:20:00,1984.61,stop,1,-1.0,0,0.0,-1.0,1.5393258426969822,2.146067415730736
XAUUSD,NY,2023-04-04,Tuesday,3,1983.82,1977.02,6.7999999999999545,short,2023-04-04 08:20:00,1985.63,2023-04-04 08:25:00,2023-04-04 08:30:00,1982.36,1985.63,1975.8199999999995,3.270000000000209,False,extreme,2023-04-04 09:00:00,1985.63,stop,7,-1.0,0,0.0,-1.0,0.05504587155957944,1.0978593272170996
XAUUSD,NY,2023-04-05,Wednesday,1,2028.39,2022.1,6.290000000000191,long,2023-04-05 07:05:00,2021.54,2023-04-05 07:10:00,2023-04-05 07:15:00,2022.42,2021.54,2024.1800000000003,0.8800000000001091,False,extreme,2023-04-05 07:25:00,2024.1800000000003,target,3,2.0,1,0.011363636363634955,1.988636363636365,2.04545454545424,0.21590909090912613
XAUUSD,NY,2023-04-05,Wednesday,2,2028.39,2022.1,6.290000000000191,short,2023-04-05 08:25:00,2032.07,2023-04-05 09:25:00,2023-04-05 09:30:00,2026.54,2032.07,2015.48,5.529999999999973,False,extreme,2023-04-05 10:30:00,2015.48,target,13,2.0,0,0.0,2.0,2.980108499095859,0.9113924050632891
XAUUSD,NY,2023-04-05,Wednesday,3,2028.39,2022.1,6.290000000000191,long,2023-04-05 10:20:00,2010.06,2023-04-05 11:45:00,2023-04-05 11:50:00,2022.51,2010.06,2047.41,12.450000000000045,False,extreme,2023-04-05 22:30:00,2010.06,stop,117,-1.0,0,0.0,-1.0,0.11646586345381849,1.0281124497991894
XAUUSD,NY,2023-04-06,Thursday,1,2018.09,2010.54,7.5499999999999545,short,2023-04-06 04:50:00,2019.68,2023-04-06 04:55:00,2023-04-06 05:00:00,2017.36,2019.68,2012.7199999999996,2.3200000000001637,False,extreme,2023-04-06 05:45:00,2019.68,stop,10,-1.0,6,0.025862068965515416,-1.0258620689655154,0.11206896551722956,1.1422413793103035
XAUUSD,NY,2023-04-06,Thursday,2,2018.09,2010.54,7.5499999999999545,short,2023-04-06 05:05:00,2020.95,2023-04-06 07:50:00,2023-04-06 07:55:00,2017.67,2020.95,2011.1100000000001,3.2799999999999727,False,extreme,2023-04-06 09:00:00,2011.1100000000001,target,14,2.0,0,0.0,2.0,2.4939024390244304,0.9420731707316902
XAUUSD,NY,2023-04-06,Thursday,3,2018.09,2010.54,7.5499999999999545,long,2023-04-06 09:00:00,2009.22,2023-04-06 09:05:00,2023-04-06 09:10:00,2011.02,2009.22,2014.62,1.7999999999999545,False,extreme,2023-04-06 09:40:00,2009.22,stop,7,-1.0,0,0.0,-1.0,1.7500000000000948,3.3666666666667213
XAUUSD,NY,2023-04-06,Thursday,4,2018.09,2010.54,7.5499999999999545,long,2023-04-06 09:35:00,2000.84,2023-04-06 10:40:00,2023-04-06 10:45:00,2010.89,2000.84,2030.9900000000005,10.050000000000182,False,extreme,2023-04-06 16:55:00,2007.32,end_of_day,75,-0.3552238805970248,0,0.0,-0.3552238805970248,0.4049751243780958,0.5094527363184105
XAUUSD,NY,2023-04-10,Monday,1,1997.64,1989.66,7.980000000000018,short,2023-04-10 04:10:00,1998.31,2023-04-10 04:15:00,2023-04-10 04:20:00,1997.59,1998.31,1996.1499999999999,0.7200000000000273,False,extreme,2023-04-10 04:30:00,1998.31,stop,3,-1.0,2,0.027777777777776725,-1.0277777777777768,0.0,2.416666666666588
XAUUSD,NY,2023-04-10,Monday,2,1997.64,1989.66,7.980000000000018,short,2023-04-10 04:20:00,1999.38,2023-04-10 04:55:00,2023-04-10 05:00:00,1997.43,1999.38,1993.53,1.9500000000000455,False,extreme,2023-04-10 05:15:00,1999.38,stop,4,-1.0,0,0.0,-1.0,0.1948717948718463,1.2717948717948515
XAUUSD,NY,2023-04-10,Monday,3,1997.64,1989.66,7.980000000000018,short,2023-04-10 05:00:00,2003.02,2023-04-10 08:15:00,2023-04-10 08:20:00,1996.07,2003.02,1982.1699999999998,6.9500000000000455,False,extreme,2023-04-10 10:35:00,1982.1699999999998,target,28,2.0,0,0.0,2.0,2.066187050359684,0.7769784172661951
XAUUSD,NY,2023-04-10,Monday,4,1997.64,1989.66,7.980000000000018,long,2023-04-10 10:20:00,1981.71,2023-04-10 11:20:00,2023-04-10 11:25:00,1990.1,1981.71,2006.8799999999997,8.389999999999873,False,extreme,2023-04-10 23:55:00,1997.52,end_of_day,139,0.8843861740167086,0,0.0,0.8843861740167086,0.9678188319428178,0.34922526817638627
XAUUSD,NY,2023-04-11,Tuesday,1,2003.72,1997.34,6.380000000000109,short,2023-04-11 04:20:00,2007.49,2023-04-11 05:25:00,2023-04-11 05:30:00,2003.63,2007.49,1995.9100000000003,3.8599999999999,False,extreme,2023-04-11 09:10:00,1995.9100000000003,target,45,2.0,0,0.0,2.0,2.080310880829121,0.4041450777202036
XAUUSD,NY,2023-04-11,Tuesday,2,2003.72,1997.34,6.380000000000109,short,2023-04-11 10:30:00,2004.71,2023-04-11 10:35:00,2023-04-11 10:40:00,2002.85,2004.71,1999.1299999999997,1.8600000000001273,False,extreme,2023-04-11 11:15:00,2004.71,stop,8,-1.0,0,0.0,-1.0,0.8279569892472356,1.8440860215052843
XAUUSD,NY,2023-04-11,Tuesday,3,2003.72,1997.34,6.380000000000109,short,2023-04-11 11:10:00,2006.28,2023-04-11 11:25:00,2023-04-11 11:30:00,2003.1,2006.28,1996.7399999999998,3.1800000000000637,False,extreme,2023-04-11 12:35:00,2006.28,stop,14,-1.0,0,0.0,-1.0,0.32075471698111996,1.0911949685534459
XAUUSD,NY,2023-04-11,Tuesday,4,2003.72,1997.34,6.380000000000109,short,2023-04-11 11:45:00,2006.57,2023-04-11 13:10:00,2023-04-11 13:15:00,2002.11,2006.57,1993.1899999999998,4.460000000000036,False,extreme,2023-04-11 15:30:00,2006.57,stop,28,-1.0,0,0.0,-1.0,0.23542600896859775,1.0493273542600954
XAUUSD,NY,2023-04-11,Tuesday,5,2003.72,1997.34,6.380000000000109,short,2023-04-11 13:30:00,2006.79,2023-04-11 16:30:00,2023-04-11 16:35:00,2003.13,2006.79,1995.8100000000004,3.6599999999998545,False,extreme,2023-04-11 21:20:00,2006.79,stop,46,-1.0,5,0.013661202185792894,-1.013661202185793,0.019125683060154778,1.5327868852459352
XAUUSD,NY,2023-04-12,Wednesday,1,2021.13,2011.68,9.450000000000045,long,2023-04-12 04:05:00,2010.25,2023-04-12 04:10:00,2023-04-12 04:15:00,2011.73,2010.25,2014.69,1.4800000000000182,False,extreme,2023-04-12 04:25:00,2010.25,stop,3,-1.0,0,0.0,-1.0,0.0,1.222972972972921
XAUUSD,NY,2023-04-12,Wednesday,2,2021.13,2011.68,9.450000000000045,short,2023-04-12 08:30:00,2028.25,2023-04-12 09:05:00,2023-04-12 09:10:00,2019.38,2028.25,2001.6400000000003,8.86999999999989,False,extreme,2023-04-12 09:45:00,2001.6400000000003,target,8,2.0,0,0.0,2.0,2.0225479143179568,0.25366403607666604
XAUUSD,NY,2023-04-12,Wednesday,3,2021.13,2011.68,9.450000000000045,long,2023-04-12 09:40:00,2001.44,2023-04-12 10:15:00,2023-04-12 10:20:00,2012.28,2001.44,2033.9599999999998,10.839999999999918,False,extreme,2023-04-12 23:55:00,2017.49,end_of_day,152,0.4806273062730697,0,0.0,0.4806273062730697,0.6955719557195591,0.8404059040590377
XAUUSD,NY,2023-04-13,Thursday,1,2025.67,2015.34,10.330000000000155,short,2023-04-13 04:00:00,2029.24,2023-04-13 07:10:00,2023-04-13 07:15:00,2025.62,2029.24,2018.3799999999997,3.6200000000001182,False,extreme,2023-04-13 08:00:00,2029.24,stop,10,-1.0,0,0.0,-1.0,0.03867403314913483,1.1712707182320083
XAUUSD,NY,2023-04-14,Friday,1,2046.48,2036.63,9.849999999999909,long,2023-04-14 04:05:00,2031.83,2023-04-14 05:40:00,2023-04-14 05:45:00,2037.94,2031.83,2050.1600000000003,6.110000000000127,False,extreme,2023-04-14 08:30:00,2031.83,stop,34,-1.0,3,0.004909983633387786,-1.0049099836333877,0.7037643207855753,1.4909983633387787
XAUUSD,NY,2023-04-17,Monday,1,2015.05,2003.81,11.240000000000009,long,2023-04-17 08:30:00,2002.0,2023-04-17 08:35:00,2023-04-17 08:40:00,2004.74,2002.0,2010.22,2.740000000000009,False,extreme,2023-04-17 08:40:00,2002.0,stop,1,-1.0,0,0.0,-1.0,0.06934306569345035,1.8430656934306342
XAUUSD,NY,2023-04-18,Tuesday,1,2004.16,1996.52,7.6400000000001,short,2023-04-18 04:05:00,2005.18,2023-04-18 04:15:00,2023-04-18 04:20:00,2003.72,2005.18,2000.8,1.4600000000000364,False,extreme,2023-04-18 05:25:00,2000.8,target,14,2.0,0,0.0,2.0,2.5342465753424337,0.369863013698596
XAUUSD,NY,2023-04-18,Tuesday,2,2004.16,1996.52,7.6400000000001,short,2023-04-18 06:40:00,2004.79,2023-04-18 06:55:00,2023-04-18 07:00:00,2003.54,2004.79,2001.04,1.25,False,extreme,2023-04-18 07:30:00,2004.79,stop,7,-1.0,4,0.032,-1.032,0.4639999999999418,1.1360000000000583
XAUUSD,NY,2023-04-18,Tuesday,3,2004.16,1996.52,7.6400000000001,short,2023-04-18 07:30:00,2004.96,2023-04-18 07:35:00,2023-04-18 07:40:00,2004.05,2004.96,2002.2299999999998,0.9100000000000819,False,extreme,2023-04-18 08:20:00,2004.96,stop,9,-1.0,0,0.0,-1.0,1.4395604395602501,1.34065934065925
XAUUSD,NY,2023-04-18,Tuesday,4,2004.16,1996.52,7.6400000000001,short,2023-04-18 08:25:00,2005.76,2023-04-18 08:30:00,2023-04-18 08:35:00,2003.5,2005.76,1998.98,2.259999999999991,False,extreme,2023-04-18 09:05:00,1998.98,target,7,2.0,0,0.0,2.0,2.110619469026549,0.09292035398231735
XAUUSD,NY,2023-04-18,Tuesday,5,2004.16,1996.52,7.6400000000001,long,2023-04-18 09:20:00,1991.32,2023-04-18 09:45:00,2023-04-18 09:50:00,1998.05,1991.32,2011.51,6.730000000000018,False,extreme,2023-04-18 11:30:00,2011.51,target,21,2.0,0,0.0,2.0,2.050520059435352,0.15453194650816654
XAUUSD,NY,2023-04-18,Tuesday,6,2004.16,1996.52,7.6400000000001,short,2023-04-18 10:05:00,2011.85,2023-04-18 13:55:00,2023-04-18 14:00:00,2004.15,2011.85,1988.7500000000005,7.699999999999818,False,extreme,2023-04-18 23:55:00,2003.47,end_of_day,108,0.08831168831169867,1,0.0012987012987013295,0.08701298701299734,0.28051948051949777,0.5168831168831315
XAUUSD,NY,2023-04-19,Wednesday,1,2004.48,1987.01,17.470000000000027,long,2023-04-19 04:05:00,1969.26,2023-04-19 09:35:00,2023-04-19 09:40:00,1988.04,1969.26,2025.6,18.779999999999973,False,extreme,2023-04-19 23:55:00,1992.86,end_of_day,160,0.2566560170394006,0,0.0,0.2566560170394006,0.5740149094781677,0.05218317358892543
XAUUSD,NY,2023-04-20,Thursday,1,2001.24,1991.38,9.8599999999999,short,2023-04-20 06:25:00,2004.87,2023-04-20 07:55:00,2023-04-20 08:00:00,2001.14,2004.87,1993.6800000000005,3.729999999999791,False,extreme,2023-04-20 08:30:00,2004.87,stop,7,-1.0,0,0.0,-1.0,0.9812332439679053,2.705093833780291
XAUUSD,NY,2023-04-20,Thursday,2,2001.24,1991.38,9.8599999999999,short,2023-04-20 08:30:00,2012.33,2023-04-20 11:05:00,2023-04-20 11:10:00,2000.64,2012.33,1977.2600000000004,11.689999999999827,False,extreme,2023-04-20 23:55:00,2002.21,end_of_day,142,-0.13430282292557397,0,0.0,-0.13430282292557397,0.11976047904192572,0.6663815226689546
XAUUSD,NY,2023-04-21,Friday,1,2002.4,1981.98,20.420000000000073,long,2023-04-21 09:45:00,1971.64,2023-04-21 10:15:00,2023-04-21 10:20:00,1984.54,1971.64,2010.3399999999997,12.899999999999864,False,extreme,2023-04-21 16:55:00,1982.84,friday_close,80,-0.13178294573643903,0,0.0,-0.13178294573643903,0.22635658914729487,0.8131782945736528
XAUUSD,NY,2023-04-24,Monday,1,1983.2,1976.46,6.740000000000009,short,2023-04-24 04:50:00,1986.97,2023-04-24 05:55:00,2023-04-24 06:00:00,1983.1,1986.97,1975.3599999999997,3.8700000000001182,False,extreme,2023-04-24 09:35:00,1975.3599999999997,target,44,2.0,4,0.010335917312661183,1.9896640826873389,2.108527131782844,0.6046511627907168
XAUUSD,NY,2023-04-24,Monday,2,1983.2,1976.46,6.740000000000009,long,2023-04-24 09:50:00,1974.13,2023-04-24 09:55:00,2023-04-24 10:00:00,1978.0,1974.13,1985.7399999999998,3.869999999999891,False,extreme,2023-04-24 10:40:00,1985.7399999999998,target,9,2.0,0,0.0,2.0,2.369509043927734,0.37209302325583854
XAUUSD,NY,2023-04-24,Monday,3,1983.2,1976.46,6.740000000000009,short,2023-04-24 10:35:00,1987.18,2023-04-24 10:55:00,2023-04-24 11:00:00,1982.5,1987.18,1973.1399999999999,4.680000000000064,False,extreme,2023-04-24 12:30:00,1987.18,stop,19,-1.0,0,0.0,-1.0,0.2179487179487111,1.1047008547008552
XAUUSD,NY,2023-04-25,Tuesday,1,1997.28,1987.56,9.720000000000027,long,2023-04-25 06:00:00,1986.79,2023-04-25 06:05:00,2023-04-25 06:10:00,1988.28,1986.79,1991.26,1.490000000000009,False,extreme,2023-04-25 06:15:00,1986.79,stop,2,-1.0,6,0.04026845637583868,-1.0402684563758386,0.0,1.7986577181208372
XAUUSD,NY,2023-04-25,Tuesday,2,1997.28,1987.56,9.720000000000027,long,2023-04-25 06:10:00,1976.12,2023-04-25 08:35:00,2023-04-25 08:40:00,1988.39,1976.12,2012.9300000000005,12.27000000000021,False,extreme,2023-04-25 23:55:00,1994.14,end_of_day,172,0.46862265688670757,0,0.0,0.46862265688670757,1.2559087204563644,0.3960880195599058
XAUUSD,NY,2023-04-26,Wednesday,1,1999.34,1994.18,5.1599999999998545,short,2023-04-26 05:20:00,2000.13,2023-04-26 05:25:00,2023-04-26 05:30:00,1998.97,2000.13,1996.6499999999999,1.1600000000000819,False,extreme,2023-04-26 06:30:00,2000.13,stop,13,-1.0,0,0.0,-1.0,1.5862068965515417,1.3017241379309348
XAUUSD,NY,2023-04-26,Wednesday,2,1999.34,1994.18,5.1599999999998545,short,2023-04-26 06:25:00,2000.48,2023-04-26 06:45:00,2023-04-26 06:50:00,1999.09,2000.48,1996.3099999999997,1.3900000000001,False,extreme,2023-04-26 07:20:00,2000.48,stop,7,-1.0,3,0.021582733812948087,-1.0215827338129482,0.7553956834531503,1.8992805755395037
XAUUSD,NY,2023-04-26,Wednesday,3,1999.34,1994.18,5.1599999999998545,short,2023-04-26 07:15:00,2001.73,2023-04-26 07:35:00,2023-04-26 07:40:00,1998.86,2001.73,1993.1199999999997,2.8700000000001182,False,extreme,2023-04-26 07:40:00,1993.1199999999997,target,1,2.0,0,0.0,2.0,2.5574912891984725,0.010452961672543155
XAUUSD,NY,2023-04-26,Wednesday,4,1999.34,1994.18,5.1599999999998545,long,2023-04-26 07:40:00,1991.52,2023-04-26 07:45:00,2023-04-26 07:50:00,1995.44,1991.52,2003.2800000000002,3.9200000000000728,False,extreme,2023-04-26 09:20:00,2003.2800000000002,target,19,2.0,0,0.0,2.0,2.867346938775459,0.3852040816326436
XAUUSD,NY,2023-04-26,Wednesday,5,1999.34,1994.18,5.1599999999998545,short,2023-04-26 09:10:00,2009.34,2023-04-26 10:40:00,2023-04-26 10:45:00,1999.29,2009.34,1979.19,10.049999999999955,False,extreme,2023-04-26 23:55:00,1999.8,end_of_day,147,-0.05074626865671574,0,0.0,-0.05074626865671574,1.5890547263681691,0.21293532338309548
XAUUSD,NY,2023-04-27,Thursday,1,2003.22,1997.38,5.839999999999918,long,2023-04-27 05:55:00,1995.93,2023-04-27 06:00:00,2023-04-27 06:05:00,1997.58,1995.93,2000.8799999999997,1.6499999999998636,False,extreme,2023-04-27 06:25:00,2000.8799999999997,target,5,2.0,0,0.0,2.0,2.1151515151516955,0.36363636363633856
XAUUSD,NY,2023-04-27,Thursday,2,2003.22,1997.38,5.839999999999918,long,2023-04-27 07:45:00,1996.04,2023-04-27 08:25:00,2023-04-27 08:30:00,1996.06,1996.04,1996.1,0.01999999999998181,False,extreme,2023-04-27 08:30:00,1996.04,both_touched,1,-1.0,0,0.0,-1.0,354.0000000003297,297.50000000027285
XAUUSD,NY,2023-04-28,Friday,1,1990.32,1981.59,8.730000000000018,long,2023-04-28 04:10:00,1979.83,2023-04-28 04:20:00,2023-04-28 04:25:00,1982.01,1979.83,1986.3700000000001,2.1800000000000637,False,extreme,2023-04-28 08:30:00,1979.83,both_touched,50,-1.0,0,0.0,-1.0,2.5275229357797384,2.7614678899081677
XAUUSD,NY,2023-04-28,Friday,2,1990.32,1981.59,8.730000000000018,long,2023-04-28 08:35:00,1979.26,2023-04-28 08:50:00,2023-04-28 08:55:00,1982.58,1979.26,1989.2199999999998,3.3199999999999363,False,extreme,2023-04-28 09:25:00,1989.2199999999998,target,7,2.0,0,0.0,2.0,2.144578313253089,0.07228915662651016
XAUUSD,NY,2023-04-28,Friday,3,1990.32,1981.59,8.730000000000018,short,2023-04-28 10:55:00,1995.08,2023-04-28 11:15:00,2023-04-28 11:20:00,1988.97,1995.08,1976.7500000000002,6.1099999999999,False,extreme,2023-04-28 16:55:00,1989.55,friday_close,68,-0.09492635024548883,0,0.0,-0.09492635024548883,0.23731587561375928,0.833060556464812
XAUUSD,NY,2023-05-01,Monday,1,1986.33,1978.98,7.349999999999909,long,2023-05-01 04:30:00,1978.12,2023-05-01 04:35:00,2023-05-01 04:40:00,1979.14,1978.12,1981.1800000000005,1.0200000000002092,False,extreme,2023-05-01 04:45:00,1978.12,stop,2,-1.0,0,0.0,-1.0,0.05882352941169914,1.43137254901935
XAUUSD,NY,2023-05-01,Monday,2,1986.33,1978.98,7.349999999999909,long,2023-05-01 04:40:00,1977.08,2023-05-01 05:10:00,2023-05-01 05:15:00,1980.2,1977.08,1986.4400000000003,3.1200000000001182,False,extreme,2023-05-01 06:00:00,1986.4400000000003,target,10,2.0,0,0.0,2.0,2.1217948717947563,0.1602564102564042
XAUUSD,NY,2023-05-01,Monday,3,1986.33,1978.98,7.349999999999909,short,2023-05-01 06:00:00,2006.02,2023-05-01 10:30:00,2023-05-01 10:35:00,1985.8,2003.82,1949.76,18.019999999999982,True,swing,2023-05-01 23:55:00,1982.14,end_of_day,149,0.2031076581575948,0,0.0,0.2031076581575948,0.3518312985571545,0.14983351831298825
XAUUSD,NY,2023-05-02,Tuesday,1,1985.77,1980.41,5.3599999999999,long,2023-05-02 04:00:00,1978.72,2023-05-02 04:10:00,2023-05-02 04:15:00,1980.55,1978.72,1984.2099999999998,1.8299999999999272,False,extreme,2023-05-02 04:20:00,1978.72,stop,2,-1.0,0,0.0,-1.0,0.33879781420772836,1.1202185792349924
XAUUSD,NY,2023-05-02,Tuesday,2,1985.77,1980.41,5.3599999999999,short,2023-05-02 06:10:00,1986.49,2023-05-02 06:15:00,2023-05-02 06:20:00,1985.85,1986.49,1984.5699999999997,0.6400000000001,False,extreme,2023-05-02 06:20:00,1986.49,stop,1,-1.0,0,0.0,-1.0,0.4531249999998723,1.0937499999999
XAUUSD,NY,2023-05-02,Tuesday,3,1985.77,1980.41,5.3599999999999,short,2023-05-02 06:20:00,1990.19,2023-05-02 08:35:00,2023-05-02 08:40:00,1985.51,1990.19,1976.1499999999999,4.680000000000064,False,extreme,2023-05-02 10:00:00,1990.19,stop,17,-1.0,0,0.0,-1.0,0.21581196581196094,2.2948717948717654
XAUUSD,NY,2023-05-03,Wednesday,1,2019.5,2012.68,6.819999999999936,long,2023-05-03 08:15:00,2007.36,2023-05-03 08:20:00,2023-05-03 08:25:00,2012.88,2007.36,2023.9200000000005,5.520000000000209,False,extreme,2023-05-03 11:15:00,2023.9200000000005,target,35,2.0,0,0.0,2.0,2.0615942028984513,0.4909420289854952
XAUUSD,NY,2023-05-04,Thursday,1,2045.46,2030.4,15.059999999999945,short,2023-05-04 10:15:00,2059.6,2023-05-04 13:35:00,2023-05-04 13:40:00,2045.34,2059.6,2016.82,14.259999999999991,False,extreme,2023-05-04 23:55:00,2049.8,end_of_day,112,-0.31276297335205233,0,0.0,-0.31276297335205233,0.02244039270686792,0.5385694249649416
XAUUSD,NY,2023-05-05,Friday,1,2051.13,2039.39,11.740000000000009,long,2023-05-05 05:00:00,2038.56,2023-05-05 05:05:00,2023-05-05 05:10:00,2039.42,2038.56,2041.1400000000003,0.8600000000001273,False,extreme,2023-05-05 05:25:00,2038.56,stop,4,-1.0,3,0.034883720930227395,-1.0348837209302273,0.9883720930230038,1.3023255813952934
XAUUSD,NY,2023-05-08,Monday,1,2024.77,2020.09,4.680000000000064,short,2023-05-08 07:25:00,2025.31,2023-05-08 07:40:00,2023-05-08 07:45:00,2024.28,2025.31,2022.22,1.0299999999999727,False,extreme,2023-05-08 07:45:00,2022.22,target,1,2.0,0,0.0,2.0,2.320388349514501,0.10679611650498082
XAUUSD,NY,2023-05-08,Monday,2,2024.77,2020.09,4.680000000000064,short,2023-05-08 08:40:00,2026.98,2023-05-08 09:00:00,2023-05-08 09:05:00,2024.3,2026.98,2018.9399999999998,2.6800000000000637,False,extreme,2023-05-08 09:35:00,2018.9399999999998,target,7,2.0,0,0.0,2.0,2.2798507462685653,0.09328358208955002
XAUUSD,NY,2023-05-08,Monday,3,2024.77,2020.09,4.680000000000064,long,2023-05-08 09:35:00,2017.88,2023-05-08 09:40:00,2023-05-08 09:45:00,2020.98,2017.88,2027.1799999999998,3.099999999999909,False,extreme,2023-05-08 11:25:00,2027.1799999999998,target,21,2.0,0,0.0,2.0,2.2451612903226583,0.0
XAUUSD,NY,2023-05-08,Monday,4,2024.77,2020.09,4.680000000000064,short,2023-05-08 11:20:00,2029.39,2023-05-08 13:40:00,2023-05-08 13:45:00,2024.12,2029.39,2013.5799999999995,5.270000000000209,False,extreme,2023-05-08 23:55:00,2024.96,end_of_day,111,-0.15939278937383533,0,0.0,-0.15939278937383533,0.8747628083490924,0.1650853889943233
XAUUSD,NY,2023-05-09,Tuesday,1,2028.73,2021.67,7.059999999999945,short,2023-05-09 06:00:00,2029.2,2023-05-09 06:10:00,2023-05-09 06:15:00,2028.39,2029.2,2026.7700000000002,0.8099999999999454,False,extreme,2023-05-09 06:15:00,2029.2,stop,1,-1.0,0,0.0,-1.0,0.25925925925932164,3.0864197530866275
XAUUSD,NY,2023-05-09,Tuesday,2,2028.73,2021.67,7.059999999999945,short,2023-05-09 06:15:00,2032.85,2023-05-09 08:40:00,2023-05-09 08:45:00,2027.73,2032.85,2017.4900000000002,5.119999999999891,False,extreme,2023-05-09 13:00:00,2032.85,stop,52,-1.0,0,0.0,-1.0,0.9199218750000268,1.2128906250000329
XAUUSD,NY,2023-05-10,Wednesday,1,2032.99,2027.48,5.509999999999991,long,2023-05-10 04:30:00,2026.28,2023-05-10 04:35:00,2023-05-10 04:40:00,2027.52,2026.28,2030.0,1.240000000000009,False,extreme,2023-05-10 05:45:00,2030.0,target,14,2.0,5,0.040322580645161,1.959677419354839,2.0241935483870748,0.7096774193547382
XAUUSD,NY,2023-05-10,Wednesday,2,2032.99,2027.48,5.509999999999991,long,2023-05-10 08:20:00,2025.08,2023-05-10 08:25:00,2023-05-10 08:30:00,2030.02,2025.08,2039.9,4.940000000000055,False,extreme,2023-05-10 08:30:00,2039.9,target,1,2.0,0,0.0,2.0,3.1862348178137316,0.0
XAUUSD,NY,2023-05-10,Wednesday,3,2032.99,2027.48,5.509999999999991,short,2023-05-10 09:35:00,2040.96,2023-05-10 10:30:00,2023-05-10 10:35:00,2032.83,2040.96,2016.5699999999997,8.13000000000011,False,extreme,2023-05-10 23:55:00,2032.37,end_of_day,149,0.05658056580566177,0,0.0,0.05658056580566177,1.3886838868388454,0.44403444034441314
XAUUSD,NY,2023-05-11,Thursday,1,2033.15,2021.84,11.310000000000173,short,2023-05-11 07:10:00,2039.18,2023-05-11 08:15:00,2023-05-11 08:20:00,2033.04,2039.18,2020.7599999999998,6.1400000000001,False,extreme,2023-05-11 08:30:00,2039.18,stop,3,-1.0,0,0.0,-1.0,0.2198697068403725,1.319218241042346
XAUUSD,NY,2023-05-11,Thursday,2,2033.15,2021.84,11.310000000000173,short,2023-05-11 08:20:00,2041.14,2023-05-11 09:10:00,2023-05-11 09:15:00,2032.88,2041.14,2016.3600000000001,8.259999999999991,False,extreme,2023-05-11 09:50:00,2016.3600000000001,target,8,2.0,0,0.0,2.0,2.420096852300246,0.023002421307485157
XAUUSD,NY,2023-05-12,Friday,1,2012.66,2005.69,6.970000000000027,long,2023-05-12 05:30:00,2000.93,2023-05-12 06:35:00,2023-05-12 06:40:00,2005.82,2000.93,2015.5999999999997,4.889999999999873,False,extreme,2023-05-12 08:50:00,2015.5999999999997,target,27,2.0,0,0.0,2.0,2.051124744376326,0.6380368098159452
XAUUSD,NY,2023-05-12,Friday,2,2012.66,2005.69,6.970000000000027,short,2023-05-12 08:40:00,2022.59,2023-05-12 10:30:00,2023-05-12 10:35:00,2010.39,2022.59,1985.9900000000005,12.199999999999818,False,extreme,2023-05-12 16:55:00,2010.91,friday_close,77,-0.042622950819671275,0,0.0,-0.042622950819671275,0.16311475409836385,0.4934426229508255
XAUUSD,NY,2023-05-15,Monday,1,2020.08,2013.26,6.819999999999936,short,2023-05-15 04:30:00,2020.89,2023-05-15 04:40:00,2023-05-15 04:45:00,2019.53,2020.89,2016.8099999999997,1.3600000000001273,False,extreme,2023-05-15 05:00:00,2016.8099999999997,target,4,2.0,4,0.0294117647058796,1.9705882352941204,2.4044117647056438,0.132352941176505
XAUUSD,NY,2023-05-15,Monday,2,2020.08,2013.26,6.819999999999936,long,2023-05-15 07:00:00,2012.4,2023-05-15 07:05:00,2023-05-15 07:10:00,2013.62,2012.4,2016.0599999999995,1.2199999999998,False,extreme,2023-05-15 07:40:00,2012.4,stop,7,-1.0,0,0.0,-1.0,1.8278688524593312,1.3524590163935526
XAUUSD,NY,2023-05-15,Monday,3,2020.08,2013.26,6.819999999999936,long,2023-05-15 07:35:00,2011.97,2023-05-15 07:45:00,2023-05-15 07:50:00,2014.35,2011.97,2019.1099999999997,2.3799999999998818,False,extreme,2023-05-15 08:00:00,2011.97,stop,3,-1.0,0,0.0,-1.0,0.00840336134453059,1.0336134453781223
XAUUSD,NY,2023-05-15,Monday,4,2020.08,2013.26,6.819999999999936,long,2023-05-15 07:55:00,2011.56,2023-05-15 08:20:00,2023-05-15 08:25:00,2014.28,2011.56,2019.72,2.7200000000000273,False,extreme,2023-05-15 09:45:00,2019.72,target,17,2.0,0,0.0,2.0,2.2316176470587776,0.4264705882353199
XAUUSD,NY,2023-05-15,Monday,5,2020.08,2013.26,6.819999999999936,short,2023-05-15 09:50:00,2022.19,2023-05-15 10:00:00,2023-05-15 10:05:00,2019.1,2022.19,2012.9199999999996,3.0900000000001455,False,extreme,2023-05-15 23:55:00,2016.94,end_of_day,155,0.6990291262135122,0,0.0,0.6990291262135122,1.870550161812201,0.7605177993527591
XAUUSD,NY,2023-05-16,Tuesday,1,2017.72,2002.74,14.980000000000018,long,2023-05-16 10:40:00,2002.11,2023-05-16 10:45:00,2023-05-16 10:50:00,2003.31,2002.11,2005.71,1.2000000000000455,False,extreme,2023-05-16 10:55:00,2002.11,stop,2,-1.0,0,0.0,-1.0,0.3833333333333491,1.074999999999929
XAUUSD,NY,2023-05-16,Tuesday,2,2017.72,2002.74,14.980000000000018,long,2023-05-16 11:05:00,1998.13,2023-05-16 11:15:00,2023-05-16 11:20:00,2002.86,1998.13,2012.3199999999995,4.729999999999791,False,extreme,2023-05-16 11:35:00,1998.13,stop,4,-1.0,0,0.0,-1.0,0.01902748414379482,1.1310782241015107
XAUUSD,NY,2023-05-17,Wednesday,1,1992.1,1986.79,5.309999999999945,long,2023-05-17 04:15:00,1986.23,2023-05-17 04:20:00,2023-05-17 04:25:00,1987.05,1986.23,1988.6899999999998,0.8199999999999363,False,extreme,2023-05-17 04:50:00,1986.23,stop,6,-1.0,0,0.0,-1.0,1.256097560975674,1.0853658536584656
XAUUSD,NY,2023-05-17,Wednesday,2,1992.1,1986.79,5.309999999999945,long,2023-05-17 04:55:00,1983.7,2023-05-17 06:15:00,2023-05-17 06:20:00,1987.03,1983.7,1993.6899999999998,3.3299999999999272,False,extreme,2023-05-17 08:20:00,1983.7,stop,25,-1.0,0,0.0,-1.0,0.5615615615616093,1.4864864864865326
XAUUSD,NY,2023-05-18,Thursday,1,1982.75,1973.6,9.150000000000091,long,2023-05-18 04:10:00,1972.2,2023-05-18 04:25:00,2023-05-18 04:30:00,1975.56,1972.2,1982.2799999999997,3.3599999999999,False,extreme,2023-05-18 08:30:00,1972.2,stop,49,-1.0,0,0.0,-1.0,1.0029761904762555,2.4345238095238333
XAUUSD,NY,2023-05-19,Friday,1,1968.72,1960.62,8.100000000000136,long,2023-05-19 09:30:00,1957.95,2023-05-19 09:50:00,2023-05-19 09:55:00,1960.98,1957.95,1967.04,3.0299999999999727,False,extreme,2023-05-19 10:45:00,1957.95,stop,11,-1.0,0,0.0,-1.0,0.330033003300333,1.240924092409249
XAUUSD,NY,2023-05-19,Friday,2,1968.72,1960.62,8.100000000000136,long,2023-05-19 10:30:00,1957.22,2023-05-19 11:10:00,2023-05-19 11:15:00,1967.36,1957.22,1987.6399999999996,10.139999999999873,False,extreme,2023-05-19 16:55:00,1977.5,friday_close,69,1.0000000000000224,0,0.0,1.0000000000000224,1.6568047337278493,0.0
XAUUSD,NY,2023-05-22,Monday,1,1978.81,1971.24,7.569999999999936,short,2023-05-22 04:45:00,1982.62,2023-05-22 06:40:00,2023-05-22 06:45:00,1978.71,1982.62,1970.8900000000003,3.9099999999998545,False,extreme,2023-05-22 07:40:00,1970.8900000000003,target,12,2.0,0,0.0,2.0,2.2710997442456367,0.06393861892583358
XAUUSD,NY,2023-05-22,Monday,2,1978.81,1971.24,7.569999999999936,long,2023-05-22 07:40:00,1969.83,2023-05-22 07:45:00,2023-05-22 07:50:00,1972.47,1969.83,1977.7500000000002,2.6400000000001,False,extreme,2023-05-22 08:30:00,1977.7500000000002,target,9,2.0,0,0.0,2.0,2.1628787878787197,0.08712121212121571
XAUUSD,NY,2023-05-22,Monday,3,1978.81,1971.24,7.569999999999936,long,2023-05-22 10:20:00,1968.94,2023-05-22 10:30:00,2023-05-22 10:35:00,1973.02,1968.94,1981.1799999999998,4.079999999999927,False,extreme,2023-05-22 20:55:00,1968.94,stop,113,-1.0,0,0.0,-1.0,1.4485294117647518,1.4975490196078454
XAUUSD,NY,2023-05-23,Tuesday,1,1964.62,1955.4,9.2199999999998,long,2023-05-23 04:00:00,1954.26,2023-05-23 04:10:00,2023-05-23 04:15:00,1956.5,1954.26,1960.98,2.240000000000009,False,extreme,2023-05-23 05:00:00,1960.98,target,10,2.0,0,0.0,2.0,2.1785714285714683,0.13392857142855058
XAUUSD,NY,2023-05-23,Tuesday,2,1964.62,1955.4,9.2199999999998,long,2023-05-23 06:05:00,1954.56,2023-05-23 06:15:00,2023-05-23 06:20:00,1955.49,1954.56,1957.3500000000001,0.9300000000000637,False,extreme,2023-05-23 06:50:00,1957.3500000000001,target,7,2.0,0,0.0,2.0,2.698924731182601,0.6344086021504062
XAUUSD,NY,2023-05-24,Wednesday,1,1980.58,1970.7,9.879999999999882,short,2023-05-24 07:35:00,1985.24,2023-05-24 08:50:00,2023-05-24 08:55:00,1979.51,1985.24,1968.05,5.730000000000018,False,extreme,2023-05-24 10:05:00,1968.05,target,15,2.0,0,0.0,2.0,2.172774869109949,0.2443280977312542
XAUUSD,NY,2023-05-24,Wednesday,2,1980.58,1970.7,9.879999999999882,long,2023-05-24 10:10:00,1966.66,2023-05-24 10:35:00,2023-05-24 10:40:00,1971.16,1966.66,1980.16,4.5,False,extreme,2023-05-24 11:45:00,1966.66,stop,14,-1.0,0,0.0,-1.0,0.06666666666665656,1.4088888888889213
XAUUSD,NY,2023-05-25,Thursday,1,1961.39,1954.98,6.410000000000082,short,2023-05-25 04:15:00,1964.75,2023-05-25 05:00:00,2023-05-25 05:05:00,1961.29,1964.75,1954.37,3.4600000000000364,False,extreme,2023-05-25 08:30:00,1954.37,target,42,2.0,1,0.0028901734104045938,1.9971098265895955,2.9739884393063165,0.7687861271676456
XAUUSD,NY,2023-05-26,Friday,1,1957.31,1946.98,10.329999999999927,long,2023-05-26 08:30:00,1944.36,2023-05-26 08:45:00,2023-05-26 08:50:00,1948.32,1944.36,1956.24,3.9600000000000364,False,extreme,2023-05-26 10:30:00,1944.36,stop,21,-1.0,0,0.0,-1.0,0.9090909090909352,1.093434343434315
XAUUSD,NY,2023-05-26,Friday,2,1957.31,1946.98,10.329999999999927,long,2023-05-26 10:30:00,1938.81,2023-05-26 15:55:00,2023-05-26 16:00:00,1947.44,1938.81,1964.7000000000003,8.63000000000011,False,extreme,2023-05-26 16:55:00,1946.72,friday_close,12,-0.08342989571263247,11,0.012746234067207254,-0.09617612977983972,0.009269988412505935,0.13557358053303106
XAUUSD,NY,2023-05-29,Monday,1,1948.93,1943.89,5.039999999999964,long,2023-05-29 04:00:00,1940.89,2023-05-29 04:40:00,2023-05-29 04:45:00,1944.34,1940.89,1951.2399999999996,3.449999999999818,False,extreme,2023-05-29 23:50:00,1940.89,stop,189,-1.0,3,0.008695652173913502,-1.0086956521739134,1.5594202898551863,1.3333333333333772
XAUUSD,NY,2023-05-31,Wednesday,1,1965.38,1955.77,9.610000000000127,long,2023-05-31 04:55:00,1955.01,2023-05-31 05:05:00,2023-05-31 05:10:00,1955.84,1955.01,1957.4999999999998,0.8299999999999272,False,extreme,2023-05-31 05:20:00,1957.4999999999998,target,3,2.0,5,0.060240963855426974,1.9397590361445731,2.27710843373526,0.5783132530121208
XAUUSD,NY,2023-05-31,Wednesday,2,1965.38,1955.77,9.610000000000127,short,2023-05-31 09:40:00,1973.7,2023-05-31 10:00:00,2023-05-31 10:05:00,1961.74,1973.7,1937.82,11.960000000000036,False,extreme,2023-05-31 10:40:00,1973.7,stop,8,-1.0,0,0.0,-1.0,0.02675585284280396,1.084448160535116
XAUUSD,NY,2023-05-31,Wednesday,3,1965.38,1955.77,9.610000000000127,short,2023-05-31 10:20:00,1974.71,2023-05-31 12:30:00,2023-05-31 12:35:00,1964.38,1974.71,1943.7200000000003,10.329999999999927,False,extreme,2023-05-31 23:55:00,1964.27,end_of_day,125,0.0106485963214064,3,0.0029041626331074745,0.007744433688298925,0.21684414327202564,0.42207163601160996
XAUUSD,NY,2023-06-01,Thursday,1,1965.86,1955.18,10.679999999999836,long,2023-06-01 04:00:00,1954.86,2023-06-01 04:05:00,2023-06-01 04:10:00,1955.89,1954.86,1957.9500000000005,1.0300000000002,False,extreme,2023-06-01 04:35:00,1954.86,stop,6,-1.0,0,0.0,-1.0,0.893203883494822,2.3203883495142095
XAUUSD,NY,2023-06-01,Thursday,2,1965.86,1955.18,10.679999999999836,long,2023-06-01 04:30:00,1953.37,2023-06-01 04:50:00,2023-06-01 04:55:00,1955.75,1953.37,1960.5100000000002,2.380000000000109,False,extreme,2023-06-01 05:55:00,1960.5100000000002,target,13,2.0,0,0.0,2.0,2.084033613445298,0.28571428571429935
XAUUSD,NY,2023-06-01,Thursday,3,1965.86,1955.18,10.679999999999836,short,2023-06-01 06:45:00,1967.11,2023-06-01 06:50:00,2023-06-01 06:55:00,1965.58,1967.11,1962.52,1.5299999999999727,False,extreme,2023-06-01 07:00:00,1967.11,stop,2,-1.0,0,0.0,-1.0,0.09803921568618709,1.6862745098040528
XAUUSD,NY,2023-06-01,Thursday,4,1965.86,1955.18,10.679999999999836,short,2023-06-01 06:55:00,1968.38,2023-06-01 08:10:00,2023-06-01 08:15:00,1966.54,1968.38,1962.8599999999997,1.8400000000001455,False,extreme,2023-06-01 08:15:00,1962.8599999999997,target,1,2.0,1,0.005434782608695223,1.9945652173913049,2.9782608695649917,0.75
XAUUSD,NY,2023-06-01,Thursday,5,1965.86,1955.18,10.679999999999836,short,2023-06-01 08:35:00,1967.15,2023-06-01 08:40:00,2023-06-01 08:45:00,1964.63,1967.15,1959.5900000000001,2.519999999999982,False,extreme,2023-06-01 08:50:00,1967.15,stop,2,-1.0,0,0.0,-1.0,0.003968253968340616,1.3769841269840575
XAUUSD,NY,2023-06-02,Friday,1,1982.91,1975.89,7.019999999999982,long,2023-06-02 04:00:00,1975.05,2023-06-02 04:15:00,2023-06-02 04:20:00,1976.24,1975.05,1978.6200000000001,1.1900000000000546,False,extreme,2023-06-02 04:40:00,1978.6200000000001,target,5,2.0,1,0.00840336134453743,1.9915966386554627,2.168067226890596,0.08403361344529788
XAUUSD,NY,2023-06-02,Friday,2,1982.91,1975.89,7.019999999999982,long,2023-06-02 08:35:00,1968.66,2023-06-02 09:25:00,2023-06-02 09:30:00,1976.0,1968.66,1990.6799999999998,7.339999999999918,False,extreme,2023-06-02 09:40:00,1968.66,stop,3,-1.0,0,0.0,-1.0,0.02997275204360078,1.2043596730245254
XAUUSD,NY,2023-06-05,Monday,1,1947.4,1938.56,8.840000000000146,long,2023-06-05 08:35:00,1938.14,2023-06-05 08:40:00,2023-06-05 08:45:00,1939.8,1938.14,1943.1199999999997,1.6599999999998545,False,extreme,2023-06-05 08:55:00,1943.1199999999997,target,3,2.0,0,0.0,2.0,2.1807228915665275,0.18674698795179073
XAUUSD,NY,2023-06-05,Monday,2,1947.4,1938.56,8.840000000000146,short,2023-06-05 09:45:00,1948.79,2023-06-05 09:50:00,2023-06-05 09:55:00,1946.34,1948.79,1941.4399999999998,2.4500000000000455,False,extreme,2023-06-05 10:00:00,1948.79,stop,2,-1.0,2,0.008163265306122297,-1.0081632653061223,0.22040816326528717,6.159183673469333
XAUUSD,NY,2023-06-06,Tuesday,1,1962.76,1956.82,5.940000000000055,short,2023-06-06 05:50:00,1963.17,2023-06-06 05:55:00,2023-06-06 06:00:00,1962.37,1963.17,1960.7699999999995,0.8000000000001819,False,extreme,2023-06-06 06:10:00,1963.17,stop,3,-1.0,8,0.09999999999997726,-1.0999999999999772,0.3999999999998295,1.3499999999998864
XAUUSD,NY,2023-06-06,Tuesday,2,1962.76,1956.82,5.940000000000055,short,2023-06-06 06:05:00,1963.45,2023-06-06 06:15:00,2023-06-06 06:20:00,1962.08,1963.45,1959.3399999999997,1.3700000000001182,False,extreme,2023-06-06 06:30:00,1963.45,stop,3,-1.0,4,0.029197080291968283,-1.0291970802919683,0.07299270072985432,2.0583941605838834
XAUUSD,NY,2023-06-06,Tuesday,3,1962.76,1956.82,5.940000000000055,short,2023-06-06 06:25:00,1966.36,2023-06-06 08:30:00,2023-06-06 08:35:00,1962.14,1966.36,1953.7000000000005,4.2199999999998,False,extreme,2023-06-06 12:05:00,1966.36,stop,43,-1.0,0,0.0,-1.0,1.838862559241791,1.0118483412322712
XAUUSD,NY,2023-06-06,Tuesday,4,1962.76,1956.82,5.940000000000055,short,2023-06-06 11:40:00,1966.41,2023-06-06 12:15:00,2023-06-06 12:20:00,1962.58,1966.41,1954.9199999999996,3.8300000000001546,False,extreme,2023-06-06 21:30:00,1966.41,stop,99,-1.0,0,0.0,-1.0,0.3968668407310497,1.0652741514360287
XAUUSD,NY,2023-06-07,Wednesday,1,1965.06,1954.98,10.079999999999927,short,2023-06-07 06:00:00,1966.38,2023-06-07 06:15:00,2023-06-07 06:20:00,1964.28,1966.38,1960.0799999999997,2.1000000000001364,False,extreme,2023-06-07 08:15:00,1960.0799999999997,target,24,2.0,0,0.0,2.0,2.3333333333331168,0.45238095238094467
XAUUSD,NY,2023-06-07,Wednesday,2,1965.06,1954.98,10.079999999999927,short,2023-06-07 09:50:00,1970.19,2023-06-07 10:05:00,2023-06-07 10:10:00,1964.72,1970.19,1953.78,5.470000000000027,False,extreme,2023-06-07 11:25:00,1953.78,target,16,2.0,0,0.0,2.0,2.025594149908569,0.2979890310785875
XAUUSD,NY,2023-06-08,Thursday,1,1948.25,1942.81,5.440000000000055,short,2023-06-08 04:35:00,1949.15,2023-06-08 04:45:00,2023-06-08 04:50:00,1947.59,1949.15,1944.4699999999996,1.5600000000001728,False,extreme,2023-06-08 08:25:00,1949.15,stop,44,-1.0,0,0.0,-1.0,1.6858974358971734,1.2115384615383915
XAUUSD,NY,2023-06-09,Friday,1,1966.09,1962.41,3.6799999999998363,long,2023-06-09 04:00:00,1960.63,2023-06-09 04:50:00,2023-06-09 04:55:00,1962.68,1960.63,1966.78,2.0499999999999545,False,extreme,2023-06-09 07:55:00,1966.78,target,37,2.0,2,0.009756097560975827,1.9902439024390242,2.1073170731707473,0.49756097560975826
XAUUSD,NY,2023-06-09,Friday,2,1966.09,1962.41,3.6799999999998363,short,2023-06-09 07:55:00,1967.0,2023-06-09 08:00:00,2023-06-09 08:05:00,1965.51,1967.0,1962.53,1.490000000000009,False,extreme,2023-06-09 08:30:00,1967.0,stop,6,-1.0,3,0.02013422818791934,-1.0201342281879193,1.181208053691262,5.026845637583868
XAUUSD,NY,2023-06-09,Friday,3,1966.09,1962.41,3.6799999999998363,long,2023-06-09 09:35:00,1956.64,2023-06-09 10:10:00,2023-06-09 10:15:00,1963.61,1956.64,1977.5499999999995,6.9699999999998,False,extreme,2023-06-09 16:55:00,1960.46,friday_close,81,-0.451936872309893,0,0.0,-0.451936872309893,0.6456241032998751,0.5652797704447547
XAUUSD,NY,2023-06-12,Monday,1,1962.13,1956.6,5.5300000000002,short,2023-06-12 04:00:00,1966.98,2023-06-12 07:20:00,2023-06-12 07:25:00,1961.9,1966.98,1951.7400000000002,5.079999999999927,False,extreme,2023-06-12 09:45:00,1951.7400000000002,target,29,2.0,1,0.001968503937007902,1.9980314960629921,2.104330708661458,0.7992125984251975
XAUUSD,NY,2023-06-12,Monday,2,1962.13,1956.6,5.5300000000002,long,2023-06-12 09:45:00,1949.22,2023-06-12 11:05:00,2023-06-12 11:10:00,1956.62,1949.22,1971.4199999999996,7.399999999999864,False,extreme,2023-06-12 23:55:00,1962.04,end_of_day,142,0.7324324324324558,3,0.004054054054054129,0.7283783783784017,0.743243243243257,0.47432432432433186
XAUUSD,NY,2023-06-13,Tuesday,1,1965.39,1958.26,7.130000000000109,short,2023-06-13 06:50:00,1966.23,2023-06-13 07:05:00,2023-06-13 07:10:00,1965.37,1966.23,1963.6499999999996,0.8600000000001273,False,extreme,2023-06-13 07:55:00,1963.6499999999996,target,10,2.0,0,0.0,2.0,2.162790697673982,0.3837209302326811
XAUUSD,NY,2023-06-13,Tuesday,2,1965.39,1958.26,7.130000000000109,short,2023-06-13 08:30:00,1970.9,2023-06-13 08:35:00,2023-06-13 08:40:00,1962.9,1970.9,1946.9,8.0,False,extreme,2023-06-13 11:20:00,1946.9,target,33,2.0,0,0.0,2.0,2.086250000000007,0.3849999999999909
XAUUSD,NY,2023-06-14,Wednesday,1,1951.58,1945.29,6.289999999999964,short,2023-06-14 05:20:00,1952.92,2023-06-14 05:45:00,2023-06-14 05:50:00,1951.23,1952.92,1947.85,1.6900000000000546,False,extreme,2023-06-14 06:55:00,1947.85,target,14,2.0,0,0.0,2.0,2.0236686390532324,0.5680473372781097
XAUUSD,NY,2023-06-14,Wednesday,2,1951.58,1945.29,6.289999999999964,short,2023-06-14 08:30:00,1960.25,2023-06-14 14:00:00,2023-06-14 14:05:00,1945.9,1955.78,1926.1400000000003,9.879999999999882,True,swing,2023-06-14 23:55:00,1934.88,end_of_day,107,1.115384615384627,0,0.0,1.115384615384627,1.3653846153846327,0.7287449392712454
XAUUSD,NY,2023-06-15,Thursday,1,1939.86,1929.03,10.829999999999927,long,2023-06-15 07:35:00,1928.6,2023-06-15 07:40:00,2023-06-15 07:45:00,1929.28,1928.6,1930.64,0.6800000000000637,False,extreme,2023-06-15 07:55:00,1928.6,stop,3,-1.0,0,0.0,-1.0,0.7794117647057692,2.0294117647055185
XAUUSD,NY,2023-06-15,Thursday,2,1939.86,1929.03,10.829999999999927,long,2023-06-15 07:55:00,1927.1,2023-06-15 08:15:00,2023-06-15 08:20:00,1930.72,1927.1,1937.9600000000003,3.6200000000001182,False,extreme,2023-06-15 08:25:00,1927.1,stop,2,-1.0,0,0.0,-1.0,0.12154696132597796,1.3425414364640798
XAUUSD,NY,2023-06-15,Thursday,3,1939.86,1929.03,10.829999999999927,long,2023-06-15 08:25:00,1924.7,2023-06-15 08:30:00,2023-06-15 08:35:00,1931.01,1924.7,1943.6299999999999,6.309999999999945,False,extreme,2023-06-15 09:40:00,1943.6299999999999,target,14,2.0,0,0.0,2.0,2.4992076069730773,0.3803486529318719
XAUUSD,NY,2023-06-16,Friday,1,1963.4,1954.69,8.710000000000036,short,2023-06-16 04:45:00,1964.02,2023-06-16 04:55:00,2023-06-16 05:00:00,1963.16,1964.02,1961.4400000000003,0.8599999999999,False,extreme,2023-06-16 05:00:00,1964.02,stop,1,-1.0,0,0.0,-1.0,0.0,1.7906976744187706
XAUUSD,NY,2023-06-16,Friday,2,1963.4,1954.69,8.710000000000036,short,2023-06-16 05:00:00,1964.75,2023-06-16 06:10:00,2023-06-16 06:15:00,1963.34,1964.75,1960.5199999999998,1.4100000000000819,False,extreme,2023-06-16 06:25:00,1964.75,stop,3,-1.0,2,0.014184397163119745,-1.0141843971631197,0.14184397163106843,1.0212765957446603
XAUUSD,NY,2023-06-16,Friday,3,1963.4,1954.69,8.710000000000036,short,2023-06-16 06:15:00,1967.91,2023-06-16 08:50:00,2023-06-16 08:55:00,1963.26,1967.91,1953.9599999999998,4.650000000000091,False,extreme,2023-06-16 10:25:00,1953.9599999999998,target,19,2.0,0,0.0,2.0,2.1440860215053403,0.5999999999999804
XAUUSD,NY,2023-06-16,Friday,4,1963.4,1954.69,8.710000000000036,long,2023-06-16 10:25:00,1953.29,2023-06-16 10:30:00,2023-06-16 10:35:00,1956.97,1953.29,1964.3300000000002,3.6800000000000637,False,extreme,2023-06-16 16:55:00,1957.28,friday_close,77,0.08423913043476633,0,0.0,0.08423913043476633,1.290760869565195,0.8070652173912978
XAUUSD,NY,2023-06-19,Monday,1,1957.48,1952.77,4.710000000000036,short,2023-06-19 04:20:00,1958.73,2023-06-19 04:40:00,2023-06-19 04:45:00,1957.38,1958.73,1954.6800000000003,1.349999999999909,False,extreme,2023-06-19 05:30:00,1954.6800000000003,target,10,2.0,0,0.0,2.0,2.6888888888891507,0.3777777777777965
XAUUSD,NY,2023-06-19,Monday,2,1957.48,1952.77,4.710000000000036,long,2023-06-19 05:45:00,1947.83,2023-06-19 09:30:00,2023-06-19 09:35:00,1952.87,1947.83,1962.9499999999998,5.039999999999964,False,extreme,2023-06-19 21:40:00,1947.83,stop,104,-1.0,0,0.0,-1.0,0.2480158730158748,1.0158730158730016
XAUUSD,NY,2023-06-21,Wednesday,1,1937.44,1931.3,6.1400000000001,long,2023-06-21 08:20:00,1919.2,2023-06-21 10:40:00,2023-06-21 10:45:00,1932.68,1924.26,1949.5200000000002,8.420000000000073,True,swing,2023-06-21 23:55:00,1932.66,end_of_day,147,-0.0023752969121118334,0,0.0,-0.0023752969121118334,0.5914489311163866,0.4026128266033338
XAUUSD,NY,2023-06-22,Thursday,1,1933.11,1927.11,6.0,long,2023-06-22 04:30:00,1924.9,2023-06-22 04:50:00,2023-06-22 04:55:00,1927.13,1924.9,1931.5900000000001,2.230000000000018,False,extreme,2023-06-22 08:10:00,1924.9,stop,40,-1.0,1,0.0044843049327353895,-1.0044843049327354,1.1838565022420857,1.2376681614350653
XAUUSD,NY,2023-06-22,Thursday,2,1933.11,1927.11,6.0,long,2023-06-22 08:00:00,1923.66,2023-06-22 08:30:00,2023-06-22 08:35:00,1929.24,1923.66,1940.3999999999999,5.579999999999927,False,extreme,2023-06-22 08:55:00,1923.66,stop,5,-1.0,0,0.0,-1.0,0.3082437275985752,1.0322580645161408
XAUUSD,NY,2023-06-23,Friday,1,1918.96,1912.16,6.7999999999999545,short,2023-06-23 04:35:00,1920.15,2023-06-23 04:50:00,2023-06-23 04:55:00,1918.51,1920.15,1915.2299999999998,1.6400000000001,False,extreme,2023-06-23 07:30:00,1920.15,stop,32,-1.0,0,0.0,-1.0,1.1585365853658385,1.3353658536584885
XAUUSD,NY,2023-06-23,Friday,2,1918.96,1912.16,6.7999999999999545,short,2023-06-23 07:25:00,1937.42,2023-06-23 12:40:00,2023-06-23 12:45:00,1918.64,1922.41,1911.1000000000001,3.769999999999982,True,swing,2023-06-23 16:55:00,1920.85,friday_close,51,-0.5862068965516763,0,0.0,-0.5862068965516763,0.17241379310347324,0.8037135278514556
XAUUSD,NY,2023-06-26,Monday,1,1929.17,1922.21,6.960000000000036,short,2023-06-26 04:00:00,1933.36,2023-06-26 09:15:00,2023-06-26 09:20:00,1928.7,1933.36,1919.3800000000003,4.6599999999998545,False,extreme,2023-06-26 23:55:00,1928.46,end_of_day,164,0.05150214592275034,0,0.0,0.05150214592275034,1.6416309012876245,0.37339055793992776
XAUUSD,NY,2023-06-27,Tuesday,1,1929.75,1924.2,5.5499999999999545,long,2023-06-27 05:55:00,1922.83,2023-06-27 06:35:00,2023-06-27 06:40:00,1924.38,1922.83,1927.4800000000005,1.550000000000182,False,extreme,2023-06-27 07:00:00,1922.83,stop,5,-1.0,0,0.0,-1.0,0.12258064516116444,1.8838709677417613
XAUUSD,NY,2023-06-27,Tuesday,2,1929.75,1924.2,5.5499999999999545,long,2023-06-27 06:50:00,1919.72,2023-06-27 08:05:00,2023-06-27 08:10:00,1924.83,1919.72,1935.0499999999997,5.1099999999999,False,extreme,2023-06-27 10:00:00,1919.72,stop,23,-1.0,0,0.0,-1.0,1.1467710371820434,1.3542074363992134
XAUUSD,NY,2023-06-28,Wednesday,1,1916.81,1909.2,7.6099999999999,long,2023-06-28 04:30:00,1908.28,2023-06-28 04:50:00,2023-06-28 04:55:00,1910.16,1908.28,1913.9200000000003,1.8800000000001091,False,extreme,2023-06-28 05:45:00,1908.28,stop,11,-1.0,0,0.0,-1.0,0.9680851063828887,1.4574468085105585
XAUUSD,NY,2023-06-28,Wednesday,2,1916.81,1909.2,7.6099999999999,long,2023-06-28 05:45:00,1904.42,2023-06-28 09:30:00,2023-06-28 09:35:00,1910.24,1904.42,1921.8799999999999,5.819999999999936,False,extreme,2023-06-28 09:45:00,1904.42,stop,3,-1.0,0,0.0,-1.0,0.08247422680412773,1.2697594501718523
XAUUSD,NY,2023-06-28,Wednesday,3,1916.81,1909.2,7.6099999999999,long,2023-06-28 09:35:00,1902.85,2023-06-28 09:55:00,2023-06-28 10:00:00,1910.15,1902.85,1924.7500000000005,7.300000000000182,False,extreme,2023-06-28 23:15:00,1902.85,stop,148,-1.0,0,0.0,-1.0,0.44931506849313574,1.0027397260273947
XAUUSD,NY,2023-06-29,Thursday,1,1907.47,1902.6,4.870000000000118,short,2023-06-29 04:15:00,1908.16,2023-06-29 04:20:00,2023-06-29 04:25:00,1906.79,1908.16,1904.0499999999997,1.3700000000001182,False,extreme,2023-06-29 05:45:00,1904.0499999999997,target,17,2.0,1,0.007299270072992071,1.9927007299270079,2.0802919708026737,0.678832116788309
XAUUSD,NY,2023-06-29,Thursday,2,1907.47,1902.6,4.870000000000118,long,2023-06-29 08:30:00,1893.01,2023-06-29 10:05:00,2023-06-29 10:10:00,1904.68,1893.38,1927.28,11.299999999999955,True,swing,2023-06-29 23:55:00,1908.29,end_of_day,154,0.319469026548665,0,0.0,0.319469026548665,0.7469026548672444,0.06725663716814106
XAUUSD,NY,2023-06-30,Friday,1,1909.95,1903.74,6.210000000000036,long,2023-06-30 04:20:00,1900.54,2023-06-30 05:30:00,2023-06-30 05:35:00,1904.0,1900.54,1910.92,3.4600000000000364,False,extreme,2023-06-30 08:30:00,1910.92,target,36,2.0,0,0.0,2.0,2.106936416184938,0.2369942196531583
XAUUSD,NY,2023-06-30,Friday,2,1909.95,1903.74,6.210000000000036,short,2023-06-30 08:40:00,1913.81,2023-06-30 08:45:00,2023-06-30 08:50:00,1909.21,1913.81,1900.0100000000002,4.599999999999909,False,extreme,2023-06-30 09:20:00,1913.81,stop,7,-1.0,0,0.0,-1.0,0.3347826086956509,1.1478260869565384
XAUUSD,NY,2023-07-03,Monday,1,1920.64,1912.12,8.52000000000021,long,2023-07-03 04:05:00,1910.12,2023-07-03 04:25:00,2023-07-03 04:30:00,1912.61,1910.12,1917.59,2.490000000000009,False,extreme,2023-07-03 08:35:00,1917.59,target,50,2.0,0,0.0,2.0,2.630522088353477,0.41767068273090757
XAUUSD,NY,2023-07-03,Monday,2,1920.64,1912.12,8.52000000000021,short,2023-07-03 08:50:00,1922.08,2023-07-03 09:00:00,2023-07-03 09:05:00,1920.31,1922.08,1916.77,1.7699999999999818,False,extreme,2023-07-03 09:10:00,1922.08,stop,2,-1.0,0,0.0,-1.0,0.4689265536722801,1.0903954802260358
XAUUSD,NY,2023-07-03,Monday,3,1920.64,1912.12,8.52000000000021,short,2023-07-03 09:10:00,1930.99,2023-07-03 19:00:00,2023-07-03 19:05:00,1920.56,1930.99,1899.6999999999998,10.430000000000064,False,extreme,2023-07-03 23:55:00,1923.05,end_of_day,59,-0.23873441994247305,11,0.010546500479386321,-0.24928092042185937,0.04985618408436995,0.28475551294343326
XAUUSD,NY,2023-07-04,Tuesday,1,1928.47,1922.83,5.6400000000001,short,2023-07-04 04:50:00,1930.75,2023-07-04 07:35:00,2023-07-04 07:40:00,1927.84,1930.75,1922.0199999999998,2.910000000000082,False,extreme,2023-07-04 23:55:00,1924.4,end_of_day,154,1.1821305841923473,0,0.0,1.1821305841923473,1.5910652920961346,0.8453608247422567
XAUUSD,NY,2023-07-05,Wednesday,1,1927.76,1920.85,6.910000000000082,short,2023-07-05 05:05:00,1929.6,2023-07-05 06:45:00,2023-07-05 06:50:00,1927.68,1929.6,1923.8400000000004,1.9199999999998454,False,extreme,2023-07-05 08:40:00,1929.6,stop,23,-1.0,0,0.0,-1.0,1.2968750000001092,1.1718750000000944
XAUUSD,NY,2023-07-05,Wednesday,2,1927.76,1920.85,6.910000000000082,short,2023-07-05 08:35:00,1935.08,2023-07-05 09:40:00,2023-07-05 09:45:00,1925.74,1935.08,1907.0600000000002,9.339999999999918,False,extreme,2023-07-05 23:55:00,1918.15,end_of_day,159,0.8126338329764438,0,0.0,0.8126338329764438,1.1766595289079342,0.02355460385439285
XAUUSD,NY,2023-07-06,Thursday,1,1921.55,1916.9,4.649999999999864,long,2023-07-06 05:45:00,1916.72,2023-07-06 05:50:00,2023-07-06 05:55:00,1917.51,1916.72,1919.09,0.7899999999999636,False,extreme,2023-07-06 06:15:00,1919.09,target,5,2.0,0,0.0,2.0,3.354430379747105,0.30379746835445587
XAUUSD,NY,2023-07-07,Friday,1,1916.49,1910.32,6.170000000000073,short,2023-07-07 05:50:00,1916.8,2023-07-07 05:55:00,2023-07-07 06:00:00,1916.1,1916.8,1914.6999999999998,0.7000000000000455,False,extreme,2023-07-07 06:35:00,1916.8,stop,8,-1.0,0,0.0,-1.0,1.2999999999997076,1.6714285714285668
XAUUSD,NY,2023-07-07,Friday,2,1916.49,1910.32,6.170000000000073,short,2023-07-07 06:35:00,1917.86,2023-07-07 06:45:00,2023-07-07 06:50:00,1916.29,1917.86,1913.15,1.5699999999999363,False,extreme,2023-07-07 07:30:00,1917.86,stop,9,-1.0,0,0.0,-1.0,0.21656050955409678,1.3312101910829492
XAUUSD,NY,2023-07-07,Friday,3,1916.49,1910.32,6.170000000000073,short,2023-07-07 07:10:00,1918.74,2023-07-07 08:15:00,2023-07-07 08:20:00,1914.5,1918.74,1906.02,4.240000000000009,False,extreme,2023-07-07 08:25:00,1918.74,stop,2,-1.0,0,0.0,-1.0,0.047169811320765344,1.5188679245283114
XAUUSD,NY,2023-07-10,Monday,1,1925.73,1919.39,6.339999999999918,long,2023-07-10 08:20:00,1912.68,2023-07-10 09:20:00,2023-07-10 09:25:00,1921.12,1912.68,1937.9999999999995,8.439999999999827,False,extreme,2023-07-10 23:55:00,1926.72,end_of_day,163,0.6635071090047691,0,0.0,0.6635071090047691,0.9407582938388883,0.13270142180093766
XAUUSD,NY,2023-07-11,Tuesday,1,1938.38,1926.42,11.960000000000036,short,2023-07-11 21:40:00,1939.08,2023-07-11 21:45:00,2023-07-11 21:50:00,1938.16,1939.08,1936.3200000000004,0.9199999999998454,False,extreme,2023-07-11 22:20:00,1939.08,stop,7,-1.0,0,0.0,-1.0,1.608695652174203,2.413043478261305
XAUUSD,NY,2023-07-11,Tuesday,2,1938.38,1926.42,11.960000000000036,short,2023-07-11 22:15:00,1941.0,2023-07-11 23:00:00,2023-07-11 23:05:00,1938.01,1941.0,1932.03,2.990000000000009,False,extreme,2023-07-11 23:55:00,1938.57,end_of_day,11,-0.18729096989964672,0,0.0,-0.18729096989964672,0.08026755852843089,0.6254180602007066
XAUUSD,NY,2023-07-12,Wednesday,1,1940.27,1933.94,6.329999999999927,long,2023-07-12 07:15:00,1933.48,2023-07-12 07:20:00,2023-07-12 07:25:00,1934.3,1933.48,1935.9399999999998,0.8199999999999363,False,extreme,2023-07-12 07:35:00,1935.9399999999998,target,3,2.0,0,0.0,2.0,2.5853658536588817,0.7926829268291634
XAUUSD,NY,2023-07-13,Thursday,1,1963.38,1955.29,8.090000000000146,long,2023-07-13 08:35:00,1952.43,2023-07-13 08:45:00,2023-07-13 08:50:00,1955.36,1952.43,1961.2199999999996,2.9299999999998363,False,extreme,2023-07-13 09:10:00,1961.2199999999996,target,5,2.0,0,0.0,2.0,2.0716723549489773,0.5324232081911374
XAUUSD,NY,2023-07-13,Thursday,2,1963.38,1955.29,8.090000000000146,long,2023-07-13 11:55:00,1954.68,2023-07-13 12:00:00,2023-07-13 12:05:00,1956.04,1954.68,1958.7599999999998,1.3599999999999,False,extreme,2023-07-13 12:20:00,1958.7599999999998,target,4,2.0,0,0.0,2.0,2.3823529411766526,0.11764705882343107
XAUUSD,NY,2023-07-14,Friday,1,1962.6,1954.37,8.230000000000018,long,2023-07-14 10:00:00,1950.95,2023-07-14 10:25:00,2023-07-14 10:30:00,1954.8,1950.95,1962.4999999999998,3.849999999999909,False,extreme,2023-07-14 16:55:00,1955.45,friday_close,78,0.16883116883119645,2,0.005194805194805318,0.16363636363639114,1.8727272727273263,0.17142857142853768
XAUUSD,NY,2023-07-17,Monday,1,1956.84,1950.56,6.279999999999973,short,2023-07-17 04:30:00,1957.42,2023-07-17 04:35:00,2023-07-17 04:40:00,1956.15,1957.42,1953.6100000000001,1.2699999999999818,False,extreme,2023-07-17 05:45:00,1957.42,stop,14,-1.0,0,0.0,-1.0,1.4251968503938572,1.6850393700786641
XAUUSD,NY,2023-07-17,Monday,2,1956.84,1950.56,6.279999999999973,short,2023-07-17 05:45:00,1959.9,2023-07-17 08:20:00,2023-07-17 08:25:00,1954.55,1959.9,1943.8499999999997,5.350000000000136,False,extreme,2023-07-17 23:00:00,1959.9,stop,164,-1.0,0,0.0,-1.0,1.639252336448553,1.0411214953270644
XAUUSD,NY,2023-07-18,Tuesday,1,1964.13,1957.78,6.350000000000136,short,2023-07-18 07:15:00,1972.16,2023-07-18 07:30:00,2023-07-18 07:35:00,1963.44,1972.16,1946.0,8.720000000000027,False,extreme,2023-07-18 10:00:00,1972.16,stop,30,-1.0,0,0.0,-1.0,0.30275229357799216,1.3692660550458735
XAUUSD,NY,2023-07-19,Wednesday,1,1980.91,1973.02,7.8900000000001,long,2023-07-19 07:15:00,1971.61,2023-07-19 07:40:00,2023-07-19 07:45:00,1973.09,1971.61,1976.05,1.4800000000000182,False,extreme,2023-07-19 08:05:00,1976.05,target,5,2.0,0,0.0,2.0,2.0608108108109082,0.060810810810754755
XAUUSD,NY,2023-07-19,Wednesday,2,1980.91,1973.02,7.8900000000001,long,2023-07-19 10:30:00,1969.77,2023-07-19 10:50:00,2023-07-19 10:55:00,1974.85,1969.77,1985.0099999999998,5.079999999999927,False,extreme,2023-07-19 21:35:00,1985.0099999999998,target,117,2.0,0,0.0,2.0,2.029527559055181,0.5472440944881914
XAUUSD,NY,2023-07-20,Thursday,1,1985.46,1977.93,7.529999999999973,long,2023-07-20 08:30:00,1972.42,2023-07-20 09:20:00,2023-07-20 09:25:00,1978.53,1972.42,1990.7499999999998,6.1099999999999,False,extreme,2023-07-20 10:05:00,1972.42,stop,9,-1.0,0,0.0,-1.0,0.27004909983635317,1.0376432078559774
XAUUSD,NY,2023-07-21,Friday,1,1972.25,1964.1,8.150000000000091,long,2023-07-21 04:05:00,1961.66,2023-07-21 04:30:00,2023-07-21 04:35:00,1964.28,1961.66,1969.5199999999998,2.619999999999891,False,extreme,2023-07-21 04:55:00,1961.66,stop,5,-1.0,0,0.0,-1.0,0.09541984732824825,1.1832061068702435
XAUUSD,NY,2023-07-21,Friday,2,1972.25,1964.1,8.150000000000091,long,2023-07-21 04:35:00,1961.06,2023-07-21 07:35:00,2023-07-21 07:40:00,1964.49,1961.06,1971.3500000000001,3.4300000000000637,False,extreme,2023-07-21 09:10:00,1961.06,stop,19,-1.0,0,0.0,-1.0,1.064139941690969,1.1341107871720197
XAUUSD,NY,2023-07-21,Friday,3,1972.25,1964.1,8.150000000000091,long,2023-07-21 08:40:00,1958.08,2023-07-21 10:35:00,2023-07-21 10:40:00,1964.22,1958.08,1976.5000000000002,6.1400000000001,False,extreme,2023-07-21 11:00:00,1958.08,stop,5,-1.0,0,0.0,-1.0,0.11237785016287351,1.19869706840391
XAUUSD,NY,2023-07-21,Friday,4,1972.25,1964.1,8.150000000000091,long,2023-07-21 10:40:00,1956.86,2023-07-21 13:05:00,2023-07-21 13:10:00,1964.29,1956.86,1979.15,7.430000000000064,False,extreme,2023-07-21 16:55:00,1961.84,friday_close,46,-0.3297442799461675,0,0.0,-0.3297442799461675,0.08209959623151038,0.37146702557200095
XAUUSD,NY,2023-07-24,Monday,1,1965.64,1957.88,7.759999999999991,short,2023-07-24 06:00:00,1966.15,2023-07-24 06:05:00,2023-07-24 06:10:00,1965.56,1966.15,1964.3799999999997,0.5900000000001455,False,extreme,2023-07-24 06:20:00,1966.15,stop,3,-1.0,0,0.0,-1.0,0.5084745762709839,1.6440677966098103
XAUUSD,NY,2023-07-24,Monday,2,1965.64,1957.88,7.759999999999991,short,2023-07-24 06:15:00,1966.53,2023-07-24 06:25:00,2023-07-24 06:30:00,1964.42,1966.53,1960.2000000000003,2.1099999999999,False,extreme,2023-07-24 07:00:00,1966.53,stop,7,-1.0,0,0.0,-1.0,0.26540284360199023,1.2085308056872395
XAUUSD,NY,2023-07-24,Monday,3,1965.64,1957.88,7.759999999999991,short,2023-07-24 07:00:00,1967.91,2023-07-24 07:50:00,2023-07-24 07:55:00,1965.31,1967.91,1960.1099999999997,2.6000000000001364,False,extreme,2023-07-24 09:45:00,1959.85,target_gap,23,2.0999999999999037,0,0.0,2.0999999999999037,1.7461538461537405,0.9153846153846094
XAUUSD,NY,2023-07-24,Monday,4,1965.64,1957.88,7.759999999999991,long,2023-07-24 14:05:00,1953.22,2023-07-24 21:10:00,2023-07-24 21:15:00,1958.01,1953.22,1967.59,4.789999999999964,False,extreme,2023-07-24 23:55:00,1961.63,end_of_day,33,0.7557411273486734,1,0.0020876826722338363,0.7536534446764396,1.1586638830897698,0.031315240083526534
XAUUSD,NY,2023-07-25,Tuesday,1,1964.03,1959.76,4.269999999999982,long,2023-07-25 04:15:00,1959.52,2023-07-25 04:20:00,2023-07-25 04:25:00,1960.68,1959.52,1963.0000000000002,1.1600000000000819,False,extreme,2023-07-25 04:50:00,1963.0000000000002,target,6,2.0,0,0.0,2.0,2.249999999999755,0.750000000000049
XAUUSD,NY,2023-07-25,Tuesday,2,1964.03,1959.76,4.269999999999982,long,2023-07-25 06:50:00,1953.19,2023-07-25 07:55:00,2023-07-25 08:00:00,1960.73,1953.19,1975.81,7.539999999999964,False,extreme,2023-07-25 10:00:00,1953.19,stop,25,-1.0,0,0.0,-1.0,0.3726790450928328,1.0915119363395303
XAUUSD,NY,2023-07-25,Tuesday,3,1964.03,1959.76,4.269999999999982,long,2023-07-25 09:40:00,1952.5,2023-07-25 10:10:00,2023-07-25 10:15:00,1959.76,1952.5,1974.28,7.259999999999991,False,extreme,2023-07-25 23:55:00,1964.0,end_of_day,153,0.5840220385674951,0,0.0,0.5840220385674951,0.9008264462809878,0.3787878787878793
XAUUSD,NY,2023-07-26,Wednesday,1,1971.18,1962.4,8.779999999999973,short,2023-07-26 04:10:00,1972.56,2023-07-26 06:15:00,2023-07-26 06:20:00,1970.66,1972.56,1966.8600000000004,1.8999999999998636,False,extreme,2023-07-26 07:00:00,1972.56,stop,9,-1.0,0,0.0,-1.0,0.5473684210527714,1.4210526315789536
XAUUSD,NY,2023-07-26,Wednesday,2,1971.18,1962.4,8.779999999999973,short,2023-07-26 06:50:00,1974.21,2023-07-26 09:00:00,2023-07-26 09:05:00,1969.86,1974.21,1961.1599999999996,4.350000000000136,False,extreme,2023-07-26 11:25:00,1974.21,stop,29,-1.0,0,0.0,-1.0,1.3655172413792278,1.197701149425258
XAUUSD,NY,2023-07-26,Wednesday,3,1971.18,1962.4,8.779999999999973,short,2023-07-26 11:15:00,1975.07,2023-07-26 12:30:00,2023-07-26 12:35:00,1971.07,1975.07,1963.07,4.0,False,extreme,2023-07-26 14:35:00,1975.07,stop,25,-1.0,0,0.0,-1.0,1.2849999999999682,1.4300000000000068
XAUUSD,NY,2023-07-28,Friday,1,1956.78,1948.25,8.529999999999973,long,2023-07-28 04:10:00,1947.9,2023-07-28 04:15:00,2023-07-28 04:20:00,1949.14,1947.9,1951.6200000000001,1.240000000000009,False,extreme,2023-07-28 05:45:00,1951.6200000000001,target,18,2.0,0,0.0,2.0,2.9596774193546924,0.6129032258064397
XAUUSD,NY,2023-07-28,Friday,2,1956.78,1948.25,8.529999999999973,short,2023-07-28 07:20:00,1957.99,2023-07-28 07:30:00,2023-07-28 07:35:00,1956.76,1957.99,1954.3,1.2300000000000182,False,extreme,2023-07-28 08:00:00,1957.99,stop,6,-1.0,0,0.0,-1.0,1.601626016260161,1.0569105691056384
XAUUSD,NY,2023-07-28,Friday,3,1956.78,1948.25,8.529999999999973,short,2023-07-28 08:00:00,1958.26,2023-07-28 08:10:00,2023-07-28 08:15:00,1955.92,1958.26,1951.2400000000002,2.339999999999918,False,extreme,2023-07-28 08:30:00,1958.26,stop,4,-1.0,0,0.0,-1.0,0.7094017094017692,2.22649572649582
XAUUSD,NY,2023-07-28,Friday,4,1956.78,1948.25,8.529999999999973,short,2023-07-28 08:30:00,1961.13,2023-07-28 08:35:00,2023-07-28 08:40:00,1956.62,1961.13,1947.5999999999995,4.510000000000218,False,extreme,2023-07-28 11:00:00,1961.13,stop,29,-1.0,2,0.004434589800443245,-1.0044345898004432,0.9534368070952874,1.0376940133037333
XAUUSD,NY,2023-07-31,Monday,1,1957.16,1953.13,4.029999999999973,short,2023-07-31 06:10:00,1958.28,2023-07-31 06:30:00,2023-07-31 06:35:00,1956.9,1958.28,1954.1400000000003,1.3799999999998818,False,extreme,2023-07-31 06:55:00,1958.28,stop,5,-1.0,0,0.0,-1.0,0.3478260869565647,1.0869565217392236
XAUUSD,NY,2023-08-01,Tuesday,1,1962.35,1954.46,7.889999999999873,long,2023-08-01 07:10:00,1953.32,2023-08-01 07:25:00,2023-08-01 07:30:00,1955.92,1953.32,1961.1200000000003,2.6000000000001364,False,extreme,2023-08-01 07:55:00,1953.32,stop,6,-1.0,5,0.019230769230768222,-1.0192307692307683,0.003846153846150146,1.0769230769230904
XAUUSD,NY,2023-08-01,Tuesday,2,1962.35,1954.46,7.889999999999873,long,2023-08-01 07:35:00,1951.94,2023-08-01 08:00:00,2023-08-01 08:05:00,1955.44,1951.94,1962.44,3.5,False,extreme,2023-08-01 08:20:00,1951.94,stop,4,-1.0,5,0.014285714285714287,-1.0142857142857142,0.17714285714282596,1.44285714285713
XAUUSD,NY,2023-08-02,Wednesday,1,1950.45,1945.29,5.160000000000082,short,2023-08-02 04:20:00,1951.82,2023-08-02 04:55:00,2023-08-02 05:00:00,1949.88,1951.82,1946.0000000000005,1.9399999999998272,False,extreme,2023-08-02 06:45:00,1951.82,stop,22,-1.0,0,0.0,-1.0,0.8041237113403669,1.3608247422680968
XAUUSD,NY,2023-08-02,Wednesday,2,1950.45,1945.29,5.160000000000082,short,2023-08-02 06:25:00,1954.78,2023-08-02 08:15:00,2023-08-02 08:20:00,1948.94,1954.78,1937.2600000000002,5.839999999999918,False,extreme,2023-08-02 10:15:00,1937.2600000000002,target,24,2.0,0,0.0,2.0,2.1130136986301915,0.1113013698629919
XAUUSD,NY,2023-08-03,Thursday,1,1938.26,1930.91,7.349999999999909,short,2023-08-03 10:25:00,1938.61,2023-08-03 10:30:00,2023-08-03 10:35:00,1936.41,1938.61,1932.0100000000004,2.199999999999818,False,extreme,2023-08-03 11:15:00,1938.61,stop,9,-1.0,0,0.0,-1.0,0.7954545454546113,1.0772727272727667
XAUUSD,NY,2023-08-04,Friday,1,1937.51,1932.12,5.3900000000001,long,2023-08-04 06:20:00,1931.22,2023-08-04 06:40:00,2023-08-04 06:45:00,1932.62,1931.22,1935.4199999999996,1.3999999999998636,False,extreme,2023-08-04 08:00:00,1931.22,stop,16,-1.0,0,0.0,-1.0,0.6000000000001624,1.2285714285714053
XAUUSD,NY,2023-08-04,Friday,2,1937.51,1932.12,5.3900000000001,long,2023-08-04 08:00:00,1930.45,2023-08-04 08:20:00,2023-08-04 08:25:00,1932.63,1930.45,1936.9900000000002,2.1800000000000637,False,extreme,2023-08-04 08:30:00,1930.45,both_touched,2,-1.0,0,0.0,-1.0,2.4862385321099483,3.1880733944953406
XAUUSD,NY,2023-08-07,Monday,1,1939.56,1935.52,4.039999999999964,long,2023-08-07 04:10:00,1934.52,2023-08-07 04:40:00,2023-08-07 04:45:00,1936.3,1934.52,1939.86,1.7799999999999727,False,extreme,2023-08-07 05:45:00,1934.52,stop,13,-1.0,0,0.0,-1.0,0.7415730337078408,1.0898876404494855
XAUUSD,NY,2023-08-07,Monday,2,1939.56,1935.52,4.039999999999964,long,2023-08-07 05:35:00,1934.26,2023-08-07 06:00:00,2023-08-07 06:05:00,1935.7,1934.26,1938.5800000000002,1.4400000000000546,False,extreme,2023-08-07 06:20:00,1934.26,stop,4,-1.0,0,0.0,-1.0,0.01388888888887573,1.201388888888856
XAUUSD,NY,2023-08-07,Monday,3,1939.56,1935.52,4.039999999999964,long,2023-08-07 06:05:00,1933.35,2023-08-07 07:35:00,2023-08-07 07:40:00,1935.64,1933.35,1940.2200000000005,2.290000000000191,False,extreme,2023-08-07 09:10:00,1940.2200000000005,target,19,2.0,0,0.0,2.0,2.3318777292574118,0.8689956331877045
XAUUSD,NY,2023-08-07,Monday,4,1939.56,1935.52,4.039999999999964,short,2023-08-07 09:05:00,1941.68,2023-08-07 09:30:00,2023-08-07 09:35:00,1938.61,1941.68,1932.4699999999996,3.0700000000001637,False,extreme,2023-08-07 10:00:00,1932.4699999999996,target,6,2.0,0,0.0,2.0,2.3061889250812864,0.7100977198696897
XAUUSD,NY,2023-08-07,Monday,5,1939.56,1935.52,4.039999999999964,long,2023-08-07 09:55:00,1931.53,2023-08-07 10:15:00,2023-08-07 10:20:00,1936.14,1931.53,1945.3600000000004,4.610000000000127,False,extreme,2023-08-07 22:00:00,1931.53,stop,129,-1.0,0,0.0,-1.0,0.4208242950107969,1.0802603036876097
XAUUSD,NY,2023-08-08,Tuesday,1,1934.92,1930.23,4.690000000000055,short,2023-08-08 04:55:00,1935.64,2023-08-08 05:00:00,2023-08-08 05:05:00,1934.34,1935.64,1931.7399999999996,1.300000000000182,False,extreme,2023-08-08 06:30:00,1931.7399999999996,target,18,2.0,0,0.0,2.0,2.2692307692303118,0.8153846153846342
XAUUSD,NY,2023-08-08,Tuesday,2,1934.92,1930.23,4.690000000000055,long,2023-08-08 07:35:00,1922.78,2023-08-08 10:40:00,2023-08-08 10:45:00,1931.2,1922.78,1948.0400000000002,8.420000000000073,False,extreme,2023-08-08 23:55:00,1930.14,end_of_day,147,-0.12589073634203518,5,0.005938242280284984,-0.13182897862232015,0.033254156769592674,0.8978622327790832
XAUUSD,NY,2023-08-09,Wednesday,1,1932.39,1928.58,3.810000000000173,long,2023-08-09 04:20:00,1927.76,2023-08-09 04:30:00,2023-08-09 04:35:00,1928.95,1927.76,1931.3300000000002,1.1900000000000546,False,extreme,2023-08-09 04:50:00,1927.76,stop,4,-1.0,5,0.04201680672268715,-1.0420168067226871,0.08403361344529788,1.243697478991555
XAUUSD,NY,2023-08-10,Thursday,1,1920.62,1915.54,5.079999999999927,short,2023-08-10 04:20:00,1921.3,2023-08-10 04:30:00,2023-08-10 04:35:00,1919.54,1921.3,1916.02,1.759999999999991,False,extreme,2023-08-10 05:50:00,1921.3,stop,16,-1.0,5,0.028409090909091057,-1.028409090909091,0.5170454545453745,1.090909090909138
XAUUSD,NY,2023-08-10,Thursday,2,1920.62,1915.54,5.079999999999927,short,2023-08-10 05:40:00,1921.6,2023-08-10 06:00:00,2023-08-10 06:05:00,1920.2,1921.6,1917.4000000000003,1.3999999999998636,False,extreme,2023-08-10 06:25:00,1921.6,stop,5,-1.0,5,0.035714285714289196,-1.0357142857142891,0.22857142857140536,1.0928571428572298
XAUUSD,NY,2023-08-10,Thursday,3,1920.62,1915.54,5.079999999999927,short,2023-08-10 06:10:00,1930.15,2023-08-10 09:25:00,2023-08-10 09:30:00,1920.3,1930.15,1900.5999999999997,9.850000000000136,False,extreme,2023-08-10 23:55:00,1914.69,end_of_day,162,0.5695431472081037,5,0.005076142131979626,0.5644670050761241,0.9644670050761288,0.5106598984771475
XAUUSD,NY,2023-08-11,Friday,1,1918.1,1912.64,5.459999999999809,short,2023-08-11 04:05:00,1918.74,2023-08-11 04:15:00,2023-08-11 04:20:00,1918.05,1918.74,1916.6699999999998,0.6900000000000546,False,extreme,2023-08-11 04:25:00,1918.74,stop,2,-1.0,5,0.0724637681159363,-1.0724637681159364,0.188405797101263,1.0579710144926964
XAUUSD,NY,2023-08-11,Friday,2,1918.1,1912.64,5.459999999999809,short,2023-08-11 04:25:00,1918.78,2023-08-11 04:30:00,2023-08-11 04:35:00,1917.64,1918.78,1915.3600000000004,1.1399999999998727,False,extreme,2023-08-11 04:45:00,1918.78,stop,3,-1.0,5,0.04385964912281192,-1.0438596491228118,0.18421052631584195,1.4210526315790104
XAUUSD,NY,2023-08-11,Friday,3,1918.1,1912.64,5.459999999999809,short,2023-08-11 04:40:00,1919.87,2023-08-11 05:20:00,2023-08-11 05:25:00,1917.78,1919.87,1913.6000000000001,2.089999999999918,False,extreme,2023-08-11 08:10:00,1919.87,stop,34,-1.0,5,0.02392344497607749,-1.0239234449760775,0.3636363636363735,1.1626794258373965
XAUUSD,NY,2023-08-11,Friday,4,1918.1,1912.64,5.459999999999809,short,2023-08-11 07:30:00,1920.92,2023-08-11 08:30:00,2023-08-11 08:35:00,1916.54,1920.92,1907.7799999999997,4.380000000000109,False,extreme,2023-08-11 16:55:00,1913.62,friday_close,101,0.6666666666666666,5,0.011415525114154968,0.6552511415525116,0.9840182648401457,0.9406392694063962
XAUUSD,NY,2023-08-14,Monday,1,1915.92,1910.56,5.360000000000127,long,2023-08-14 08:05:00,1906.03,2023-08-14 08:50:00,2023-08-14 08:55:00,1910.92,1906.03,1920.7000000000003,4.8900000000001,False,extreme,2023-08-14 09:25:00,1906.03,stop,7,-1.0,5,0.010224948875255414,-1.0102249488752555,0.032719836400787565,1.1083844580777018
XAUUSD,NY,2023-08-14,Monday,2,1915.92,1910.56,5.360000000000127,long,2023-08-14 09:05:00,1902.74,2023-08-14 11:35:00,2023-08-14 11:40:00,1911.02,1902.74,1927.58,8.279999999999973,False,extreme,2023-08-14 23:55:00,1907.18,end_of_day,136,-0.4637681159420206,5,0.006038647342995189,-0.4698067632850158,0.26086956521740207,0.9275362318840688
XAUUSD,NY,2023-08-16,Wednesday,1,1906.58,1902.76,3.8199999999999363,short,2023-08-16 05:05:00,1907.2,2023-08-16 05:40:00,2023-08-16 05:45:00,1905.85,1907.2,1903.1499999999996,1.3500000000001364,False,extreme,2023-08-16 07:55:00,1903.1499999999996,target,27,2.0,5,0.037037037037033295,1.9629629629629668,2.029629629629431,0.7111111111110662
XAUUSD,NY,2023-08-16,Wednesday,2,1906.58,1902.76,3.8199999999999363,long,2023-08-16 08:20:00,1900.83,2023-08-16 08:30:00,2023-08-16 08:35:00,1903.75,1900.83,1909.5900000000001,2.9200000000000728,False,extreme,2023-08-16 08:50:00,1900.83,stop,4,-1.0,5,0.017123287671232452,-1.0171232876712324,0.157534246575351,1.25
XAUUSD,NY,2023-08-16,Wednesday,3,1906.58,1902.76,3.8199999999999363,long,2023-08-16 08:45:00,1899.59,2023-08-16 09:20:00,2023-08-16 09:25:00,1903.24,1899.59,1910.5400000000002,3.650000000000091,False,extreme,2023-08-16 12:25:00,1899.59,stop,37,-1.0,5,0.01369863013698596,-1.013698630136986,0.8904109589040874,1.0575342465752886
XAUUSD,NY,2023-08-17,Thursday,1,1897.6,1892.13,5.4699999999998,short,2023-08-17 06:15:00,1899.27,2023-08-17 06:25:00,2023-08-17 06:30:00,1897.13,1899.27,1892.8500000000004,2.1399999999998727,False,extreme,2023-08-17 07:35:00,1899.27,stop,14,-1.0,5,0.0233644859813098,-1.0233644859813098,0.37850467289729955,1.1448598130840952
XAUUSD,NY,2023-08-17,Thursday,2,1897.6,1892.13,5.4699999999998,short,2023-08-17 06:40:00,1903.44,2023-08-17 09:45:00,2023-08-17 09:50:00,1896.5,1903.44,1882.62,6.940000000000055,False,extreme,2023-08-17 23:55:00,1892.73,end_of_day,158,0.543227665706045,5,0.007204610951008589,0.5360230547550364,1.6512968299711739,0.24063400576369734
XAUUSD,NY,2023-08-18,Friday,1,1894.15,1891.14,3.009999999999991,short,2023-08-18 06:05:00,1895.53,2023-08-18 07:00:00,2023-08-18 07:05:00,1893.96,1895.53,1890.8200000000002,1.5699999999999363,False,extreme,2023-08-18 08:25:00,1890.8200000000002,target,17,2.0,5,0.031847133757963074,1.968152866242037,2.757961783439556,0.7006369426751298
XAUUSD,NY,2023-08-18,Friday,2,1894.15,1891.14,3.009999999999991,long,2023-08-18 08:20:00,1888.69,2023-08-18 08:40:00,2023-08-18 08:45:00,1891.23,1888.69,1896.31,2.5399999999999636,False,extreme,2023-08-18 09:50:00,1896.31,target,14,2.0,5,0.019685039370079024,1.980314960629921,2.2086614173228267,0.7322834645669898
XAUUSD,NY,2023-08-18,Friday,3,1894.15,1891.14,3.009999999999991,short,2023-08-18 09:40:00,1896.84,2023-08-18 09:55:00,2023-08-18 10:00:00,1893.89,1896.84,1887.9900000000005,2.949999999999818,False,extreme,2023-08-18 13:20:00,1887.9900000000005,target,41,2.0,5,0.01694915254237393,1.983050847457626,2.3457627118645763,0.33559322033900685
XAUUSD,NY,2023-08-21,Monday,1,1894.13,1887.4,6.730000000000018,long,2023-08-21 06:25:00,1886.81,2023-08-21 06:30:00,2023-08-21 06:35:00,1887.44,1886.81,1888.7000000000003,0.6300000000001091,False,extreme,2023-08-21 06:45:00,1888.7000000000003,target,3,2.0,7,0.11111111111109187,1.8888888888889082,2.6349206349199474,0.4920634920633202
XAUUSD,NY,2023-08-21,Monday,2,1894.13,1887.4,6.730000000000018,short,2023-08-21 08:00:00,1895.26,2023-08-21 08:10:00,2023-08-21 08:15:00,1893.94,1895.26,1891.3000000000002,1.3199999999999363,False,extreme,2023-08-21 08:20:00,1895.26,stop,2,-1.0,7,0.05303030303030559,-1.0530303030303056,0.6818181818182836,1.27272727272721
XAUUSD,NY,2023-08-21,Monday,3,1894.13,1887.4,6.730000000000018,short,2023-08-21 08:30:00,1898.78,2023-08-21 09:35:00,2023-08-21 09:40:00,1891.92,1898.78,1878.2000000000003,6.8599999999999,False,extreme,2023-08-21 23:55:00,1896.11,end_of_day,160,-0.6107871720116456,7,0.010204081632653211,-0.6209912536442987,0.9650145772595066,0.784256559766758
XAUUSD,NY,2023-08-22,Tuesday,1,1901.91,1893.86,8.050000000000182,short,2023-08-22 04:00:00,1902.35,2023-08-22 04:05:00,2023-08-22 04:10:00,1901.34,1902.35,1899.32,1.009999999999991,False,extreme,2023-08-22 04:20:00,1899.32,target,3,2.0,6,0.05940594059405994,1.94059405940594,2.7128712871287464,0.15841584158424088
XAUUSD,NY,2023-08-22,Tuesday,2,1901.91,1893.86,8.050000000000182,short,2023-08-22 05:40:00,1904.47,2023-08-22 07:05:00,2023-08-22 07:10:00,1901.61,1904.47,1895.8899999999996,2.8600000000001273,False,extreme,2023-08-22 09:00:00,1895.8899999999996,target,23,2.0,8,0.027972027972026726,1.9720279720279732,2.0594405594404233,0.6398601398601654
XAUUSD,NY,2023-08-22,Tuesday,3,1901.91,1893.86,8.050000000000182,long,2023-08-22 09:35:00,1889.16,2023-08-22 10:10:00,2023-08-22 10:15:00,1894.31,1889.16,1904.6099999999997,5.149999999999864,False,extreme,2023-08-22 23:55:00,1901.6,end_of_day,153,1.4155339805825546,8,0.015533980582524684,1.4000000000000299,1.691262135922382,0.6291262135922514
XAUUSD,NY,2023-08-23,Wednesday,1,1904.73,1900.75,3.980000000000018,short,2023-08-23 04:15:00,1904.97,2023-08-23 04:20:00,2023-08-23 04:25:00,1904.11,1904.97,1902.3899999999996,0.8600000000001273,False,extreme,2023-08-23 04:40:00,1904.97,stop,4,-1.0,5,0.058139534883712325,-1.0581395348837124,0.7674418604648334,1.011627906976732
XAUUSD,NY,2023-08-23,Wednesday,2,1904.73,1900.75,3.980000000000018,short,2023-08-23 04:40:00,1905.44,2023-08-23 04:45:00,2023-08-23 04:50:00,1904.14,1905.44,1901.5400000000002,1.2999999999999545,False,extreme,2023-08-23 06:30:00,1901.5400000000002,target,21,2.0,8,0.06153846153846369,1.9384615384615362,2.2153846153847767,0.792307692307699
XAUUSD,NY,2023-08-23,Wednesday,3,1904.73,1900.75,3.980000000000018,short,2023-08-23 08:25:00,1908.63,2023-08-23 08:55:00,2023-08-23 09:00:00,1903.78,1908.63,1894.0799999999997,4.850000000000136,False,extreme,2023-08-23 09:20:00,1908.63,stop,5,-1.0,8,0.016494845360824278,-1.0164948453608242,0.14639175257732298,1.2206185567010115
XAUUSD,NY,2023-08-24,Thursday,1,1922.92,1919.52,3.400000000000091,long,2023-08-24 06:30:00,1919.03,2023-08-24 06:40:00,2023-08-24 06:45:00,1919.64,1919.03,1920.8600000000004,0.6100000000001273,False,extreme,2023-08-24 06:50:00,1919.03,stop,2,-1.0,8,0.1311475409835792,-1.1311475409835792,0.016393442622932488,1.37704918032782
XAUUSD,NY,2023-08-24,Thursday,2,1922.92,1919.52,3.400000000000091,long,2023-08-24 06:45:00,1911.81,2023-08-24 10:10:00,2023-08-24 10:15:00,1919.56,1913.25,1932.1799999999998,6.309999999999945,True,swing,2023-08-24 23:50:00,1913.25,stop,143,-1.0,5,0.007923930269413699,-1.0079239302694136,0.6006339144215526,1.0095087163232879
XAUUSD,NY,2023-08-25,Friday,1,1916.16,1912.81,3.3500000000001364,short,2023-08-25 05:15:00,1918.0,2023-08-25 05:55:00,2023-08-25 06:00:00,1916.13,1918.0,1912.3900000000003,1.8699999999998909,False,extreme,2023-08-25 07:55:00,1918.0,stop,24,-1.0,5,0.026737967914440063,-1.0267379679144402,0.21390374331556913,1.2406417112299848
XAUUSD,NY,2023-08-25,Friday,2,1916.16,1912.81,3.3500000000001364,short,2023-08-25 06:10:00,1920.24,2023-08-25 09:10:00,2023-08-25 09:15:00,1915.9,1920.24,1907.2200000000003,4.339999999999918,False,extreme,2023-08-25 10:00:00,1920.24,stop,10,-1.0,8,0.01843317972350265,-1.0184331797235027,1.0760368663594841,1.4423963133640805
XAUUSD,NY,2023-08-25,Friday,3,1916.16,1912.81,3.3500000000001364,long,2023-08-25 10:25:00,1903.8,2023-08-25 14:15:00,2023-08-25 14:20:00,1913.06,1911.9,1915.3799999999997,1.1599999999998545,True,swing,2023-08-25 16:55:00,1914.21,friday_close,32,0.9913793103450304,8,0.06896551724138797,0.9224137931036424,1.6379310344830424,0.8448275862070183
XAUUSD,NY,2023-08-28,Monday,1,1917.77,1914.35,3.4200000000000728,long,2023-08-28 04:00:00,1913.52,2023-08-28 04:05:00,2023-08-28 04:10:00,1914.74,1913.52,1917.18,1.2200000000000273,False,extreme,2023-08-28 08:15:00,1913.52,stop,50,-1.0,8,0.06557377049180181,-1.0655737704918018,0.8524590163933937,1.0
XAUUSD,NY,2023-08-28,Monday,2,1917.77,1914.35,3.4200000000000728,long,2023-08-28 09:30:00,1912.84,2023-08-28 09:35:00,2023-08-28 09:40:00,1915.95,1912.84,1922.1700000000003,3.1100000000001273,False,extreme,2023-08-28 11:30:00,1922.1700000000003,target,23,2.0,8,0.025723472668809238,1.9742765273311909,2.0868167202571524,0.09967845659161824
XAUUSD,NY,2023-08-29,Tuesday,1,1925.61,1921.59,4.019999999999982,long,2023-08-29 06:25:00,1921.1,2023-08-29 06:30:00,2023-08-29 06:35:00,1921.67,1921.1,1922.8100000000004,0.5700000000001637,False,extreme,2023-08-29 06:45:00,1921.1,stop,3,-1.0,8,0.14035087719294215,-1.140350877192942,0.4385964912279442,1.1754385964910181
XAUUSD,NY,2023-08-30,Wednesday,1,1937.13,1934.97,2.160000000000082,short,2023-08-30 05:20:00,1938.75,2023-08-30 06:20:00,2023-08-30 06:25:00,1936.93,1938.75,1933.2900000000002,1.8199999999999363,False,extreme,2023-08-30 07:25:00,1938.75,stop,13,-1.0,6,0.03296703296703412,-1.0329670329670342,0.17032967032977123,1.0494505494505062
XAUUSD,NY,2023-08-31,Thursday,1,1946.32,1943.26,3.0599999999999454,short,2023-08-31 08:10:00,1947.83,2023-08-31 08:30:00,2023-08-31 08:35:00,1946.07,1947.83,1942.55,1.759999999999991,False,extreme,2023-08-31 09:10:00,1942.55,target,8,2.0,5,0.028409090909091057,1.971590909090909,2.1477272727272685,0.17613636363646273
XAUUSD,NY,2023-08-31,Thursday,2,1946.32,1943.26,3.0599999999999454,long,2023-08-31 09:35:00,1940.39,2023-08-31 09:50:00,2023-08-31 09:55:00,1943.61,1940.39,1950.0499999999995,3.2199999999998,False,extreme,2023-08-31 11:35:00,1940.39,stop,21,-1.0,6,0.018633540372671963,-1.018633540372672,0.4720496894410881,1.186335403726762
XAUUSD,NY,2023-08-31,Thursday,3,1946.32,1943.26,3.0599999999999454,long,2023-08-31 10:30:00,1938.65,2023-08-31 21:20:00,2023-08-31 21:25:00,1943.44,1938.65,1953.02,4.789999999999964,False,extreme,2023-08-31 23:55:00,1938.93,end_of_day,31,-0.9415448851774583,6,0.012526096033403017,-0.9540709812108613,0.0020876826722319376,0.9832985386221444
XAUUSD,NY,2023-09-01,Friday,1,1943.53,1938.2,5.329999999999927,short,2023-09-01 05:10:00,1952.91,2023-09-01 09:45:00,2023-09-01 09:50:00,1942.81,1952.91,1922.6099999999997,10.100000000000136,False,extreme,2023-09-01 16:55:00,1939.85,friday_close,86,0.2930693069306927,14,0.013861386138613676,0.27920792079207907,0.8287128712871067,0.15544554455446954
XAUUSD,NY,2023-09-04,Monday,1,1946.36,1943.12,3.240000000000009,long,2023-09-04 04:45:00,1942.7,2023-09-04 04:50:00,2023-09-04 04:55:00,1943.38,1942.7,1944.7400000000002,0.6800000000000637,False,extreme,2023-09-04 05:25:00,1942.7,stop,7,-1.0,4,0.0588235294117592,-1.0588235294117592,1.279411764705602,1.7941176470586957
XAUUSD,NY,2023-09-06,Wednesday,1,1928.48,1922.88,5.599999999999909,long,2023-09-06 09:00:00,1921.16,2023-09-06 09:30:00,2023-09-06 09:35:00,1923.46,1921.16,1928.06,2.2999999999999545,False,extreme,2023-09-06 09:50:00,1928.06,target,4,2.0,4,0.01739130434782643,1.9826086956521736,2.195652173913067,0.03478260869562123
XAUUSD,NY,2023-09-07,Thursday,1,1920.24,1917.11,3.130000000000109,short,2023-09-07 05:35:00,1920.47,2023-09-07 05:40:00,2023-09-07 05:45:00,1919.62,1920.47,1917.9199999999996,0.8500000000001364,False,extreme,2023-09-07 06:00:00,1920.47,stop,4,-1.0,4,0.047058823529404215,-1.0470588235294043,0.2588235294114878,1.5764705882352124
XAUUSD,NY,2023-09-07,Thursday,2,1920.24,1917.11,3.130000000000109,short,2023-09-07 05:55:00,1921.16,2023-09-07 06:25:00,2023-09-07 06:30:00,1920.23,1921.16,1918.37,0.9300000000000637,False,extreme,2023-09-07 07:05:00,1921.16,stop,8,-1.0,4,0.0430107526881691,-1.0430107526881691,0.47311827956991875,2.2688172043008126
XAUUSD,NY,2023-09-07,Thursday,3,1920.24,1917.11,3.130000000000109,long,2023-09-07 08:30:00,1916.26,2023-09-07 08:40:00,2023-09-07 08:45:00,1918.63,1916.26,1923.3700000000003,2.3700000000001182,False,extreme,2023-09-07 08:55:00,1923.3700000000003,target,3,2.0,4,0.016877637130800847,1.9831223628691992,2.0886075949365277,0.18143459915613597
XAUUSD,NY,2023-09-07,Thursday,4,1920.24,1917.11,3.130000000000109,short,2023-09-07 08:50:00,1923.58,2023-09-07 09:30:00,2023-09-07 09:35:00,1919.4,1923.58,1911.0400000000004,4.179999999999836,False,extreme,2023-09-07 20:35:00,1923.58,stop,121,-1.0,4,0.009569377990430996,-1.009569377990431,0.5095693779904766,1.2296650717703526
XAUUSD,NY,2023-09-08,Friday,1,1927.31,1923.86,3.4500000000000455,long,2023-09-08 04:15:00,1923.59,2023-09-08 04:20:00,2023-09-08 04:25:00,1924.49,1923.59,1926.2900000000002,0.900000000000091,False,extreme,2023-09-08 04:35:00,1923.59,stop,3,-1.0,4,0.04444444444443996,-1.0444444444444398,0.011111111111099883,1.1111111111109988
XAUUSD,NY,2023-09-08,Friday,2,1927.31,1923.86,3.4500000000000455,long,2023-09-08 04:35:00,1923.37,2023-09-08 04:45:00,2023-09-08 04:50:00,1924.19,1923.37,1925.8300000000004,0.8200000000001637,False,extreme,2023-09-08 05:15:00,1925.8300000000004,target,6,2.0,4,0.04878048780486831,1.9512195121951317,2.0121951219506515,0.9146341463412808
XAUUSD,NY,2023-09-08,Friday,3,1927.31,1923.86,3.4500000000000455,long,2023-09-08 06:35:00,1923.34,2023-09-08 07:00:00,2023-09-08 07:05:00,1923.88,1923.34,1924.9600000000005,0.540000000000191,False,extreme,2023-09-08 07:05:00,1923.34,stop,1,-1.0,4,0.07407407407404788,-1.074074074074048,0.18518518518495125,1.2777777777774268
XAUUSD,NY,2023-09-08,Friday,4,1927.31,1923.86,3.4500000000000455,long,2023-09-08 07:05:00,1922.61,2023-09-08 08:20:00,2023-09-08 08:25:00,1924.28,1922.61,1927.6200000000001,1.6700000000000728,False,extreme,2023-09-08 08:50:00,1922.61,stop,6,-1.0,5,0.029940119760477737,-1.0299401197604778,1.059880239520901,1.2574850299400104
XAUUSD,NY,2023-09-08,Friday,5,1927.31,1923.86,3.4500000000000455,long,2023-09-08 08:50:00,1920.22,2023-09-08 09:35:00,2023-09-08 09:40:00,1924.56,1920.22,1933.2399999999998,4.339999999999918,False,extreme,2023-09-08 11:40:00,1920.22,stop,25,-1.0,4,0.009216589861751326,-1.0092165898617513,1.1866359447005042,1.0368663594470242
XAUUSD,NY,2023-09-11,Monday,1,1930.73,1922.96,7.769999999999982,long,2023-09-11 10:30:00,1921.56,2023-09-11 10:35:00,2023-09-11 10:40:00,1923.26,1921.56,1926.66,1.7000000000000455,False,extreme,2023-09-11 11:00:00,1921.56,stop,5,-1.0,4,0.023529411764705254,-1.0235294117647054,0.38235294117651386,1.0588235294117097
XAUUSD,NY,2023-09-11,Monday,2,1930.73,1922.96,7.769999999999982,long,2023-09-11 10:55:00,1921.41,2023-09-11 11:15:00,2023-09-11 11:20:00,1923.2,1921.41,1926.78,1.7899999999999636,False,extreme,2023-09-11 19:35:00,1921.41,stop,88,-1.0,4,0.022346368715084254,-1.0223463687150842,1.0726256983239577,1.1061452513966807
XAUUSD,NY,2023-09-11,Monday,3,1930.73,1922.96,7.769999999999982,long,2023-09-11 18:10:00,1921.1,2023-09-11 21:10:00,2023-09-11 21:15:00,1923.14,1921.1,1927.2200000000005,2.040000000000191,False,extreme,2023-09-11 21:30:00,1921.1,stop,4,-1.0,5,0.024509803921566334,-1.0245098039215663,0.1372549019607581,1.215686274509699
XAUUSD,NY,2023-09-11,Monday,4,1930.73,1922.96,7.769999999999982,long,2023-09-11 21:15:00,1920.42,2023-09-11 22:35:00,2023-09-11 22:40:00,1923.09,1920.42,1928.4299999999996,2.6699999999998454,False,extreme,2023-09-11 23:55:00,1923.71,end_of_day,16,0.23220973782777307,4,0.014981273408240568,0.2172284644195325,0.45692883895134756,0.32209737827713475
XAUUSD,NY,2023-09-12,Tuesday,1,1924.5,1918.82,5.680000000000064,long,2023-09-12 05:30:00,1918.58,2023-09-12 05:35:00,2023-09-12 05:40:00,1918.97,1918.58,1919.7500000000002,0.39000000000010004,False,extreme,2023-09-12 06:30:00,1918.58,stop,11,-1.0,7,0.17948717948713347,-1.1794871794871336,1.692307692307468,1.102564102563983
XAUUSD,NY,2023-09-13,Wednesday,1,1912.65,1908.26,4.3900000000001,short,2023-09-13 07:00:00,1913.1,2023-09-13 07:05:00,2023-09-13 07:10:00,1911.93,1913.1,1909.5900000000004,1.1699999999998454,False,extreme,2023-09-13 08:30:00,1913.1,both_touched,17,-1.0,8,0.06837606837607742,-1.0683760683760775,5.418803418804259,1.2820512820514516
XAUUSD,NY,2023-09-13,Wednesday,2,1912.65,1908.26,4.3900000000001,long,2023-09-13 08:30:00,1905.59,2023-09-13 08:35:00,2023-09-13 08:40:00,1909.2,1905.59,1916.4200000000003,3.6100000000001273,False,extreme,2023-09-13 23:55:00,1909.73,end_of_day,172,0.14681440443212024,15,0.04155124653739466,0.10526315789472558,1.8033240997229256,0.45983379501385685
XAUUSD,NY,2023-09-14,Thursday,1,1911.06,1905.2,5.8599999999999,long,2023-09-14 08:30:00,1901.15,2023-09-14 08:50:00,2023-09-14 08:55:00,1905.45,1901.15,1914.05,4.2999999999999545,False,extreme,2023-09-14 10:05:00,1901.15,stop,15,-1.0,10,0.023255813953488618,-1.0232558139534886,0.4930232558139333,1.0348837209302542
XAUUSD,NY,2023-09-14,Thursday,2,1911.06,1905.2,5.8599999999999,long,2023-09-14 09:45:00,1901.0,2023-09-14 10:25:00,2023-09-14 10:30:00,1905.76,1901.0,1915.28,4.759999999999991,False,extreme,2023-09-14 21:55:00,1915.28,target,126,2.0,5,0.010504201680672289,1.9894957983193278,2.039915966386566,0.11764705882351817
XAUUSD,NY,2023-09-15,Friday,1,1919.57,1914.95,4.619999999999891,short,2023-09-15 08:00:00,1920.59,2023-09-15 08:10:00,2023-09-15 08:15:00,1918.27,1920.59,1913.63,2.3199999999999363,False,extreme,2023-09-15 09:10:00,1920.59,stop,12,-1.0,5,0.021551724137931626,-1.0215517241379317,0.9439655172414287,2.012931034482845
XAUUSD,NY,2023-09-18,Monday,1,1930.63,1926.46,4.170000000000073,long,2023-09-18 04:05:00,1925.12,2023-09-18 05:30:00,2023-09-18 05:35:00,1926.48,1925.12,1929.2000000000003,1.3600000000001273,False,extreme,2023-09-18 08:45:00,1925.12,stop,39,-1.0,5,0.0367647058823495,-1.0367647058823495,1.2867647058822325,1.2794117647057692
XAUUSD,NY,2023-09-18,Monday,2,1930.63,1926.46,4.170000000000073,long,2023-09-18 08:40:00,1923.55,2023-09-18 09:10:00,2023-09-18 09:15:00,1926.98,1923.55,1933.8400000000001,3.4300000000000637,False,extreme,2023-09-18 09:55:00,1923.55,stop,9,-1.0,5,0.01457725947521839,-1.0145772594752185,0.4344023323615106,1.0145772594752052
XAUUSD,NY,2023-09-18,Monday,3,1930.63,1926.46,4.170000000000073,long,2023-09-18 09:30:00,1922.87,2023-09-18 10:20:00,2023-09-18 10:25:00,1927.02,1922.87,1935.3200000000002,4.150000000000091,False,extreme,2023-09-18 23:55:00,1932.27,end_of_day,151,1.2650602409638276,5,0.012048192771084074,1.2530120481927436,1.826506024096328,0.26024096385539847
XAUUSD,NY,2023-09-19,Tuesday,1,1934.82,1929.82,5.0,short,2023-09-19 05:25:00,1935.17,2023-09-19 05:40:00,2023-09-19 05:45:00,1934.64,1935.17,1933.5800000000002,0.5299999999999727,False,extreme,2023-09-19 05:55:00,1935.17,stop,3,-1.0,5,0.0943396226415143,-1.0943396226415143,0.0566037735852861,1.3962264150944286
XAUUSD,NY,2023-09-19,Tuesday,2,1934.82,1929.82,5.0,short,2023-09-19 05:45:00,1935.38,2023-09-19 06:05:00,2023-09-19 06:10:00,1934.71,1935.38,1933.37,0.6700000000000728,False,extreme,2023-09-19 06:15:00,1935.38,stop,2,-1.0,5,0.0746268656716337,-1.0746268656716338,0.1940298507464105,1.2089552238803842
XAUUSD,NY,2023-09-19,Tuesday,3,1934.82,1929.82,5.0,short,2023-09-19 06:10:00,1937.41,2023-09-19 08:40:00,2023-09-19 08:45:00,1934.46,1937.41,1928.56,2.9500000000000455,False,extreme,2023-09-19 21:10:00,1928.56,target,138,2.0,4,0.013559322033898097,1.986440677966102,2.0101694915254145,0.6576271186440762
XAUUSD,NY,2023-09-19,Tuesday,4,1934.82,1929.82,5.0,long,2023-09-19 21:10:00,1928.53,2023-09-19 21:50:00,2023-09-19 21:55:00,1929.85,1928.53,1932.4899999999998,1.3199999999999363,False,extreme,2023-09-19 23:55:00,1930.67,end_of_day,25,0.6212121212122752,4,0.030303030303031765,0.5909090909092435,1.227272727272876,0.0
XAUUSD,NY,2023-09-20,Wednesday,1,1932.35,1927.95,4.399999999999864,short,2023-09-20 06:15:00,1932.67,2023-09-20 06:25:00,2023-09-20 06:30:00,1931.94,1932.67,1930.48,0.7300000000000182,False,extreme,2023-09-20 06:50:00,1932.67,stop,5,-1.0,4,0.05479452054794384,-1.0547945205479439,0.49315068493166897,1.054794520547894
XAUUSD,NY,2023-09-20,Wednesday,2,1932.35,1927.95,4.399999999999864,short,2023-09-20 06:45:00,1932.71,2023-09-20 07:05:00,2023-09-20 07:10:00,1932.28,1932.71,1931.4199999999998,0.43000000000006366,False,extreme,2023-09-20 07:25:00,1931.4199999999998,target,4,2.0,4,0.09302325581393972,1.9069767441860603,2.18604651162771,0.6511627906975146
XAUUSD,NY,2023-09-20,Wednesday,3,1932.35,1927.95,4.399999999999864,short,2023-09-20 08:00:00,1934.07,2023-09-20 08:25:00,2023-09-20 08:30:00,1931.79,1934.07,1927.23,2.2799999999999727,False,extreme,2023-09-20 09:30:00,1934.07,stop,13,-1.0,4,0.017543859649123018,-1.017543859649123,0.3508771929824404,1.7543859649123017
XAUUSD,NY,2023-09-20,Wednesday,4,1932.35,1927.95,4.399999999999864,short,2023-09-20 09:00:00,1947.42,2023-09-20 16:00:00,2023-09-20 16:05:00,1932.1,1941.25,1913.7999999999997,9.150000000000091,True,swing,2023-09-20 23:55:00,1928.3,end_of_day,83,0.41530054644807834,11,0.012021857923497149,0.4032786885245812,0.8655737704917777,0.048087431693994556
XAUUSD,NY,2023-09-22,Friday,1,1928.68,1923.4,5.279999999999973,short,2023-09-22 10:35:00,1929.1,2023-09-22 10:40:00,2023-09-22 10:45:00,1928.13,1929.1,1926.1900000000005,0.9699999999997999,False,extreme,2023-09-22 12:45:00,1926.1900000000005,target,25,2.0,8,0.08247422680414072,1.9175257731958593,2.6701030927842058,0.6907216494845192
XAUUSD,NY,2023-09-26,Tuesday,1,1915.19,1909.68,5.509999999999991,short,2023-09-26 04:20:00,1915.69,2023-09-26 04:30:00,2023-09-26 04:35:00,1914.89,1915.69,1913.2900000000002,0.7999999999999545,False,extreme,2023-09-26 04:45:00,1913.2900000000002,target,3,2.0,4,0.05000000000000284,1.949999999999997,2.212500000000387,0.0
XAUUSD,NY,2023-09-26,Tuesday,2,1915.19,1909.68,5.509999999999991,long,2023-09-26 08:35:00,1905.35,2023-09-26 08:55:00,2023-09-26 09:00:00,1910.2,1905.35,1919.9000000000003,4.850000000000136,False,extreme,2023-09-26 09:30:00,1905.35,stop,7,-1.0,4,0.008247422680412139,-1.0082474226804121,0.004123711340202319,1.092783505154599
XAUUSD,NY,2023-09-27,Wednesday,1,1899.89,1895.6,4.290000000000191,long,2023-09-27 04:20:00,1895.11,2023-09-27 04:25:00,2023-09-27 04:30:00,1896.1,1895.11,1898.08,0.9900000000000091,False,extreme,2023-09-27 05:35:00,1895.11,stop,14,-1.0,7,0.07070707070707007,-1.07070707070707,1.0101010101010008,1.0101010101010008
XAUUSD,NY,2023-09-27,Wednesday,2,1899.89,1895.6,4.290000000000191,long,2023-09-27 05:25:00,1894.62,2023-09-27 05:50:00,2023-09-27 05:55:00,1895.72,1894.62,1897.9200000000003,1.1000000000001364,False,extreme,2023-09-27 06:05:00,1894.62,stop,3,-1.0,7,0.06363636363635575,-1.0636363636363557,0.2,1.0
XAUUSD,NY,2023-09-27,Wednesday,3,1899.89,1895.6,4.290000000000191,long,2023-09-27 05:55:00,1894.61,2023-09-27 06:25:00,2023-09-27 06:30:00,1895.84,1894.61,1898.3,1.2300000000000182,False,extreme,2023-09-27 06:35:00,1894.61,stop,2,-1.0,7,0.05691056910569022,-1.0569105691056901,0.13008130081307276,1.2195121951219332
XAUUSD,NY,2023-09-28,Thursday,1,1878.2,1873.65,4.5499999999999545,short,2023-09-28 08:30:00,1879.53,2023-09-28 08:35:00,2023-09-28 08:40:00,1876.54,1879.53,1870.56,2.990000000000009,False,extreme,2023-09-28 10:30:00,1870.56,target,23,2.0,5,0.016722408026755804,1.9832775919732442,2.3745819397992936,0.1806020066889505
XAUUSD,NY,2023-09-29,Friday,1,1873.99,1863.12,10.870000000000118,short,2023-09-29 09:00:00,1879.84,2023-09-29 09:35:00,2023-09-29 09:40:00,1872.98,1879.84,1859.2600000000002,6.8599999999999,False,extreme,2023-09-29 10:25:00,1859.2600000000002,target,10,2.0,4,0.0058309037900875485,1.9941690962099126,2.037900874635601,0.3323615160349863
XAUUSD,NY,2023-10-03,Tuesday,1,1824.64,1818.19,6.4500000000000455,short,2023-10-03 04:00:00,1829.12,2023-10-03 05:05:00,2023-10-03 05:10:00,1824.43,1829.12,1815.0500000000004,4.689999999999827,False,extreme,2023-10-03 08:15:00,1829.12,stop,38,-1.0,11,0.023454157782516857,-1.023454157782517,0.16204690831556906,1.1407249466951186
XAUUSD,NY,2023-10-03,Tuesday,2,1824.64,1818.19,6.4500000000000455,short,2023-10-03 07:15:00,1829.78,2023-10-03 09:25:00,2023-10-03 09:30:00,1823.68,1829.78,1811.4800000000002,6.099999999999909,False,extreme,2023-10-03 09:40:00,1829.78,stop,3,-1.0,2,0.003278688524590213,-1.0032786885245901,0.05245901639347024,1.2573770491803213
XAUUSD,NY,2023-10-03,Tuesday,3,1824.64,1818.19,6.4500000000000455,short,2023-10-03 09:30:00,1831.35,2023-10-03 10:00:00,2023-10-03 10:05:00,1821.52,1831.35,1801.8600000000001,9.829999999999927,False,extreme,2023-10-03 10:35:00,1831.35,stop,7,-1.0,12,0.012207527975585034,-1.012207527975585,0.22583926754832592,1.2044760935910483
XAUUSD,NY,2023-10-03,Tuesday,4,1824.64,1818.19,6.4500000000000455,short,2023-10-03 10:10:00,1833.36,2023-10-03 11:30:00,2023-10-03 11:35:00,1822.42,1833.36,1800.5400000000004,10.939999999999827,False,extreme,2023-10-03 23:55:00,1820.78,end_of_day,137,0.14990859232176654,10,0.009140767824497402,0.14076782449726913,0.24771480804388293,0.5173674588665397
XAUUSD,NY,2023-10-04,Wednesday,1,1823.78,1816.72,7.059999999999945,short,2023-10-04 07:00:00,1830.51,2023-10-04 09:40:00,2023-10-04 09:45:00,1822.94,1830.51,1807.8000000000002,7.569999999999936,False,extreme,2023-10-04 23:55:00,1828.35,end_of_day,159,-0.7146631439894188,6,0.0079260237780714,-0.7225891677674902,0.8322324966974911,0.7648612945838854
XAUUSD,NY,2023-10-05,Thursday,1,1829.2,1819.92,9.279999999999973,long,2023-10-05 04:55:00,1819.66,2023-10-05 05:00:00,2023-10-05 05:05:00,1820.3,1819.66,1821.5799999999997,0.6399999999998727,False,extreme,2023-10-05 05:20:00,1821.5799999999997,target,4,2.0,5,0.07812500000001554,1.9218749999999845,2.093750000000644,0.5937499999999334
XAUUSD,NY,2023-10-05,Thursday,2,1829.2,1819.92,9.279999999999973,long,2023-10-05 08:20:00,1819.3,2023-10-05 08:25:00,2023-10-05 08:30:00,1820.55,1819.3,1823.05,1.25,False,extreme,2023-10-05 08:30:00,1819.3,stop,1,-1.0,5,0.04,-1.04,0.28000000000010916,1.2159999999999855
XAUUSD,NY,2023-10-05,Thursday,3,1829.2,1819.92,9.279999999999973,long,2023-10-05 08:35:00,1813.07,2023-10-05 09:40:00,2023-10-05 09:45:00,1821.29,1813.07,1837.73,8.220000000000027,False,extreme,2023-10-05 23:55:00,1824.05,end_of_day,159,0.335766423357662,5,0.006082725060827231,0.32968369829683475,0.38564476885645527,0.8369829683698126
XAUUSD,NY,2023-10-06,Friday,1,1824.6,1818.62,5.980000000000018,short,2023-10-06 06:10:00,1825.09,2023-10-06 06:15:00,2023-10-06 06:20:00,1824.61,1825.09,1823.6499999999999,0.4800000000000182,False,extreme,2023-10-06 06:40:00,1823.6499999999999,target,5,2.0,2,0.04166666666666509,1.9583333333333348,3.02083333333284,0.395833333333432
XAUUSD,NY,2023-10-06,Friday,2,1824.6,1818.62,5.980000000000018,long,2023-10-06 08:30:00,1810.43,2023-10-06 09:15:00,2023-10-06 09:20:00,1819.1,1810.43,1836.4399999999996,8.669999999999845,False,extreme,2023-10-06 16:55:00,1831.84,friday_close,92,1.4694348327566593,10,0.011534025374856031,1.4579008073818034,1.8200692041523048,0.31141868512109183
XAUUSD,NY,2023-10-09,Monday,1,1854.34,1848.06,6.279999999999973,long,2023-10-09 08:00:00,1847.42,2023-10-09 08:05:00,2023-10-09 08:10:00,1849.07,1847.42,1852.3699999999997,1.6499999999998636,False,extreme,2023-10-09 08:35:00,1847.42,stop,6,-1.0,4,0.024242424242426248,-1.0242424242424262,0.5272727272728426,1.575757575757651
XAUUSD,NY,2023-10-09,Monday,2,1854.34,1848.06,6.279999999999973,long,2023-10-09 08:25:00,1844.96,2023-10-09 09:00:00,2023-10-09 09:05:00,1848.58,1844.96,1855.8199999999997,3.619999999999891,False,extreme,2023-10-09 09:15:00,1844.96,stop,3,-1.0,4,0.01104972375690641,-1.0110497237569065,0.09668508287296877,1.201657458563547
XAUUSD,NY,2023-10-09,Monday,3,1854.34,1848.06,6.279999999999973,long,2023-10-09 09:05:00,1844.23,2023-10-09 10:15:00,2023-10-09 10:20:00,1848.54,1844.23,1857.1599999999999,4.309999999999945,False,extreme,2023-10-09 14:55:00,1857.1599999999999,target,56,2.0,4,0.00928074245939687,1.9907192575406032,2.125290023201902,0.06728538283061886
XAUUSD,NY,2023-10-10,Tuesday,1,1862.54,1855.18,7.3599999999999,long,2023-10-10 08:20:00,1853.0,2023-10-10 08:35:00,2023-10-10 08:40:00,1855.86,1853.0,1861.5799999999997,2.8599999999999,False,extreme,2023-10-10 11:55:00,1861.5799999999997,target,40,2.0,4,0.013986013986014475,1.9860139860139856,2.2657342657343515,0.9650349650349956
XAUUSD,NY,2023-10-11,Wednesday,1,1868.18,1858.63,9.549999999999955,short,2023-10-11 04:15:00,1869.49,2023-10-11 04:30:00,2023-10-11 04:35:00,1868.17,1869.49,1865.5300000000002,1.3199999999999363,False,extreme,2023-10-11 04:45:00,1869.49,stop,3,-1.0,7,0.05303030303030559,-1.0530303030303056,0.12121212121218906,1.2424242424242058
XAUUSD,NY,2023-10-12,Thursday,1,1882.71,1876.77,5.940000000000055,short,2023-10-12 07:35:00,1884.95,2023-10-12 08:30:00,2023-10-12 08:35:00,1880.87,1884.95,1872.7099999999996,4.080000000000155,False,extreme,2023-10-12 10:30:00,1872.7099999999996,target,24,2.0,6,0.01470588235294062,1.9852941176470593,2.2328431372547928,0.00490196078436481
XAUUSD,NY,2023-10-13,Friday,1,1883.12,1873.56,9.559999999999945,short,2023-10-13 04:05:00,1884.94,2023-10-13 05:05:00,2023-10-13 05:10:00,1882.99,1884.94,1879.09,1.9500000000000455,False,extreme,2023-10-13 05:25:00,1884.94,stop,4,-1.0,8,0.04102564102564007,-1.04102564102564,0.2666666666666511,1.8923076923076763
XAUUSD,NY,2023-10-16,Monday,1,1920.44,1908.18,12.259999999999991,short,2023-10-16 08:20:00,1924.55,2023-10-16 08:30:00,2023-10-16 08:35:00,1919.48,1924.55,1909.3400000000001,5.069999999999936,False,extreme,2023-10-16 23:55:00,1916.84,end_of_day,173,0.5207100591716239,5,0.00986193293885614,0.5108481262327678,1.3944773175542455,0.6469428007889574
XAUUSD,NY,2023-10-17,Tuesday,1,1921.4,1914.19,7.210000000000036,short,2023-10-17 05:15:00,1928.98,2023-10-17 08:30:00,2023-10-17 08:35:00,1920.55,1928.98,1903.6899999999998,8.430000000000064,False,extreme,2023-10-17 09:45:00,1928.98,stop,15,-1.0,6,0.007117437722419875,-1.00711743772242,0.01304863582442457,1.306049822064046
XAUUSD,NY,2023-10-17,Tuesday,2,1921.4,1914.19,7.210000000000036,short,2023-10-17 08:35:00,1931.56,2023-10-17 13:40:00,2023-10-17 13:45:00,1920.73,1931.56,1899.0700000000002,10.829999999999927,False,extreme,2023-10-17 21:25:00,1931.56,stop,81,-1.0,5,0.004616805170821823,-1.0046168051708217,0.14496768236379934,1.5078485687904004
XAUUSD,NY,2023-10-19,Thursday,1,1952.74,1945.37,7.370000000000118,short,2023-10-19 04:05:00,1954.42,2023-10-19 04:15:00,2023-10-19 04:20:00,1952.36,1954.42,1948.2399999999996,2.060000000000173,False,extreme,2023-10-19 04:40:00,1948.2399999999996,target,5,2.0,8,0.03883495145630742,1.9611650485436927,2.0728155339803997,0.03883495145638248
XAUUSD,NY,2023-10-19,Thursday,2,1952.74,1945.37,7.370000000000118,short,2023-10-19 08:00:00,1953.8,2023-10-19 08:10:00,2023-10-19 08:15:00,1951.2,1953.8,1946.0000000000002,2.599999999999909,False,extreme,2023-10-19 08:20:00,1953.8,stop,2,-1.0,7,0.026923076923077868,-1.026923076923078,0.2807692307692476,1.5153846153846895
XAUUSD,NY,2023-10-19,Thursday,3,1952.74,1945.37,7.370000000000118,short,2023-10-19 08:15:00,1957.17,2023-10-19 09:10:00,2023-10-19 09:15:00,1951.68,1957.17,1940.7,5.490000000000009,False,extreme,2023-10-19 11:30:00,1957.17,stop,28,-1.0,5,0.009107468123861552,-1.0091074681238617,0.34608378870675555,1.275045537340617
XAUUSD,NY,2023-10-20,Friday,1,1982.18,1974.1,8.080000000000155,short,2023-10-20 04:15:00,1985.12,2023-10-20 04:30:00,2023-10-20 04:35:00,1981.64,1985.12,1974.6800000000005,3.479999999999791,False,extreme,2023-10-20 05:15:00,1985.12,stop,9,-1.0,7,0.020114942528736843,-1.0201149425287368,0.08620689655178158,1.0632183908046093
XAUUSD,NY,2023-10-20,Friday,2,1982.18,1974.1,8.080000000000155,short,2023-10-20 04:45:00,1985.34,2023-10-20 05:45:00,2023-10-20 05:50:00,1980.78,1985.34,1971.66,4.559999999999945,False,extreme,2023-10-20 07:05:00,1985.34,stop,16,-1.0,6,0.013157894736842262,-1.0131578947368423,0.05263157894737105,1.122807017543899
XAUUSD,NY,2023-10-20,Friday,3,1982.18,1974.1,8.080000000000155,short,2023-10-20 05:55:00,1985.9,2023-10-20 07:40:00,2023-10-20 07:45:00,1981.46,1985.9,1972.58,4.440000000000055,False,extreme,2023-10-20 09:55:00,1985.9,stop,27,-1.0,5,0.011261261261261124,-1.011261261261261,1.8400900900900838,1.4819819819819473
XAUUSD,NY,2023-10-20,Friday,4,1982.18,1974.1,8.080000000000155,short,2023-10-20 09:45:00,1997.17,2023-10-20 13:15:00,2023-10-20 13:20:00,1974.73,1991.61,1940.9700000000003,16.87999999999988,True,swing,2023-10-20 16:55:00,1980.9,friday_close,44,-0.3655213270142249,11,0.006516587677725164,-0.3720379146919501,0.02073459715639286,0.5876777251184918
XAUUSD,NY,2023-10-23,Monday,1,1979.76,1972.77,6.990000000000009,short,2023-10-23 04:00:00,1981.74,2023-10-23 04:20:00,2023-10-23 04:25:00,1979.38,1981.74,1974.6600000000003,2.3599999999999,False,extreme,2023-10-23 04:35:00,1981.74,stop,3,-1.0,6,0.0254237288135604,-1.0254237288135604,0.11864406779669998,1.067796610169529
XAUUSD,NY,2023-10-23,Monday,2,1979.76,1972.77,6.990000000000009,short,2023-10-23 04:25:00,1982.82,2023-10-23 05:40:00,2023-10-23 05:45:00,1979.05,1982.82,1971.51,3.769999999999982,False,extreme,2023-10-23 09:40:00,1971.51,target,48,2.0,11,0.029177718832891386,1.9708222811671086,2.35013262599468,0.7798408488063843
XAUUSD,NY,2023-10-23,Monday,3,1979.76,1972.77,6.990000000000009,long,2023-10-23 09:40:00,1970.12,2023-10-23 09:50:00,2023-10-23 09:55:00,1975.04,1970.12,1984.88,4.920000000000073,False,extreme,2023-10-23 23:55:00,1976.93,end_of_day,157,0.3841463414634293,5,0.01016260162601611,0.3739837398374132,1.1768292682926582,0.7926829268292288
XAUUSD,NY,2023-10-24,Tuesday,1,1979.2,1974.48,4.720000000000027,long,2023-10-24 04:10:00,1973.46,2023-10-24 04:20:00,2023-10-24 04:25:00,1974.49,1973.46,1976.55,1.0299999999999727,False,extreme,2023-10-24 04:35:00,1973.46,stop,3,-1.0,5,0.04854368932038964,-1.0485436893203897,0.6310679611651535,1.582524271844808
XAUUSD,NY,2023-10-24,Tuesday,2,1979.2,1974.48,4.720000000000027,long,2023-10-24 04:30:00,1953.59,2023-10-24 12:35:00,2023-10-24 12:40:00,1974.8,1963.18,1998.0399999999997,11.61999999999989,True,swing,2023-10-24 23:55:00,1973.31,end_of_day,124,-0.12822719449225672,5,0.004302925989673018,-0.13253012048192975,0.2375215146299498,0.4199655765920764
XAUUSD,NY,2023-10-25,Wednesday,1,1975.94,1968.36,7.580000000000155,short,2023-10-25 07:40:00,1976.45,2023-10-25 07:50:00,2023-10-25 07:55:00,1975.31,1976.45,1973.0299999999997,1.1400000000001,False,extreme,2023-10-25 08:05:00,1976.45,stop,3,-1.0,5,0.04385964912280317,-1.0438596491228032,1.2192982456138164,1.2017543859649105
XAUUSD,NY,2023-10-25,Wednesday,2,1975.94,1968.36,7.580000000000155,short,2023-10-25 08:10:00,1976.89,2023-10-25 08:15:00,2023-10-25 08:20:00,1975.5,1976.89,1972.7199999999998,1.3900000000001,False,extreme,2023-10-25 08:35:00,1972.7199999999998,target,4,2.0,5,0.035971223021580144,1.96402877697842,2.2158273381292846,0.633093525179889
XAUUSD,NY,2023-10-25,Wednesday,3,1975.94,1968.36,7.580000000000155,short,2023-10-25 08:50:00,1976.93,2023-10-25 08:55:00,2023-10-25 09:00:00,1975.19,1976.93,1971.71,1.740000000000009,False,extreme,2023-10-25 09:10:00,1976.93,stop,3,-1.0,5,0.028735632183907896,-1.0287356321839078,0.18965517241388097,1.9367816091953294
XAUUSD,NY,2023-10-25,Wednesday,4,1975.94,1968.36,7.580000000000155,long,2023-10-25 11:00:00,1963.05,2023-10-25 11:05:00,2023-10-25 11:10:00,1972.37,1963.05,1991.0099999999998,9.319999999999936,False,extreme,2023-10-25 23:55:00,1987.23,end_of_day,142,1.5944206008583937,14,0.015021459227467915,1.5793991416309257,1.6115879828326516,0.02896995708154331
XAUUSD,NY,2023-10-26,Thursday,1,1990.14,1984.0,6.1400000000001,short,2023-10-26 04:00:00,1990.86,2023-10-26 04:05:00,2023-10-26 04:10:00,1989.92,1990.86,1988.0400000000004,0.9399999999998272,False,extreme,2023-10-26 04:30:00,1990.86,stop,5,-1.0,5,0.05319148936171191,-1.0531914893617118,1.3085106382981322,1.2340425531915613
XAUUSD,NY,2023-10-26,Thursday,2,1990.14,1984.0,6.1400000000001,short,2023-10-26 04:30:00,1993.45,2023-10-26 05:15:00,2023-10-26 05:20:00,1989.7,1993.45,1982.2,3.75,False,extreme,2023-10-26 08:30:00,1982.2,target,39,2.0,5,0.013333333333333334,1.9866666666666666,2.58133333333335,0.648000000000017
XAUUSD,NY,2023-10-26,Thursday,3,1990.14,1984.0,6.1400000000001,long,2023-10-26 08:25:00,1971.86,2023-10-26 12:15:00,2023-10-26 12:20:00,1985.23,1979.74,1996.21,5.490000000000009,True,swing,2023-10-26 23:55:00,1987.92,end_of_day,128,0.4899817850637614,11,0.020036429872495414,0.46994535519126596,0.7377049180327774,0.5409836065573811
XAUUSD,NY,2023-10-27,Friday,1,1990.0,1985.8,4.2000000000000455,long,2023-10-27 04:10:00,1985.55,2023-10-27 04:15:00,2023-10-27 04:20:00,1987.29,1985.55,1990.77,1.740000000000009,False,extreme,2023-10-27 05:50:00,1985.55,stop,19,-1.0,5,0.028735632183907896,-1.0287356321839078,0.37931034482763126,1.1781609195401976
XAUUSD,NY,2023-10-27,Friday,2,1990.0,1985.8,4.2000000000000455,long,2023-10-27 06:05:00,1984.82,2023-10-27 06:10:00,2023-10-27 06:15:00,1985.95,1984.82,1988.2100000000003,1.1300000000001091,False,extreme,2023-10-27 06:30:00,1984.82,stop,4,-1.0,5,0.0442477876106152,-1.044247787610615,0.16814159292038602,2.15929203539807
XAUUSD,NY,2023-10-27,Friday,3,1990.0,1985.8,4.2000000000000455,long,2023-10-27 06:15:00,1979.99,2023-10-27 08:40:00,2023-10-27 08:45:00,1985.75,1979.99,1997.27,5.759999999999991,False,extreme,2023-10-27 08:50:00,1979.99,stop,2,-1.0,5,0.00868055555555557,-1.0086805555555556,0.07118055555556987,1.2204861111111083
XAUUSD,NY,2023-10-27,Friday,4,1990.0,1985.8,4.2000000000000455,long,2023-10-27 08:45:00,1976.88,2023-10-27 13:15:00,2023-10-27 13:20:00,1986.86,1981.05,1998.4799999999998,5.809999999999945,True,swing,2023-10-27 14:05:00,1998.4799999999998,target,10,2.0,6,0.010327022375215242,1.9896729776247848,2.3683304647160277,0.175559380378656
XAUUSD,NY,2023-10-30,Monday,1,2002.77,1993.35,9.420000000000073,long,2023-10-30 04:00:00,1990.92,2023-10-30 04:10:00,2023-10-30 04:15:00,1994.3,1990.92,2001.0599999999997,3.3799999999998818,False,extreme,2023-10-30 09:10:00,2001.0599999999997,target,60,2.0,5,0.014792899408284542,1.9852071005917156,2.437869822485295,0.7928994082840702
XAUUSD,NY,2023-10-31,Tuesday,1,1997.63,1990.7,6.930000000000064,short,2023-10-31 04:15:00,1999.22,2023-10-31 04:20:00,2023-10-31 04:25:00,1996.66,1999.22,1991.5400000000002,2.5599999999999454,False,extreme,2023-10-31 06:50:00,1999.22,stop,30,-1.0,5,0.019531250000000416,-1.0195312500000004,0.4609375000000347,1.0859375000000124
XAUUSD,NY,2023-10-31,Tuesday,2,1997.63,1990.7,6.930000000000064,short,2023-10-31 06:35:00,2001.55,2023-10-31 08:45:00,2023-10-31 08:50:00,1996.35,2001.55,1985.9499999999998,5.2000000000000455,False,extreme,2023-10-31 09:50:00,2001.55,stop,13,-1.0,5,0.009615384615384533,-1.0096153846153846,0.3403846153846089,1.0942307692307702
XAUUSD,NY,2023-10-31,Tuesday,3,1997.63,1990.7,6.930000000000064,short,2023-10-31 09:40:00,2007.89,2023-10-31 11:05:00,2023-10-31 11:10:00,1997.08,2007.89,1975.4599999999996,10.810000000000173,False,extreme,2023-10-31 23:55:00,1977.12,end_of_day,142,1.8464384828861904,7,0.006475485661424504,1.839962997224766,1.8630897317298383,0.027752081406121842
XAUUSD,NY,2023-11-01,Wednesday,1,1981.02,1975.25,5.769999999999982,short,2023-11-01 04:50:00,1983.72,2023-11-01 05:40:00,2023-11-01 05:45:00,1980.9,1983.72,1975.2600000000002,2.8199999999999363,False,extreme,2023-11-01 06:10:00,1983.72,stop,6,-1.0,5,0.01773049645390111,-1.0177304964539011,0.049645390070958584,1.1382978723403836
XAUUSD,NY,2023-11-01,Wednesday,2,1981.02,1975.25,5.769999999999982,short,2023-11-01 05:45:00,1992.02,2023-11-01 11:35:00,2023-11-01 11:40:00,1980.95,1992.02,1958.8100000000002,11.069999999999936,False,extreme,2023-11-01 23:55:00,1985.4,end_of_day,136,-0.40198735320687184,5,0.004516711833785031,-0.4065040650406569,1.0,0.6531165311653171
XAUUSD,NY,2023-11-02,Thursday,1,1986.66,1983.68,2.980000000000018,short,2023-11-02 04:35:00,1989.6,2023-11-02 06:05:00,2023-11-02 06:10:00,1986.56,1989.6,1980.48,3.0399999999999636,False,extreme,2023-11-02 07:10:00,1989.6,stop,13,-1.0,5,0.01644736842105283,-1.0164473684210529,0.25,1.2697368421053203
XAUUSD,NY,2023-11-02,Thursday,2,1986.66,1983.68,2.980000000000018,short,2023-11-02 06:20:00,1991.03,2023-11-02 09:25:00,2023-11-02 09:30:00,1985.82,1991.03,1975.3999999999999,5.210000000000036,False,extreme,2023-11-02 23:55:00,1985.84,end_of_day,162,-0.003838771593086693,5,0.009596928982725461,-0.013435700575812153,1.3378119001919344,0.39923224568140886
XAUUSD,NY,2023-11-03,Friday,1,1989.17,1984.62,4.550000000000182,short,2023-11-03 05:00:00,1989.93,2023-11-03 05:05:00,2023-11-03 05:10:00,1989.04,1989.93,1987.2599999999998,0.8900000000001,False,extreme,2023-11-03 05:15:00,1989.93,stop,2,-1.0,5,0.05617977528089257,-1.0561797752808926,0.3146067415729677,1.4494382022469872
XAUUSD,NY,2023-11-03,Friday,2,1989.17,1984.62,4.550000000000182,short,2023-11-03 05:10:00,1990.33,2023-11-03 05:30:00,2023-11-03 05:35:00,1988.88,1990.33,1985.9800000000005,1.449999999999818,False,extreme,2023-11-03 08:25:00,1990.33,both_touched,35,-1.0,5,0.034482758620693985,-1.034482758620694,2.1310344827589884,1.2965517241380122
XAUUSD,NY,2023-11-03,Friday,3,1989.17,1984.62,4.550000000000182,short,2023-11-03 08:30:00,2004.09,2023-11-03 09:25:00,2023-11-03 09:30:00,1989.22,2001.68,1964.3,12.460000000000036,True,swing,2023-11-03 16:55:00,1992.52,friday_close,90,-0.26484751203851886,3,0.002407704654895659,-0.2672552166934145,0.1027287319422126,0.8691813804173271
XAUUSD,NY,2023-11-06,Monday,1,1987.9,1982.32,5.580000000000155,short,2023-11-06 05:05:00,1988.23,2023-11-06 05:10:00,2023-11-06 05:15:00,1987.8,1988.23,1986.9399999999998,0.43000000000006366,False,extreme,2023-11-06 05:25:00,1988.23,stop,3,-1.0,5,0.11627906976742465,-1.1162790697674247,1.1627906976742464,1.3023255813950292
XAUUSD,NY,2023-11-06,Monday,2,1987.9,1982.32,5.580000000000155,short,2023-11-06 08:30:00,1989.14,2023-11-06 08:35:00,2023-11-06 08:40:00,1986.29,1989.14,1980.5899999999997,2.8500000000001364,False,extreme,2023-11-06 11:00:00,1980.5899999999997,target,29,2.0,5,0.01754385964912197,1.982456140350878,2.2245614035086367,0.8982456140350256
XAUUSD,NY,2023-11-06,Monday,3,1987.9,1982.32,5.580000000000155,long,2023-11-06 10:55:00,1979.95,2023-11-06 11:30:00,2023-11-06 11:35:00,1982.61,1979.95,1987.9299999999996,2.6599999999998545,False,extreme,2023-11-06 14:05:00,1979.95,stop,31,-1.0,5,0.018796992481204037,-1.0187969924812041,0.718045112782025,1.0451127819549342
XAUUSD,NY,2023-11-07,Tuesday,1,1974.24,1966.02,8.220000000000027,long,2023-11-07 04:00:00,1964.17,2023-11-07 04:15:00,2023-11-07 04:20:00,1966.58,1964.17,1971.3999999999996,2.4099999999998545,False,extreme,2023-11-07 06:35:00,1964.17,stop,28,-1.0,5,0.020746887966806234,-1.0207468879668062,0.9585062240665196,1.622406639004187
XAUUSD,NY,2023-11-07,Tuesday,2,1974.24,1966.02,8.220000000000027,long,2023-11-07 06:00:00,1956.68,2023-11-07 08:55:00,2023-11-07 09:00:00,1966.6,1956.68,1986.4399999999996,9.919999999999845,False,extreme,2023-11-07 23:55:00,1967.64,end_of_day,168,0.10483870967744024,5,0.00504032258064524,0.099798387096795,0.44959677419355903,0.6441532258064488
XAUUSD,NY,2023-11-08,Wednesday,1,1969.14,1965.04,4.100000000000136,long,2023-11-08 05:00:00,1959.54,2023-11-08 08:05:00,2023-11-08 08:10:00,1966.09,1959.54,1979.1899999999998,6.5499999999999545,False,extreme,2023-11-08 10:00:00,1959.54,stop,23,-1.0,5,0.0076335877862595955,-1.0076335877862597,0.09160305343513597,1.1816793893129867
XAUUSD,NY,2023-11-09,Thursday,1,1950.52,1944.64,5.879999999999882,short,2023-11-09 08:55:00,1951.4,2023-11-09 09:00:00,2023-11-09 09:05:00,1949.69,1951.4,1946.27,1.7100000000000364,False,extreme,2023-11-09 09:20:00,1951.4,stop,4,-1.0,5,0.029239766081870726,-1.0292397660818706,0.6257309941521292,1.4269005847953231
XAUUSD,NY,2023-11-10,Friday,1,1958.19,1953.74,4.4500000000000455,long,2023-11-10 04:35:00,1953.58,2023-11-10 04:40:00,2023-11-10 04:45:00,1954.73,1953.58,1957.0300000000002,1.150000000000091,False,extreme,2023-11-10 05:00:00,1953.58,stop,4,-1.0,5,0.04347826086956178,-1.0434782608695619,0.5130434782607578,1.2086956521739045
XAUUSD,NY,2023-11-10,Friday,2,1958.19,1953.74,4.4500000000000455,long,2023-11-10 05:05:00,1951.5,2023-11-10 05:55:00,2023-11-10 06:00:00,1954.07,1951.5,1959.2099999999998,2.5699999999999363,False,extreme,2023-11-10 06:20:00,1951.5,stop,5,-1.0,5,0.01945525291828842,-1.0194552529182883,0.0,1.5525291828794194
XAUUSD,NY,2023-11-13,Monday,1,1941.22,1935.74,5.480000000000018,long,2023-11-13 08:00:00,1933.99,2023-11-13 08:05:00,2023-11-13 08:10:00,1935.98,1933.99,1939.96,1.990000000000009,False,extreme,2023-11-13 09:10:00,1933.99,stop,13,-1.0,5,0.025125628140703404,-1.0251256281407035,1.0603015075376334,1.0603015075377475
XAUUSD,NY,2023-11-13,Monday,2,1941.22,1935.74,5.480000000000018,long,2023-11-13 09:00:00,1931.72,2023-11-13 10:10:00,2023-11-13 10:15:00,1935.83,1931.72,1944.0499999999997,4.1099999999999,False,extreme,2023-11-13 11:30:00,1944.0499999999997,target,16,2.0,5,0.012165450121654799,1.9878345498783452,2.3406326034064118,0.31630170316301365
XAUUSD,NY,2023-11-14,Tuesday,1,1946.58,1943.81,2.769999999999982,short,2023-11-14 04:15:00,1947.82,2023-11-14 04:30:00,2023-11-14 04:35:00,1946.22,1947.82,1943.0200000000002,1.599999999999909,False,extreme,2023-11-14 04:35:00,1947.82,stop,1,-1.0,2,0.01250000000000071,-1.0125000000000006,0.0,1.100000000000057
XAUUSD,NY,2023-11-14,Tuesday,2,1946.58,1943.81,2.769999999999982,short,2023-11-14 04:35:00,1947.98,2023-11-14 04:50:00,2023-11-14 04:55:00,1946.5,1947.98,1943.54,1.4800000000000182,False,extreme,2023-11-14 05:10:00,1947.98,stop,4,-1.0,5,0.03378378378378337,-1.0337837837837833,0.0,1.1418918918919148
XAUUSD,NY,2023-11-14,Tuesday,3,1946.58,1943.81,2.769999999999982,short,2023-11-14 04:55:00,1948.19,2023-11-14 06:00:00,2023-11-14 06:05:00,1946.44,1948.19,1942.94,1.75,False,extreme,2023-11-14 08:30:00,1948.19,stop,30,-1.0,5,0.028571428571428574,-1.0285714285714285,1.1942857142857974,7.257142857142883
XAUUSD,NY,2023-11-15,Wednesday,1,1972.59,1965.9,6.689999999999827,short,2023-11-15 05:20:00,1974.04,2023-11-15 06:10:00,2023-11-15 06:15:00,1972.24,1974.04,1968.64,1.7999999999999545,False,extreme,2023-11-15 08:30:00,1974.04,both_touched,28,-1.0,5,0.02777777777777848,-1.0277777777777786,2.71111111111124,1.5888888888888735
XAUUSD,NY,2023-11-15,Wednesday,2,1972.59,1965.9,6.689999999999827,long,2023-11-15 08:35:00,1963.44,2023-11-15 08:45:00,2023-11-15 08:50:00,1965.98,1963.44,1971.06,2.5399999999999636,False,extreme,2023-11-15 09:10:00,1963.44,stop,5,-1.0,5,0.019685039370079024,-1.019685039370079,0.4370078740157149,1.157480314960668
XAUUSD,NY,2023-11-16,Thursday,1,1967.86,1962.15,5.709999999999809,short,2023-11-16 04:05:00,1968.58,2023-11-16 04:15:00,2023-11-16 04:20:00,1967.46,1968.58,1965.2200000000003,1.1199999999998909,False,extreme,2023-11-16 05:30:00,1965.2200000000003,target,15,2.0,5,0.044642857142861495,1.9553571428571386,2.0714285714287164,0.9464285714286149
XAUUSD,NY,2023-11-17,Friday,1,1989.14,1982.63,6.509999999999991,short,2023-11-17 04:05:00,1993.42,2023-11-17 06:35:00,2023-11-17 06:40:00,1988.56,1993.42,1978.8399999999997,4.860000000000127,False,extreme,2023-11-17 12:15:00,1978.8399999999997,target,68,2.0,9,0.018518518518518032,1.981481481481482,2.0411522633744004,0.6378600823045381
XAUUSD,NY,2023-11-20,Monday,1,1983.44,1975.89,7.5499999999999545,long,2023-11-20 05:40:00,1975.08,2023-11-20 05:55:00,2023-11-20 06:00:00,1975.86,1975.08,1977.4199999999998,0.7799999999999727,False,extreme,2023-11-20 06:05:00,1975.08,stop,2,-1.0,5,0.06410256410256635,-1.0641025641025663,0.48717948717964416,1.346153846153835
XAUUSD,NY,2023-11-20,Monday,2,1983.44,1975.89,7.5499999999999545,long,2023-11-20 06:00:00,1965.42,2023-11-20 12:15:00,2023-11-20 12:20:00,1976.07,1965.42,1997.3699999999997,10.649999999999864,False,extreme,2023-11-20 23:55:00,1992.22,end_of_day,128,1.516431924882657,5,0.0046948356807512345,1.5117370892019057,1.7107981220657522,0.3258215962441382
XAUUSD,NY,2023-11-21,Tuesday,1,1994.31,1986.62,7.690000000000055,long,2023-11-21 04:10:00,1986.0,2023-11-21 04:15:00,2023-11-21 04:20:00,1987.33,1986.0,1989.9899999999998,1.3299999999999272,False,extreme,2023-11-21 04:25:00,1986.0,stop,2,-1.0,5,0.037593984962408074,-1.037593984962408,0.1127819548872926,1.3609022556391313
XAUUSD,NY,2023-11-21,Tuesday,2,1994.31,1986.62,7.690000000000055,long,2023-11-21 04:25:00,1984.34,2023-11-21 04:35:00,2023-11-21 04:40:00,1986.64,1984.34,1991.2400000000005,2.300000000000182,False,extreme,2023-11-21 08:05:00,1991.2400000000005,target,42,2.0,5,0.02173913043478089,1.978260869565219,2.1347826086954202,0.6695652173913345
XAUUSD,NY,2023-11-22,Wednesday,1,2006.24,1996.74,9.5,long,2023-11-22 10:00:00,1986.91,2023-11-22 22:50:00,2023-11-22 22:55:00,1997.88,1986.91,2019.8200000000002,10.970000000000027,False,extreme,2023-11-22 23:55:00,1995.22,end_of_day,13,-0.24247948951687104,5,0.004557885141294429,-0.24703737465816547,0.019143117593419186,0.40109389243391796
XAUUSD,NY,2023-11-23,Thursday,1,1998.51,1993.83,4.680000000000064,long,2023-11-23 04:15:00,1992.25,2023-11-23 04:40:00,2023-11-23 04:45:00,1994.55,1992.25,1999.1499999999999,2.2999999999999545,False,extreme,2023-11-23 07:30:00,1992.25,stop,34,-1.0,0,0.0,-1.0,0.14347826086963528,1.0
XAUUSD,NY,2023-11-23,Thursday,2,1998.51,1993.83,4.680000000000064,long,2023-11-23 07:05:00,1992.0,2023-11-23 09:40:00,2023-11-23 09:45:00,1993.85,1992.0,1997.5499999999997,1.849999999999909,False,extreme,2023-11-23 10:35:00,1992.0,stop,11,-1.0,0,0.0,-1.0,0.5837837837838961,1.0324324324324046
XAUUSD,NY,2023-11-23,Thursday,3,1998.51,1993.83,4.680000000000064,long,2023-11-23 10:00:00,1989.9,2023-11-23 18:05:00,2023-11-23 18:10:00,1993.86,1989.9,2001.7799999999995,3.959999999999809,False,extreme,2023-11-23 23:55:00,1993.75,end_of_day,70,-0.027777777777753854,0,0.0,-0.027777777777753854,0.28787878787882704,0.6085858585858512
XAUUSD,NY,2023-11-24,Friday,1,1994.53,1992.05,2.480000000000018,short,2023-11-24 04:25:00,1994.97,2023-11-24 04:35:00,2023-11-24 04:40:00,1993.91,1994.97,1991.7900000000002,1.0599999999999454,False,extreme,2023-11-24 05:05:00,1994.97,stop,6,-1.0,0,0.0,-1.0,0.5660377358492145,1.3867924528302857
XAUUSD,NY,2023-11-24,Friday,2,1994.53,1992.05,2.480000000000018,short,2023-11-24 04:50:00,1997.17,2023-11-24 08:15:00,2023-11-24 08:20:00,1994.47,1997.17,1989.07,2.7000000000000455,False,extreme,2023-11-24 08:25:00,1997.17,stop,2,-1.0,5,0.01851851851851821,-1.0185185185185182,0.022222222222201635,1.333333333333277
XAUUSD,NY,2023-11-27,Monday,1,2013.97,2008.77,5.2000000000000455,short,2023-11-27 04:00:00,2015.52,2023-11-27 04:55:00,2023-11-27 05:00:00,2013.43,2015.52,2009.2500000000002,2.089999999999918,False,extreme,2023-11-27 08:30:00,2015.52,stop,43,-1.0,0,0.0,-1.0,0.8851674641149325,1.3540669856459513
XAUUSD,NY,2023-11-27,Monday,2,2013.97,2008.77,5.2000000000000455,short,2023-11-27 08:20:00,2016.26,2023-11-27 08:35:00,2023-11-27 08:40:00,2013.56,2016.26,2008.1599999999999,2.7000000000000455,False,extreme,2023-11-27 11:05:00,2008.1599999999999,target,30,2.0,1,0.0037037037037036414,1.9962962962962965,2.040740740740703,0.5111111111111429
XAUUSD,NY,2023-11-27,Monday,3,2013.97,2008.77,5.2000000000000455,long,2023-11-27 11:15:00,2007.74,2023-11-27 11:25:00,2023-11-27 11:30:00,2008.9,2007.74,2011.2200000000003,1.1600000000000819,False,extreme,2023-11-27 11:35:00,2007.74,stop,2,-1.0,4,0.034482758620687226,-1.0344827586206873,0.3275862068964267,2.3793103448274104
XAUUSD,NY,2023-11-27,Monday,4,2013.97,2008.77,5.2000000000000455,long,2023-11-27 11:30:00,2005.72,2023-11-27 11:45:00,2023-11-27 11:50:00,2009.46,2005.72,2016.94,3.740000000000009,False,extreme,2023-11-27 19:00:00,2016.94,target,75,2.0,4,0.010695187165775374,1.9893048128342246,2.085561497326186,0.2005347593582883
XAUUSD,NY,2023-11-29,Wednesday,1,2049.07,2041.1,7.970000000000255,long,2023-11-29 04:20:00,2035.41,2023-11-29 07:40:00,2023-11-29 07:45:00,2041.04,2035.41,2052.2999999999997,5.629999999999882,False,extreme,2023-11-29 23:55:00,2044.67,end_of_day,183,0.6447602131439051,4,0.007104795737122707,0.6376554174067823,1.5115452930728948,0.6980461811723173
XAUUSD,NY,2023-11-30,Thursday,1,2046.94,2039.97,6.970000000000027,long,2023-11-30 04:50:00,2038.8,2023-11-30 04:55:00,2023-11-30 05:00:00,2040.0,2038.8,2042.4,1.2000000000000455,False,extreme,2023-11-30 05:05:00,2038.8,stop,2,-1.0,4,0.03333333333333207,-1.033333333333332,0.1833333333333491,1.616666666666651
XAUUSD,NY,2023-11-30,Thursday,2,2046.94,2039.97,6.970000000000027,long,2023-11-30 05:00:00,2036.75,2023-11-30 05:45:00,2023-11-30 05:50:00,2040.16,2036.75,2046.9800000000002,3.410000000000082,False,extreme,2023-11-30 06:15:00,2036.75,stop,6,-1.0,4,0.011730205278592094,-1.0117302052785921,0.06158357771255248,1.0791788856304914
XAUUSD,NY,2023-11-30,Thursday,3,2046.94,2039.97,6.970000000000027,long,2023-11-30 05:50:00,2035.97,2023-11-30 08:05:00,2023-11-30 08:10:00,2040.27,2035.97,2048.87,4.2999999999999545,False,extreme,2023-11-30 08:50:00,2035.97,stop,9,-1.0,4,0.009302325581395448,-1.0093023255813955,0.8232558139534886,1.4558139534883854
XAUUSD,NY,2023-11-30,Thursday,4,2046.94,2039.97,6.970000000000027,long,2023-11-30 08:30:00,2031.24,2023-11-30 12:05:00,2023-11-30 12:10:00,2040.12,2031.24,2057.8799999999997,8.879999999999882,False,extreme,2023-11-30 23:55:00,2040.25,end_of_day,130,0.014639639639652126,4,0.004504504504504564,0.010135135135147562,0.37725225225227266,0.7218468468468401
XAUUSD,NY,2023-12-01,Friday,1,2046.09,2039.28,6.809999999999945,short,2023-12-01 04:00:00,2046.74,2023-12-01 04:10:00,2023-12-01 04:15:00,2046.02,2046.74,2044.58,0.7200000000000273,False,extreme,2023-12-01 04:25:00,2046.74,stop,3,-1.0,4,0.05555555555555345,-1.0555555555555534,1.055555555555503,2.2638888888889546
XAUUSD,NY,2023-12-01,Friday,2,2046.09,2039.28,6.809999999999945,short,2023-12-01 04:20:00,2049.86,2023-12-01 05:10:00,2023-12-01 05:15:00,2046.02,2049.86,2038.3399999999997,3.8400000000001455,False,extreme,2023-12-01 06:35:00,2038.3399999999997,target,17,2.0,4,0.010416666666666272,1.9895833333333337,2.091145833333247,0.0468750000000148
XAUUSD,NY,2023-12-01,Friday,3,2046.09,2039.28,6.809999999999945,long,2023-12-01 06:35:00,2033.89,2023-12-01 09:40:00,2023-12-01 09:45:00,2040.23,2033.89,2052.91,6.339999999999918,False,extreme,2023-12-01 10:20:00,2052.91,target,8,2.0,5,0.007886435331230386,1.9921135646687695,2.0552050473186703,0.011041009463712498
XAUUSD,NY,2023-12-05,Tuesday,1,2039.57,2031.02,8.549999999999955,long,2023-12-05 04:10:00,2028.5,2023-12-05 04:15:00,2023-12-05 04:20:00,2031.22,2028.5,2036.66,2.7200000000000273,False,extreme,2023-12-05 05:00:00,2028.5,stop,9,-1.0,7,0.025735294117646804,-1.0257352941176467,0.466911764705871,1.1985294117646905
XAUUSD,NY,2023-12-06,Wednesday,1,2035.88,2021.25,14.63000000000011,long,2023-12-06 04:55:00,2020.21,2023-12-06 05:00:00,2023-12-06 05:05:00,2021.83,2020.21,2025.0699999999997,1.6199999999998909,False,extreme,2023-12-06 07:45:00,2025.0699999999997,target,33,2.0,12,0.07407407407407907,1.925925925925921,2.209876543210121,0.981481481481497
XAUUSD,NY,2023-12-07,Thursday,1,2034.82,2025.31,9.509999999999991,short,2023-12-07 05:10:00,2035.15,2023-12-07 05:15:00,2023-12-07 05:20:00,2034.45,2035.15,2033.05,0.7000000000000455,False,extreme,2023-12-07 05:30:00,2033.05,target,3,2.0,4,0.05714285714285343,1.9428571428571466,2.371428571428534,0.7714285714284693
XAUUSD,NY,2023-12-07,Thursday,2,2034.82,2025.31,9.509999999999991,short,2023-12-07 08:40:00,2039.92,2023-12-07 09:10:00,2023-12-07 09:15:00,2033.57,2039.92,2020.8699999999997,6.350000000000136,False,extreme,2023-12-07 12:10:00,2020.8699999999997,target,36,2.0,9,0.014173228346456387,1.9858267716535436,2.1133858267715837,0.15905511811023137
XAUUSD,NY,2023-12-07,Thursday,3,2034.82,2025.31,9.509999999999991,long,2023-12-07 12:00:00,2020.15,2023-12-07 12:40:00,2023-12-07 12:45:00,2027.16,2020.15,2041.18,7.009999999999991,False,extreme,2023-12-07 23:55:00,2031.56,end_of_day,123,0.6276747503566147,11,0.015691868758915855,0.6119828815976989,0.975748930099847,0.11840228245365987
XAUUSD,NY,2023-12-11,Monday,1,2000.59,1991.32,9.269999999999982,long,2023-12-11 08:50:00,1990.22,2023-12-11 08:55:00,2023-12-11 09:00:00,1994.02,1990.22,2001.62,3.7999999999999545,False,extreme,2023-12-11 09:20:00,1990.22,stop,5,-1.0,4,0.01052631578947381,-1.0105263157894737,0.11578947368422628,1.0421052631579169
XAUUSD,NY,2023-12-12,Tuesday,1,1989.08,1983.74,5.339999999999918,long,2023-12-12 04:05:00,1983.16,2023-12-12 04:10:00,2023-12-12 04:15:00,1983.84,1983.16,1985.1999999999996,0.6799999999998363,False,extreme,2023-12-12 04:20:00,1983.16,stop,2,-1.0,4,0.05882352941177887,-1.058823529411779,0.35294117647068657,1.5882352941179225
XAUUSD,NY,2023-12-12,Tuesday,2,1989.08,1983.74,5.339999999999918,long,2023-12-12 04:15:00,1982.76,2023-12-12 04:30:00,2023-12-12 04:35:00,1983.7,1982.76,1985.5800000000002,0.9400000000000546,False,extreme,2023-12-12 04:50:00,1985.5800000000002,target,4,2.0,4,0.04255319148935923,1.9574468085106407,2.0319148936167486,0.15957446808519388
XAUUSD,NY,2023-12-12,Tuesday,3,1989.08,1983.74,5.339999999999918,short,2023-12-12 08:05:00,1996.73,2023-12-12 08:30:00,2023-12-12 08:35:00,1988.73,1996.73,1972.73,8.0,False,extreme,2023-12-12 23:55:00,1978.31,end_of_day,173,1.302500000000009,5,0.00625,1.296250000000009,1.4375,0.27000000000001023
XAUUSD,NY,2023-12-13,Wednesday,1,1982.34,1973.02,9.319999999999936,short,2023-12-13 04:55:00,1982.74,2023-12-13 05:05:00,2023-12-13 05:10:00,1981.94,1982.74,1980.3400000000001,0.7999999999999545,False,extreme,2023-12-13 05:10:00,1982.74,stop,1,-1.0,4,0.05000000000000284,-1.050000000000003,0.0875000000002096,1.1624999999998615
XAUUSD,NY,2023-12-13,Wednesday,2,1982.34,1973.02,9.319999999999936,short,2023-12-13 05:10:00,1982.87,2023-12-13 05:15:00,2023-12-13 05:20:00,1981.35,1982.87,1978.31,1.5199999999999818,False,extreme,2023-12-13 05:55:00,1982.87,stop,8,-1.0,4,0.026315789473684525,-1.0263157894736845,0.14473684210513324,1.2697368421053203
XAUUSD,NY,2023-12-13,Wednesday,3,1982.34,1973.02,9.319999999999936,short,2023-12-13 05:50:00,1983.59,2023-12-13 07:00:00,2023-12-13 07:05:00,1982.26,1983.59,1979.6000000000001,1.3299999999999272,False,extreme,2023-12-13 08:30:00,1983.59,stop,18,-1.0,4,0.03007518796992646,-1.0300751879699264,1.969924812030101,3.3834586466167265
XAUUSD,NY,2023-12-13,Wednesday,4,1982.34,1973.02,9.319999999999936,short,2023-12-13 08:30:00,1986.76,2023-12-13 09:50:00,2023-12-13 09:55:00,1982.02,1986.76,1972.54,4.740000000000009,False,extreme,2023-12-13 14:00:00,1986.76,stop,50,-1.0,4,0.008438818565400828,-1.0084388185654007,0.7362869198312242,3.2215189873417622
XAUUSD,NY,2023-12-14,Thursday,1,2040.32,2029.27,11.049999999999955,short,2023-12-14 09:30:00,2047.91,2023-12-14 10:30:00,2023-12-14 10:35:00,2038.21,2047.91,2018.81,9.700000000000045,False,extreme,2023-12-14 23:55:00,2036.66,end_of_day,149,0.15979381443298427,8,0.008247422680412333,0.15154639175257192,0.9412371134020687,0.37010309278349496
XAUUSD,NY,2023-12-15,Friday,1,2040.54,2034.32,6.220000000000027,short,2023-12-15 04:00:00,2044.17,2023-12-15 04:40:00,2023-12-15 04:45:00,2040.22,2044.17,2032.32,3.9500000000000455,False,extreme,2023-12-15 05:25:00,2044.17,stop,9,-1.0,4,0.010126582278480897,-1.0101265822784808,0.025316455696236778,1.0582278481012697
XAUUSD,NY,2023-12-15,Friday,2,2040.54,2034.32,6.220000000000027,short,2023-12-15 04:45:00,2044.4,2023-12-15 06:30:00,2023-12-15 06:35:00,2040.37,2044.4,2032.3099999999995,4.0300000000002,False,extreme,2023-12-15 07:35:00,2044.4,stop,13,-1.0,4,0.009925558312654594,-1.0099255583126545,0.04714640198506644,1.1315136476426666
XAUUSD,NY,2023-12-15,Friday,3,2040.54,2034.32,6.220000000000027,short,2023-12-15 06:35:00,2044.93,2023-12-15 08:30:00,2023-12-15 08:35:00,2035.97,2044.93,2018.05,8.960000000000036,False,extreme,2023-12-15 14:05:00,2018.05,target,67,2.0,8,0.008928571428571392,1.9910714285714286,2.0747767857142683,0.2868303571428489
XAUUSD,NY,2023-12-18,Monday,1,2026.23,2021.56,4.670000000000073,long,2023-12-18 05:30:00,2018.77,2023-12-18 06:20:00,2023-12-18 06:25:00,2022.04,2018.77,2028.58,3.269999999999982,False,extreme,2023-12-18 12:45:00,2028.58,target,77,2.0,4,0.01223241590214074,1.9877675840978593,2.562691131498519,0.532110091743125
XAUUSD,NY,2023-12-18,Monday,2,2026.23,2021.56,4.670000000000073,short,2023-12-18 12:45:00,2033.64,2023-12-18 13:35:00,2023-12-18 13:40:00,2025.25,2033.64,2008.4699999999998,8.3900000000001,False,extreme,2023-12-18 23:55:00,2024.16,end_of_day,112,0.12991656734206258,4,0.004767580452920086,0.1251489868891425,0.4219308700834233,0.48390941597138226
XAUUSD,NY,2023-12-19,Tuesday,1,2028.45,2022.48,5.970000000000027,short,2023-12-19 07:10:00,2029.62,2023-12-19 07:25:00,2023-12-19 07:30:00,2027.92,2029.62,2024.5200000000004,1.699999999999818,False,extreme,2023-12-19 07:40:00,2029.62,stop,3,-1.0,4,0.0235294117647084,-1.0235294117647085,0.9823529411766185,1.2352941176471375
XAUUSD,NY,2023-12-21,Thursday,1,2038.24,2034.02,4.220000000000027,long,2023-12-21 05:35:00,2033.03,2023-12-21 05:45:00,2023-12-21 05:50:00,2034.29,2033.03,2036.81,1.259999999999991,False,extreme,2023-12-21 07:30:00,2036.81,target,21,2.0,4,0.03174603174603197,1.968253968253968,2.4126984126984015,0.7777777777777978
XAUUSD,NY,2023-12-21,Thursday,2,2038.24,2034.02,4.220000000000027,short,2023-12-21 07:35:00,2039.46,2023-12-21 07:40:00,2023-12-21 07:45:00,2037.76,2039.46,2034.36,1.7000000000000455,False,extreme,2023-12-21 08:30:00,2039.46,both_touched,10,-1.0,4,0.023529411764705254,-1.0235294117647054,2.4705882352940782,1.6941176470588424
XAUUSD,NY,2023-12-21,Thursday,3,2038.24,2034.02,4.220000000000027,short,2023-12-21 09:10:00,2046.01,2023-12-21 10:05:00,2023-12-21 10:10:00,2037.99,2046.01,2021.95,8.019999999999982,False,extreme,2023-12-21 18:00:00,2046.01,stop,83,-1.0,4,0.004987531172069837,-1.0049875311720697,0.15710723192019874,1.3678304239401562
XAUUSD,NY,2023-12-22,Friday,1,2052.18,2047.1,5.079999999999927,short,2023-12-22 04:05:00,2070.65,2023-12-22 11:45:00,2023-12-22 11:50:00,2051.74,2062.22,2030.7799999999997,10.480000000000018,True,swing,2023-12-22 16:55:00,2052.75,friday_close,62,-0.09637404580154738,10,0.009541984732824412,-0.10591603053437179,0.02194656488545449,0.6030534351145184
XAUUSD,NY,2023-12-26,Tuesday,1,2065.09,2061.35,3.7400000000002365,long,2023-12-26 04:00:00,2060.64,2023-12-26 04:05:00,2023-12-26 04:10:00,2061.54,2060.64,2063.34,0.900000000000091,False,extreme,2023-12-26 05:50:00,2063.34,target,21,2.0,4,0.04444444444443996,1.9555555555555602,2.0666666666665994,0.32222222222214925
XAUUSD,NY,2023-12-26,Tuesday,2,2065.09,2061.35,3.7400000000002365,long,2023-12-26 08:45:00,2054.52,2023-12-26 14:45:00,2023-12-26 14:50:00,2061.82,2054.52,2076.4200000000005,7.300000000000182,False,extreme,2023-12-26 23:55:00,2065.88,end_of_day,98,0.5561643835616225,4,0.005479452054794384,0.5506849315068281,0.984931506849298,0.045205479452106
XAUUSD,NY,2023-12-27,Wednesday,1,2068.31,2064.42,3.8899999999998727,short,2023-12-27 04:05:00,2068.47,2023-12-27 04:10:00,2023-12-27 04:15:00,2067.97,2068.47,2066.97,0.5,False,extreme,2023-12-27 04:20:00,2068.47,stop,2,-1.0,4,0.08,-1.08,0.3599999999996726,1.9200000000000728
XAUUSD,NY,2023-12-27,Wednesday,2,2068.31,2064.42,3.8899999999998727,short,2023-12-27 04:20:00,2069.28,2023-12-27 05:05:00,2023-12-27 05:10:00,2067.87,2069.28,2065.0499999999993,1.4100000000003092,False,extreme,2023-12-27 05:25:00,2065.0499999999993,target,4,2.0,4,0.028368794326234913,1.971631205673765,2.9503546099283278,0.1773049645389682
XAUUSD,NY,2023-12-27,Wednesday,3,2068.31,2064.42,3.8899999999998727,long,2023-12-27 05:25:00,2061.51,2023-12-27 05:40:00,2023-12-27 05:45:00,2064.43,2061.51,2070.269999999999,2.919999999999618,False,extreme,2023-12-27 07:30:00,2070.269999999999,target,22,2.0,4,0.013698630136988094,1.9863013698630119,2.0068493150687994,0.27397260273966845
XAUUSD,NY,2023-12-27,Wednesday,4,2068.31,2064.42,3.8899999999998727,short,2023-12-27 07:20:00,2070.29,2023-12-27 07:45:00,2023-12-27 07:50:00,2067.74,2070.29,2062.6399999999994,2.550000000000182,False,extreme,2023-12-27 09:30:00,2070.29,stop,21,-1.0,4,0.015686274509802804,-1.0156862745098028,1.3215686274508434,1.1725490196078523
XAUUSD,NY,2023-12-28,Thursday,1,2087.54,2076.6,10.940000000000055,long,2023-12-28 04:05:00,2072.89,2023-12-28 04:35:00,2023-12-28 04:40:00,2077.65,2072.89,2087.1700000000005,4.760000000000218,False,extreme,2023-12-28 07:05:00,2072.89,stop,30,-1.0,4,0.00840336134453743,-1.0084033613445373,0.3487394957982728,1.3046218487394436
XAUUSD,NY,2023-12-28,Thursday,2,2087.54,2076.6,10.940000000000055,long,2023-12-28 06:40:00,2071.44,2023-12-28 08:00:00,2023-12-28 08:05:00,2076.98,2071.44,2088.06,5.539999999999964,False,extreme,2023-12-28 14:10:00,2071.44,stop,74,-1.0,4,0.007220216606498243,-1.0072202166064983,0.7545126353790368,1.0812274368231545
XAUUSD,NY,2024-01-02,Tuesday,1,2076.7,2069.57,7.129999999999654,short,2024-01-02 04:35:00,2078.88,2024-01-02 05:00:00,2024-01-02 05:05:00,2076.55,2078.88,2071.8900000000003,2.3299999999999272,False,extreme,2024-01-02 06:30:00,2071.8900000000003,target,18,2.0,4,0.017167381974249465,1.9828326180257505,2.5364806866954908,0.20600858369100136
XAUUSD,NY,2024-01-02,Tuesday,2,2076.7,2069.57,7.129999999999654,long,2024-01-02 06:40:00,2068.35,2024-01-02 06:45:00,2024-01-02 06:50:00,2069.8,2068.35,2072.7000000000007,1.4500000000002728,False,extreme,2024-01-02 07:00:00,2068.35,stop,3,-1.0,4,0.027586206896546533,-1.0275862068965465,0.3793103448273267,2.331034482758257
XAUUSD,NY,2024-01-02,Tuesday,3,2076.7,2069.57,7.129999999999654,long,2024-01-02 06:50:00,2064.9,2024-01-02 08:40:00,2024-01-02 08:45:00,2069.81,2064.9,2079.6299999999997,4.9099999999998545,False,extreme,2024-01-02 09:10:00,2064.9,stop,6,-1.0,4,0.008146639511201871,-1.008146639511202,0.0,1.0040733197555973
XAUUSD,NY,2024-01-02,Tuesday,4,2076.7,2069.57,7.129999999999654,long,2024-01-02 08:45:00,2062.21,2024-01-02 09:55:00,2024-01-02 10:00:00,2070.39,2062.21,2086.7499999999995,8.179999999999836,False,extreme,2024-01-02 10:35:00,2062.21,stop,8,-1.0,4,0.004889975550122347,-1.0048899755501224,0.03545232273838257,1.754278728606381
XAUUSD,NY,2024-01-04,Thursday,1,2049.55,2042.41,7.1400000000001,short,2024-01-04 04:35:00,2050.98,2024-01-04 04:45:00,2024-01-04 04:50:00,2049.02,2050.98,2045.1,1.9600000000000364,False,extreme,2024-01-04 06:50:00,2045.1,target,25,2.0,4,0.020408163265305743,1.9795918367346943,2.030612244897931,0.948979591836782
XAUUSD,NY,2024-01-04,Thursday,2,2049.55,2042.41,7.1400000000001,long,2024-01-04 08:30:00,2036.31,2024-01-04 10:10:00,2024-01-04 10:15:00,2045.21,2036.31,2063.01,8.900000000000091,False,extreme,2024-01-04 23:55:00,2044.61,end_of_day,153,-0.06741573033709329,4,0.0044943820224718645,-0.07191011235956515,0.34382022471909146,0.4853932584269542
XAUUSD,NY,2024-01-05,Friday,1,2047.02,2040.91,6.1099999999999,long,2024-01-05 04:50:00,2037.22,2024-01-05 08:10:00,2024-01-05 08:15:00,2040.94,2037.22,2048.38,3.7200000000000273,False,extreme,2024-01-05 08:30:00,2035.78,stop_gap,4,-1.3870967741935603,5,0.013440860215053665,-1.400537634408614,0.22580645161287957,0.4354838709677705
XAUUSD,NY,2024-01-05,Friday,2,2047.02,2040.91,6.1099999999999,long,2024-01-05 09:10:00,2038.76,2024-01-05 09:15:00,2024-01-05 09:20:00,2042.86,2038.76,2051.0599999999995,4.099999999999909,False,extreme,2024-01-05 10:00:00,2051.17,target_gap,9,2.02682926829277,10,0.024390243902439566,2.0024390243903305,1.5560975609756154,0.2731707317072965
XAUUSD,NY,2024-01-05,Friday,3,2047.02,2040.91,6.1099999999999,short,2024-01-05 10:00:00,2063.98,2024-01-05 11:55:00,2024-01-05 12:00:00,2045.1,2056.3,2022.6999999999994,11.200000000000273,True,swing,2024-01-05 16:55:00,2045.3,friday_close,60,-0.01785714285714648,7,0.0062499999999998486,-0.02410714285714633,0.4107142857142676,0.46517857142856334
XAUUSD,NY,2024-01-08,Monday,1,2036.14,2027.08,9.060000000000173,long,2024-01-08 06:05:00,2016.84,2024-01-08 10:05:00,2024-01-08 10:10:00,2028.34,2016.84,2051.34,11.5,False,extreme,2024-01-08 23:55:00,2032.9,end_of_day,154,0.3965217391304498,4,0.0034782608695652175,0.3930434782608846,0.745217391304362,0.19130434782607114
XAUUSD,NY,2024-01-09,Tuesday,1,2038.21,2030.37,7.8400000000001455,short,2024-01-09 05:30:00,2038.55,2024-01-09 05:35:00,2024-01-09 05:40:00,2037.99,2038.55,2036.8700000000001,0.5599999999999454,False,extreme,2024-01-09 05:45:00,2036.8700000000001,target,2,2.0,4,0.07142857142857839,1.9285714285714217,2.1607142857145614,0.3392857142858448
XAUUSD,NY,2024-01-09,Tuesday,2,2038.21,2030.37,7.8400000000001455,short,2024-01-09 08:35:00,2041.94,2024-01-09 08:40:00,2024-01-09 08:45:00,2036.97,2041.94,2027.03,4.970000000000027,False,extreme,2024-01-09 11:00:00,2027.03,target,28,2.0,6,0.012072434607645809,1.9879275653923543,2.106639839034199,0.6317907444667717
XAUUSD,NY,2024-01-09,Tuesday,3,2038.21,2030.37,7.8400000000001455,long,2024-01-09 10:55:00,2026.14,2024-01-09 11:35:00,2024-01-09 11:40:00,2031.06,2026.14,2040.8999999999996,4.919999999999845,False,extreme,2024-01-09 23:55:00,2029.82,end_of_day,136,-0.252032520325213,4,0.008130081300813264,-0.2601626016260263,0.35772357723578174,0.8617886178862078
XAUUSD,NY,2024-01-10,Wednesday,1,2035.96,2023.9,12.059999999999945,short,2024-01-10 05:00:00,2040.09,2024-01-10 05:40:00,2024-01-10 05:45:00,2035.95,2040.09,2027.6700000000003,4.139999999999873,False,extreme,2024-01-10 09:45:00,2027.6700000000003,target,49,2.0,4,0.009661835748792568,1.9903381642512075,2.3067632850242146,0.07729468599032516
XAUUSD,NY,2024-01-10,Wednesday,2,2035.96,2023.9,12.059999999999945,long,2024-01-10 12:50:00,2022.32,2024-01-10 12:55:00,2024-01-10 13:00:00,2024.07,2022.32,2027.57,1.75,False,extreme,2024-01-10 13:20:00,2022.32,stop,5,-1.0,4,0.022857142857142857,-1.022857142857143,0.23428571428576106,1.3257142857142494
XAUUSD,NY,2024-01-10,Wednesday,3,2035.96,2023.9,12.059999999999945,long,2024-01-10 13:00:00,2020.47,2024-01-10 14:40:00,2024-01-10 14:45:00,2024.0,2020.47,2031.06,3.5299999999999727,False,extreme,2024-01-10 21:15:00,2031.06,target,67,2.0,4,0.011331444759206886,1.9886685552407932,2.254957507082181,0.6005665722379341
XAUUSD,NY,2024-01-11,Thursday,1,2035.71,2030.42,5.289999999999964,short,2024-01-11 08:20:00,2042.43,2024-01-11 08:30:00,2024-01-11 08:35:00,2032.49,2042.43,2012.61,9.940000000000055,False,extreme,2024-01-11 23:55:00,2034.75,end_of_day,173,-0.2273641851106618,13,0.013078470824949626,-0.24044265593561143,1.9245472837022137,0.3460764587525187
XAUUSD,NY,2024-01-12,Friday,1,2039.86,2033.78,6.079999999999927,short,2024-01-12 04:25:00,2040.08,2024-01-12 04:30:00,2024-01-12 04:35:00,2039.52,2040.08,2038.4,0.5599999999999454,False,extreme,2024-01-12 04:45:00,2038.4,target,3,2.0,4,0.07142857142857839,1.9285714285714217,2.250000000000203,0.9285714285714866
XAUUSD,NY,2024-01-15,Monday,1,2058.63,2052.9,5.730000000000018,long,2024-01-15 05:25:00,2052.06,2024-01-15 05:30:00,2024-01-15 05:35:00,2053.14,2052.06,2055.2999999999997,1.0799999999999272,False,extreme,2024-01-15 06:15:00,2052.06,stop,9,-1.0,4,0.03703703703703953,-1.0370370370370394,0.5740740740744328,1.4722222222220351
XAUUSD,NY,2024-01-15,Monday,2,2058.63,2052.9,5.730000000000018,long,2024-01-15 06:05:00,2051.55,2024-01-15 06:35:00,2024-01-15 06:40:00,2053.04,2051.55,2056.0199999999995,1.4899999999997817,False,extreme,2024-01-15 07:30:00,2051.55,stop,11,-1.0,4,0.02684563758389655,-1.0268456375838966,0.5369127516780531,1.1275167785235451
XAUUSD,NY,2024-01-15,Monday,3,2058.63,2052.9,5.730000000000018,long,2024-01-15 07:20:00,2051.36,2024-01-15 07:50:00,2024-01-15 07:55:00,2053.07,2051.36,2056.4900000000002,1.7100000000000364,False,extreme,2024-01-15 10:00:00,2051.36,stop,26,-1.0,5,0.029239766081870726,-1.0292397660818706,0.7953216374266922,1.6491228070176045
XAUUSD,NY,2024-01-15,Monday,4,2058.63,2052.9,5.730000000000018,long,2024-01-15 09:25:00,2049.28,2024-01-15 10:50:00,2024-01-15 10:55:00,2053.65,2049.28,2062.39,4.369999999999891,False,extreme,2024-01-15 22:35:00,2049.28,stop,99,-1.0,5,0.01144164759725429,-1.0114416475972543,0.61784897025169,1.0892448512586583
XAUUSD,NY,2024-01-16,Tuesday,1,2050.92,2042.18,8.740000000000009,long,2024-01-16 04:05:00,2031.41,2024-01-16 08:40:00,2024-01-16 08:45:00,2043.28,2031.41,2067.0199999999995,11.86999999999989,False,extreme,2024-01-16 12:05:00,2031.41,stop,41,-1.0,0,0.0,-1.0,0.0033698399326001676,1.5080033698399349
XAUUSD,NY,2024-01-17,Wednesday,1,2026.6,2017.66,8.939999999999827,short,2024-01-17 05:30:00,2028.34,2024-01-17 05:35:00,2024-01-17 05:40:00,2025.86,2028.34,2020.8999999999999,2.480000000000018,False,extreme,2024-01-17 07:55:00,2028.34,stop,28,-1.0,5,0.0201612903225805,-1.0201612903225805,0.8508064516128566,1.2822580645161452
XAUUSD,NY,2024-01-17,Wednesday,2,2026.6,2017.66,8.939999999999827,short,2024-01-17 07:15:00,2029.04,2024-01-17 08:00:00,2024-01-17 08:05:00,2026.6,2029.04,2021.7199999999998,2.4400000000000546,False,extreme,2024-01-17 08:30:00,2021.7199999999998,target,6,2.0,4,0.016393442622950453,1.9836065573770496,3.065573770491742,0.45901639344266115
XAUUSD,NY,2024-01-18,Thursday,1,2014.13,2005.85,8.2800000000002,short,2024-01-18 07:05:00,2017.27,2024-01-18 08:00:00,2024-01-18 08:05:00,2013.82,2017.27,2006.9199999999998,3.4500000000000455,False,extreme,2024-01-18 11:25:00,2017.27,stop,41,-1.0,5,0.014492753623188215,-1.0144927536231882,1.7420289855072209,1.1333333333333422
XAUUSD,NY,2024-01-18,Thursday,2,2014.13,2005.85,8.2800000000002,short,2024-01-18 11:20:00,2017.73,2024-01-18 11:45:00,2024-01-18 11:50:00,2014.05,2017.73,2006.6899999999998,3.6800000000000637,False,extreme,2024-01-18 13:20:00,2017.73,stop,19,-1.0,5,0.013586956521738896,-1.0135869565217388,0.21739130434780995,1.2201086956521552
XAUUSD,NY,2024-01-19,Friday,1,2030.13,2020.44,9.690000000000055,short,2024-01-19 04:05:00,2030.86,2024-01-19 04:10:00,2024-01-19 04:15:00,2029.86,2030.86,2027.86,1.0,False,extreme,2024-01-19 04:40:00,2027.86,target,6,2.0,5,0.05,1.95,2.240000000000009,0.36000000000012733
XAUUSD,NY,2024-01-19,Friday,2,2030.13,2020.44,9.690000000000055,short,2024-01-19 05:00:00,2030.87,2024-01-19 05:25:00,2024-01-19 05:30:00,2029.62,2030.87,2027.12,1.25,False,extreme,2024-01-19 05:50:00,2030.87,stop,5,-1.0,5,0.04,-1.04,0.5359999999998764,1.0480000000001382
XAUUSD,NY,2024-01-19,Friday,3,2030.13,2020.44,9.690000000000055,short,2024-01-19 05:45:00,2031.7,2024-01-19 06:15:00,2024-01-19 06:20:00,2029.88,2031.7,2026.2400000000002,1.8199999999999363,False,extreme,2024-01-19 06:40:00,2031.7,stop,5,-1.0,5,0.027472527472528437,-1.0274725274725285,0.6153846153847019,1.1483516483516436
XAUUSD,NY,2024-01-19,Friday,4,2030.13,2020.44,9.690000000000055,short,2024-01-19 06:25:00,2039.2,2024-01-19 09:35:00,2024-01-19 09:40:00,2028.63,2039.2,2007.4900000000002,10.569999999999936,False,extreme,2024-01-19 16:55:00,2029.33,friday_close,88,-0.06622516556289709,3,0.002838221381267756,-0.06906338694416485,0.5070955534531845,0.28949858088930597
XAUUSD,NY,2024-01-22,Monday,1,2026.24,2019.14,7.099999999999909,short,2024-01-22 07:10:00,2030.14,2024-01-22 08:10:00,2024-01-22 08:15:00,2026.06,2030.14,2017.8999999999996,4.080000000000155,False,extreme,2024-01-22 09:40:00,2017.8999999999996,target,18,2.0,5,0.01225490196078385,1.9877450980392162,2.24754901960772,0.2156862745098225
XAUUSD,NY,2024-01-22,Monday,2,2026.24,2019.14,7.099999999999909,long,2024-01-22 09:40:00,2016.89,2024-01-22 09:45:00,2024-01-22 09:50:00,2021.99,2016.89,2032.1899999999998,5.099999999999909,False,extreme,2024-01-22 23:55:00,2027.66,end_of_day,158,1.111764705882387,5,0.009803921568627626,1.1019607843137593,1.1666666666666965,0.5568627450980331
XAUUSD,NY,2024-01-23,Tuesday,1,2037.81,2027.27,10.539999999999964,long,2024-01-23 05:20:00,2022.4,2024-01-23 08:25:00,2024-01-23 08:30:00,2028.3,2022.4,2040.0999999999997,5.899999999999864,False,extreme,2024-01-23 09:30:00,2022.4,stop,13,-1.0,5,0.008474576271186637,-1.0084745762711866,0.020338983050867968,1.0847457627118664
XAUUSD,NY,2024-01-23,Tuesday,2,2037.81,2027.27,10.539999999999964,long,2024-01-23 08:30:00,2021.42,2024-01-23 14:15:00,2024-01-23 14:20:00,2028.36,2021.42,2042.2399999999996,6.939999999999827,False,extreme,2024-01-23 23:55:00,2024.52,end_of_day,104,-0.5533141210374659,5,0.007204610951008826,-0.5605187319884747,0.33429394812683305,0.6613832853025984
XAUUSD,NY,2024-01-24,Wednesday,1,2032.26,2022.88,9.379999999999882,short,2024-01-24 04:05:00,2033.37,2024-01-24 04:15:00,2024-01-24 04:20:00,2031.73,2033.37,2028.4500000000003,1.6399999999998727,False,extreme,2024-01-24 04:35:00,2033.37,stop,4,-1.0,5,0.03048780487805115,-1.0304878048780513,0.04268292682923279,1.030487804878162
XAUUSD,NY,2024-01-24,Wednesday,2,2032.26,2022.88,9.379999999999882,short,2024-01-24 04:20:00,2034.12,2024-01-24 04:45:00,2024-01-24 04:50:00,2031.82,2034.12,2027.22,2.2999999999999545,False,extreme,2024-01-24 06:50:00,2034.12,stop,25,-1.0,5,0.02173913043478304,-1.0217391304347831,1.0782608695652467,1.060869565217436
XAUUSD,NY,2024-01-24,Wednesday,3,2032.26,2022.88,9.379999999999882,short,2024-01-24 06:40:00,2036.66,2024-01-24 09:30:00,2024-01-24 09:35:00,2031.89,2036.66,2022.3500000000001,4.769999999999982,False,extreme,2024-01-24 10:00:00,2022.3500000000001,target,6,2.0,5,0.010482180293501089,1.9895178197064989,2.649895178197096,0.07127882599579025
XAUUSD,NY,2024-01-24,Wednesday,4,2032.26,2022.88,9.379999999999882,long,2024-01-24 10:00:00,2019.25,2024-01-24 10:05:00,2024-01-24 10:10:00,2023.92,2019.25,2033.2600000000002,4.670000000000073,False,extreme,2024-01-24 10:30:00,2019.25,stop,5,-1.0,5,0.010706638115631526,-1.0107066381156316,0.12847965738755882,1.3297644539614433
XAUUSD,NY,2024-01-25,Thursday,1,2018.28,2012.68,5.599999999999909,short,2024-01-25 05:00:00,2019.14,2024-01-25 05:05:00,2024-01-25 05:10:00,2018.31,2019.14,2016.6499999999996,0.8300000000001546,False,extreme,2024-01-25 05:10:00,2019.14,stop,1,-1.0,5,0.060240963855410466,-1.0602409638554104,0.21686746987928043,1.265060240963565
XAUUSD,NY,2024-01-25,Thursday,2,2018.28,2012.68,5.599999999999909,short,2024-01-25 05:10:00,2019.36,2024-01-25 05:15:00,2024-01-25 05:20:00,2017.97,2019.36,2015.1900000000003,1.3899999999998727,False,extreme,2024-01-25 05:50:00,2019.36,stop,7,-1.0,5,0.03597122302158603,-1.035971223021586,0.589928057553965,1.0215827338130956
XAUUSD,NY,2024-01-25,Thursday,3,2018.28,2012.68,5.599999999999909,short,2024-01-25 05:45:00,2019.57,2024-01-25 06:00:00,2024-01-25 06:05:00,2018.06,2019.57,2015.04,1.509999999999991,False,extreme,2024-01-25 07:20:00,2015.04,target,16,2.0,5,0.03311258278145716,1.9668874172185429,2.059602649006569,0.662251655629143
XAUUSD,NY,2024-01-25,Thursday,4,2018.28,2012.68,5.599999999999909,short,2024-01-25 08:35:00,2022.98,2024-01-25 08:45:00,2024-01-25 08:50:00,2016.89,2022.98,2004.7100000000003,6.089999999999918,False,extreme,2024-01-25 09:10:00,2022.98,stop,5,-1.0,6,0.009852216748768605,-1.0098522167487687,0.04105090311986919,1.2758620689655313
XAUUSD,NY,2024-01-25,Thursday,5,2018.28,2012.68,5.599999999999909,short,2024-01-25 08:50:00,2025.3,2024-01-25 11:20:00,2024-01-25 11:25:00,2017.27,2025.3,2001.21,8.029999999999973,False,extreme,2024-01-25 23:55:00,2021.24,end_of_day,139,-0.49439601494396523,5,0.006226650062266522,-0.5006226650062318,0.5853051058530587,0.8679950186799565
XAUUSD,NY,2024-01-26,Friday,1,2023.54,2019.83,3.7100000000000364,long,2024-01-26 04:05:00,2018.26,2024-01-26 04:25:00,2024-01-26 04:30:00,2019.87,2018.26,2023.0899999999997,1.6099999999999,False,extreme,2024-01-26 05:45:00,2023.0899999999997,target,16,2.0,5,0.031055900621119945,1.96894409937888,2.2546583850933755,0.09937888198749344
XAUUSD,NY,2024-01-26,Friday,2,2023.54,2019.83,3.7100000000000364,short,2024-01-26 05:50:00,2023.88,2024-01-26 05:55:00,2024-01-26 06:00:00,2023.58,2023.88,2022.9799999999996,0.3000000000001819,False,extreme,2024-01-26 06:00:00,2023.88,stop,1,-1.0,5,0.16666666666656563,-1.1666666666665657,0.19999999999969684,2.6333333333316156
XAUUSD,NY,2024-01-26,Friday,3,2023.54,2019.83,3.7100000000000364,short,2024-01-26 06:00:00,2024.37,2024-01-26 06:05:00,2024-01-26 06:10:00,2022.96,2024.37,2020.1400000000003,1.4099999999998545,False,extreme,2024-01-26 06:30:00,2024.37,stop,5,-1.0,5,0.03546099290780508,-1.0354609929078051,0.3049645390071688,1.2482269503547323
XAUUSD,NY,2024-01-26,Friday,4,2023.54,2019.83,3.7100000000000364,short,2024-01-26 06:20:00,2024.72,2024-01-26 06:35:00,2024-01-26 06:40:00,2023.3,2024.72,2020.4599999999998,1.4200000000000728,False,extreme,2024-01-26 07:35:00,2020.4599999999998,target,12,2.0,5,0.035211267605632,1.964788732394368,2.2112676056336,0.7957746478873601
XAUUSD,NY,2024-01-26,Friday,5,2023.54,2019.83,3.7100000000000364,short,2024-01-26 08:15:00,2024.22,2024-01-26 08:20:00,2024-01-26 08:25:00,2023.15,2024.22,2021.0100000000002,1.0699999999999363,False,extreme,2024-01-26 08:30:00,2024.22,both_touched,2,-1.0,5,0.0467289719626196,-1.0467289719626196,2.6074766355143524,3.2710280373833722
XAUUSD,NY,2024-01-26,Friday,6,2023.54,2019.83,3.7100000000000364,short,2024-01-26 08:45:00,2026.23,2024-01-26 09:10:00,2024-01-26 09:15:00,2023.08,2026.23,2016.7799999999997,3.150000000000091,False,extreme,2024-01-26 10:05:00,2016.7799999999997,target,11,2.0,5,0.015873015873015414,1.9841269841269846,2.1873015873014836,0.15873015873015414
XAUUSD,NY,2024-01-29,Monday,1,2033.84,2024.74,9.099999999999909,short,2024-01-29 08:40:00,2037.58,2024-01-29 09:20:00,2024-01-29 09:25:00,2033.59,2037.58,2025.61,3.990000000000009,False,extreme,2024-01-29 09:40:00,2025.61,target,4,2.0,5,0.012531328320801977,1.987468671679198,2.408521303258115,0.002506265664158116
XAUUSD,NY,2024-01-29,Monday,2,2033.84,2024.74,9.099999999999909,long,2024-01-29 09:40:00,2021.65,2024-01-29 09:55:00,2024-01-29 10:00:00,2024.71,2021.65,2030.83,3.0599999999999454,False,extreme,2024-01-29 10:25:00,2021.65,stop,6,-1.0,5,0.016339869281046044,-1.0163398692810461,0.1895424836601103,1.3431372549020264
XAUUSD,NY,2024-01-29,Monday,3,2033.84,2024.74,9.099999999999909,long,2024-01-29 10:10:00,2020.6,2024-01-29 10:45:00,2024-01-29 10:50:00,2025.31,2020.6,2034.73,4.710000000000036,False,extreme,2024-01-29 15:20:00,2034.73,target,55,2.0,5,0.010615711252653846,1.989384288747346,2.101910828025481,0.2590233545647596
XAUUSD,NY,2024-01-30,Tuesday,1,2040.36,2031.6,8.759999999999991,short,2024-01-30 09:05:00,2048.62,2024-01-30 10:05:00,2024-01-30 10:10:00,2038.25,2048.62,2017.5100000000002,10.36999999999989,False,extreme,2024-01-30 23:55:00,2034.62,end_of_day,154,0.3500482160077288,7,0.006750241080038645,0.34329797492769015,0.883317261330779,0.11668273866924292
XAUUSD,NY,2024-01-31,Wednesday,1,2040.44,2033.36,7.080000000000155,short,2024-01-31 08:40:00,2056.02,2024-01-31 15:00:00,2024-01-31 15:05:00,2034.4,2048.42,2006.3600000000001,14.019999999999982,True,swing,2024-01-31 21:15:00,2048.42,stop,63,-1.0,9,0.0064194008559201226,-1.0064194008559202,0.25035663338088415,1.0848787446505033
XAUUSD,NY,2024-02-01,Thursday,1,2046.31,2039.03,7.279999999999973,long,2024-02-01 05:10:00,2030.08,2024-02-01 08:35:00,2024-02-01 08:40:00,2040.19,2030.08,2060.4100000000003,10.110000000000127,False,extreme,2024-02-01 11:25:00,2060.4100000000003,target,34,2.0,3,0.0029673590504450662,1.997032640949555,2.091988130563781,0.0346191889218726
XAUUSD,NY,2024-02-02,Friday,1,2056.95,2053.7,3.25,long,2024-02-02 04:00:00,2053.19,2024-02-02 04:05:00,2024-02-02 04:10:00,2054.2,2053.19,2056.2199999999993,1.0099999999997635,False,extreme,2024-02-02 04:55:00,2053.19,stop,10,-1.0,5,0.049504950495061095,-1.049504950495061,0.7920792079211576,1.495049504950611
XAUUSD,NY,2024-02-02,Friday,2,2056.95,2053.7,3.25,long,2024-02-02 04:55:00,2052.69,2024-02-02 05:00:00,2024-02-02 05:05:00,2053.91,2052.69,2056.3499999999995,1.2199999999998,False,extreme,2024-02-02 08:10:00,2056.3499999999995,target,38,2.0,5,0.04098360655738377,1.9590163934426161,2.311475409836579,0.6885245901637939
XAUUSD,NY,2024-02-05,Monday,1,2032.09,2021.52,10.569999999999936,long,2024-02-05 04:30:00,2020.66,2024-02-05 04:40:00,2024-02-05 04:45:00,2022.18,2020.66,2025.22,1.5199999999999818,False,extreme,2024-02-05 05:45:00,2025.22,target,13,2.0,5,0.03289473684210566,1.9671052631578942,2.052631578947321,0.5
XAUUSD,NY,2024-02-05,Monday,2,2032.09,2021.52,10.569999999999936,long,2024-02-05 08:15:00,2014.92,2024-02-05 09:45:00,2024-02-05 09:50:00,2022.29,2014.92,2037.0299999999997,7.369999999999891,False,extreme,2024-02-05 23:55:00,2026.38,end_of_day,158,0.5549525101764188,5,0.0067842605156039,0.5481682496608149,0.8588873812754438,0.9118046132971678
XAUUSD,NY,2024-02-06,Tuesday,1,2029.83,2023.46,6.369999999999891,long,2024-02-06 06:00:00,2022.94,2024-02-06 06:05:00,2024-02-06 06:10:00,2024.6,2022.94,2027.9199999999996,1.6599999999998545,False,extreme,2024-02-06 07:55:00,2027.9199999999996,target,22,2.0,5,0.030120481927713487,1.9698795180722866,2.000000000000274,0.1746987951807163
XAUUSD,NY,2024-02-06,Tuesday,2,2029.83,2023.46,6.369999999999891,short,2024-02-06 09:00:00,2030.42,2024-02-06 09:05:00,2024-02-06 09:10:00,2029.66,2030.42,2028.14,0.7599999999999909,False,extreme,2024-02-06 09:25:00,2030.42,stop,4,-1.0,5,0.06578947368421131,-1.0657894736842113,1.5526315789474707,1.9736842105263395
XAUUSD,NY,2024-02-07,Wednesday,1,2036.19,2031.24,4.9500000000000455,long,2024-02-07 07:30:00,2030.63,2024-02-07 07:35:00,2024-02-07 07:40:00,2032.14,2030.63,2035.16,1.509999999999991,False,extreme,2024-02-07 08:20:00,2035.16,target,9,2.0,5,0.03311258278145716,1.9668874172185429,2.0,0.0
XAUUSD,NY,2024-02-07,Wednesday,2,2036.19,2031.24,4.9500000000000455,short,2024-02-07 09:00:00,2038.02,2024-02-07 09:20:00,2024-02-07 09:25:00,2035.05,2038.02,2029.11,2.9700000000000273,False,extreme,2024-02-07 09:40:00,2038.02,stop,4,-1.0,5,0.016835016835016682,-1.0168350168350166,0.7845117845117529,2.2929292929292533
XAUUSD,NY,2024-02-07,Wednesday,3,2036.19,2031.24,4.9500000000000455,short,2024-02-07 09:35:00,2044.6,2024-02-07 10:15:00,2024-02-07 10:20:00,2035.78,2044.6,2018.14,8.819999999999936,False,extreme,2024-02-07 23:55:00,2032.26,end_of_day,152,0.39909297052154274,5,0.005668934240362853,0.3934240362811799,0.461451247165529,0.6054421768707434
XAUUSD,NY,2024-02-08,Thursday,1,2035.1,2028.93,6.169999999999845,short,2024-02-08 04:55:00,2038.48,2024-02-08 06:05:00,2024-02-08 06:10:00,2034.19,2038.48,2025.6100000000001,4.289999999999964,False,extreme,2024-02-08 07:35:00,2025.6100000000001,target,18,2.0,5,0.011655011655011755,1.9883449883449882,2.375291375291408,0.0
XAUUSD,NY,2024-02-08,Thursday,2,2035.1,2028.93,6.169999999999845,long,2024-02-08 07:00:00,2020.2,2024-02-08 09:30:00,2024-02-08 09:35:00,2031.04,2020.2,2052.72,10.839999999999918,False,extreme,2024-02-08 23:55:00,2032.78,end_of_day,161,0.1605166051660537,5,0.004612546125461289,0.1559040590405924,0.39852398523984955,0.3154981549815589
XAUUSD,NY,2024-02-09,Friday,1,2034.99,2030.52,4.470000000000027,long,2024-02-09 07:30:00,2025.66,2024-02-09 08:30:00,2024-02-09 08:35:00,2032.34,2025.66,2045.6999999999996,6.679999999999836,False,extreme,2024-02-09 09:00:00,2025.66,stop,6,-1.0,8,0.01197604790419191,-1.011976047904192,0.07634730538922206,1.0479041916167922
XAUUSD,NY,2024-02-12,Monday,1,2027.26,2022.98,4.279999999999973,long,2024-02-12 04:05:00,2022.64,2024-02-12 04:10:00,2024-02-12 04:15:00,2023.51,2022.64,2025.2499999999998,0.8699999999998909,False,extreme,2024-02-12 04:15:00,2022.64,stop,1,-1.0,5,0.05747126436782331,-1.0574712643678232,0.011494252873554206,1.5057471264369078
XAUUSD,NY,2024-02-12,Monday,2,2027.26,2022.98,4.279999999999973,long,2024-02-12 04:25:00,2020.05,2024-02-12 08:05:00,2024-02-12 08:10:00,2024.28,2020.05,2032.74,4.230000000000018,False,extreme,2024-02-12 08:45:00,2020.05,stop,8,-1.0,5,0.011820330969267089,-1.011820330969267,0.7730496453900633,1.0780141843971456
XAUUSD,NY,2024-02-13,Tuesday,1,2026.31,2019.04,7.269999999999982,short,2024-02-13 04:45:00,2027.13,2024-02-13 05:20:00,2024-02-13 05:25:00,2026.25,2027.13,2024.4899999999998,0.8800000000001091,False,extreme,2024-02-13 05:35:00,2027.13,stop,3,-1.0,5,0.05681818181817477,-1.0568181818181748,0.17045454545462765,1.1590909090907446
XAUUSD,NY,2024-02-14,Wednesday,1,1993.38,1986.12,7.260000000000218,long,2024-02-14 10:05:00,1984.26,2024-02-14 10:15:00,2024-02-14 10:20:00,1987.28,1984.26,1993.32,3.019999999999982,False,extreme,2024-02-14 11:35:00,1993.32,target,16,2.0,5,0.01655629139072858,1.9834437086092713,2.092715231788071,0.5629139072847866
XAUUSD,NY,2024-02-14,Wednesday,2,1993.38,1986.12,7.260000000000218,short,2024-02-14 11:50:00,1993.66,2024-02-14 11:55:00,2024-02-14 12:00:00,1993.18,1993.66,1992.22,0.4800000000000182,False,extreme,2024-02-14 12:00:00,1992.22,target,1,2.0,5,0.10416666666666273,1.8958333333333373,4.458333333333373,0.0
XAUUSD,NY,2024-02-14,Wednesday,3,1993.38,1986.12,7.260000000000218,short,2024-02-14 12:40:00,1996.13,2024-02-14 13:10:00,2024-02-14 13:15:00,1993.11,1996.13,1987.0699999999995,3.020000000000209,False,extreme,2024-02-14 23:55:00,1992.08,end_of_day,117,0.34105960264897395,5,0.01655629139072733,0.3245033112582466,1.145695364238268,0.42715231788082836
XAUUSD,NY,2024-02-15,Thursday,1,1996.08,1991.59,4.490000000000009,short,2024-02-15 04:45:00,1996.39,2024-02-15 04:50:00,2024-02-15 04:55:00,1995.99,1996.39,1995.1899999999998,0.40000000000009095,False,extreme,2024-02-15 04:55:00,1996.39,stop,1,-1.0,5,0.12499999999997159,-1.1249999999999716,0.19999999999977264,2.0499999999993745
XAUUSD,NY,2024-02-15,Thursday,2,1996.08,1991.59,4.490000000000009,short,2024-02-15 04:55:00,1997.98,2024-02-15 05:55:00,2024-02-15 06:00:00,1996.02,1997.98,1992.1,1.9600000000000364,False,extreme,2024-02-15 06:45:00,1997.98,stop,10,-1.0,5,0.025510204081632182,-1.0255102040816322,0.11224489795919551,1.0714285714285052
XAUUSD,NY,2024-02-15,Thursday,3,1996.08,1991.59,4.490000000000009,short,2024-02-15 06:00:00,2004.24,2024-02-15 08:30:00,2024-02-15 08:35:00,1996.04,2004.24,1979.6399999999999,8.200000000000045,False,extreme,2024-02-15 09:15:00,2004.24,stop,9,-1.0,7,0.008536585365853612,-1.0085365853658537,0.03048780487804861,1.0804878048780584
XAUUSD,NY,2024-02-16,Friday,1,2006.49,2002.72,3.769999999999982,short,2024-02-16 05:40:00,2008.18,2024-02-16 08:00:00,2024-02-16 08:05:00,2006.22,2008.18,2002.3,1.9600000000000364,False,extreme,2024-02-16 08:30:00,2002.3,target,6,2.0,5,0.025510204081632182,1.9744897959183678,3.969387755101953,0.36734693877551733
XAUUSD,NY,2024-02-19,Monday,1,2022.98,2018.58,4.400000000000091,long,2024-02-19 06:10:00,2018.38,2024-02-19 06:15:00,2024-02-19 06:20:00,2018.83,2018.38,2019.7299999999996,0.4499999999998181,False,extreme,2024-02-19 06:35:00,2018.38,stop,4,-1.0,5,0.11111111111115603,-1.111111111111156,1.7333333333339733,1.0444444444449272
XAUUSD,NY,2024-02-19,Monday,2,2022.98,2018.58,4.400000000000091,long,2024-02-19 06:35:00,2018.32,2024-02-19 06:40:00,2024-02-19 06:45:00,2019.03,2018.32,2020.45,0.7100000000000364,False,extreme,2024-02-19 07:00:00,2018.32,stop,4,-1.0,5,0.070422535211264,-1.070422535211264,0.21126760563392008,1.39436619718304
XAUUSD,NY,2024-02-19,Monday,3,2022.98,2018.58,4.400000000000091,long,2024-02-19 06:55:00,2018.04,2024-02-19 07:05:00,2024-02-19 07:10:00,2019.03,2018.04,2021.01,0.9900000000000091,False,extreme,2024-02-19 07:30:00,2018.04,stop,5,-1.0,5,0.050505050505050046,-1.05050505050505,0.020202020202001642,1.5656565656565054
XAUUSD,NY,2024-02-19,Monday,4,2022.98,2018.58,4.400000000000091,long,2024-02-19 07:25:00,2016.03,2024-02-19 08:05:00,2024-02-19 08:10:00,2018.67,2016.03,2023.9500000000003,2.6400000000001,False,extreme,2024-02-19 09:45:00,2016.03,stop,20,-1.0,5,0.018939393939393222,-1.0189393939393931,0.2348484848484346,1.0227272727272512
XAUUSD,NY,2024-02-19,Monday,5,2022.98,2018.58,4.400000000000091,long,2024-02-19 08:15:00,2013.26,2024-02-19 20:30:00,2024-02-19 20:35:00,2018.83,2013.26,2029.9699999999998,5.569999999999936,False,extreme,2024-02-19 23:55:00,2019.54,end_of_day,41,0.1274685816876202,5,0.008976660682226315,0.1184919210053939,0.1687612208258645,0.38240574506281977
XAUUSD,NY,2024-02-21,Wednesday,1,2032.27,2026.24,6.029999999999973,long,2024-02-21 10:55:00,2020.07,2024-02-21 15:00:00,2024-02-21 15:05:00,2026.36,2020.07,2038.9399999999998,6.289999999999964,False,extreme,2024-02-21 23:55:00,2028.84,end_of_day,95,0.3942766295707524,5,0.007949125596184466,0.3863275039745679,0.41176470588237846,0.3799682034975972
XAUUSD,NY,2024-02-22,Thursday,1,2034.81,2028.23,6.579999999999927,long,2024-02-22 06:10:00,2027.3,2024-02-22 06:15:00,2024-02-22 06:20:00,2028.37,2027.3,2030.5099999999998,1.0699999999999363,False,extreme,2024-02-22 08:15:00,2027.3,stop,24,-1.0,5,0.0467289719626196,-1.0467289719626196,1.4392523364488623,1.467289719626196
XAUUSD,NY,2024-02-23,Friday,1,2026.23,2018.18,8.049999999999955,long,2024-02-23 04:15:00,2016.08,2024-02-23 05:10:00,2024-02-23 05:15:00,2018.57,2016.08,2023.55,2.490000000000009,False,extreme,2024-02-23 06:20:00,2023.55,target,14,2.0,5,0.02008032128514049,1.9799196787148594,2.0642570281124826,0.004016064257024445
XAUUSD,NY,2024-02-23,Friday,2,2026.23,2018.18,8.049999999999955,short,2024-02-23 07:30:00,2029.25,2024-02-23 08:25:00,2024-02-23 08:30:00,2026.2,2029.25,2020.1000000000001,3.0499999999999545,False,extreme,2024-02-23 10:55:00,2029.25,stop,30,-1.0,0,0.0,-1.0,0.662295081967217,1.619672131147583
XAUUSD,NY,2024-02-26,Monday,1,2037.04,2031.88,5.1599999999998545,long,2024-02-26 06:00:00,2030.93,2024-02-26 06:05:00,2024-02-26 06:10:00,2032.08,2030.93,2034.3799999999997,1.1499999999998636,False,extreme,2024-02-26 06:50:00,2030.93,stop,9,-1.0,5,0.04347826086957038,-1.0434782608695703,0.8000000000001581,1.008695652173906
XAUUSD,NY,2024-02-26,Monday,2,2037.04,2031.88,5.1599999999998545,long,2024-02-26 06:40:00,2030.78,2024-02-26 07:15:00,2024-02-26 07:20:00,2032.46,2030.78,2035.8200000000002,1.6800000000000637,False,extreme,2024-02-26 09:10:00,2030.78,stop,23,-1.0,5,0.029761904761903636,-1.0297619047619035,1.1964285714285208,2.7916666666665932
XAUUSD,NY,2024-02-26,Monday,3,2037.04,2031.88,5.1599999999998545,long,2024-02-26 09:05:00,2025.1,2024-02-26 15:10:00,2024-02-26 15:15:00,2031.93,2025.1,2045.5900000000004,6.830000000000155,False,extreme,2024-02-26 23:55:00,2033.78,end_of_day,93,0.2708638360175501,5,0.007320644216690903,0.26354319180085917,0.38945827232793473,0.17862371888726203
XAUUSD,NY,2024-02-27,Tuesday,1,2039.48,2032.87,6.610000000000127,long,2024-02-27 11:05:00,2031.81,2024-02-27 11:25:00,2024-02-27 11:30:00,2034.04,2031.81,2038.5,2.230000000000018,False,extreme,2024-02-27 12:05:00,2031.81,stop,8,-1.0,5,0.02242152466367695,-1.022421524663677,0.1345291479820413,1.0224215246636565
XAUUSD,NY,2024-02-27,Tuesday,2,2039.48,2032.87,6.610000000000127,long,2024-02-27 12:00:00,2029.82,2024-02-27 13:00:00,2024-02-27 13:05:00,2033.37,2029.82,2040.4699999999998,3.5499999999999545,False,extreme,2024-02-27 14:40:00,2029.82,stop,20,-1.0,5,0.014084507042253702,-1.0140845070422537,0.780281690140914,1.016901408450689
XAUUSD,NY,2024-02-27,Tuesday,3,2039.48,2032.87,6.610000000000127,long,2024-02-27 13:55:00,2028.81,2024-02-27 20:40:00,2024-02-27 20:45:00,2033.32,2028.81,2042.34,4.509999999999991,False,extreme,2024-02-27 23:55:00,2030.28,end_of_day,39,-0.674057649667399,5,0.01108647450110867,-0.6851441241685077,0.0975609756097684,0.7716186252771674
XAUUSD,NY,2024-02-28,Wednesday,1,2032.13,2026.73,5.400000000000091,long,2024-02-28 04:00:00,2024.49,2024-02-28 05:40:00,2024-02-28 05:45:00,2027.07,2024.49,2032.2299999999998,2.5799999999999272,False,extreme,2024-02-28 08:10:00,2032.2299999999998,target,30,2.0,5,0.019379844961240858,1.9806201550387592,2.124031007752005,0.10077519379844893
XAUUSD,NY,2024-02-28,Wednesday,2,2032.13,2026.73,5.400000000000091,short,2024-02-28 08:10:00,2037.9,2024-02-28 09:55:00,2024-02-28 10:00:00,2031.84,2037.9,2019.7199999999996,6.060000000000173,False,extreme,2024-02-28 23:55:00,2035.23,end_of_day,156,-0.55940594059406,5,0.008250825082508016,-0.567656765676568,0.22112211221120132,0.8679867986798417
XAUUSD,NY,2024-03-01,Friday,1,2048.88,2039.1,9.7800000000002,short,2024-03-01 05:10:00,2057.51,2024-03-01 09:45:00,2024-03-01 09:50:00,2047.71,2057.51,2028.1099999999997,9.800000000000182,False,extreme,2024-03-01 10:15:00,2057.51,stop,6,-1.0,5,0.0051020408163264365,-1.0051020408163265,0.20918367346937924,1.2326530612244595
XAUUSD,NY,2024-03-05,Tuesday,1,2123.39,2114.01,9.379999999999654,short,2024-03-05 04:20:00,2125.28,2024-03-05 04:45:00,2024-03-05 04:50:00,2123.15,2125.28,2118.89,2.130000000000109,False,extreme,2024-03-05 05:00:00,2125.28,stop,3,-1.0,5,0.023474178403754667,-1.0234741784037547,0.37558685446016005,1.0234741784036265
XAUUSD,NY,2024-03-05,Tuesday,2,2123.39,2114.01,9.379999999999654,short,2024-03-05 04:50:00,2127.35,2024-03-05 07:10:00,2024-03-05 07:15:00,2123.09,2127.35,2114.5700000000006,4.2599999999997635,False,extreme,2024-03-05 08:05:00,2127.35,stop,11,-1.0,5,0.011737089201878586,-1.0117370892018787,0.4389671361503402,1.2018779342723416
XAUUSD,NY,2024-03-07,Thursday,1,2159.84,2151.59,8.25,short,2024-03-07 08:20:00,2164.07,2024-03-07 08:45:00,2024-03-07 08:50:00,2159.43,2164.07,2150.149999999999,4.640000000000327,False,extreme,2024-03-07 09:40:00,2150.149999999999,target,11,2.0,5,0.010775862068964758,1.9892241379310351,2.461206896551468,0.19612068965522522
XAUUSD,NY,2024-03-07,Thursday,2,2159.84,2151.59,8.25,long,2024-03-07 09:35:00,2148.01,2024-03-07 09:45:00,2024-03-07 09:50:00,2153.14,2148.01,2163.399999999999,5.129999999999654,False,extreme,2024-03-07 19:35:00,2163.399999999999,target,106,2.0,5,0.009746588693957772,1.9902534113060422,2.040935672514807,0.7465886939571511
XAUUSD,NY,2024-03-07,Thursday,3,2159.84,2151.59,8.25,short,2024-03-07 18:20:00,2163.61,2024-03-07 20:05:00,2024-03-07 20:10:00,2159.75,2163.61,2152.0299999999997,3.8600000000001273,False,extreme,2024-03-07 23:55:00,2157.75,end_of_day,46,0.5181347150258896,5,0.012953367875647243,0.5051813471502423,1.4844559585491786,0.07512953367874457
XAUUSD,NY,2024-03-08,Friday,1,2168.73,2156.48,12.25,short,2024-03-08 04:50:00,2171.09,2024-03-08 05:25:00,2024-03-08 05:30:00,2168.73,2171.09,2164.0099999999998,2.3600000000001273,False,extreme,2024-03-08 08:25:00,2164.0099999999998,target,36,2.0,5,0.02118644067796496,1.978813559322035,2.093220338982961,0.4152542372881209
XAUUSD,NY,2024-03-08,Friday,2,2168.73,2156.48,12.25,short,2024-03-08 08:30:00,2185.44,2024-03-08 09:05:00,2024-03-08 09:10:00,2165.54,2185.44,2125.74,19.90000000000009,False,extreme,2024-03-08 12:00:00,2185.44,stop,35,-1.0,4,0.002010050251256272,-1.0020100502512563,0.08844221105526409,1.1060301507537749
XAUUSD,NY,2024-03-11,Monday,1,2182.78,2176.91,5.870000000000346,long,2024-03-11 07:20:00,2176.44,2024-03-11 07:25:00,2024-03-11 07:30:00,2177.59,2176.44,2179.8900000000003,1.150000000000091,False,extreme,2024-03-11 08:05:00,2179.8900000000003,target,8,2.0,5,0.04347826086956178,1.9565217391304381,2.4260869565215155,0.3304347826087644
XAUUSD,NY,2024-03-11,Monday,2,2182.78,2176.91,5.870000000000346,long,2024-03-11 09:05:00,2174.88,2024-03-11 09:10:00,2024-03-11 09:15:00,2176.91,2174.88,2180.9699999999993,2.0299999999997453,False,extreme,2024-03-11 09:35:00,2180.9699999999993,target,5,2.0,5,0.024630541871924275,1.9753694581280756,3.472906403941412,0.3201970443348363
XAUUSD,NY,2024-03-11,Monday,3,2182.78,2176.91,5.870000000000346,short,2024-03-11 09:40:00,2185.13,2024-03-11 09:50:00,2024-03-11 09:55:00,2182.39,2185.13,2176.9099999999994,2.7400000000002365,False,extreme,2024-03-11 10:00:00,2176.9099999999994,target,2,2.0,5,0.01824817518248018,1.9817518248175199,2.4562043795618385,0.25182481751824637
XAUUSD,NY,2024-03-11,Monday,4,2182.78,2176.91,5.870000000000346,long,2024-03-11 10:00:00,2175.66,2024-03-11 10:05:00,2024-03-11 10:10:00,2177.46,2175.66,2181.0600000000004,1.800000000000182,False,extreme,2024-03-11 10:20:00,2181.0600000000004,target,3,2.0,5,0.027777777777774973,1.972222222222225,2.1055555555553225,0.5500000000000758
XAUUSD,NY,2024-03-11,Monday,5,2182.78,2176.91,5.870000000000346,short,2024-03-11 10:45:00,2183.32,2024-03-11 10:50:00,2024-03-11 10:55:00,2181.97,2183.32,2179.269999999999,1.3500000000003638,False,extreme,2024-03-11 11:10:00,2183.32,stop,4,-1.0,5,0.03703703703702706,-1.037037037037027,1.3999999999995285,1.0222222222220276
XAUUSD,NY,2024-03-11,Monday,6,2182.78,2176.91,5.870000000000346,short,2024-03-11 11:10:00,2185.73,2024-03-11 12:15:00,2024-03-11 12:20:00,2182.4,2185.73,2175.7400000000002,3.3299999999999272,False,extreme,2024-03-11 23:55:00,2177.51,end_of_day,128,1.4684684684684624,5,0.015015015015015344,1.453453453453447,1.6756756756756905,0.7177177177176952
XAUUSD,NY,2024-03-14,Thursday,1,2172.52,2167.47,5.050000000000182,long,2024-03-14 08:15:00,2161.88,2024-03-14 08:40:00,2024-03-14 08:45:00,2169.37,2161.88,2184.3499999999995,7.489999999999782,False,extreme,2024-03-14 08:55:00,2161.88,stop,3,-1.0,5,0.006675567423231169,-1.0066755674232313,0.0400534045394113,1.1869158878504849
XAUUSD,NY,2024-03-15,Friday,1,2170.1,2163.6,6.5,short,2024-03-15 05:50:00,2172.73,2024-03-15 06:15:00,2024-03-15 06:20:00,2170.01,2172.73,2164.5700000000006,2.7199999999998,False,extreme,2024-03-15 08:00:00,2164.5700000000006,target,21,2.0,5,0.018382352941177824,1.9816176470588223,2.606617647059069,0.47058823529405863
XAUUSD,NY,2024-03-15,Friday,2,2170.1,2163.6,6.5,long,2024-03-15 08:00:00,2162.76,2024-03-15 08:05:00,2024-03-15 08:10:00,2164.6,2162.76,2168.2799999999993,1.8399999999996908,False,extreme,2024-03-15 08:10:00,2162.76,stop,1,-1.0,5,0.02717391304348283,-1.027173913043483,0.14130434782622933,1.0108695652176305
XAUUSD,NY,2024-03-15,Friday,3,2170.1,2163.6,6.5,long,2024-03-15 08:10:00,2162.74,2024-03-15 08:15:00,2024-03-15 08:20:00,2165.01,2162.74,2169.550000000001,2.2700000000004366,False,extreme,2024-03-15 08:25:00,2162.74,stop,2,-1.0,5,0.02202643171805744,-1.0220264317180574,0.6123348017619407,1.2555066079294341
XAUUSD,NY,2024-03-15,Friday,4,2170.1,2163.6,6.5,long,2024-03-15 08:25:00,2156.58,2024-03-15 10:15:00,2024-03-15 10:20:00,2163.91,2156.58,2178.5699999999997,7.329999999999927,False,extreme,2024-03-15 13:30:00,2156.58,stop,39,-1.0,5,0.006821282401091473,-1.0068212824010914,0.3806275579808992,1.1064120054569921
XAUUSD,NY,2024-03-18,Monday,1,2152.25,2146.16,6.0900000000001455,short,2024-03-18 04:10:00,2154.48,2024-03-18 04:35:00,2024-03-18 04:40:00,2152.24,2154.48,2147.7599999999993,2.2400000000002365,False,extreme,2024-03-18 05:00:00,2154.48,stop,5,-1.0,5,0.022321428571426216,-1.0223214285714262,0.30357142857132347,1.0401785714286322
XAUUSD,NY,2024-03-19,Tuesday,1,2162.18,2154.08,8.099999999999909,long,2024-03-19 04:05:00,2147.19,2024-03-19 05:35:00,2024-03-19 05:40:00,2154.1,2147.19,2167.9199999999996,6.9099999999998545,False,extreme,2024-03-19 23:55:00,2159.88,end_of_day,208,0.8364688856729844,5,0.007235890014471933,0.8292329956585125,0.8610709117221994,0.8219971056439879
XAUUSD,NY,2024-03-20,Wednesday,1,2160.25,2156.48,3.769999999999982,long,2024-03-20 04:05:00,2149.63,2024-03-20 09:55:00,2024-03-20 10:00:00,2157.95,2150.53,2172.789999999999,7.419999999999618,True,swing,2024-03-20 14:05:00,2172.789999999999,target,50,2.0,5,0.006738544474393878,1.993261455525606,2.319407008086378,0.43935309973044895
XAUUSD,NY,2024-03-21,Thursday,1,2210.24,2201.86,8.379999999999654,long,2024-03-21 04:40:00,2196.89,2024-03-21 05:05:00,2024-03-21 05:10:00,2202.35,2196.89,2213.27,5.460000000000036,False,extreme,2024-03-21 09:45:00,2196.89,stop,56,-1.0,5,0.009157509157509097,-1.0091575091575091,1.7289377289377275,1.2692307692307307
XAUUSD,NY,2024-03-22,Friday,1,2176.32,2162.61,13.710000000000036,short,2024-03-22 09:45:00,2180.17,2024-03-22 10:05:00,2024-03-22 10:10:00,2174.66,2180.17,2163.6399999999994,5.510000000000218,False,extreme,2024-03-22 12:45:00,2163.6399999999994,target,32,2.0,5,0.009074410163339024,1.990925589836661,2.3539019963701064,0.4773139745916524
XAUUSD,NY,2024-03-22,Friday,2,2176.32,2162.61,13.710000000000036,long,2024-03-22 13:20:00,2157.16,2024-03-22 14:15:00,2024-03-22 14:20:00,2162.64,2157.16,2173.6,5.480000000000018,False,extreme,2024-03-22 16:55:00,2165.27,friday_close,32,0.4799270072992884,5,0.009124087591240846,0.47080291970804755,0.8412408759124292,0.1386861313868177
XAUUSD,NY,2024-03-25,Monday,1,2171.71,2163.62,8.090000000000146,short,2024-03-25 08:00:00,2181.32,2024-03-25 15:10:00,2024-03-25 15:15:00,2171.64,2181.32,2152.2799999999993,9.680000000000291,False,extreme,2024-03-25 23:55:00,2170.36,end_of_day,93,0.1322314049586474,5,0.005165289256198192,0.12706611570244922,0.4101239669421158,0.29752066115702713
XAUUSD,NY,2024-03-26,Tuesday,1,2174.27,2169.64,4.630000000000109,short,2024-03-26 04:15:00,2200.13,2024-03-26 11:35:00,2024-03-26 11:40:00,2173.39,2183.68,2152.81,10.289999999999964,True,swing,2024-03-26 23:55:00,2177.78,end_of_day,136,-0.4266277939747661,5,0.00485908649173957,-0.43148688046650563,0.16034985422741466,0.8134110787172376
XAUUSD,NY,2024-03-27,Wednesday,1,2180.82,2175.78,5.039999999999964,short,2024-03-27 04:10:00,2182.72,2024-03-27 04:25:00,2024-03-27 04:30:00,2179.57,2182.72,2173.270000000001,3.149999999999636,False,extreme,2024-03-27 05:40:00,2182.72,stop,15,-1.0,5,0.015873015873017707,-1.0158730158730178,0.9396825396826598,4.571428571428984
XAUUSD,NY,2024-03-28,Thursday,1,2200.67,2192.73,7.940000000000055,long,2024-03-28 04:00:00,2190.91,2024-03-28 04:10:00,2024-03-28 04:15:00,2193.0,2190.91,2197.1800000000003,2.0900000000001455,False,extreme,2024-03-28 04:40:00,2197.1800000000003,target,6,2.0,5,0.02392344497607489,1.9760765550239252,2.119617224880157,0.2200956937799064
XAUUSD,NY,2024-04-01,Monday,1,2265.71,2256.96,8.75,long,2024-04-01 04:45:00,2255.85,2024-04-01 04:50:00,2024-04-01 04:55:00,2257.04,2255.85,2259.42,1.1900000000000546,False,extreme,2024-04-01 05:20:00,2255.85,stop,6,-1.0,5,0.04201680672268715,-1.0420168067226871,1.1428571428571974,1.3781512605040316
XAUUSD,NY,2024-04-01,Monday,2,2265.71,2256.96,8.75,long,2024-04-01 05:20:00,2243.63,2024-04-01 09:20:00,2024-04-01 09:25:00,2257.13,2243.63,2284.13,13.5,False,extreme,2024-04-01 09:45:00,2243.63,stop,5,-1.0,5,0.003703703703703704,-1.0037037037037038,0.036296296296280124,1.1259259259259462
XAUUSD,NY,2024-04-02,Tuesday,1,2259.89,2250.53,9.359999999999673,short,2024-04-02 04:05:00,2266.85,2024-04-02 06:00:00,2024-04-02 06:05:00,2259.07,2266.85,2243.5100000000007,7.779999999999745,False,extreme,2024-04-02 10:00:00,2266.85,stop,48,-1.0,5,0.006426735218509208,-1.0064267352185092,0.7287917737789535,1.8984575835476176
XAUUSD,NY,2024-04-02,Tuesday,2,2259.89,2250.53,9.359999999999673,short,2024-04-02 12:30:00,2260.88,2024-04-02 12:35:00,2024-04-02 12:40:00,2258.65,2260.88,2254.19,2.230000000000018,False,extreme,2024-04-02 12:45:00,2260.88,stop,2,-1.0,5,0.02242152466367695,-1.022421524663677,0.12556053811668064,1.26008968609862
XAUUSD,NY,2024-04-03,Wednesday,1,2287.13,2270.48,16.65000000000009,long,2024-04-03 04:00:00,2267.73,2024-04-03 04:30:00,2024-04-03 04:35:00,2270.57,2267.73,2276.2500000000005,2.8400000000001455,False,extreme,2024-04-03 08:20:00,2267.73,stop,46,-1.0,5,0.017605633802816,-1.017605633802816,1.92957746478864,1.47887323943664
XAUUSD,NY,2024-04-03,Wednesday,2,2287.13,2270.48,16.65000000000009,long,2024-04-03 08:15:00,2265.47,2024-04-03 08:30:00,2024-04-03 08:35:00,2271.21,2265.47,2282.6900000000005,5.7400000000002365,False,extreme,2024-04-03 10:00:00,2282.6900000000005,target,18,2.0,5,0.008710801393727865,1.9912891986062722,2.4564459930312417,0.39721254355402547
XAUUSD,NY,2024-04-04,Thursday,1,2300.75,2291.93,8.820000000000164,long,2024-04-04 04:25:00,2291.66,2024-04-04 04:30:00,2024-04-04 04:35:00,2293.42,2291.66,2296.9400000000005,1.7600000000002183,False,extreme,2024-04-04 04:45:00,2291.66,stop,3,-1.0,5,0.028409090909087387,-1.0284090909090873,0.3295454545453723,1.3124999999998062
XAUUSD,NY,2024-04-04,Thursday,2,2300.75,2291.93,8.820000000000164,long,2024-04-04 04:55:00,2290.86,2024-04-04 05:00:00,2024-04-04 05:05:00,2291.93,2290.86,2294.0699999999993,1.069999999999709,False,extreme,2024-04-04 05:20:00,2294.0699999999993,target,4,2.0,5,0.04672897196262953,1.9532710280373704,2.0373831775709195,0.5887850467288092
XAUUSD,NY,2024-04-04,Thursday,3,2300.75,2291.93,8.820000000000164,long,2024-04-04 05:35:00,2291.01,2024-04-04 05:40:00,2024-04-04 05:45:00,2292.7,2291.01,2296.079999999999,1.6899999999995998,False,extreme,2024-04-04 07:50:00,2291.01,stop,26,-1.0,5,0.029585798816575054,-1.029585798816575,1.497041420118816,1.3076923076926388
XAUUSD,NY,2024-04-04,Thursday,4,2300.75,2291.93,8.820000000000164,long,2024-04-04 07:45:00,2282.8,2024-04-04 10:00:00,2024-04-04 10:05:00,2291.97,2282.8,2310.309999999999,9.169999999999618,False,extreme,2024-04-04 15:45:00,2282.8,stop,69,-1.0,1,0.0010905125408942657,-1.0010905125408942,1.4929116684842556,1.2704471101417798
XAUUSD,NY,2024-04-04,Thursday,5,2300.75,2291.93,8.820000000000164,long,2024-04-04 15:30:00,2280.06,2024-04-04 18:05:00,2024-04-04 18:10:00,2292.52,2280.06,2317.44,12.460000000000036,False,extreme,2024-04-04 21:05:00,2280.06,stop,36,-1.0,5,0.004012841091492765,-1.0040128410914928,0.07223113964687707,1.1685393258426888
XAUUSD,NY,2024-04-05,Friday,1,2290.67,2276.63,14.039999999999964,short,2024-04-05 04:10:00,2291.82,2024-04-05 04:15:00,2024-04-05 04:20:00,2288.54,2291.82,2281.9799999999996,3.2800000000002,False,extreme,2024-04-05 05:40:00,2291.82,stop,17,-1.0,5,0.015243902439023462,-1.0152439024390234,1.1006097560975328,1.509146341463267
XAUUSD,NY,2024-04-05,Friday,2,2290.67,2276.63,14.039999999999964,short,2024-04-05 05:35:00,2296.39,2024-04-05 08:30:00,2024-04-05 08:35:00,2286.09,2296.39,2265.4900000000007,10.299999999999727,False,extreme,2024-04-05 09:15:00,2296.39,stop,9,-1.0,0,0.0,-1.0,0.2970873786407793,1.2834951456310826
XAUUSD,NY,2024-04-08,Monday,1,2345.69,2331.84,13.849999999999909,long,2024-04-08 08:20:00,2322.77,2024-04-08 09:00:00,2024-04-08 09:05:00,2334.88,2322.77,2359.1000000000004,12.110000000000127,False,extreme,2024-04-08 10:00:00,2322.77,stop,12,-1.0,5,0.004128819157720848,-1.004128819157721,0.07349298100742059,1.2691990090833798
XAUUSD,NY,2024-04-08,Monday,2,2345.69,2331.84,13.849999999999909,long,2024-04-08 09:35:00,2318.73,2024-04-08 13:20:00,2024-04-08 13:25:00,2332.06,2318.73,2358.72,13.329999999999927,False,extreme,2024-04-08 23:55:00,2344.03,end_of_day,115,0.8979744936234298,5,0.003750937734433629,0.8942235558889963,1.2325581395348781,0.09452363090770971
XAUUSD,NY,2024-04-09,Tuesday,1,2356.95,2343.14,13.809999999999945,short,2024-04-09 04:30:00,2365.34,2024-04-09 06:40:00,2024-04-09 06:45:00,2356.59,2365.34,2339.09,8.75,False,extreme,2024-04-09 11:55:00,2339.09,target,63,2.0,5,0.005714285714285714,1.9942857142857142,2.087999999999998,0.8822857142856915
XAUUSD,NY,2024-04-09,Tuesday,2,2356.95,2343.14,13.809999999999945,long,2024-04-09 11:50:00,2338.32,2024-04-09 12:05:00,2024-04-09 12:10:00,2343.23,2338.32,2353.0499999999997,4.9099999999998545,False,extreme,2024-04-09 16:10:00,2353.0499999999997,target,49,2.0,5,0.010183299389002339,1.9898167006109977,2.101832993890116,0.3197556008147068
XAUUSD,NY,2024-04-10,Wednesday,1,2360.14,2350.94,9.199999999999818,long,2024-04-10 10:25:00,2344.05,2024-04-10 10:45:00,2024-04-10 10:50:00,2351.2,2344.05,2365.499999999999,7.149999999999636,False,extreme,2024-04-10 11:00:00,2344.05,stop,3,-1.0,5,0.0069930069930073495,-1.0069930069930073,0.15244755244758057,1.5412587412588172
XAUUSD,NY,2024-04-11,Thursday,1,2346.17,2333.93,12.240000000000236,long,2024-04-11 04:10:00,2325.77,2024-04-11 06:10:00,2024-04-11 06:15:00,2335.01,2325.77,2353.4900000000007,9.240000000000236,False,extreme,2024-04-11 13:05:00,2353.4900000000007,target,83,2.0,5,0.005411255411255273,1.9945887445887447,2.011904761904677,0.3484848484848671
XAUUSD,NY,2024-04-15,Monday,1,2362.53,2350.04,12.490000000000236,long,2024-04-15 04:25:00,2344.86,2024-04-15 04:50:00,2024-04-15 04:55:00,2350.43,2344.86,2361.5699999999993,5.569999999999709,False,extreme,2024-04-15 09:40:00,2344.86,stop,58,-1.0,5,0.00897666068222668,-1.0089766606822266,1.9515260323161425,1.294434470377094
XAUUSD,NY,2024-04-15,Monday,2,2362.53,2350.04,12.490000000000236,long,2024-04-15 10:55:00,2342.67,2024-04-15 11:25:00,2024-04-15 11:30:00,2351.38,2342.67,2368.8,8.710000000000036,False,extreme,2024-04-15 13:35:00,2368.8,target,26,2.0,5,0.005740528128587806,1.9942594718714122,2.026406429391506,0.7405281285878583
XAUUSD,NY,2024-04-16,Tuesday,1,2389.09,2363.07,26.019999999999982,short,2024-04-16 11:05:00,2393.02,2024-04-16 11:10:00,2024-04-16 11:15:00,2385.49,2393.02,2370.4299999999994,7.5300000000002,False,extreme,2024-04-16 12:40:00,2393.02,stop,18,-1.0,5,0.006640106241699691,-1.0066401062416996,0.9999999999999396,1.1354581673306712
XAUUSD,NY,2024-04-16,Tuesday,2,2389.09,2363.07,26.019999999999982,short,2024-04-16 12:15:00,2398.35,2024-04-16 13:30:00,2024-04-16 13:35:00,2386.08,2398.35,2361.54,12.269999999999982,False,extreme,2024-04-16 23:55:00,2381.8,end_of_day,113,0.3488182559087002,5,0.004074979625101881,0.3447432762835983,0.6267318663406737,0.8459657701711593
XAUUSD,NY,2024-04-17,Wednesday,1,2383.25,2372.77,10.480000000000018,short,2024-04-17 04:00:00,2394.36,2024-04-17 08:30:00,2024-04-17 08:35:00,2382.59,2394.36,2359.05,11.769999999999982,False,extreme,2024-04-17 09:45:00,2394.36,stop,15,-1.0,5,0.0042480883602379,-1.0042480883602378,0.354290569243847,1.0254885301614043
XAUUSD,NY,2024-04-17,Wednesday,2,2383.25,2372.77,10.480000000000018,short,2024-04-17 08:55:00,2395.62,2024-04-17 11:55:00,2024-04-17 12:00:00,2382.2,2395.62,2355.3599999999997,13.420000000000073,False,extreme,2024-04-17 16:50:00,2355.3599999999997,target,59,2.0,5,0.0037257824143069845,1.9962742175856931,2.050670640834563,0.17138599105813482
XAUUSD,NY,2024-04-17,Wednesday,3,2383.25,2372.77,10.480000000000018,long,2024-04-17 16:20:00,2354.68,2024-04-17 22:35:00,2024-04-17 22:40:00,2373.45,2354.68,2410.99,18.769999999999982,False,extreme,2024-04-17 23:55:00,2374.88,end_of_day,16,0.07618540223762879,5,0.0026638252530634017,0.07352157698456539,0.10282365476826281,0.0548748002130925
XAUUSD,NY,2024-04-18,Thursday,1,2381.01,2373.17,7.8400000000001455,short,2024-04-18 06:25:00,2384.03,2024-04-18 07:10:00,2024-04-18 07:15:00,2380.1,2384.03,2372.2399999999993,3.930000000000291,False,extreme,2024-04-18 07:30:00,2384.03,stop,4,-1.0,5,0.012722646310431629,-1.0127226463104315,0.2595419847328006,1.356234096691993
XAUUSD,NY,2024-04-18,Thursday,2,2381.01,2373.17,7.8400000000001455,short,2024-04-18 07:25:00,2385.43,2024-04-18 07:55:00,2024-04-18 08:00:00,2380.99,2385.43,2372.1099999999997,4.440000000000055,False,extreme,2024-04-18 08:05:00,2385.43,stop,2,-1.0,5,0.011261261261261124,-1.011261261261261,0.009009009009000705,1.4729729729730492
XAUUSD,NY,2024-04-18,Thursday,3,2381.01,2373.17,7.8400000000001455,short,2024-04-18 08:00:00,2392.89,2024-04-18 09:35:00,2024-04-18 09:40:00,2379.39,2392.89,2352.39,13.5,False,extreme,2024-04-18 21:20:00,2392.89,stop,129,-1.0,5,0.003703703703703704,-1.0037037037037038,0.7222222222222222,1.1333333333333468
XAUUSD,NY,2024-04-19,Friday,1,2393.91,2378.75,15.159999999999854,long,2024-04-19 07:00:00,2372.89,2024-04-19 07:35:00,2024-04-19 07:40:00,2379.03,2372.89,2391.310000000001,6.140000000000327,False,extreme,2024-04-19 10:20:00,2391.310000000001,target,33,2.0,5,0.008143322475569599,1.9918566775244304,2.048859934853299,0.9657980456026017
XAUUSD,NY,2024-04-19,Friday,2,2393.91,2378.75,15.159999999999854,short,2024-04-19 11:05:00,2396.09,2024-04-19 11:15:00,2024-04-19 11:20:00,2393.04,2396.09,2386.9399999999996,3.050000000000182,False,extreme,2024-04-19 12:45:00,2396.09,stop,18,-1.0,5,0.016393442622949842,-1.01639344262295,1.2065573770490547,1.2459016393442477
XAUUSD,NY,2024-04-19,Friday,3,2393.91,2378.75,15.159999999999854,short,2024-04-19 12:30:00,2401.98,2024-04-19 13:50:00,2024-04-19 13:55:00,2393.53,2401.98,2376.6300000000006,8.449999999999818,False,extreme,2024-04-19 16:55:00,2390.63,friday_close,37,0.3431952662722075,5,0.005917159763313737,0.3372781065088937,0.8082840236687017,0.562130177514805
XAUUSD,NY,2024-04-23,Tuesday,1,2314.8,2298.9,15.900000000000091,long,2024-04-23 05:10:00,2291.51,2024-04-23 05:40:00,2024-04-23 05:45:00,2298.94,2291.51,2313.7999999999997,7.429999999999836,False,extreme,2024-04-23 09:10:00,2313.7999999999997,target,42,2.0,5,0.006729475100942275,1.9932705248990576,2.0121130551817155,0.6823687752355687
XAUUSD,NY,2024-04-23,Tuesday,2,2314.8,2298.9,15.900000000000091,short,2024-04-23 09:15:00,2316.89,2024-04-23 09:20:00,2024-04-23 09:25:00,2312.44,2316.89,2303.5400000000004,4.449999999999818,False,extreme,2024-04-23 09:35:00,2316.89,stop,3,-1.0,5,0.011235955056180235,-1.0112359550561802,0.40224719101124423,1.4089887640449974
XAUUSD,NY,2024-04-24,Wednesday,1,2331.28,2320.75,10.5300000000002,long,2024-04-24 04:00:00,2311.84,2024-04-24 08:50:00,2024-04-24 08:55:00,2323.25,2311.84,2346.0699999999997,11.409999999999854,False,extreme,2024-04-24 23:10:00,2311.84,stop,160,-1.0,5,0.004382120946538181,-1.0043821209465382,1.234881682734472,1.5907099035933674
XAUUSD,NY,2024-04-25,Thursday,1,2326.18,2312.44,13.739999999999782,short,2024-04-25 04:00:00,2328.93,2024-04-25 04:15:00,2024-04-25 04:20:00,2326.18,2328.93,2320.68,2.75,False,extreme,2024-04-25 07:00:00,2328.93,stop,33,-1.0,5,0.018181818181818184,-1.018181818181818,0.7272727272727273,1.1127272727272528
XAUUSD,NY,2024-04-25,Thursday,2,2326.18,2312.44,13.739999999999782,short,2024-04-25 06:50:00,2330.67,2024-04-25 08:15:00,2024-04-25 08:20:00,2325.64,2330.67,2315.5799999999995,5.0300000000002,False,extreme,2024-04-25 08:30:00,2330.67,stop,3,-1.0,5,0.009940357852882309,-1.0099403578528823,0.45725646123253194,1.2882703777335507
XAUUSD,NY,2024-04-25,Thursday,3,2326.18,2312.44,13.739999999999782,short,2024-04-25 08:40:00,2334.78,2024-04-25 09:05:00,2024-04-25 09:10:00,2322.99,2334.78,2299.409999999999,11.790000000000418,False,extreme,2024-04-25 10:35:00,2334.78,stop,18,-1.0,5,0.004240882103477373,-1.0042408821034774,0.8549618320610322,1.744698897370605
XAUUSD,NY,2024-04-25,Thursday,4,2326.18,2312.44,13.739999999999782,short,2024-04-25 10:30:00,2344.89,2024-04-25 12:20:00,2024-04-25 12:25:00,2325.64,2344.89,2287.14,19.25,False,extreme,2024-04-25 23:55:00,2334.71,end_of_day,127,-0.4711688311688397,5,0.0025974025974025974,-0.4737662337662423,0.0025974025973884234,0.5641558441558507
XAUUSD,NY,2024-04-26,Friday,1,2346.92,2333.55,13.36999999999989,short,2024-04-26 04:00:00,2350.23,2024-04-26 04:05:00,2024-04-26 04:10:00,2346.61,2350.23,2339.3700000000003,3.619999999999891,False,extreme,2024-04-26 05:10:00,2350.23,stop,13,-1.0,5,0.013812154696133014,-1.013812154696133,0.6685082872928579,1.6574585635359615
XAUUSD,NY,2024-04-26,Friday,2,2346.92,2333.55,13.36999999999989,short,2024-04-26 04:30:00,2352.61,2024-04-26 06:25:00,2024-04-26 06:30:00,2346.64,2352.61,2334.6999999999994,5.970000000000255,False,extreme,2024-04-26 10:35:00,2334.6999999999994,target,50,2.0,5,0.00837520938023415,1.991624790619766,2.4673366834169834,0.8341708542713242
XAUUSD,NY,2024-04-26,Friday,3,2346.92,2333.55,13.36999999999989,long,2024-04-26 10:35:00,2331.91,2024-04-26 10:40:00,2024-04-26 10:45:00,2333.65,2331.91,2337.1300000000006,1.7400000000002365,False,extreme,2024-04-26 10:50:00,2331.91,stop,2,-1.0,5,0.028735632183904142,-1.028735632183904,0.9770114942526362,2.8218390804595646
XAUUSD,NY,2024-04-26,Friday,4,2346.92,2333.55,13.36999999999989,long,2024-04-26 10:50:00,2328.74,2024-04-26 10:55:00,2024-04-26 11:00:00,2333.62,2328.74,2343.38,4.880000000000109,False,extreme,2024-04-26 16:55:00,2337.78,friday_close,72,0.852459016393487,5,0.010245901639344034,0.842213114754143,1.6065573770491741,0.4754098360655035
XAUUSD,NY,2024-04-29,Monday,1,2337.95,2327.42,10.529999999999745,short,2024-04-29 04:20:00,2341.34,2024-04-29 05:00:00,2024-04-29 05:05:00,2337.01,2341.34,2328.3500000000004,4.329999999999927,False,extreme,2024-04-29 05:45:00,2341.34,stop,9,-1.0,5,0.011547344110854698,-1.0115473441108547,0.02540415704390974,1.5381062355658122
XAUUSD,NY,2024-04-29,Monday,2,2337.95,2327.42,10.529999999999745,short,2024-04-29 05:30:00,2344.45,2024-04-29 07:45:00,2024-04-29 07:50:00,2337.64,2344.45,2324.02,6.809999999999945,False,extreme,2024-04-29 12:20:00,2344.45,stop,55,-1.0,5,0.007342143906020618,-1.0073421439060206,1.762114537444948,1.3406754772393807
XAUUSD,NY,2024-04-29,Monday,3,2337.95,2327.42,10.529999999999745,short,2024-04-29 12:00:00,2346.77,2024-04-29 15:00:00,2024-04-29 15:05:00,2334.85,2346.77,2311.0099999999998,11.920000000000073,False,extreme,2024-04-29 23:55:00,2329.27,end_of_day,95,0.46812080536911854,5,0.004194630872483196,0.46392617449663537,0.6644295302013443,0.24496644295302475
XAUUSD,NY,2024-04-30,Tuesday,1,2329.56,2315.37,14.190000000000055,long,2024-04-30 04:15:00,2314.16,2024-04-30 04:20:00,2024-04-30 04:25:00,2315.98,2314.16,2319.6200000000003,1.8200000000001637,False,extreme,2024-04-30 04:25:00,2314.16,stop,1,-1.0,5,0.027472527472525002,-1.027472527472525,0.03846153846162495,2.4945054945052503
XAUUSD,NY,2024-04-30,Tuesday,2,2329.56,2315.37,14.190000000000055,long,2024-04-30 04:25:00,2310.72,2024-04-30 05:20:00,2024-04-30 05:25:00,2315.52,2310.72,2325.1200000000003,4.800000000000182,False,extreme,2024-04-30 07:45:00,2310.72,stop,29,-1.0,5,0.010416666666666272,-1.0104166666666663,0.5229166666666923,1.2374999999999645
XAUUSD,NY,2024-05-01,Wednesday,1,2289.81,2281.73,8.079999999999927,short,2024-05-01 05:45:00,2293.14,2024-05-01 06:05:00,2024-05-01 06:10:00,2289.34,2293.14,2281.7400000000007,3.799999999999727,False,extreme,2024-05-01 06:50:00,2293.14,stop,9,-1.0,5,0.01315789473684305,-1.0131578947368431,0.03421052631582065,1.1710526315789835
XAUUSD,NY,2024-05-02,Thursday,1,2321.02,2308.18,12.840000000000146,long,2024-05-02 04:10:00,2285.51,2024-05-02 14:05:00,2024-05-02 14:10:00,2309.13,2285.51,2356.37,23.61999999999989,False,extreme,2024-05-02 23:55:00,2302.47,end_of_day,106,-0.2819644369178806,5,0.0021168501270110176,-0.2840812870448916,0.015664690939876907,0.38907705334462733
XAUUSD,NY,2024-05-03,Friday,1,2308.79,2297.8,10.989999999999782,long,2024-05-03 07:10:00,2296.38,2024-05-03 07:15:00,2024-05-03 07:20:00,2298.39,2296.38,2302.4099999999994,2.0099999999997635,False,extreme,2024-05-03 08:20:00,2296.38,stop,13,-1.0,5,0.024875621890550193,-1.0248756218905501,0.7611940298509353,1.8358208955226312
XAUUSD,NY,2024-05-03,Friday,2,2308.79,2297.8,10.989999999999782,short,2024-05-03 08:30:00,2320.62,2024-05-03 08:40:00,2024-05-03 08:45:00,2302.98,2320.62,2267.7000000000003,17.639999999999873,False,extreme,2024-05-03 16:55:00,2301.67,friday_close,99,0.07426303854875027,5,0.0028344671201814267,0.07142857142856884,1.4535147392290282,0.34013605442177114
XAUUSD,NY,2024-05-06,Monday,1,2324.28,2308.21,16.070000000000164,short,2024-05-06 08:40:00,2330.24,2024-05-06 08:55:00,2024-05-06 09:00:00,2323.36,2330.24,2309.600000000001,6.879999999999654,False,extreme,2024-05-06 09:40:00,2330.24,stop,9,-1.0,5,0.007267441860465481,-1.0072674418604655,0.24854651162792474,1.2616279069767837
XAUUSD,NY,2024-05-06,Monday,2,2324.28,2308.21,16.070000000000164,short,2024-05-06 09:10:00,2332.04,2024-05-06 10:30:00,2024-05-06 10:35:00,2324.03,2332.04,2308.0100000000007,8.009999999999764,False,extreme,2024-05-06 23:55:00,2325.02,end_of_day,149,-0.12359550561795393,5,0.006242197253433393,-0.12983770287138732,0.7565543071161772,0.7440699126092082
XAUUSD,NY,2024-05-07,Tuesday,1,2325.14,2317.81,7.329999999999927,long,2024-05-07 04:10:00,2310.03,2024-05-07 09:00:00,2024-05-07 09:05:00,2319.96,2310.03,2339.8199999999997,9.929999999999836,False,extreme,2024-05-07 21:30:00,2310.03,stop,138,-1.0,5,0.005035246727089711,-1.0050352467270898,0.38469284994967035,1.097683786505566
XAUUSD,NY,2024-05-08,Wednesday,1,2321.48,2305.46,16.019999999999982,long,2024-05-08 04:05:00,2304.15,2024-05-08 04:10:00,2024-05-08 04:15:00,2306.63,2304.15,2311.59,2.480000000000018,False,extreme,2024-05-08 06:00:00,2311.59,target,22,2.0,5,0.0201612903225805,1.9798387096774195,2.778225806451541,0.931451612903197
XAUUSD,NY,2024-05-09,Thursday,1,2319.82,2307.62,12.200000000000273,long,2024-05-09 05:45:00,2306.66,2024-05-09 05:50:00,2024-05-09 05:55:00,2308.02,2306.66,2310.7400000000002,1.3600000000001273,False,extreme,2024-05-09 06:30:00,2310.7400000000002,target,8,2.0,5,0.0367647058823495,1.9632352941176505,2.720588235293729,0.49264705882353677
XAUUSD,NY,2024-05-09,Thursday,2,2319.82,2307.62,12.200000000000273,short,2024-05-09 08:30:00,2329.33,2024-05-09 09:10:00,2024-05-09 09:15:00,2314.85,2329.33,2285.89,14.480000000000018,False,extreme,2024-05-09 10:05:00,2329.33,stop,11,-1.0,5,0.003453038674033145,-1.0034530386740332,0.1546961325966698,1.2051104972375863
XAUUSD,NY,2024-05-10,Friday,1,2370.38,2351.28,19.09999999999991,short,2024-05-10 05:00:00,2378.48,2024-05-10 08:20:00,2024-05-10 08:25:00,2367.03,2378.48,2344.1300000000006,11.449999999999818,False,extreme,2024-05-10 16:55:00,2360.47,friday_close,103,0.5729257641921838,5,0.004366812227074306,0.5685589519651094,0.9065502183406353,0.5248908296943108
XAUUSD,NY,2024-05-13,Monday,1,2357.11,2346.62,10.490000000000236,long,2024-05-13 04:25:00,2338.47,2024-05-13 08:10:00,2024-05-13 08:15:00,2347.18,2338.47,2364.6,8.710000000000036,False,extreme,2024-05-13 11:00:00,2338.47,stop,34,-1.0,0,0.0,-1.0,0.3076923076923398,1.5269804822043251
XAUUSD,NY,2024-05-14,Tuesday,1,2345.96,2336.12,9.840000000000146,short,2024-05-14 05:00:00,2348.29,2024-05-14 05:35:00,2024-05-14 05:40:00,2345.88,2348.29,2341.0600000000004,2.4099999999998545,False,extreme,2024-05-14 08:20:00,2348.29,stop,33,-1.0,5,0.020746887966806234,-1.0207468879668062,1.4149377593363133,1.0580912863070047
XAUUSD,NY,2024-05-15,Wednesday,1,2364.87,2355.78,9.08999999999969,short,2024-05-15 04:15:00,2374.33,2024-05-15 07:10:00,2024-05-15 07:15:00,2364.89,2374.33,2346.0099999999998,9.440000000000055,False,extreme,2024-05-15 08:30:00,2374.33,stop,16,-1.0,5,0.005296610169491495,-1.0052966101694916,0.6991525423728677,1.4947033898305133
XAUUSD,NY,2024-05-15,Wednesday,2,2364.87,2355.78,9.08999999999969,short,2024-05-15 08:30:00,2379.0,2024-05-15 09:40:00,2024-05-15 09:45:00,2361.82,2379.0,2327.4600000000005,17.179999999999836,False,extreme,2024-05-15 11:10:00,2379.0,stop,18,-1.0,5,0.002910360884749737,-1.0029103608847498,0.5791618160652134,1.1781140861466808
XAUUSD,NY,2024-05-16,Thursday,1,2394.52,2384.76,9.759999999999764,long,2024-05-16 05:25:00,2383.73,2024-05-16 05:30:00,2024-05-16 05:35:00,2384.89,2383.73,2387.2099999999996,1.1599999999998545,False,extreme,2024-05-16 06:20:00,2383.73,stop,10,-1.0,5,0.04310344827586748,-1.0431034482758674,1.5775862068966868,1.2586206896553616
XAUUSD,NY,2024-05-16,Thursday,2,2394.52,2384.76,9.759999999999764,long,2024-05-16 06:15:00,2380.91,2024-05-16 06:50:00,2024-05-16 06:55:00,2384.89,2380.91,2392.85,3.980000000000018,False,extreme,2024-05-16 08:35:00,2380.91,stop,21,-1.0,5,0.012562814070351702,-1.0125628140703518,0.4396984924623096,1.3115577889446675
XAUUSD,NY,2024-05-17,Friday,1,2387.84,2376.6,11.240000000000236,short,2024-05-17 07:20:00,2389.49,2024-05-17 07:40:00,2024-05-17 07:45:00,2387.82,2389.49,2384.480000000001,1.669999999999618,False,extreme,2024-05-17 07:50:00,2389.49,stop,2,-1.0,5,0.02994011976048589,-1.0299401197604858,0.41317365269473794,1.2814371257487198
XAUUSD,NY,2024-05-17,Friday,2,2387.84,2376.6,11.240000000000236,short,2024-05-17 07:45:00,2390.46,2024-05-17 08:35:00,2024-05-17 08:40:00,2387.17,2390.46,2380.59,3.2899999999999636,False,extreme,2024-05-17 08:40:00,2390.46,stop,1,-1.0,5,0.01519756838905792,-1.015197568389058,0.0,1.291793313069923
XAUUSD,NY,2024-05-20,Monday,1,2450.06,2431.95,18.110000000000127,long,2024-05-20 07:30:00,2407.39,2024-05-20 13:25:00,2024-05-20 13:30:00,2434.31,2407.39,2488.15,26.920000000000073,False,extreme,2024-05-20 23:25:00,2407.39,stop,108,-1.0,5,0.0018573551263001437,-1.0018573551263001,0.11478454680535428,1.0416047548291192
XAUUSD,NY,2024-05-21,Tuesday,1,2422.19,2408.65,13.539999999999964,short,2024-05-21 07:50:00,2433.96,2024-05-21 12:00:00,2024-05-21 12:05:00,2418.69,2433.96,2388.15,15.269999999999982,False,extreme,2024-05-21 23:55:00,2414.22,end_of_day,131,0.2927308447937302,5,0.003274394237066147,0.289456450556664,0.39620170268501564,0.514079895219379
XAUUSD,NY,2024-05-22,Wednesday,1,2418.49,2411.6,6.889999999999873,long,2024-05-22 04:25:00,2410.68,2024-05-22 04:30:00,2024-05-22 04:35:00,2412.89,2410.68,2417.31,2.2100000000000364,False,extreme,2024-05-22 05:00:00,2417.31,target,6,2.0,5,0.0226244343891399,1.97737556561086,2.099547511312331,0.04977375565595962
XAUUSD,NY,2024-05-22,Wednesday,2,2418.49,2411.6,6.889999999999873,short,2024-05-22 06:00:00,2419.41,2024-05-22 06:05:00,2024-05-22 06:10:00,2417.68,2419.41,2414.22,1.7300000000000182,False,extreme,2024-05-22 07:00:00,2414.22,target,11,2.0,5,0.02890173410404594,1.9710982658959542,2.3352601156068906,0.190751445086924
XAUUSD,NY,2024-05-22,Wednesday,3,2418.49,2411.6,6.889999999999873,long,2024-05-22 07:35:00,2404.79,2024-05-22 08:20:00,2024-05-22 08:25:00,2413.25,2404.79,2430.17,8.460000000000036,False,extreme,2024-05-22 10:05:00,2404.79,stop,21,-1.0,5,0.0059101654846335444,-1.0059101654846336,0.21867612293143038,1.589834515366402
XAUUSD,NY,2024-05-23,Thursday,1,2373.99,2355.0,18.98999999999978,long,2024-05-23 09:50:00,2350.7,2024-05-23 09:55:00,2024-05-23 10:00:00,2358.76,2350.7,2374.880000000001,8.0600000000004,False,extreme,2024-05-23 10:15:00,2350.7,stop,4,-1.0,5,0.006203473945409122,-1.006203473945409,0.6439205955334172,1.4999999999999436
XAUUSD,NY,2024-05-24,Friday,1,2340.65,2330.56,10.090000000000146,short,2024-05-24 04:50:00,2340.99,2024-05-24 04:55:00,2024-05-24 05:00:00,2340.2,2340.99,2338.62,0.7899999999999636,False,extreme,2024-05-24 05:00:00,2340.99,stop,1,-1.0,5,0.06329113924050925,-1.0632911392405093,0.15189873417708402,1.3037974683547437
XAUUSD,NY,2024-05-24,Friday,2,2340.65,2330.56,10.090000000000146,short,2024-05-24 05:05:00,2343.27,2024-05-24 05:25:00,2024-05-24 05:30:00,2340.26,2343.27,2334.2400000000007,3.0099999999997635,False,extreme,2024-05-24 06:25:00,2343.27,stop,12,-1.0,5,0.01661129568106443,-1.0166112956810645,1.0764119601330535,1.2159468438538679
XAUUSD,NY,2024-05-24,Friday,3,2340.65,2330.56,10.090000000000146,short,2024-05-24 06:15:00,2343.92,2024-05-24 06:30:00,2024-05-24 06:35:00,2340.65,2343.92,2334.11,3.269999999999982,False,extreme,2024-05-24 09:10:00,2343.92,stop,32,-1.0,5,0.015290519877675927,-1.0152905198776758,1.5382262996942593,1.0733944954127776
XAUUSD,NY,2024-05-24,Friday,4,2340.65,2330.56,10.090000000000146,short,2024-05-24 09:00:00,2347.42,2024-05-24 09:45:00,2024-05-24 09:50:00,2339.5,2347.42,2323.66,7.920000000000073,False,extreme,2024-05-24 16:55:00,2333.86,friday_close,86,0.7121212121211895,5,0.006313131313131256,0.7058080808080582,0.9583333333333429,0.4734848484848441
XAUUSD,NY,2024-05-27,Monday,1,2346.15,2338.17,7.980000000000018,short,2024-05-27 08:15:00,2349.93,2024-05-27 09:00:00,2024-05-27 09:05:00,2345.33,2349.93,2336.13,4.599999999999909,False,extreme,2024-05-27 09:15:00,2349.93,stop,3,-1.0,5,0.01086956521739152,-1.0108695652173916,0.1413043478261095,1.1521739130435407
XAUUSD,NY,2024-05-28,Tuesday,1,2353.75,2341.42,12.329999999999927,long,2024-05-28 04:10:00,2340.33,2024-05-28 04:25:00,2024-05-28 04:30:00,2341.59,2340.33,2344.1100000000006,1.2600000000002183,False,extreme,2024-05-28 04:55:00,2344.1100000000006,target,6,2.0,5,0.03968253968253281,1.9603174603174671,2.7777777777772967,0.46031746031732285
XAUUSD,NY,2024-05-28,Tuesday,2,2353.75,2341.42,12.329999999999927,short,2024-05-28 08:20:00,2357.12,2024-05-28 08:55:00,2024-05-28 09:00:00,2353.25,2357.12,2345.51,3.869999999999891,False,extreme,2024-05-28 09:15:00,2357.12,stop,4,-1.0,5,0.012919896640827239,-1.0129198966408273,0.2351421188630181,2.219638242894157
XAUUSD,NY,2024-05-28,Tuesday,3,2353.75,2341.42,12.329999999999927,short,2024-05-28 09:00:00,2364.07,2024-05-28 10:00:00,2024-05-28 10:05:00,2350.04,2364.07,2321.9799999999996,14.0300000000002,False,extreme,2024-05-28 23:55:00,2358.25,end_of_day,155,-0.5851746258018474,5,0.0035637918745544755,-0.5887384176764019,0.1468282252316405,0.8995010691375418
XAUUSD,NY,2024-05-29,Wednesday,1,2361.37,2350.11,11.259999999999764,long,2024-05-29 04:05:00,2348.86,2024-05-29 04:10:00,2024-05-29 04:15:00,2351.35,2348.86,2356.3299999999995,2.4899999999997817,False,extreme,2024-05-29 04:20:00,2348.86,stop,2,-1.0,0,0.0,-1.0,0.028112449799265,1.3654618473897144
XAUUSD,NY,2024-05-30,Thursday,1,2337.75,2322.65,15.099999999999909,short,2024-05-30 06:55:00,2340.92,2024-05-30 07:20:00,2024-05-30 07:25:00,2337.64,2340.92,2331.0799999999995,3.2800000000002,False,extreme,2024-05-30 08:25:00,2340.92,stop,13,-1.0,5,0.015243902439023462,-1.0152439024390234,1.7073170731705998,1.2195121951218768
XAUUSD,NY,2024-05-31,Friday,1,2347.13,2339.95,7.180000000000291,short,2024-05-31 08:30:00,2359.72,2024-05-31 09:50:00,2024-05-31 09:55:00,2346.33,2359.72,2319.55,13.389999999999873,False,extreme,2024-05-31 16:55:00,2327.46,friday_close,85,1.4092606422703562,5,0.0037341299477222163,1.405526512322634,1.9185959671396788,0.20612397311428263
XAUUSD,NY,2024-06-03,Monday,1,2328.85,2314.79,14.059999999999945,short,2024-06-03 06:40:00,2333.33,2024-06-03 08:00:00,2024-06-03 08:05:00,2327.87,2333.33,2316.95,5.460000000000036,False,extreme,2024-06-03 08:30:00,2333.33,stop,6,-1.0,5,0.009157509157509097,-1.0091575091575091,0.3882783882783657,1.0457875457875454
XAUUSD,NY,2024-06-05,Wednesday,1,2341.71,2328.13,13.579999999999927,short,2024-06-05 08:50:00,2344.14,2024-06-05 09:00:00,2024-06-05 09:05:00,2341.35,2344.14,2335.77,2.7899999999999636,False,extreme,2024-06-05 09:15:00,2344.14,stop,3,-1.0,5,0.017921146953405253,-1.0179211469534053,0.580645161290291,1.121863799283208
XAUUSD,NY,2024-06-05,Wednesday,2,2341.71,2328.13,13.579999999999927,short,2024-06-05 09:15:00,2345.28,2024-06-05 09:35:00,2024-06-05 09:40:00,2340.77,2345.28,2331.7499999999995,4.510000000000218,False,extreme,2024-06-05 09:55:00,2345.28,stop,4,-1.0,5,0.011086474501108112,-1.0110864745011081,0.5720620842571624,1.1529933481152033
XAUUSD,NY,2024-06-05,Wednesday,3,2341.71,2328.13,13.579999999999927,short,2024-06-05 09:50:00,2345.97,2024-06-05 10:00:00,2024-06-05 10:05:00,2338.71,2345.97,2324.1900000000005,7.2599999999997635,False,extreme,2024-06-05 10:20:00,2345.97,stop,4,-1.0,5,0.006887052341598021,-1.006887052341598,0.6377410468319917,1.1033057851239703
XAUUSD,NY,2024-06-06,Thursday,1,2371.44,2362.25,9.190000000000055,long,2024-06-06 04:15:00,2360.91,2024-06-06 04:25:00,2024-06-06 04:30:00,2362.54,2360.91,2365.8,1.6300000000001091,False,extreme,2024-06-06 04:30:00,2360.91,stop,1,-1.0,5,0.03067484662576482,-1.030674846625765,0.04907975460117907,1.3496932515335405
XAUUSD,NY,2024-06-06,Thursday,2,2371.44,2362.25,9.190000000000055,long,2024-06-06 04:30:00,2359.82,2024-06-06 04:50:00,2024-06-06 04:55:00,2362.83,2359.82,2368.8499999999995,3.0099999999997635,False,extreme,2024-06-06 05:30:00,2359.82,stop,8,-1.0,5,0.01661129568106443,-1.0166112956810645,0.3687707641196726,1.0863787375416076
XAUUSD,NY,2024-06-06,Thursday,3,2371.44,2362.25,9.190000000000055,long,2024-06-06 05:20:00,2353.5,2024-06-06 09:30:00,2024-06-06 09:35:00,2365.41,2353.5,2389.2299999999996,11.909999999999854,False,extreme,2024-06-06 23:55:00,2380.21,end_of_day,161,1.2426532325776962,0,0.0,1.2426532325776962,1.3904282115869142,0.5818639798488598
XAUUSD,NY,2024-06-11,Tuesday,1,2305.46,2297.77,7.690000000000055,short,2024-06-11 04:05:00,2306.58,2024-06-11 04:15:00,2024-06-11 04:20:00,2305.16,2306.58,2302.3199999999997,1.4200000000000728,False,extreme,2024-06-11 04:25:00,2306.58,stop,2,-1.0,5,0.035211267605632,-1.035211267605632,0.07042253521119995,1.83802816901408
XAUUSD,NY,2024-06-11,Tuesday,2,2305.46,2297.77,7.690000000000055,short,2024-06-11 04:20:00,2307.77,2024-06-11 04:50:00,2024-06-11 04:55:00,2305.14,2307.77,2299.8799999999997,2.630000000000109,False,extreme,2024-06-11 06:20:00,2307.77,stop,18,-1.0,5,0.019011406844105676,-1.0190114068441056,1.3536121673003032,1.0988593155894324
XAUUSD,NY,2024-06-12,Wednesday,1,2317.78,2311.22,6.5600000000004,short,2024-06-12 08:30:00,2341.66,2024-06-12 15:20:00,2024-06-12 15:25:00,2316.9,2326.3,2298.1,9.400000000000091,True,swing,2024-06-12 23:55:00,2314.29,end_of_day,91,0.27765957446809597,1,0.0010638297872340324,0.27659574468086195,0.9287234042553121,0.9244680851063798
XAUUSD,NY,2024-06-13,Thursday,1,2318.61,2309.06,9.550000000000182,short,2024-06-13 06:20:00,2320.02,2024-06-13 06:35:00,2024-06-13 06:40:00,2318.4,2320.02,2315.1600000000003,1.6199999999998909,False,extreme,2024-06-13 07:00:00,2315.1600000000003,target,5,2.0,5,0.030864197530866277,1.9691358024691337,2.376543209876647,0.8148148148146901
XAUUSD,NY,2024-06-13,Thursday,2,2318.61,2309.06,9.550000000000182,long,2024-06-13 07:35:00,2303.99,2024-06-13 08:00:00,2024-06-13 08:05:00,2309.34,2303.99,2320.040000000001,5.350000000000364,False,extreme,2024-06-13 08:30:00,2320.040000000001,target,6,2.0,5,0.009345794392522729,1.9906542056074772,2.028037383177415,0.6953271028037387
XAUUSD,NY,2024-06-13,Thursday,3,2318.61,2309.06,9.550000000000182,short,2024-06-13 08:30:00,2326.72,2024-06-13 09:10:00,2024-06-13 09:15:00,2318.29,2326.72,2301.4300000000003,8.429999999999836,False,extreme,2024-06-13 11:45:00,2301.4300000000003,target,31,2.0,5,0.005931198102016723,1.9940688018979833,2.0035587188612336,0.7686832740213694
XAUUSD,NY,2024-06-14,Friday,1,2316.73,2303.56,13.170000000000073,short,2024-06-14 04:00:00,2321.69,2024-06-14 04:40:00,2024-06-14 04:45:00,2316.69,2321.69,2306.69,5.0,False,extreme,2024-06-14 05:45:00,2321.69,stop,13,-1.0,5,0.01,-1.01,0.2859999999999673,1.0979999999999563
XAUUSD,NY,2024-06-17,Monday,1,2326.24,2315.52,10.7199999999998,long,2024-06-17 11:30:00,2310.05,2024-06-17 12:30:00,2024-06-17 12:35:00,2315.78,2310.05,2327.2400000000002,5.730000000000018,False,extreme,2024-06-17 23:55:00,2324.48,end_of_day,125,1.5183246073298065,5,0.008726003490401368,1.5095986038394051,1.7277486910994075,0.4240837696335573
XAUUSD,NY,2024-06-18,Tuesday,1,2324.87,2315.07,9.799999999999727,long,2024-06-18 04:00:00,2306.62,2024-06-18 08:30:00,2024-06-18 08:35:00,2317.06,2306.62,2337.94,10.440000000000055,False,extreme,2024-06-18 23:55:00,2328.34,end_of_day,173,1.080459770114956,5,0.004789272030651316,1.0756704980843048,1.543103448275866,0.38697318007662285
XAUUSD,NY,2024-06-19,Wednesday,1,2332.72,2326.86,5.859999999999673,short,2024-06-19 04:00:00,2335.01,2024-06-19 04:35:00,2024-06-19 04:40:00,2332.61,2335.01,2327.81,2.400000000000091,False,extreme,2024-06-19 05:40:00,2327.81,target,13,2.0,5,0.020833333333332545,1.9791666666666674,2.016666666666651,0.23749999999986973
XAUUSD,NY,2024-06-19,Wednesday,2,2332.72,2326.86,5.859999999999673,long,2024-06-19 07:00:00,2325.89,2024-06-19 07:15:00,2024-06-19 07:20:00,2327.31,2325.89,2330.15,1.4200000000000728,False,extreme,2024-06-19 07:40:00,2330.15,target,5,2.0,5,0.035211267605632,1.964788732394368,2.10563380281696,0.028169014084479978
XAUUSD,NY,2024-06-19,Wednesday,3,2332.72,2326.86,5.859999999999673,long,2024-06-19 08:30:00,2325.32,2024-06-19 08:40:00,2024-06-19 08:45:00,2327.15,2325.32,2330.81,1.8299999999999272,False,extreme,2024-06-19 09:20:00,2330.81,target,8,2.0,5,0.027322404371585788,1.9726775956284142,2.0327868852458733,0.15846994535517767
XAUUSD,NY,2024-06-19,Wednesday,4,2332.72,2326.86,5.859999999999673,long,2024-06-19 10:00:00,2323.78,2024-06-19 10:15:00,2024-06-19 10:20:00,2327.1,2323.78,2333.7399999999993,3.319999999999709,False,extreme,2024-06-19 21:00:00,2333.7399999999993,target,87,2.0,5,0.015060240963856743,1.9849397590361433,2.1234939759038554,0.7319277108433884
XAUUSD,NY,2024-06-19,Wednesday,5,2332.72,2326.86,5.859999999999673,short,2024-06-19 21:00:00,2334.66,2024-06-19 21:15:00,2024-06-19 21:20:00,2331.68,2334.66,2325.72,2.980000000000018,False,extreme,2024-06-19 21:30:00,2334.66,stop,3,-1.0,5,0.016778523489932785,-1.0167785234899327,0.25167785234899176,1.738255033557134
XAUUSD,NY,2024-06-19,Wednesday,6,2332.72,2326.86,5.859999999999673,short,2024-06-19 21:30:00,2339.03,2024-06-19 23:00:00,2024-06-19 23:05:00,2332.64,2339.03,2319.859999999999,6.390000000000327,False,extreme,2024-06-19 23:55:00,2333.99,end_of_day,11,-0.21126760563377775,5,0.007824726134584889,-0.21909233176836262,0.0344287949921422,0.2848200312989156
XAUUSD,NY,2024-06-20,Thursday,1,2345.71,2333.86,11.849999999999909,long,2024-06-20 04:15:00,2333.11,2024-06-20 04:20:00,2024-06-20 04:25:00,2333.86,2333.11,2335.36,0.75,False,extreme,2024-06-20 04:30:00,2333.11,stop,2,-1.0,5,0.06666666666666667,-1.0666666666666667,0.7066666666663272,1.5733333333337214
XAUUSD,NY,2024-06-20,Thursday,2,2345.71,2333.86,11.849999999999909,long,2024-06-20 04:40:00,2333.59,2024-06-20 04:45:00,2024-06-20 04:50:00,2334.57,2333.59,2336.53,0.9800000000000182,False,extreme,2024-06-20 04:50:00,2333.59,stop,1,-1.0,5,0.051020408163264364,-1.0510204081632644,0.31632653061218335,1.3061224489797718
XAUUSD,NY,2024-06-20,Thursday,3,2345.71,2333.86,11.849999999999909,long,2024-06-20 04:55:00,2332.86,2024-06-20 05:00:00,2024-06-20 05:05:00,2333.9,2332.86,2335.98,1.0399999999999636,False,extreme,2024-06-20 05:10:00,2332.86,stop,2,-1.0,5,0.04807692307692476,-1.0480769230769247,0.0,2.1442307692308615
XAUUSD,NY,2024-06-20,Thursday,4,2345.71,2333.86,11.849999999999909,long,2024-06-20 05:05:00,2331.67,2024-06-20 05:15:00,2024-06-20 05:20:00,2334.07,2331.67,2338.8700000000003,2.400000000000091,False,extreme,2024-06-20 06:40:00,2338.8700000000003,target,17,2.0,5,0.020833333333332545,1.9791666666666674,2.133333333333207,0.6333333333333018
XAUUSD,NY,2024-06-21,Friday,1,2365.67,2355.17,10.5,short,2024-06-21 04:20:00,2368.15,2024-06-21 04:40:00,2024-06-21 04:45:00,2365.08,2368.15,2358.9399999999996,3.0700000000001637,False,extreme,2024-06-21 07:35:00,2368.15,stop,35,-1.0,5,0.016286644951139198,-1.0162866449511392,1.1921824104233418,1.2019543973940905
XAUUSD,NY,2024-06-21,Friday,2,2365.67,2355.17,10.5,short,2024-06-21 07:30:00,2368.77,2024-06-21 07:40:00,2024-06-21 07:45:00,2365.52,2368.77,2359.02,3.25,False,extreme,2024-06-21 09:20:00,2359.02,target,20,2.0,5,0.015384615384615385,1.9846153846153847,2.587692307692263,0.7999999999999721
XAUUSD,NY,2024-06-24,Monday,1,2331.87,2321.43,10.440000000000055,short,2024-06-24 04:00:00,2332.85,2024-06-24 04:05:00,2024-06-24 04:10:00,2330.64,2332.85,2326.22,2.2100000000000364,False,extreme,2024-06-24 05:05:00,2326.22,target,12,2.0,0,0.0,2.0,2.0226244343890163,0.5294117647059066
XAUUSD,NY,2024-06-24,Monday,2,2331.87,2321.43,10.440000000000055,short,2024-06-24 09:30:00,2333.92,2024-06-24 09:40:00,2024-06-24 09:45:00,2331.18,2333.92,2325.6999999999994,2.7400000000002365,False,extreme,2024-06-24 14:15:00,2333.92,stop,55,-1.0,5,0.01824817518248018,-1.0182481751824801,1.565693430656786,1.0036496350364097
XAUUSD,NY,2024-06-24,Monday,3,2331.87,2321.43,10.440000000000055,short,2024-06-24 13:55:00,2334.71,2024-06-24 15:15:00,2024-06-24 15:20:00,2331.15,2334.71,2324.03,3.5599999999999454,False,extreme,2024-06-24 21:45:00,2324.03,target,66,2.0,5,0.014044943820224936,1.985955056179775,2.1685393258428016,0.9691011235954694
XAUUSD,NY,2024-06-25,Tuesday,1,2330.15,2322.75,7.400000000000091,short,2024-06-25 05:05:00,2331.17,2024-06-25 05:10:00,2024-06-25 05:15:00,2329.95,2331.17,2327.5099999999993,1.2200000000002547,False,extreme,2024-06-25 05:15:00,2331.17,stop,1,-1.0,5,0.0409836065573685,-1.0409836065573685,0.016393442622932488,3.3114754098353445
XAUUSD,NY,2024-06-25,Tuesday,2,2330.15,2322.75,7.400000000000091,short,2024-06-25 05:15:00,2337.13,2024-06-25 07:35:00,2024-06-25 07:40:00,2329.34,2337.13,2313.76,7.789999999999964,False,extreme,2024-06-25 21:35:00,2313.76,target,156,2.0,5,0.0064184852374839845,1.993581514762516,2.2079589216945252,0.15532734274711707
XAUUSD,NY,2024-06-26,Wednesday,1,2318.22,2309.74,8.480000000000018,long,2024-06-26 06:20:00,2307.8,2024-06-26 06:35:00,2024-06-26 06:40:00,2310.99,2307.8,2317.369999999999,3.1899999999996,False,extreme,2024-06-26 07:00:00,2307.8,stop,5,-1.0,5,0.015673981191224536,-1.0156739811912245,0.0,1.6175548589343265
XAUUSD,NY,2024-06-26,Wednesday,2,2318.22,2309.74,8.480000000000018,long,2024-06-26 06:50:00,2304.45,2024-06-26 07:40:00,2024-06-26 07:45:00,2311.43,2304.45,2325.39,6.980000000000018,False,extreme,2024-06-26 09:10:00,2304.45,stop,18,-1.0,5,0.007163323782234938,-1.0071633237822348,0.9255014326647593,1.2306590257879182
XAUUSD,NY,2024-06-27,Thursday,1,2303.49,2296.56,6.929999999999836,short,2024-06-27 04:00:00,2304.29,2024-06-27 04:05:00,2024-06-27 04:10:00,2303.38,2304.29,2301.5600000000004,0.9099999999998545,False,extreme,2024-06-27 04:10:00,2304.29,stop,1,-1.0,5,0.054945054945063736,-1.0549450549450636,0.021978021978005503,1.2417582417585602
XAUUSD,NY,2024-06-28,Friday,1,2328.88,2319.78,9.099999999999909,short,2024-06-28 04:20:00,2331.94,2024-06-28 04:55:00,2024-06-28 05:00:00,2328.76,2331.94,2322.4000000000005,3.1799999999998363,False,extreme,2024-06-28 06:15:00,2331.94,stop,16,-1.0,5,0.015723270440252384,-1.0157232704402523,0.45597484276740485,1.4150943396227145
XAUUSD,NY,2024-06-28,Friday,2,2328.88,2319.78,9.099999999999909,short,2024-06-28 05:40:00,2339.76,2024-06-28 09:30:00,2024-06-28 09:35:00,2327.87,2339.76,2304.0899999999992,11.890000000000327,False,extreme,2024-06-28 16:55:00,2326.4,friday_close,89,0.12363330529854999,5,0.0042052144659376475,0.11942809083261234,0.4154751892346441,0.49453322119427645
XAUUSD,NY,2024-07-01,Monday,1,2329.04,2318.56,10.480000000000018,short,2024-07-01 05:15:00,2329.51,2024-07-01 05:20:00,2024-07-01 05:25:00,2327.95,2329.51,2324.829999999999,1.5600000000004002,False,extreme,2024-07-01 06:00:00,2329.51,stop,8,-1.0,5,0.03205128205127383,-1.032051282051274,1.0769230769226956,1.2435897435894596
XAUUSD,NY,2024-07-01,Monday,2,2329.04,2318.56,10.480000000000018,short,2024-07-01 06:00:00,2329.89,2024-07-01 06:10:00,2024-07-01 06:15:00,2329.04,2329.89,2327.34,0.849999999999909,False,extreme,2024-07-01 06:15:00,2329.89,stop,1,-1.0,5,0.058823529411771006,-1.058823529411771,0.200000000000107,1.423529411764901
XAUUSD,NY,2024-07-01,Monday,3,2329.04,2318.56,10.480000000000018,short,2024-07-01 06:15:00,2330.25,2024-07-01 06:20:00,2024-07-01 06:25:00,2328.93,2330.25,2326.2899999999995,1.3200000000001637,False,extreme,2024-07-01 06:35:00,2330.25,stop,3,-1.0,5,0.03787878787878318,-1.0378787878787832,0.2727272727269909,1.6363636363636678
XAUUSD,NY,2024-07-01,Monday,4,2329.04,2318.56,10.480000000000018,short,2024-07-01 06:25:00,2338.54,2024-07-01 08:45:00,2024-07-01 08:50:00,2328.29,2338.54,2307.79,10.25,False,extreme,2024-07-01 23:55:00,2326.08,end_of_day,170,0.21560975609756453,5,0.004878048780487805,0.21073170731707672,0.8751219512194927,0.5960975609756222
XAUUSD,NY,2024-07-02,Tuesday,1,2331.82,2323.36,8.460000000000036,short,2024-07-02 04:15:00,2332.12,2024-07-02 04:20:00,2024-07-02 04:25:00,2330.47,2332.12,2327.1699999999996,1.650000000000091,False,extreme,2024-07-02 04:50:00,2332.12,stop,6,-1.0,5,0.030303030303028635,-1.0303030303030287,1.2181818181816078,1.2545454545454846
XAUUSD,NY,2024-07-02,Tuesday,2,2331.82,2323.36,8.460000000000036,long,2024-07-02 07:40:00,2319.07,2024-07-02 08:35:00,2024-07-02 08:40:00,2324.92,2319.07,2336.62,5.849999999999909,False,extreme,2024-07-02 09:50:00,2336.62,target,15,2.0,5,0.00854700854700868,1.9914529914529913,2.032478632478642,0.06324786324784558
XAUUSD,NY,2024-07-02,Tuesday,3,2331.82,2323.36,8.460000000000036,short,2024-07-02 09:40:00,2336.81,2024-07-02 10:00:00,2024-07-02 10:05:00,2331.31,2336.81,2320.31,5.5,False,extreme,2024-07-02 23:55:00,2331.74,end_of_day,155,-0.07818181818178842,5,0.009090909090909092,-0.08727272727269751,1.8763636363636662,0.22909090909094879
XAUUSD,NY,2024-07-03,Wednesday,1,2347.21,2331.75,15.460000000000036,short,2024-07-03 04:10:00,2347.59,2024-07-03 04:15:00,2024-07-03 04:20:00,2346.04,2347.59,2342.9399999999996,1.550000000000182,False,extreme,2024-07-03 05:25:00,2342.9399999999996,target,14,2.0,5,0.03225806451612525,1.9677419354838748,2.2258064516125247,0.47096774193544033
XAUUSD,NY,2024-07-03,Wednesday,2,2347.21,2331.75,15.460000000000036,short,2024-07-03 06:00:00,2348.52,2024-07-03 06:05:00,2024-07-03 06:10:00,2345.88,2348.52,2340.6000000000004,2.6399999999998727,False,extreme,2024-07-03 06:35:00,2348.52,stop,6,-1.0,5,0.018939393939394852,-1.018939393939395,0.484848484848584,1.3219696969696781
XAUUSD,NY,2024-07-03,Wednesday,3,2347.21,2331.75,15.460000000000036,short,2024-07-03 06:35:00,2349.53,2024-07-03 06:55:00,2024-07-03 07:00:00,2346.95,2349.53,2341.789999999999,2.580000000000382,False,extreme,2024-07-03 08:20:00,2349.53,stop,17,-1.0,5,0.01937984496123744,-1.0193798449612375,1.7364341085268817,1.0620155038759034
XAUUSD,NY,2024-07-04,Thursday,1,2359.59,2350.52,9.070000000000164,short,2024-07-04 08:05:00,2360.4,2024-07-04 08:10:00,2024-07-04 08:15:00,2359.15,2360.4,2356.65,1.25,False,extreme,2024-07-04 10:15:00,2360.4,stop,25,-1.0,5,0.04,-1.04,1.7040000000000872,1.1439999999998691
XAUUSD,NY,2024-07-04,Thursday,2,2359.59,2350.52,9.070000000000164,short,2024-07-04 10:10:00,2361.91,2024-07-04 10:50:00,2024-07-04 10:55:00,2358.55,2361.91,2351.830000000001,3.3599999999996726,False,extreme,2024-07-04 22:25:00,2361.91,stop,97,-1.0,5,0.014880952380953832,-1.0148809523809539,1.2708333333334518,1.077380952381025
XAUUSD,NY,2024-07-05,Friday,1,2367.55,2361.41,6.140000000000327,short,2024-07-05 08:00:00,2367.89,2024-07-05 08:05:00,2024-07-05 08:10:00,2366.85,2367.89,2364.77,1.0399999999999636,False,extreme,2024-07-05 08:15:00,2367.89,stop,2,-1.0,5,0.04807692307692476,-1.0480769230769247,0.35576923076913824,1.6538461538464566
XAUUSD,NY,2024-07-05,Friday,2,2367.55,2361.41,6.140000000000327,short,2024-07-05 08:30:00,2376.22,2024-07-05 08:35:00,2024-07-05 08:40:00,2365.84,2376.22,2345.080000000001,10.379999999999654,False,extreme,2024-07-05 09:10:00,2376.22,stop,7,-1.0,5,0.004816955684007868,-1.0048169556840079,0.07514450867054201,1.3776493256262239
XAUUSD,NY,2024-07-08,Monday,1,2386.79,2376.7,10.090000000000146,long,2024-07-08 04:30:00,2368.36,2024-07-08 10:00:00,2024-07-08 10:05:00,2377.83,2368.36,2396.7699999999995,9.4699999999998,False,extreme,2024-07-08 11:30:00,2368.36,stop,18,-1.0,5,0.005279831045406659,-1.0052798310454067,0.18479408658923305,1.2513199577613685
XAUUSD,NY,2024-07-09,Tuesday,1,2368.79,2358.41,10.38000000000011,long,2024-07-09 07:40:00,2357.6,2024-07-09 07:45:00,2024-07-09 07:50:00,2359.16,2357.6,2362.2799999999997,1.5599999999999454,False,extreme,2024-07-09 08:25:00,2357.6,stop,8,-1.0,5,0.03205128205128317,-1.0320512820512833,1.397435897436133,1.8076923076921843
XAUUSD,NY,2024-07-09,Tuesday,2,2368.79,2358.41,10.38000000000011,long,2024-07-09 08:20:00,2356.15,2024-07-09 08:45:00,2024-07-09 08:50:00,2358.49,2356.15,2363.169999999999,2.3399999999996908,False,extreme,2024-07-09 09:05:00,2363.169999999999,target,4,2.0,5,0.021367521367524192,1.9786324786324758,2.470085470085882,0.19230769230764
XAUUSD,NY,2024-07-09,Tuesday,3,2368.79,2358.41,10.38000000000011,long,2024-07-09 10:55:00,2349.49,2024-07-09 11:45:00,2024-07-09 11:50:00,2358.97,2349.49,2377.93,9.480000000000018,False,extreme,2024-07-09 23:55:00,2368.21,end_of_day,134,0.9746835443038205,5,0.005274261603375518,0.969409282700445,1.1962025316455827,0.2510548523206382
XAUUSD,NY,2024-07-10,Wednesday,1,2374.98,2366.66,8.320000000000164,short,2024-07-10 06:35:00,2375.36,2024-07-10 06:40:00,2024-07-10 06:45:00,2373.63,2375.36,2370.17,1.7300000000000182,False,extreme,2024-07-10 07:30:00,2375.36,stop,10,-1.0,5,0.02890173410404594,-1.0289017341040458,1.0520231213873668,1.080924855491255
XAUUSD,NY,2024-07-10,Wednesday,2,2374.98,2366.66,8.320000000000164,short,2024-07-10 07:30:00,2386.68,2024-07-10 10:55:00,2024-07-10 11:00:00,2374.93,2386.68,2351.43,11.75,False,extreme,2024-07-10 23:55:00,2378.72,end_of_day,144,-0.3225531914893586,5,0.00425531914893617,-0.3268085106382948,0.42127659574466536,0.5472340425532163
XAUUSD,NY,2024-07-11,Thursday,1,2383.28,2378.55,4.730000000000018,short,2024-07-11 04:10:00,2384.15,2024-07-11 04:15:00,2024-07-11 04:20:00,2381.51,2384.15,2376.2300000000005,2.6399999999998727,False,extreme,2024-07-11 05:10:00,2384.15,stop,11,-1.0,5,0.018939393939394852,-1.018939393939395,0.5681818181818455,1.1742424242424465
XAUUSD,NY,2024-07-11,Thursday,2,2383.28,2378.55,4.730000000000018,short,2024-07-11 05:05:00,2384.63,2024-07-11 05:25:00,2024-07-11 05:30:00,2382.99,2384.63,2379.709999999999,1.6400000000003274,False,extreme,2024-07-11 07:50:00,2379.709999999999,target,29,2.0,5,0.030487804878042694,1.9695121951219574,2.3780487804871084,0.8109756097561686
XAUUSD,NY,2024-07-12,Friday,1,2410.14,2400.37,9.769999999999982,long,2024-07-12 06:45:00,2399.87,2024-07-12 06:50:00,2024-07-12 06:55:00,2400.51,2399.87,2401.790000000001,0.6400000000003274,False,extreme,2024-07-12 06:55:00,2399.87,stop,1,-1.0,5,0.07812499999996003,-1.07812499999996,0.49999999999928946,1.0
XAUUSD,NY,2024-07-12,Friday,2,2410.14,2400.37,9.769999999999982,long,2024-07-12 06:55:00,2398.36,2024-07-12 07:10:00,2024-07-12 07:15:00,2401.89,2398.36,2408.9499999999994,3.5299999999997453,False,extreme,2024-07-12 08:30:00,2398.36,stop,16,-1.0,5,0.01416430594900952,-1.0141643059490095,0.6997167138811424,2.753541076487394
XAUUSD,NY,2024-07-12,Friday,3,2410.14,2400.37,9.769999999999982,long,2024-07-12 08:30:00,2391.45,2024-07-12 09:05:00,2024-07-12 09:10:00,2403.75,2391.45,2428.3500000000004,12.300000000000182,False,extreme,2024-07-12 16:55:00,2411.59,friday_close,94,0.6373983739837422,5,0.004065040650406444,0.6333333333333357,1.18292682926829,0.34390243902438666
XAUUSD,NY,2024-07-15,Monday,1,2413.94,2401.37,12.570000000000164,short,2024-07-15 06:50:00,2420.87,2024-07-15 08:50:00,2024-07-15 08:55:00,2413.86,2420.87,2399.8400000000006,7.0099999999997635,False,extreme,2024-07-15 10:05:00,2420.87,stop,15,-1.0,5,0.007132667617689257,-1.0071326676176893,0.33380884450787796,1.3609129814551049
XAUUSD,NY,2024-07-16,Tuesday,1,2439.34,2425.16,14.180000000000291,short,2024-07-16 05:30:00,2443.4,2024-07-16 07:10:00,2024-07-16 07:15:00,2438.75,2443.4,2429.45,4.650000000000091,False,extreme,2024-07-16 08:25:00,2443.4,stop,15,-1.0,5,0.010752688172042802,-1.0107526881720428,0.11397849462369672,1.1483870967742025
XAUUSD,NY,2024-07-16,Tuesday,2,2439.34,2425.16,14.180000000000291,short,2024-07-16 07:50:00,2444.09,2024-07-16 08:30:00,2024-07-16 08:35:00,2439.03,2444.09,2428.9100000000003,5.059999999999945,False,extreme,2024-07-16 09:40:00,2444.09,stop,14,-1.0,4,0.007905138339921035,-1.0079051383399211,1.8873517786561829,1.539525691699614
XAUUSD,NY,2024-07-17,Wednesday,1,2474.44,2461.85,12.590000000000146,short,2024-07-17 04:00:00,2478.95,2024-07-17 04:30:00,2024-07-17 04:35:00,2472.43,2478.95,2459.39,6.519999999999982,False,extreme,2024-07-17 09:10:00,2478.95,stop,56,-1.0,5,0.0076687116564417394,-1.0076687116564418,0.8742331288343304,1.0812883435583132
XAUUSD,NY,2024-07-17,Wednesday,2,2474.44,2461.85,12.590000000000146,short,2024-07-17 09:00:00,2479.48,2024-07-17 09:15:00,2024-07-17 09:20:00,2473.78,2479.48,2462.3800000000006,5.699999999999818,False,extreme,2024-07-17 09:35:00,2479.48,stop,4,-1.0,0,0.0,-1.0,0.4263157894737489,1.1754385964912337
XAUUSD,NY,2024-07-17,Wednesday,3,2474.44,2461.85,12.590000000000146,short,2024-07-17 09:30:00,2483.69,2024-07-17 10:05:00,2024-07-17 10:10:00,2472.87,2483.69,2451.2299999999996,10.820000000000164,False,extreme,2024-07-17 23:55:00,2468.05,end_of_day,154,0.44547134935301624,5,0.004621072088724514,0.4408502772642917,1.9676524953788948,0.01663585951943515
XAUUSD,NY,2024-07-18,Thursday,1,2474.94,2464.65,10.289999999999964,long,2024-07-18 06:05:00,2461.56,2024-07-18 06:40:00,2024-07-18 06:45:00,2464.77,2461.56,2471.19,3.2100000000000364,False,extreme,2024-07-18 09:10:00,2461.56,stop,30,-1.0,5,0.015576323987538766,-1.0155763239875388,1.2866043613707359,1.3738317757008738
XAUUSD,NY,2024-07-18,Thursday,2,2474.94,2464.65,10.289999999999964,long,2024-07-18 09:05:00,2457.67,2024-07-18 09:55:00,2024-07-18 10:00:00,2465.12,2457.67,2480.0199999999995,7.449999999999818,False,extreme,2024-07-18 12:00:00,2457.67,stop,25,-1.0,5,0.006711409395973319,-1.0067114093959733,0.642953020134239,1.1879194630872651
XAUUSD,NY,2024-07-19,Friday,1,2429.32,2412.97,16.350000000000364,long,2024-07-19 06:05:00,2410.75,2024-07-19 06:15:00,2024-07-19 06:20:00,2413.18,2410.75,2418.0399999999995,2.4299999999998363,False,extreme,2024-07-19 07:00:00,2410.75,stop,9,-1.0,5,0.020576131687244186,-1.0205761316872441,0.930041152263527,1.0699588477366602
XAUUSD,NY,2024-07-19,Friday,2,2429.32,2412.97,16.350000000000364,long,2024-07-19 06:50:00,2410.49,2024-07-19 07:25:00,2024-07-19 07:30:00,2413.91,2410.49,2420.75,3.4200000000000728,False,extreme,2024-07-19 07:50:00,2410.49,stop,5,-1.0,5,0.014619883040935363,-1.0146198830409354,0.1432748538012357,1.4824561403507606
XAUUSD,NY,2024-07-22,Monday,1,2407.39,2399.01,8.379999999999654,short,2024-07-22 06:45:00,2408.43,2024-07-22 06:50:00,2024-07-22 06:55:00,2406.84,2408.43,2403.6600000000008,1.5899999999996908,False,extreme,2024-07-22 07:20:00,2403.6600000000008,target,6,2.0,5,0.031446540880509265,1.9685534591194906,2.6352201257867103,0.5031446540879766
XAUUSD,NY,2024-07-22,Monday,2,2407.39,2399.01,8.379999999999654,long,2024-07-22 07:55:00,2388.85,2024-07-22 09:00:00,2024-07-22 09:05:00,2399.04,2388.85,2419.42,10.190000000000055,False,extreme,2024-07-22 10:25:00,2388.85,stop,17,-1.0,5,0.004906771344455323,-1.0049067713444553,0.11285574092248134,1.218842001962709
XAUUSD,NY,2024-07-22,Monday,3,2407.39,2399.01,8.379999999999654,long,2024-07-22 09:05:00,2383.92,2024-07-22 15:50:00,2024-07-22 15:55:00,2399.44,2383.92,2430.48,15.519999999999982,False,extreme,2024-07-22 23:55:00,2398.38,end_of_day,85,-0.06829896907216151,5,0.0032216494845360866,-0.0715206185566976,0.29510309278350083,0.2983247422680486
XAUUSD,NY,2024-07-24,Wednesday,1,2419.23,2411.69,7.539999999999964,long,2024-07-24 05:15:00,2409.83,2024-07-24 05:20:00,2024-07-24 05:25:00,2412.17,2409.83,2416.8500000000004,2.3400000000001455,False,extreme,2024-07-24 07:50:00,2416.8500000000004,target,30,2.0,5,0.02136752136752004,1.97863247863248,2.0384615384614038,0.6581196581196016
XAUUSD,NY,2024-07-24,Wednesday,2,2419.23,2411.69,7.539999999999964,short,2024-07-24 08:15:00,2419.58,2024-07-24 08:20:00,2024-07-24 08:25:00,2418.08,2419.58,2415.08,1.5,False,extreme,2024-07-24 08:30:00,2419.58,stop,2,-1.0,5,0.03333333333333333,-1.0333333333333334,1.2133333333331393,1.6333333333335152
XAUUSD,NY,2024-07-24,Wednesday,3,2419.23,2411.69,7.539999999999964,short,2024-07-24 08:30:00,2420.53,2024-07-24 08:35:00,2024-07-24 08:40:00,2418.28,2420.53,2413.78,2.25,False,extreme,2024-07-24 08:50:00,2420.53,stop,3,-1.0,5,0.022222222222222223,-1.0222222222222221,0.8044444444446223,1.2933333333332686
XAUUSD,NY,2024-07-24,Wednesday,4,2419.23,2411.69,7.539999999999964,short,2024-07-24 08:50:00,2423.07,2024-07-24 09:10:00,2024-07-24 09:15:00,2417.84,2423.07,2407.38,5.230000000000018,False,extreme,2024-07-24 09:35:00,2423.07,stop,5,-1.0,5,0.00956022944550666,-1.0095602294455066,0.79349904397707,1.145315487571656
XAUUSD,NY,2024-07-24,Wednesday,5,2419.23,2411.69,7.539999999999964,short,2024-07-24 09:35:00,2432.02,2024-07-24 12:55:00,2024-07-24 13:00:00,2419.09,2432.02,2393.2300000000005,12.929999999999836,False,extreme,2024-07-24 18:20:00,2393.2300000000005,target,53,2.0,5,0.0038669760247486955,1.9961330239752513,2.0146945088940846,0.040989945862316475
XAUUSD,NY,2024-07-25,Thursday,1,2378.78,2365.87,12.91000000000031,short,2024-07-25 06:50:00,2382.52,2024-07-25 07:05:00,2024-07-25 07:10:00,2378.67,2382.52,2370.9700000000003,3.849999999999909,False,extreme,2024-07-25 07:35:00,2370.9700000000003,target,6,2.0,5,0.012987012987013295,1.9870129870129867,2.0233766233766617,0.07012987012986706
XAUUSD,NY,2024-07-25,Thursday,2,2378.78,2365.87,12.91000000000031,long,2024-07-25 08:00:00,2362.83,2024-07-25 08:20:00,2024-07-25 08:25:00,2374.96,2362.83,2399.2200000000003,12.13000000000011,False,extreme,2024-07-25 09:50:00,2362.83,stop,18,-1.0,5,0.00412201154163228,-1.0041220115416323,0.1665292662819426,1.0090684253916016
XAUUSD,NY,2024-07-25,Thursday,3,2378.78,2365.87,12.91000000000031,long,2024-07-25 09:45:00,2358.06,2024-07-25 10:25:00,2024-07-25 10:30:00,2366.16,2358.06,2382.3599999999997,8.099999999999909,False,extreme,2024-07-25 12:05:00,2358.06,stop,20,-1.0,5,0.006172839506172909,-1.0061728395061729,0.2888888888889101,1.0197530864197353
XAUUSD,NY,2024-07-25,Thursday,4,2378.78,2365.87,12.91000000000031,long,2024-07-25 11:40:00,2353.14,2024-07-25 21:30:00,2024-07-25 21:35:00,2367.35,2353.14,2395.77,14.210000000000036,False,extreme,2024-07-25 23:55:00,2371.77,end_of_day,29,0.3110485573539804,5,0.0035186488388458744,0.3075299085151345,0.8451794510907943,0.014778325123155231
XAUUSD,NY,2024-07-29,Monday,1,2396.23,2389.53,6.699999999999818,long,2024-07-29 04:20:00,2386.98,2024-07-29 04:40:00,2024-07-29 04:45:00,2390.03,2386.98,2396.1300000000006,3.050000000000182,False,extreme,2024-07-29 07:55:00,2386.98,stop,39,-1.0,5,0.016393442622949842,-1.01639344262295,1.7704918032784636,1.0229508196721835
XAUUSD,NY,2024-07-29,Monday,2,2396.23,2389.53,6.699999999999818,long,2024-07-29 07:50:00,2385.52,2024-07-29 08:25:00,2024-07-29 08:30:00,2390.39,2385.52,2400.1299999999997,4.869999999999891,False,extreme,2024-07-29 10:40:00,2385.52,stop,27,-1.0,5,0.01026694045174561,-1.0102669404517457,1.3100616016427622,2.024640657084167
XAUUSD,NY,2024-07-30,Tuesday,1,2392.03,2385.73,6.300000000000182,short,2024-07-30 09:15:00,2397.78,2024-07-30 10:00:00,2024-07-30 10:05:00,2389.53,2397.78,2373.03,8.25,False,extreme,2024-07-30 12:55:00,2397.78,stop,35,-1.0,5,0.006060606060606061,-1.006060606060606,0.7357575757575956,1.3187878787878369
XAUUSD,NY,2024-07-31,Wednesday,1,2425.47,2414.46,11.009999999999764,short,2024-07-31 09:50:00,2429.07,2024-07-31 10:20:00,2024-07-31 10:25:00,2422.86,2429.07,2410.44,6.210000000000036,False,extreme,2024-07-31 14:35:00,2429.07,stop,51,-1.0,5,0.008051529790660178,-1.0080515297906603,0.5813204508856854,1.0579710144927006
XAUUSD,NY,2024-08-01,Thursday,1,2448.9,2439.96,8.940000000000055,long,2024-08-01 04:20:00,2430.27,2024-08-01 07:50:00,2024-08-01 07:55:00,2441.53,2430.27,2464.0500000000006,11.260000000000218,False,extreme,2024-08-01 23:55:00,2454.56,end_of_day,181,1.1571936056837915,5,0.0044404973357015124,1.15275310834809,1.845470692717526,0.582593250444074
XAUUSD,NY,2024-08-02,Friday,1,2468.46,2454.34,14.11999999999989,short,2024-08-02 08:30:00,2477.72,2024-08-02 09:00:00,2024-08-02 09:05:00,2464.01,2477.72,2436.590000000001,13.709999999999582,False,extreme,2024-08-02 10:40:00,2436.590000000001,target,20,2.0,5,0.00364697301239982,1.9963530269876002,2.175054704595264,0.7592997811816318
XAUUSD,NY,2024-08-05,Monday,1,2458.78,2422.24,36.54000000000042,long,2024-08-05 05:25:00,2420.79,2024-08-05 05:35:00,2024-08-05 05:40:00,2425.96,2420.79,2436.3,5.170000000000073,False,extreme,2024-08-05 06:20:00,2420.79,stop,9,-1.0,5,0.009671179883945705,-1.0096711798839457,0.5145067698258834,1.3829787234042534
XAUUSD,NY,2024-08-06,Tuesday,1,2412.62,2394.89,17.730000000000018,short,2024-08-06 04:10:00,2415.47,2024-08-06 04:15:00,2024-08-06 04:20:00,2412.29,2415.47,2405.9300000000003,3.1799999999998363,False,extreme,2024-08-06 05:35:00,2415.47,stop,16,-1.0,5,0.015723270440252384,-1.0157232704402523,1.2798742138365953,1.0314465408806193
XAUUSD,NY,2024-08-06,Tuesday,2,2412.62,2394.89,17.730000000000018,short,2024-08-06 05:15:00,2415.57,2024-08-06 05:45:00,2024-08-06 05:50:00,2412.51,2415.57,2406.3900000000003,3.0599999999999454,False,extreme,2024-08-06 06:10:00,2415.57,stop,5,-1.0,5,0.016339869281046044,-1.0163398692810461,0.0882352941177913,1.254901960784235
XAUUSD,NY,2024-08-06,Tuesday,3,2412.62,2394.89,17.730000000000018,short,2024-08-06 05:50:00,2416.35,2024-08-06 06:50:00,2024-08-06 06:55:00,2412.35,2416.35,2404.35,4.0,False,extreme,2024-08-06 08:20:00,2404.35,target,18,2.0,5,0.0125,1.9875,2.222499999999968,0.7450000000000045
XAUUSD,NY,2024-08-06,Tuesday,4,2412.62,2394.89,17.730000000000018,long,2024-08-06 08:45:00,2388.85,2024-08-06 09:25:00,2024-08-06 09:30:00,2395.82,2388.85,2409.7600000000007,6.970000000000255,False,extreme,2024-08-06 10:30:00,2388.85,stop,13,-1.0,5,0.007173601147775922,-1.0071736011477759,1.0588235294116763,1.3558106169296884
XAUUSD,NY,2024-08-06,Tuesday,5,2412.62,2394.89,17.730000000000018,long,2024-08-06 10:15:00,2381.78,2024-08-06 14:45:00,2024-08-06 14:50:00,2395.3,2381.78,2422.34,13.519999999999982,False,extreme,2024-08-06 20:05:00,2381.78,stop,52,-1.0,5,0.003698224852071011,-1.003698224852071,0.033284023668625644,1.0465976331361029
XAUUSD,NY,2024-08-07,Wednesday,1,2397.63,2385.75,11.88000000000011,short,2024-08-07 07:20:00,2398.43,2024-08-07 07:25:00,2024-08-07 07:30:00,2397.51,2398.43,2395.670000000001,0.919999999999618,False,extreme,2024-08-07 07:30:00,2398.43,stop,1,-1.0,5,0.05434782608697909,-1.0543478260869792,1.3478260869573384,1.3152173913044392
XAUUSD,NY,2024-08-07,Wednesday,2,2397.63,2385.75,11.88000000000011,short,2024-08-07 07:30:00,2398.72,2024-08-07 07:35:00,2024-08-07 07:40:00,2397.45,2398.72,2394.91,1.2699999999999818,False,extreme,2024-08-07 07:40:00,2394.91,target,1,2.0,5,0.03937007874015805,1.960629921259842,2.4488188976375724,0.039370078740301274
XAUUSD,NY,2024-08-07,Wednesday,3,2397.63,2385.75,11.88000000000011,short,2024-08-07 07:50:00,2407.06,2024-08-07 11:30:00,2024-08-07 11:35:00,2395.54,2407.06,2372.5,11.519999999999982,False,extreme,2024-08-07 23:55:00,2394.38,end_of_day,137,0.10069444444443197,5,0.004340277777777785,0.09635416666665418,1.2656249999999958,0.3680555555555767
XAUUSD,NY,2024-08-09,Friday,1,2427.05,2416.93,10.120000000000346,short,2024-08-09 06:30:00,2432.64,2024-08-09 07:40:00,2024-08-09 07:45:00,2426.9,2432.64,2415.4200000000005,5.739999999999782,False,extreme,2024-08-09 09:30:00,2432.64,stop,22,-1.0,5,0.008710801393728554,-1.0087108013937285,0.5365853658536662,1.0975609756097504
XAUUSD,NY,2024-08-09,Friday,2,2427.05,2416.93,10.120000000000346,short,2024-08-09 08:35:00,2433.2,2024-08-09 09:40:00,2024-08-09 09:45:00,2422.78,2433.2,2401.940000000001,10.419999999999618,False,extreme,2024-08-09 10:30:00,2433.2,stop,10,-1.0,5,0.0047984644913629405,-1.004798464491363,0.1612284069098227,1.1621880998080727
XAUUSD,NY,2024-08-12,Monday,1,2442.88,2428.3,14.579999999999927,short,2024-08-12 04:50:00,2443.85,2024-08-12 04:55:00,2024-08-12 05:00:00,2442.03,2443.85,2438.390000000001,1.819999999999709,False,extreme,2024-08-12 05:05:00,2443.85,stop,2,-1.0,5,0.027472527472531868,-1.0274725274725318,0.5934065934068982,1.043956043956011
XAUUSD,NY,2024-08-12,Monday,2,2442.88,2428.3,14.579999999999927,short,2024-08-12 05:15:00,2445.12,2024-08-12 05:25:00,2024-08-12 05:30:00,2442.18,2445.12,2436.2999999999997,2.9400000000000546,False,extreme,2024-08-12 08:30:00,2445.12,stop,37,-1.0,5,0.01700680272108812,-1.0170068027210881,0.8367346938775478,1.1088435374150196
XAUUSD,NY,2024-08-13,Tuesday,1,2466.17,2458.51,7.6599999999998545,short,2024-08-13 08:30:00,2472.54,2024-08-13 09:20:00,2024-08-13 09:25:00,2464.93,2472.54,2449.7099999999996,7.610000000000127,False,extreme,2024-08-13 09:40:00,2472.54,stop,4,-1.0,5,0.00657030223390265,-1.0065703022339028,0.12220762155056777,1.155059132720081
XAUUSD,NY,2024-08-13,Tuesday,2,2466.17,2458.51,7.6599999999998545,short,2024-08-13 09:25:00,2475.63,2024-08-13 10:30:00,2024-08-13 10:35:00,2464.73,2475.63,2442.93,10.900000000000091,False,extreme,2024-08-13 23:55:00,2460.92,end_of_day,149,0.3495412844036618,5,0.004587155963302714,0.34495412844035905,0.8541284403669603,0.7669724770642254
XAUUSD,NY,2024-08-14,Wednesday,1,2471.96,2459.28,12.679999999999836,short,2024-08-14 04:30:00,2478.66,2024-08-14 06:15:00,2024-08-14 06:20:00,2471.73,2478.66,2457.8700000000003,6.929999999999836,False,extreme,2024-08-14 08:30:00,2478.66,stop,27,-1.0,5,0.007215007215007386,-1.0072150072150075,1.3174603174603643,1.1962481962482192
XAUUSD,NY,2024-08-14,Wednesday,2,2471.96,2459.28,12.679999999999836,short,2024-08-14 08:35:00,2477.53,2024-08-14 08:40:00,2024-08-14 08:45:00,2470.52,2477.53,2456.4999999999995,7.010000000000218,False,extreme,2024-08-14 09:20:00,2456.4999999999995,target,8,2.0,5,0.007132667617688794,1.9928673323823112,2.9843081312410016,0.19543509272465737
XAUUSD,NY,2024-08-15,Thursday,1,2458.8,2450.38,8.420000000000073,short,2024-08-15 06:00:00,2460.32,2024-08-15 06:30:00,2024-08-15 06:35:00,2458.25,2460.32,2454.1099999999997,2.0700000000001637,False,extreme,2024-08-15 07:25:00,2460.32,stop,11,-1.0,5,0.024154589371978768,-1.0241545893719788,0.33816425120761484,1.1304347826086765
XAUUSD,NY,2024-08-15,Thursday,2,2458.8,2450.38,8.420000000000073,long,2024-08-15 09:35:00,2436.06,2024-08-15 10:25:00,2024-08-15 10:30:00,2452.28,2436.06,2484.7200000000007,16.220000000000255,False,extreme,2024-08-15 23:55:00,2452.5,end_of_day,150,0.013563501849555884,5,0.0030826140567200505,0.010480887792835833,0.5782983970406601,0.10480887792849854
XAUUSD,NY,2024-08-16,Friday,1,2464.52,2451.19,13.329999999999927,short,2024-08-16 06:10:00,2468.21,2024-08-16 06:50:00,2024-08-16 06:55:00,2464.28,2468.21,2456.4200000000005,3.9299999999998363,False,extreme,2024-08-16 07:05:00,2468.21,stop,3,-1.0,5,0.0127226463104331,-1.012722646310433,0.017811704834647998,1.213740458015313
XAUUSD,NY,2024-08-19,Monday,1,2505.24,2498.82,6.419999999999618,short,2024-08-19 04:20:00,2507.22,2024-08-19 04:35:00,2024-08-19 04:40:00,2504.97,2507.22,2500.47,2.25,False,extreme,2024-08-19 05:30:00,2500.47,target,11,2.0,5,0.022222222222222223,1.9777777777777779,2.0399999999998624,0.13777777777795563
XAUUSD,NY,2024-08-19,Monday,2,2505.24,2498.82,6.419999999999618,short,2024-08-19 12:10:00,2505.94,2024-08-19 12:15:00,2024-08-19 12:20:00,2502.79,2505.94,2496.49,3.150000000000091,False,extreme,2024-08-19 12:35:00,2505.94,stop,4,-1.0,5,0.015873015873015414,-1.0158730158730154,0.2571428571428324,1.0571428571428034
XAUUSD,NY,2024-08-19,Monday,3,2505.24,2498.82,6.419999999999618,short,2024-08-19 12:30:00,2507.5,2024-08-19 13:05:00,2024-08-19 13:10:00,2503.57,2507.5,2495.7100000000005,3.9299999999998363,False,extreme,2024-08-19 21:05:00,2507.5,stop,84,-1.0,5,0.0127226463104331,-1.012722646310433,0.7150127226463263,1.1832061068701858
XAUUSD,NY,2024-08-19,Monday,4,2505.24,2498.82,6.419999999999618,short,2024-08-19 21:20:00,2506.22,2024-08-19 21:25:00,2024-08-19 21:30:00,2504.67,2506.22,2501.5700000000006,1.5499999999997272,False,extreme,2024-08-19 21:50:00,2501.5700000000006,target,5,2.0,5,0.032258064516134714,1.9677419354838652,2.0064516129036614,0.5225806451613471
XAUUSD,NY,2024-08-20,Tuesday,1,2515.21,2497.36,17.84999999999991,short,2024-08-20 04:00:00,2531.72,2024-08-20 11:00:00,2024-08-20 11:05:00,2513.83,2531.72,2478.05,17.889999999999873,False,extreme,2024-08-20 23:55:00,2517.41,end_of_day,143,-0.20011179429848813,5,0.0027948574622694445,-0.2029066517607576,0.7227501397428691,0.3437674678591467
XAUUSD,NY,2024-08-21,Wednesday,1,2519.63,2508.14,11.490000000000236,long,2024-08-21 04:55:00,2505.25,2024-08-21 05:20:00,2024-08-21 05:25:00,2508.98,2505.25,2516.44,3.730000000000018,False,extreme,2024-08-21 05:50:00,2505.25,stop,6,-1.0,5,0.013404825737265352,-1.0134048257372654,0.0911528150134434,1.1635388739946715
XAUUSD,NY,2024-08-21,Wednesday,2,2519.63,2508.14,11.490000000000236,long,2024-08-21 05:35:00,2504.51,2024-08-21 06:30:00,2024-08-21 06:35:00,2508.48,2504.51,2516.4199999999996,3.9699999999998,False,extreme,2024-08-21 09:30:00,2504.51,stop,36,-1.0,5,0.012594458438287789,-1.0125944584382878,1.3224181360202178,1.6801007556676093
XAUUSD,NY,2024-08-21,Wednesday,3,2519.63,2508.14,11.490000000000236,long,2024-08-21 09:20:00,2494.03,2024-08-21 11:30:00,2024-08-21 11:35:00,2508.96,2494.03,2538.8199999999997,14.929999999999836,False,extreme,2024-08-21 23:55:00,2502.4,end_of_day,137,-0.4393837910247835,5,0.003348961821835268,-0.4427327528466187,0.685197588747497,0.6008037508372641
XAUUSD,NY,2024-08-22,Thursday,1,2510.64,2499.34,11.299999999999727,long,2024-08-22 08:00:00,2495.24,2024-08-22 08:30:00,2024-08-22 08:35:00,2500.64,2495.24,2511.44,5.400000000000091,False,extreme,2024-08-22 09:20:00,2495.24,stop,10,-1.0,5,0.009259259259259104,-1.009259259259259,0.6629629629629383,1.7185185185184424
XAUUSD,NY,2024-08-23,Friday,1,2495.8,2490.66,5.140000000000327,short,2024-08-23 04:05:00,2496.49,2024-08-23 04:10:00,2024-08-23 04:15:00,2495.76,2496.49,2494.300000000001,0.7299999999995634,False,extreme,2024-08-23 04:15:00,2496.49,stop,1,-1.0,5,0.06849315068497247,-1.0684931506849724,1.1643835616450302,1.1369863013704433
XAUUSD,NY,2024-08-23,Friday,2,2495.8,2490.66,5.140000000000327,short,2024-08-23 04:15:00,2503.91,2024-08-23 09:45:00,2024-08-23 09:50:00,2495.28,2503.91,2478.020000000001,8.629999999999654,False,extreme,2024-08-23 10:00:00,2503.91,stop,3,-1.0,5,0.005793742757821785,-1.0057937427578219,0.03360370799541483,1.8586326767092243
XAUUSD,NY,2024-08-26,Monday,1,2521.81,2508.76,13.049999999999727,short,2024-08-26 04:00:00,2526.63,2024-08-26 07:25:00,2024-08-26 07:30:00,2521.38,2526.63,2510.88,5.25,False,extreme,2024-08-26 07:50:00,2526.63,stop,5,-1.0,5,0.009523809523809525,-1.0095238095238095,0.08000000000001387,1.0152380952380813
XAUUSD,NY,2024-08-26,Monday,2,2521.81,2508.76,13.049999999999727,short,2024-08-26 07:30:00,2526.94,2024-08-26 09:00:00,2024-08-26 09:05:00,2521.59,2526.94,2510.8900000000003,5.349999999999909,False,extreme,2024-08-26 10:00:00,2510.8900000000003,target,12,2.0,5,0.009345794392523523,1.9906542056074765,2.042990654205697,0.9177570093457827
XAUUSD,NY,2024-08-26,Monday,3,2521.81,2508.76,13.049999999999727,short,2024-08-26 13:00:00,2523.39,2024-08-26 13:10:00,2024-08-26 13:15:00,2521.79,2523.39,2518.59,1.599999999999909,False,extreme,2024-08-26 13:30:00,2518.59,target,4,2.0,5,0.031250000000001776,1.9687499999999982,2.293750000000176,0.16250000000014567
XAUUSD,NY,2024-08-26,Monday,4,2521.81,2508.76,13.049999999999727,long,2024-08-26 22:00:00,2505.88,2024-08-26 22:50:00,2024-08-26 22:55:00,2509.12,2505.88,2515.5999999999995,3.2399999999997817,False,extreme,2024-08-26 23:55:00,2509.08,end_of_day,13,-0.012345679012335282,5,0.015432098765433139,-0.027777777777768423,0.1851851851851696,0.9907407407408187
XAUUSD,NY,2024-08-27,Tuesday,1,2517.58,2504.61,12.9699999999998,short,2024-08-27 10:15:00,2518.15,2024-08-27 10:25:00,2024-08-27 10:30:00,2516.24,2518.15,2512.419999999999,1.9100000000003092,False,extreme,2024-08-27 11:20:00,2518.15,stop,11,-1.0,5,0.026178010471199952,-1.0261780104712,1.3979057591618773,2.1204188481672914
XAUUSD,NY,2024-08-27,Tuesday,2,2517.58,2504.61,12.9699999999998,short,2024-08-27 13:25:00,2529.04,2024-08-27 21:50:00,2024-08-27 21:55:00,2517.22,2529.04,2493.5799999999995,11.820000000000164,False,extreme,2024-08-27 23:55:00,2515.94,end_of_day,25,0.10829103214887713,5,0.004230118443316355,0.10406091370556077,0.32994923857864483,0.11421319796957234
XAUUSD,NY,2024-08-28,Wednesday,1,2516.22,2503.37,12.849999999999909,long,2024-08-28 07:20:00,2503.33,2024-08-28 07:25:00,2024-08-28 07:30:00,2504.02,2503.33,2505.4,0.6900000000000546,False,extreme,2024-08-28 07:35:00,2503.33,stop,2,-1.0,5,0.0724637681159363,-1.0724637681159364,0.9565217391301483,1.5072463768114224
XAUUSD,NY,2024-08-28,Wednesday,2,2516.22,2503.37,12.849999999999909,long,2024-08-28 07:40:00,2493.66,2024-08-28 09:10:00,2024-08-28 09:15:00,2506.17,2493.66,2531.1900000000005,12.510000000000218,False,extreme,2024-08-28 23:55:00,2516.68,end_of_day,165,0.840127897681821,5,0.003996802557953568,0.8361310951238674,0.8561151079136571,0.7777777777777657
XAUUSD,NY,2024-08-29,Thursday,1,2521.25,2513.8,7.449999999999818,short,2024-08-29 05:50:00,2524.42,2024-08-29 07:30:00,2024-08-29 07:35:00,2520.59,2524.42,2512.9300000000003,3.8299999999999272,False,extreme,2024-08-29 08:30:00,2512.9300000000003,target,12,2.0,5,0.013054830287206515,1.9869451697127936,3.057441253263775,0.44386422976497397
XAUUSD,NY,2024-08-29,Thursday,2,2521.25,2513.8,7.449999999999818,long,2024-08-29 08:30:00,2503.69,2024-08-29 09:40:00,2024-08-29 09:45:00,2514.43,2503.69,2535.9099999999994,10.739999999999782,False,extreme,2024-08-29 23:55:00,2513.59,end_of_day,159,-0.0782122905027661,5,0.00465549348230922,-0.08286778398507531,1.3305400372439715,0.1945996275604966
XAUUSD,NY,2024-08-30,Friday,1,2524.15,2512.2,11.950000000000273,short,2024-08-30 04:20:00,2526.77,2024-08-30 04:40:00,2024-08-30 04:45:00,2523.77,2526.77,2517.77,3.0,False,extreme,2024-08-30 05:10:00,2526.77,stop,6,-1.0,5,0.016666666666666666,-1.0166666666666666,0.5500000000000304,1.0466666666666242
XAUUSD,NY,2024-08-30,Friday,2,2524.15,2512.2,11.950000000000273,short,2024-08-30 05:05:00,2526.91,2024-08-30 05:20:00,2024-08-30 05:25:00,2523.77,2526.91,2517.4900000000002,3.1399999999998727,False,extreme,2024-08-30 06:40:00,2517.4900000000002,target,16,2.0,5,0.015923566878981537,1.9840764331210186,2.1878980891720285,0.6942675159235429
XAUUSD,NY,2024-08-30,Friday,3,2524.15,2512.2,11.950000000000273,long,2024-08-30 10:25:00,2506.47,2024-08-30 10:45:00,2024-08-30 10:50:00,2513.26,2506.47,2526.840000000001,6.790000000000418,False,extreme,2024-08-30 11:05:00,2506.47,stop,4,-1.0,5,0.007363770250367736,-1.0073637702503677,0.19440353460966533,1.4506627393224973
XAUUSD,NY,2024-09-02,Monday,1,2501.44,2495.33,6.110000000000127,short,2024-09-02 04:35:00,2507.32,2024-09-02 05:25:00,2024-09-02 05:30:00,2501.08,2507.32,2488.5999999999995,6.2400000000002365,False,extreme,2024-09-02 23:55:00,2494.83,end_of_day,180,1.0016025641025261,5,0.00801282051282021,0.9935897435897059,1.822115384615298,0.34615384615380973
XAUUSD,NY,2024-09-03,Tuesday,1,2502.07,2492.78,9.289999999999964,short,2024-09-03 04:00:00,2502.88,2024-09-03 04:05:00,2024-09-03 04:10:00,2501.62,2502.88,2499.0999999999995,1.2600000000002183,False,extreme,2024-09-03 04:10:00,2502.88,stop,1,-1.0,5,0.03968253968253281,-1.0396825396825329,0.253968253967979,1.3730158730156496
XAUUSD,NY,2024-09-03,Tuesday,2,2502.07,2492.78,9.289999999999964,short,2024-09-03 04:10:00,2506.31,2024-09-03 05:50:00,2024-09-03 05:55:00,2501.59,2506.31,2492.1500000000005,4.7199999999998,False,extreme,2024-09-03 07:45:00,2492.1500000000005,target,23,2.0,5,0.0105932203389835,1.9894067796610164,3.2966101694916534,0.09957627118640251
XAUUSD,NY,2024-09-03,Tuesday,3,2502.07,2492.78,9.289999999999964,long,2024-09-03 07:40:00,2484.8,2024-09-03 08:05:00,2024-09-03 08:10:00,2493.95,2484.8,2512.249999999999,9.149999999999636,False,extreme,2024-09-03 09:35:00,2484.8,stop,18,-1.0,0,0.0,-1.0,0.8972677595628812,1.1508196721311654
XAUUSD,NY,2024-09-03,Tuesday,4,2502.07,2492.78,9.289999999999964,long,2024-09-03 09:30:00,2473.47,2024-09-03 15:20:00,2024-09-03 15:25:00,2493.76,2487.76,2505.76,6.0,True,swing,2024-09-03 23:55:00,2495.08,end_of_day,91,0.21999999999995148,5,0.008333333333333333,0.21166666666661815,0.5266666666666424,0.42000000000007276
XAUUSD,NY,2024-09-04,Wednesday,1,2496.8,2482.04,14.760000000000218,long,2024-09-04 04:10:00,2471.93,2024-09-04 05:50:00,2024-09-04 05:55:00,2482.24,2471.93,2502.8599999999997,10.309999999999945,False,extreme,2024-09-04 23:55:00,2494.88,end_of_day,205,1.2259941804074097,5,0.004849660523763362,1.2211445198836464,1.748787584869088,0.10669253152278514
XAUUSD,NY,2024-09-05,Thursday,1,2507.55,2493.86,13.690000000000055,short,2024-09-05 04:10:00,2523.47,2024-09-05 11:05:00,2024-09-05 11:10:00,2505.68,2523.47,2470.1,17.789999999999964,False,extreme,2024-09-05 23:55:00,2518.28,end_of_day,142,-0.7082630691399882,5,0.0028105677346824116,-0.7110736368746705,0.09555930297919177,0.7195053400787076
XAUUSD,NY,2024-09-06,Friday,1,2521.86,2516.35,5.510000000000218,long,2024-09-06 07:40:00,2514.78,2024-09-06 07:55:00,2024-09-06 08:00:00,2516.36,2514.78,2519.52,1.5799999999999272,False,extreme,2024-09-06 08:00:00,2514.78,stop,1,-1.0,5,0.031645569620254624,-1.0316455696202547,0.13291139240509245,1.0696202531646408
XAUUSD,NY,2024-09-06,Friday,2,2521.86,2516.35,5.510000000000218,long,2024-09-06 08:00:00,2512.28,2024-09-06 08:25:00,2024-09-06 08:30:00,2516.83,2512.28,2525.9299999999994,4.549999999999727,False,extreme,2024-09-06 08:30:00,2512.28,both_touched,1,-1.0,0,0.0,-1.0,2.5296703296705294,2.008791208791301
XAUUSD,NY,2024-09-09,Monday,1,2499.58,2485.57,14.009999999999764,short,2024-09-09 08:20:00,2505.25,2024-09-09 10:00:00,2024-09-09 10:05:00,2499.37,2505.25,2487.6099999999997,5.880000000000109,False,extreme,2024-09-09 12:55:00,2505.25,stop,35,-1.0,5,0.00850340136054406,-1.008503401360544,1.028911564625785,1.0102040816326436
XAUUSD,NY,2024-09-10,Tuesday,1,2507.76,2500.81,6.950000000000273,long,2024-09-10 04:30:00,2500.16,2024-09-10 04:35:00,2024-09-10 04:40:00,2502.13,2500.16,2506.0700000000006,1.9700000000002547,False,extreme,2024-09-10 05:55:00,2506.0700000000006,target,16,2.0,5,0.0253807106598952,1.9746192893401049,2.005076142131628,0.9695431472081535
XAUUSD,NY,2024-09-10,Tuesday,2,2507.76,2500.81,6.950000000000273,short,2024-09-10 06:15:00,2509.69,2024-09-10 06:30:00,2024-09-10 06:35:00,2506.48,2509.69,2500.06,3.2100000000000364,False,extreme,2024-09-10 08:35:00,2509.69,stop,25,-1.0,5,0.015576323987538766,-1.0155763239875388,0.685358255451649,1.2492211838005352
XAUUSD,NY,2024-09-10,Tuesday,3,2507.76,2500.81,6.950000000000273,short,2024-09-10 08:30:00,2515.37,2024-09-10 09:50:00,2024-09-10 09:55:00,2507.7,2515.37,2492.3599999999997,7.670000000000073,False,extreme,2024-09-10 11:35:00,2515.37,stop,21,-1.0,5,0.006518904823989508,-1.0065189048239895,0.8839634941329441,1.4041720990873376
XAUUSD,NY,2024-09-11,Wednesday,1,2529.06,2518.65,10.409999999999854,long,2024-09-11 08:15:00,2516.91,2024-09-11 08:25:00,2024-09-11 08:30:00,2519.03,2516.91,2523.270000000001,2.1200000000003456,False,extreme,2024-09-11 08:30:00,2516.91,both_touched,1,-1.0,3,0.014150943396224108,-1.0141509433962241,2.150943396226039,3.867924528301385
XAUUSD,NY,2024-09-11,Wednesday,2,2529.06,2518.65,10.409999999999854,long,2024-09-11 08:30:00,2500.97,2024-09-11 12:40:00,2024-09-11 12:45:00,2518.81,2500.97,2554.4900000000002,17.840000000000146,False,extreme,2024-09-11 23:55:00,2515.89,end_of_day,123,-0.1636771300448458,5,0.0028026905829596186,-0.16647982062780542,0.07230941704035612,0.5033632286995485
XAUUSD,NY,2024-09-12,Thursday,1,2522.27,2514.56,7.710000000000036,long,2024-09-12 06:50:00,2513.04,2024-09-12 07:05:00,2024-09-12 07:10:00,2515.16,2513.04,2519.3999999999996,2.119999999999891,False,extreme,2024-09-12 07:45:00,2519.3999999999996,target,8,2.0,5,0.023584905660378574,1.9764150943396215,2.2877358490568933,0.26415094339621426
XAUUSD,NY,2024-09-12,Thursday,2,2522.27,2514.56,7.710000000000036,short,2024-09-12 08:20:00,2523.57,2024-09-12 08:25:00,2024-09-12 08:30:00,2520.54,2523.57,2514.4799999999996,3.0300000000002,False,extreme,2024-09-12 08:30:00,2523.57,stop,1,-1.0,5,0.016501650165015414,-1.0165016501650155,0.4653465346533866,1.3531353135312338
XAUUSD,NY,2024-09-13,Friday,1,2571.1,2563.16,7.940000000000055,short,2024-09-13 05:35:00,2572.95,2024-09-13 05:45:00,2024-09-13 05:50:00,2570.96,2572.95,2566.9800000000005,1.9899999999997817,False,extreme,2024-09-13 06:05:00,2566.9800000000005,target,4,2.0,5,0.025125628140706274,1.9748743718592938,2.3115577889449312,0.3869346733668675
XAUUSD,NY,2024-09-16,Monday,1,2589.68,2579.61,10.069999999999709,long,2024-09-16 06:40:00,2575.29,2024-09-16 06:55:00,2024-09-16 07:00:00,2579.84,2575.29,2588.9400000000005,4.550000000000182,False,extreme,2024-09-16 09:55:00,2588.9400000000005,target,36,2.0,5,0.010989010989010551,1.9890109890109895,2.0945054945053547,0.2857142857143143
XAUUSD,NY,2024-09-16,Monday,2,2589.68,2579.61,10.069999999999709,long,2024-09-16 10:25:00,2576.18,2024-09-16 10:35:00,2024-09-16 10:40:00,2579.99,2576.18,2587.6099999999997,3.8099999999999454,False,extreme,2024-09-16 23:55:00,2577.25,end_of_day,148,-0.7191601049868297,5,0.013123359580052682,-0.7322834645668824,1.666666666666786,0.8267716535432235
XAUUSD,NY,2024-09-17,Tuesday,1,2586.95,2574.61,12.33999999999969,long,2024-09-17 05:40:00,2572.37,2024-09-17 05:45:00,2024-09-17 05:50:00,2575.01,2572.37,2580.290000000001,2.6400000000003274,False,extreme,2024-09-17 05:50:00,2572.37,stop,1,-1.0,5,0.01893939393939159,-1.0189393939393916,0.1022727272727077,1.2272727272726647
XAUUSD,NY,2024-09-17,Tuesday,2,2586.95,2574.61,12.33999999999969,long,2024-09-17 05:50:00,2571.77,2024-09-17 06:05:00,2024-09-17 06:10:00,2575.49,2571.77,2582.9299999999994,3.7199999999998,False,extreme,2024-09-17 06:25:00,2571.77,stop,4,-1.0,5,0.013440860215054487,-1.0134408602150544,0.17741935483880233,1.0134408602151035
XAUUSD,NY,2024-09-17,Tuesday,3,2586.95,2574.61,12.33999999999969,long,2024-09-17 06:10:00,2569.76,2024-09-17 07:15:00,2024-09-17 07:20:00,2574.74,2569.76,2584.699999999999,4.979999999999563,False,extreme,2024-09-17 08:35:00,2569.76,stop,16,-1.0,1,0.002008032128514232,-1.0020080321285143,1.3955823293174463,1.2710843373494944
XAUUSD,NY,2024-09-17,Tuesday,4,2586.95,2574.61,12.33999999999969,long,2024-09-17 08:30:00,2568.41,2024-09-17 08:45:00,2024-09-17 08:50:00,2575.55,2568.41,2589.830000000001,7.140000000000327,False,extreme,2024-09-17 11:25:00,2568.41,stop,32,-1.0,5,0.007002801120447859,-1.007002801120448,0.9397759103641077,1.1694677871148433
XAUUSD,NY,2024-09-17,Tuesday,5,2586.95,2574.61,12.33999999999969,long,2024-09-17 11:15:00,2560.82,2024-09-17 21:10:00,2024-09-17 21:15:00,2574.67,2560.82,2602.37,13.849999999999909,False,extreme,2024-09-17 23:55:00,2575.95,end_of_day,33,0.09241877256315911,5,0.0036101083032491215,0.08880866425990999,0.131407942238247,0.3328519855595782
XAUUSD,NY,2024-09-18,Wednesday,1,2576.49,2565.78,10.709999999999582,short,2024-09-18 06:30:00,2577.5,2024-09-18 06:40:00,2024-09-18 06:45:00,2576.28,2577.5,2573.8400000000006,1.2199999999998,False,extreme,2024-09-18 06:45:00,2577.5,stop,1,-1.0,5,0.04098360655738377,-1.0409836065573839,0.5491803278690022,1.360655737705022
XAUUSD,NY,2024-09-18,Wednesday,2,2576.49,2565.78,10.709999999999582,short,2024-09-18 06:45:00,2578.14,2024-09-18 06:50:00,2024-09-18 06:55:00,2576.42,2578.14,2572.9800000000005,1.7199999999998,False,extreme,2024-09-18 07:35:00,2578.14,stop,9,-1.0,5,0.029069767441863847,-1.0290697674418638,0.761627906976801,1.1976744186047588
XAUUSD,NY,2024-09-18,Wednesday,3,2576.49,2565.78,10.709999999999582,short,2024-09-18 07:10:00,2580.77,2024-09-18 08:10:00,2024-09-18 08:15:00,2576.34,2580.77,2567.4800000000005,4.429999999999836,False,extreme,2024-09-18 13:50:00,2567.4800000000005,target,68,2.0,5,0.01128668171557604,1.9887133182844239,2.0203160270881724,0.5101580135439835
XAUUSD,NY,2024-09-18,Wednesday,4,2576.49,2565.78,10.709999999999582,long,2024-09-18 15:05:00,2557.54,2024-09-18 15:10:00,2024-09-18 15:15:00,2565.95,2557.54,2582.7699999999995,8.409999999999854,False,extreme,2024-09-18 15:20:00,2557.54,stop,2,-1.0,0,0.0,-1.0,0.021403091557704416,1.498216409036876
XAUUSD,NY,2024-09-19,Thursday,1,2584.67,2559.61,25.059999999999945,short,2024-09-19 04:55:00,2594.89,2024-09-19 08:35:00,2024-09-19 08:40:00,2582.4,2594.89,2557.4200000000005,12.489999999999782,False,extreme,2024-09-19 23:55:00,2591.46,end_of_day,172,-0.725380304243403,5,0.00400320256204971,-0.7293835068054527,1.0056044835868827,0.9007205764611846
XAUUSD,NY,2024-09-20,Friday,1,2609.78,2591.42,18.360000000000127,short,2024-09-20 04:30:00,2612.77,2024-09-20 05:10:00,2024-09-20 05:15:00,2609.1,2612.77,2601.7599999999998,3.6700000000000728,False,extreme,2024-09-20 06:50:00,2612.77,stop,20,-1.0,5,0.013623978201634608,-1.0136239782016345,1.7765667574931479,1.4032697547683892
XAUUSD,NY,2024-09-20,Friday,2,2609.78,2591.42,18.360000000000127,short,2024-09-20 06:40:00,2619.38,2024-09-20 09:10:00,2024-09-20 09:15:00,2609.42,2619.38,2589.5,9.960000000000036,False,extreme,2024-09-20 11:35:00,2619.38,stop,29,-1.0,4,0.004016064257028098,-1.0040160642570282,0.674698795180746,1.0190763052208889
XAUUSD,NY,2024-09-23,Monday,1,2631.38,2613.92,17.460000000000036,short,2024-09-23 09:50:00,2634.29,2024-09-23 10:00:00,2024-09-23 10:05:00,2630.84,2634.29,2623.9400000000005,3.449999999999818,False,extreme,2024-09-23 10:25:00,2634.29,stop,5,-1.0,5,0.014492753623189171,-1.0144927536231891,0.4637681159421589,1.1710144927536743
XAUUSD,NY,2024-09-23,Monday,2,2631.38,2613.92,17.460000000000036,short,2024-09-23 10:20:00,2634.88,2024-09-23 10:35:00,2024-09-23 10:40:00,2630.96,2634.88,2623.12,3.9200000000000728,False,extreme,2024-09-23 23:40:00,2634.88,stop,145,-1.0,5,0.012755102040816091,-1.012755102040816,1.798469387755115,1.3163265306121834
XAUUSD,NY,2024-09-25,Wednesday,1,2661.73,2651.21,10.519999999999982,short,2024-09-25 09:05:00,2667.54,2024-09-25 10:40:00,2024-09-25 10:45:00,2661.68,2667.54,2649.9599999999996,5.860000000000127,False,extreme,2024-09-25 12:45:00,2649.9599999999996,target,25,2.0,5,0.008532423208190941,1.991467576791809,2.0221843003412374,0.05972696245739867
XAUUSD,NY,2024-09-25,Wednesday,2,2661.73,2651.21,10.519999999999982,short,2024-09-25 13:30:00,2663.0,2024-09-25 13:55:00,2024-09-25 14:00:00,2660.65,2663.0,2655.9500000000003,2.349999999999909,False,extreme,2024-09-25 20:00:00,2655.9500000000003,target,61,2.0,5,0.021276595744681676,1.9787234042553183,2.063829787234084,0.4638297872339289
XAUUSD,NY,2024-09-26,Thursday,1,2666.93,2658.03,8.899999999999636,short,2024-09-26 04:15:00,2669.56,2024-09-26 04:20:00,2024-09-26 04:25:00,2666.56,2669.56,2660.56,3.0,False,extreme,2024-09-26 04:30:00,2669.56,stop,2,-1.0,5,0.016666666666666666,-1.0166666666666666,0.023333333333387902,1.1600000000000061
XAUUSD,NY,2024-09-26,Thursday,2,2666.93,2658.03,8.899999999999636,short,2024-09-26 04:25:00,2685.58,2024-09-26 09:10:00,2024-09-26 09:15:00,2663.96,2680.0,2631.88,16.039999999999964,True,swing,2024-09-26 23:55:00,2673.7,end_of_day,165,-0.607231920199489,5,0.003117206982543648,-0.6103491271820327,0.5685785536159546,0.8709476309226828
XAUUSD,NY,2024-09-27,Friday,1,2673.95,2660.95,13.0,long,2024-09-27 05:10:00,2658.37,2024-09-27 05:35:00,2024-09-27 05:40:00,2663.15,2658.37,2672.7100000000005,4.7800000000002,False,extreme,2024-09-27 08:45:00,2672.7100000000005,target,38,2.0,5,0.010460251046024667,1.9895397489539752,2.3410041841003317,0.24895397489539847
XAUUSD,NY,2024-09-27,Friday,2,2673.95,2660.95,13.0,long,2024-09-27 10:20:00,2657.69,2024-09-27 10:25:00,2024-09-27 10:30:00,2661.5,2657.69,2669.12,3.8099999999999454,False,extreme,2024-09-27 10:45:00,2657.69,stop,4,-1.0,5,0.013123359580052682,-1.0131233595800526,0.44619422572174344,2.0498687664042143
XAUUSD,NY,2024-09-30,Monday,1,2660.66,2650.75,9.909999999999854,long,2024-09-30 05:00:00,2648.42,2024-09-30 05:30:00,2024-09-30 05:35:00,2651.0,2648.42,2656.16,2.5799999999999272,False,extreme,2024-09-30 06:05:00,2648.42,stop,7,-1.0,5,0.019379844961240858,-1.0193798449612408,0.20155038759689786,1.2829457364341235
XAUUSD,NY,2024-10-01,Tuesday,1,2647.46,2637.43,10.0300000000002,short,2024-10-01 05:15:00,2648.47,2024-10-01 05:25:00,2024-10-01 05:30:00,2647.13,2648.47,2644.4500000000007,1.3399999999996908,False,extreme,2024-10-01 05:30:00,2648.47,stop,1,-1.0,5,0.03731343283582951,-1.0373134328358296,0.1716417910448293,1.3880597014926133
XAUUSD,NY,2024-10-01,Tuesday,2,2647.46,2637.43,10.0300000000002,short,2024-10-01 05:30:00,2649.03,2024-10-01 05:40:00,2024-10-01 05:45:00,2646.96,2649.03,2642.8199999999997,2.0700000000001637,False,extreme,2024-10-01 05:50:00,2649.03,stop,2,-1.0,5,0.024154589371978768,-1.0241545893719788,0.39613526570053087,1.0
XAUUSD,NY,2024-10-01,Tuesday,3,2647.46,2637.43,10.0300000000002,short,2024-10-01 05:45:00,2651.8,2024-10-01 07:30:00,2024-10-01 07:35:00,2647.24,2651.8,2638.119999999999,4.5600000000004,False,extreme,2024-10-01 07:50:00,2651.8,stop,4,-1.0,5,0.010964912280700793,-1.0109649122807007,0.0021929824560883012,1.0767543859648856
XAUUSD,NY,2024-10-02,Wednesday,1,2656.52,2644.57,11.949999999999818,short,2024-10-02 09:25:00,2659.71,2024-10-02 09:40:00,2024-10-02 09:45:00,2654.84,2659.71,2645.1000000000004,4.869999999999891,False,extreme,2024-10-02 09:50:00,2659.71,stop,2,-1.0,0,0.0,-1.0,0.06570841889120552,1.2443531827515568
XAUUSD,NY,2024-10-02,Wednesday,2,2656.52,2644.57,11.949999999999818,short,2024-10-02 09:45:00,2663.4,2024-10-02 10:20:00,2024-10-02 10:25:00,2656.25,2663.4,2641.95,7.150000000000091,False,extreme,2024-10-02 11:10:00,2641.95,target,10,2.0,5,0.0069930069930069045,1.9930069930069931,2.039160839160803,0.06713286713286883
XAUUSD,NY,2024-10-02,Wednesday,3,2656.52,2644.57,11.949999999999818,long,2024-10-02 11:05:00,2641.18,2024-10-02 11:15:00,2024-10-02 11:20:00,2646.23,2641.18,2656.3300000000004,5.050000000000182,False,extreme,2024-10-02 15:10:00,2656.3300000000004,target,47,2.0,5,0.009900990099009545,1.9900990099009905,2.0970297029702505,0.2673267326732397
XAUUSD,NY,2024-10-02,Wednesday,4,2656.52,2644.57,11.949999999999818,short,2024-10-02 15:10:00,2662.94,2024-10-02 21:30:00,2024-10-02 21:35:00,2655.99,2662.94,2642.0899999999992,6.950000000000273,False,extreme,2024-10-02 23:55:00,2656.09,end_of_day,29,-0.014388489208684874,5,0.007194244604316264,-0.02158273381300114,0.37697841726615655,0.38705035971222285
XAUUSD,NY,2024-10-03,Thursday,1,2657.53,2643.56,13.970000000000255,long,2024-10-03 04:20:00,2641.93,2024-10-03 04:30:00,2024-10-03 04:35:00,2643.95,2641.93,2647.99,2.019999999999982,False,extreme,2024-10-03 05:10:00,2641.93,stop,8,-1.0,5,0.024752475247524976,-1.024752475247525,1.079207920792233,1.4455445544552694
XAUUSD,NY,2024-10-03,Thursday,2,2657.53,2643.56,13.970000000000255,long,2024-10-03 05:15:00,2642.19,2024-10-03 05:25:00,2024-10-03 05:30:00,2643.93,2642.19,2647.4099999999994,1.7399999999997817,False,extreme,2024-10-03 05:40:00,2647.4099999999994,target,3,2.0,5,0.028735632183911654,1.9712643678160884,2.126436781609619,0.0
XAUUSD,NY,2024-10-03,Thursday,3,2657.53,2643.56,13.970000000000255,long,2024-10-03 08:55:00,2641.67,2024-10-03 09:00:00,2024-10-03 09:05:00,2644.13,2641.67,2649.05,2.4600000000000364,False,extreme,2024-10-03 09:20:00,2649.05,target,4,2.0,5,0.02032520325203222,1.9796747967479678,2.097560975609666,0.7439024390243497
XAUUSD,NY,2024-10-03,Thursday,4,2657.53,2643.56,13.970000000000255,short,2024-10-03 12:35:00,2661.15,2024-10-03 12:45:00,2024-10-03 12:50:00,2656.84,2661.15,2648.2200000000003,4.309999999999945,False,extreme,2024-10-03 13:05:00,2661.15,stop,4,-1.0,5,0.011600928074246087,-1.0116009280742462,0.34106728538289405,1.1252900232018492
XAUUSD,NY,2024-10-03,Thursday,5,2657.53,2643.56,13.970000000000255,short,2024-10-03 12:50:00,2662.14,2024-10-03 13:40:00,2024-10-03 13:45:00,2657.4,2662.14,2647.9200000000005,4.739999999999782,False,extreme,2024-10-03 22:40:00,2662.14,stop,96,-1.0,5,0.010548523206751542,-1.0105485232067515,0.6392405063291856,1.282700421940972
XAUUSD,NY,2024-10-04,Friday,1,2667.91,2658.79,9.11999999999989,long,2024-10-04 05:10:00,2657.14,2024-10-04 05:30:00,2024-10-04 05:35:00,2658.98,2657.14,2662.6600000000003,1.8400000000001455,False,extreme,2024-10-04 05:50:00,2657.14,stop,4,-1.0,5,0.027173913043476113,-1.027173913043476,0.375,1.0
XAUUSD,NY,2024-10-04,Friday,2,2667.91,2658.79,9.11999999999989,long,2024-10-04 05:40:00,2656.91,2024-10-04 06:15:00,2024-10-04 06:20:00,2659.46,2656.91,2664.5600000000004,2.550000000000182,False,extreme,2024-10-04 08:05:00,2656.91,stop,22,-1.0,5,0.019607843137253504,-1.0196078431372535,1.227450980392112,1.2039215686274294
XAUUSD,NY,2024-10-04,Friday,3,2667.91,2658.79,9.11999999999989,long,2024-10-04 08:00:00,2632.05,2024-10-04 10:50:00,2024-10-04 10:55:00,2658.93,2648.42,2679.9499999999994,10.509999999999764,True,swing,2024-10-04 11:45:00,2648.42,stop,11,-1.0,5,0.004757373929590973,-1.004757373929591,1.0723120837298035,1.0485252140818486
XAUUSD,NY,2024-10-07,Monday,1,2652.87,2639.76,13.109999999999673,short,2024-10-07 04:05:00,2656.42,2024-10-07 04:20:00,2024-10-07 04:25:00,2652.49,2656.42,2644.629999999999,3.930000000000291,False,extreme,2024-10-07 05:55:00,2656.42,stop,19,-1.0,5,0.012722646310431629,-1.0127226463104315,0.4529262086513012,1.2188295165394565
XAUUSD,NY,2024-10-07,Monday,2,2652.87,2639.76,13.109999999999673,short,2024-10-07 05:40:00,2659.66,2024-10-07 08:20:00,2024-10-07 08:25:00,2650.56,2659.66,2632.36,9.099999999999909,False,extreme,2024-10-07 23:55:00,2643.01,end_of_day,175,0.829670329670308,5,0.00549450549450555,0.8241758241758024,1.8439560439560343,0.35274725274726026
XAUUSD,NY,2024-10-08,Tuesday,1,2646.51,2631.24,15.270000000000437,long,2024-10-08 04:15:00,2628.68,2024-10-08 04:20:00,2024-10-08 04:25:00,2632.29,2628.68,2639.51,3.6100000000001273,False,extreme,2024-10-08 04:35:00,2639.51,target,3,2.0,5,0.013850415512464886,1.9861495844875352,2.080332409972286,0.027700831024904577
XAUUSD,NY,2024-10-08,Tuesday,2,2646.51,2631.24,15.270000000000437,short,2024-10-08 07:05:00,2648.72,2024-10-08 07:10:00,2024-10-08 07:15:00,2646.44,2648.72,2641.8800000000006,2.2799999999997453,False,extreme,2024-10-08 07:20:00,2648.72,stop,2,-1.0,5,0.02192982456140596,-1.021929824561406,0.06578947368425776,1.855263157894952
XAUUSD,NY,2024-10-08,Tuesday,3,2646.51,2631.24,15.270000000000437,short,2024-10-08 07:15:00,2653.09,2024-10-08 08:30:00,2024-10-08 08:35:00,2643.57,2653.09,2624.53,9.519999999999982,False,extreme,2024-10-08 10:30:00,2624.53,target,24,2.0,5,0.005252100840336144,1.9947478991596639,2.1092436974790356,0.5882352941176386
XAUUSD,NY,2024-10-09,Wednesday,1,2624.3,2609.18,15.120000000000346,long,2024-10-09 10:10:00,2607.3,2024-10-09 10:20:00,2024-10-09 10:25:00,2609.78,2607.3,2614.7400000000002,2.480000000000018,False,extreme,2024-10-09 10:30:00,2607.3,stop,2,-1.0,5,0.0201612903225805,-1.0201612903225805,0.39112903225798096,1.7661290322580956
XAUUSD,NY,2024-10-09,Wednesday,2,2624.3,2609.18,15.120000000000346,long,2024-10-09 10:25:00,2605.4,2024-10-09 10:45:00,2024-10-09 10:50:00,2609.41,2605.4,2617.4299999999994,4.0099999999997635,False,extreme,2024-10-09 11:15:00,2617.4299999999994,target,6,2.0,5,0.0124688279301753,1.9875311720698248,2.12219451371589,0.11221945137153233
XAUUSD,NY,2024-10-09,Wednesday,3,2624.3,2609.18,15.120000000000346,long,2024-10-09 12:35:00,2607.84,2024-10-09 12:40:00,2024-10-09 12:45:00,2609.44,2607.84,2612.64,1.599999999999909,False,extreme,2024-10-09 13:00:00,2607.84,stop,4,-1.0,5,0.031250000000001776,-1.0312500000000018,0.3187499999998703,1.3624999999999752
XAUUSD,NY,2024-10-09,Wednesday,4,2624.3,2609.18,15.120000000000346,long,2024-10-09 12:55:00,2606.52,2024-10-09 13:55:00,2024-10-09 14:00:00,2609.75,2606.52,2616.21,3.230000000000018,False,extreme,2024-10-09 14:20:00,2606.52,stop,5,-1.0,5,0.015479876160990625,-1.0154798761609907,0.427244582043375,1.4055727554179376
XAUUSD,NY,2024-10-09,Wednesday,5,2624.3,2609.18,15.120000000000346,long,2024-10-09 14:15:00,2605.21,2024-10-09 15:30:00,2024-10-09 15:35:00,2609.21,2605.21,2617.21,4.0,False,extreme,2024-10-09 23:55:00,2611.79,end_of_day,89,0.6449999999999818,5,0.0125,0.6324999999999819,1.9325000000000045,0.8150000000000546
XAUUSD,NY,2024-10-10,Thursday,1,2617.08,2610.3,6.779999999999745,short,2024-10-10 05:30:00,2618.51,2024-10-10 05:40:00,2024-10-10 05:45:00,2616.51,2618.51,2612.51,2.0,False,extreme,2024-10-10 07:00:00,2618.51,stop,16,-1.0,5,0.025,-1.025,0.4700000000000273,1.209999999999809
XAUUSD,NY,2024-10-10,Thursday,2,2617.08,2610.3,6.779999999999745,short,2024-10-10 06:30:00,2618.93,2024-10-10 07:20:00,2024-10-10 07:25:00,2615.62,2618.93,2609.0,3.3099999999999454,False,extreme,2024-10-10 08:30:00,2618.93,both_touched,14,-1.0,5,0.015105740181269133,-1.015105740181269,3.3625377643505416,2.5438066465257436
XAUUSD,NY,2024-10-11,Friday,1,2647.19,2638.08,9.110000000000127,long,2024-10-11 05:20:00,2636.28,2024-10-11 06:00:00,2024-10-11 06:05:00,2638.18,2636.28,2641.979999999999,1.8999999999996362,False,extreme,2024-10-11 06:55:00,2641.979999999999,target,11,2.0,5,0.02631578947368925,1.9736842105263108,2.152631578947857,0.5631578947367968
XAUUSD,NY,2024-10-11,Friday,2,2647.19,2638.08,9.110000000000127,short,2024-10-11 08:30:00,2650.13,2024-10-11 08:35:00,2024-10-11 08:40:00,2642.95,2650.13,2628.5899999999992,7.180000000000291,False,extreme,2024-10-11 09:30:00,2650.13,stop,11,-1.0,5,0.0069637883008353725,-1.0069637883008353,0.31615598885792334,1.0417827298049742
XAUUSD,NY,2024-10-14,Monday,1,2666.82,2655.33,11.490000000000236,long,2024-10-14 07:00:00,2654.58,2024-10-14 07:05:00,2024-10-14 07:10:00,2655.39,2654.58,2657.0099999999998,0.8099999999999454,False,extreme,2024-10-14 07:15:00,2654.58,stop,2,-1.0,5,0.061728395061732555,-1.0617283950617327,1.827160493827306,2.111111111111298
XAUUSD,NY,2024-10-14,Monday,2,2666.82,2655.33,11.490000000000236,long,2024-10-14 07:15:00,2647.76,2024-10-14 09:40:00,2024-10-14 09:45:00,2659.15,2647.76,2681.93,11.389999999999873,False,extreme,2024-10-14 10:20:00,2647.76,stop,8,-1.0,5,0.004389815627743684,-1.0043898156277438,0.18261633011413086,1.1308165057067825
XAUUSD,NY,2024-10-15,Tuesday,1,2653.9,2638.14,15.760000000000218,short,2024-10-15 04:10:00,2655.74,2024-10-15 04:50:00,2024-10-15 04:55:00,2653.05,2655.74,2647.670000000001,2.6899999999996,False,extreme,2024-10-15 06:25:00,2655.74,stop,19,-1.0,5,0.018587360594798305,-1.0185873605947984,0.6951672862455851,1.390334572490832
XAUUSD,NY,2024-10-15,Tuesday,2,2653.9,2638.14,15.760000000000218,short,2024-10-15 06:10:00,2656.79,2024-10-15 06:40:00,2024-10-15 06:45:00,2653.71,2656.79,2647.55,3.0799999999999272,False,extreme,2024-10-15 07:50:00,2647.55,target,14,2.0,5,0.016233766233766617,1.9837662337662334,2.4610389610389953,0.28896103896100445
XAUUSD,NY,2024-10-15,Tuesday,3,2653.9,2638.14,15.760000000000218,short,2024-10-15 08:20:00,2657.47,2024-10-15 08:40:00,2024-10-15 08:45:00,2653.84,2657.47,2646.580000000001,3.6299999999996544,False,extreme,2024-10-15 09:10:00,2646.580000000001,target,6,2.0,5,0.013774104683196904,1.986225895316803,2.13498622589552,0.1322314049586953
XAUUSD,NY,2024-10-16,Wednesday,1,2677.75,2665.6,12.150000000000091,short,2024-10-16 04:50:00,2682.75,2024-10-16 06:10:00,2024-10-16 06:15:00,2677.29,2682.75,2666.37,5.460000000000036,False,extreme,2024-10-16 09:00:00,2682.75,stop,34,-1.0,5,0.009157509157509097,-1.0091575091575091,0.7765567765567314,1.2014652014651834
XAUUSD,NY,2024-10-16,Wednesday,2,2677.75,2665.6,12.150000000000091,short,2024-10-16 07:25:00,2685.34,2024-10-16 09:50:00,2024-10-16 09:55:00,2675.95,2685.34,2657.169999999999,9.390000000000327,False,extreme,2024-10-16 23:55:00,2676.74,end_of_day,157,-0.08413205537805496,5,0.005324813631522711,-0.08945686900957767,0.9744408945686174,0.9552715654952014
XAUUSD,NY,2024-10-17,Thursday,1,2685.73,2676.5,9.230000000000018,short,2024-10-17 06:25:00,2688.84,2024-10-17 07:15:00,2024-10-17 07:20:00,2685.53,2688.84,2678.9100000000003,3.3099999999999454,False,extreme,2024-10-17 08:15:00,2678.9100000000003,target,12,2.0,5,0.015105740181269133,1.984894259818731,2.4924471299094066,0.8851963746223216
XAUUSD,NY,2024-10-17,Thursday,2,2685.73,2676.5,9.230000000000018,long,2024-10-17 08:30:00,2673.21,2024-10-17 08:45:00,2024-10-17 08:50:00,2677.95,2673.21,2687.4299999999994,4.739999999999782,False,extreme,2024-10-17 09:45:00,2687.4299999999994,target,12,2.0,5,0.010548523206751542,1.9894514767932485,2.223628691983217,0.025316455696180674
XAUUSD,NY,2024-10-17,Thursday,3,2685.73,2676.5,9.230000000000018,short,2024-10-17 09:40:00,2696.76,2024-10-17 12:30:00,2024-10-17 12:35:00,2685.58,2696.76,2663.2199999999993,11.180000000000291,False,extreme,2024-10-17 21:05:00,2696.76,stop,91,-1.0,5,0.004472271914132263,-1.0044722719141324,0.03488372093022026,1.106440071556312
XAUUSD,NY,2024-10-18,Friday,1,2714.06,2702.34,11.7199999999998,short,2024-10-18 08:25:00,2717.07,2024-10-18 08:45:00,2024-10-18 08:50:00,2712.54,2717.07,2703.4799999999996,4.5300000000002,False,extreme,2024-10-18 10:15:00,2717.07,stop,18,-1.0,5,0.011037527593818498,-1.0110375275938186,1.6688741721853446,1.1788079470198476
XAUUSD,NY,2024-10-21,Monday,1,2732.52,2723.62,8.900000000000091,short,2024-10-21 04:25:00,2733.11,2024-10-21 04:30:00,2024-10-21 04:35:00,2731.81,2733.11,2729.2099999999996,1.300000000000182,False,extreme,2024-10-21 05:05:00,2733.11,stop,7,-1.0,5,0.03846153846153308,-1.038461538461533,0.923076923076654,1.5769230769229963
XAUUSD,NY,2024-10-21,Monday,2,2732.52,2723.62,8.900000000000091,short,2024-10-21 05:05:00,2736.9,2024-10-21 06:05:00,2024-10-21 06:10:00,2731.86,2736.9,2721.78,5.039999999999964,False,extreme,2024-10-21 07:30:00,2736.9,stop,17,-1.0,5,0.009920634920634993,-1.0099206349206349,0.809523809523801,1.1924603174602793
XAUUSD,NY,2024-10-21,Monday,3,2732.52,2723.62,8.900000000000091,short,2024-10-21 06:55:00,2740.58,2024-10-21 10:30:00,2024-10-21 10:35:00,2731.87,2740.58,2714.45,8.710000000000036,False,extreme,2024-10-21 15:05:00,2714.45,target,55,2.0,5,0.005740528128587806,1.9942594718714122,2.0034443168771237,0.10218140068890054
XAUUSD,NY,2024-10-21,Monday,4,2732.52,2723.62,8.900000000000091,long,2024-10-21 13:40:00,2714.24,2024-10-21 20:20:00,2024-10-21 20:25:00,2723.84,2714.24,2743.040000000001,9.600000000000364,False,extreme,2024-10-21 23:55:00,2731.05,end_of_day,43,0.751041666666642,5,0.005208333333333136,0.7458333333333088,0.9677083333332929,0.056249999999994076
XAUUSD,NY,2024-10-22,Tuesday,1,2737.16,2729.07,8.08999999999969,short,2024-10-22 06:30:00,2739.36,2024-10-22 07:10:00,2024-10-22 07:15:00,2737.01,2739.36,2732.3100000000004,2.349999999999909,False,extreme,2024-10-22 07:35:00,2732.3100000000004,target,5,2.0,5,0.021276595744681676,1.9787234042553183,2.1276595744681677,0.01276595744670064
XAUUSD,NY,2024-10-22,Tuesday,2,2737.16,2729.07,8.08999999999969,short,2024-10-22 08:40:00,2738.08,2024-10-22 08:45:00,2024-10-22 08:50:00,2736.37,2738.08,2732.95,1.7100000000000364,False,extreme,2024-10-22 09:05:00,2738.08,stop,4,-1.0,5,0.029239766081870726,-1.0292397660818706,0.5438596491226997,1.637426900584867
XAUUSD,NY,2024-10-22,Tuesday,3,2737.16,2729.07,8.08999999999969,short,2024-10-22 09:00:00,2739.17,2024-10-22 09:10:00,2024-10-22 09:15:00,2736.31,2739.17,2730.5899999999997,2.8600000000001273,False,extreme,2024-10-22 09:15:00,2739.17,stop,1,-1.0,4,0.013986013986013363,-1.0139860139860133,0.0,1.2342657342657493
XAUUSD,NY,2024-10-22,Tuesday,4,2737.16,2729.07,8.08999999999969,short,2024-10-22 09:15:00,2742.06,2024-10-22 09:55:00,2024-10-22 10:00:00,2735.82,2742.06,2723.3400000000006,6.239999999999782,False,extreme,2024-10-22 10:50:00,2742.06,stop,11,-1.0,5,0.008012820512820793,-1.0080128205128207,0.32692307692308253,1.1810897435897674
XAUUSD,NY,2024-10-23,Wednesday,1,2755.62,2745.36,10.259999999999764,short,2024-10-23 04:15:00,2756.52,2024-10-23 04:20:00,2024-10-23 04:25:00,2755.43,2756.52,2753.2499999999995,1.0900000000001455,False,extreme,2024-10-23 04:25:00,2756.52,stop,1,-1.0,5,0.0458715596330214,-1.0458715596330215,0.16513761467872684,1.6697247706421292
XAUUSD,NY,2024-10-23,Wednesday,2,2755.62,2745.36,10.259999999999764,short,2024-10-23 04:25:00,2758.45,2024-10-23 05:10:00,2024-10-23 05:15:00,2754.08,2758.45,2745.34,4.369999999999891,False,extreme,2024-10-23 08:20:00,2745.34,target,38,2.0,5,0.01144164759725429,1.9885583524027457,2.4050343249427977,0.022883295194487768
XAUUSD,NY,2024-10-23,Wednesday,3,2755.62,2745.36,10.259999999999764,long,2024-10-23 08:20:00,2742.88,2024-10-23 08:30:00,2024-10-23 08:35:00,2746.18,2742.88,2752.7799999999993,3.299999999999727,False,extreme,2024-10-23 08:40:00,2742.88,stop,2,-1.0,5,0.015151515151516404,-1.0151515151515165,0.38181818181827953,1.042424242424345
XAUUSD,NY,2024-10-24,Thursday,1,2737.11,2722.92,14.190000000000055,short,2024-10-24 04:35:00,2737.89,2024-10-24 04:40:00,2024-10-24 04:45:00,2736.97,2737.89,2735.1299999999997,0.9200000000000728,False,extreme,2024-10-24 05:00:00,2737.89,stop,4,-1.0,5,0.054347826086952225,-1.0543478260869523,1.7282608695647446,1.2608695652176276
XAUUSD,NY,2024-10-24,Thursday,2,2737.11,2722.92,14.190000000000055,short,2024-10-24 05:00:00,2738.64,2024-10-24 05:25:00,2024-10-24 05:30:00,2736.76,2738.64,2733.000000000001,1.8799999999996544,False,extreme,2024-10-24 05:30:00,2738.64,stop,1,-1.0,5,0.026595744680855956,-1.026595744680856,0.047872340425618116,1.2819148936171796
XAUUSD,NY,2024-10-24,Thursday,3,2737.11,2722.92,14.190000000000055,short,2024-10-24 05:30:00,2739.17,2024-10-24 05:35:00,2024-10-24 05:40:00,2737.09,2739.17,2732.9300000000003,2.0799999999999272,False,extreme,2024-10-24 07:40:00,2739.17,stop,25,-1.0,5,0.02403846153846238,-1.0240384615384623,0.9086538461540353,1.0576923076922573
XAUUSD,NY,2024-10-24,Thursday,4,2737.11,2722.92,14.190000000000055,short,2024-10-24 07:30:00,2739.66,2024-10-24 08:15:00,2024-10-24 08:20:00,2736.7,2739.66,2730.7799999999997,2.9600000000000364,False,extreme,2024-10-24 08:35:00,2739.66,stop,4,-1.0,5,0.016891891891891685,-1.0168918918918917,0.6925675675674668,1.0236486486487038
XAUUSD,NY,2024-10-24,Thursday,5,2737.11,2722.92,14.190000000000055,short,2024-10-24 08:35:00,2743.26,2024-10-24 09:45:00,2024-10-24 09:50:00,2734.97,2743.26,2718.389999999999,8.290000000000418,False,extreme,2024-10-24 23:55:00,2726.12,end_of_day,158,1.0675512665861837,0,0.0,1.0675512665861837,1.5030156815439026,0.34258142340168907
XAUUSD,NY,2024-10-25,Friday,1,2732.62,2723.95,8.670000000000073,long,2024-10-25 04:15:00,2717.08,2024-10-25 07:25:00,2024-10-25 07:30:00,2725.21,2717.08,2741.4700000000003,8.13000000000011,False,extreme,2024-10-25 11:25:00,2741.4700000000003,target,48,2.0,5,0.006150061500614924,1.993849938499385,2.0774907749077056,0.23739237392371593
XAUUSD,NY,2024-10-28,Monday,1,2744.61,2729.17,15.440000000000055,long,2024-10-28 05:25:00,2728.45,2024-10-28 05:30:00,2024-10-28 05:35:00,2730.63,2728.45,2734.9900000000007,2.180000000000291,False,extreme,2024-10-28 06:15:00,2728.45,stop,9,-1.0,5,0.0229357798165107,-1.0229357798165106,0.8807339449540442,1.1743119266053228
XAUUSD,NY,2024-10-28,Monday,2,2744.61,2729.17,15.440000000000055,long,2024-10-28 06:15:00,2727.88,2024-10-28 06:20:00,2024-10-28 06:25:00,2730.46,2727.88,2735.62,2.5799999999999272,False,extreme,2024-10-28 09:00:00,2735.62,target,32,2.0,5,0.019379844961240858,1.9806201550387592,2.0387596899224465,0.2519379844961664
XAUUSD,NY,2024-10-28,Monday,3,2744.61,2729.17,15.440000000000055,short,2024-10-28 10:50:00,2745.98,2024-10-28 10:55:00,2024-10-28 11:00:00,2744.28,2745.98,2740.8800000000006,1.699999999999818,False,extreme,2024-10-28 11:00:00,2740.8800000000006,target,1,2.0,5,0.029411764705885503,1.9705882352941144,2.1117647058826643,0.2176470588234885
XAUUSD,NY,2024-10-28,Monday,4,2744.61,2729.17,15.440000000000055,short,2024-10-28 12:30:00,2744.99,2024-10-28 12:35:00,2024-10-28 12:40:00,2743.41,2744.99,2740.25,1.5799999999999272,False,extreme,2024-10-28 13:35:00,2744.99,stop,12,-1.0,4,0.025316455696203697,-1.0253164556962038,1.9303797468353592,1.0126582278483782
XAUUSD,NY,2024-10-28,Monday,5,2744.61,2729.17,15.440000000000055,short,2024-10-28 13:30:00,2745.01,2024-10-28 13:40:00,2024-10-28 13:45:00,2744.27,2745.01,2742.7899999999995,0.7400000000002365,False,extreme,2024-10-28 14:00:00,2742.7899999999995,target,4,2.0,5,0.06756756756754598,1.932432432432454,2.256756756756134,0.49999999999969275
XAUUSD,NY,2024-10-28,Monday,6,2744.61,2729.17,15.440000000000055,short,2024-10-28 20:00:00,2745.2,2024-10-28 20:05:00,2024-10-28 20:10:00,2744.16,2745.2,2742.08,1.0399999999999636,False,extreme,2024-10-28 20:30:00,2745.2,stop,5,-1.0,5,0.04807692307692476,-1.0480769230769247,0.7884615384612862,2.2596153846158136
XAUUSD,NY,2024-10-29,Tuesday,1,2756.83,2748.99,7.8400000000001455,long,2024-10-29 04:20:00,2746.37,2024-10-29 04:25:00,2024-10-29 04:30:00,2750.2,2746.37,2757.8599999999997,3.8299999999999272,False,extreme,2024-10-29 07:25:00,2746.37,stop,36,-1.0,5,0.013054830287206515,-1.0130548302872064,1.6788511749348338,1.0078328981722575
XAUUSD,NY,2024-10-29,Tuesday,2,2756.83,2748.99,7.8400000000001455,long,2024-10-29 07:20:00,2746.34,2024-10-29 07:30:00,2024-10-29 07:35:00,2750.38,2746.34,2758.46,4.039999999999964,False,extreme,2024-10-29 09:35:00,2758.46,target,25,2.0,5,0.012376237623762488,1.9876237623762376,2.17326732673263,0.519801980198002
XAUUSD,NY,2024-10-30,Wednesday,1,2789.83,2777.45,12.38000000000011,long,2024-10-30 08:15:00,2774.12,2024-10-30 08:20:00,2024-10-30 08:25:00,2777.95,2774.12,2785.6099999999997,3.8299999999999272,False,extreme,2024-10-30 09:10:00,2785.6099999999997,target,10,2.0,5,0.013054830287206515,1.9869451697127936,2.389033942558816,0.31592689295040716
XAUUSD,NY,2024-10-30,Wednesday,2,2789.83,2777.45,12.38000000000011,long,2024-10-30 09:30:00,2770.94,2024-10-30 09:55:00,2024-10-30 10:00:00,2777.57,2770.94,2790.8300000000004,6.630000000000109,False,extreme,2024-10-30 23:55:00,2784.64,end_of_day,156,1.0663650075414166,5,0.0075414781297133,1.0588235294117032,1.8898944193061145,0.8401206636500863
XAUUSD,NY,2024-10-31,Thursday,1,2786.59,2778.21,8.38000000000011,long,2024-10-31 04:30:00,2777.02,2024-10-31 04:40:00,2024-10-31 04:45:00,2778.62,2777.02,2781.8199999999997,1.599999999999909,False,extreme,2024-10-31 06:00:00,2777.02,stop,16,-1.0,5,0.031250000000001776,-1.0312500000000018,1.0500000000002416,1.0812500000000729
XAUUSD,NY,2024-10-31,Thursday,2,2786.59,2778.21,8.38000000000011,long,2024-10-31 06:00:00,2773.33,2024-10-31 06:30:00,2024-10-31 06:35:00,2779.3,2773.33,2791.2400000000007,5.970000000000255,False,extreme,2024-10-31 08:45:00,2773.33,stop,27,-1.0,5,0.00837520938023415,-1.008375209380234,0.5577889447235821,1.2060301507537632
XAUUSD,NY,2024-11-01,Friday,1,2757.74,2747.2,10.539999999999964,long,2024-11-01 06:30:00,2744.86,2024-11-01 06:45:00,2024-11-01 06:50:00,2748.98,2744.86,2757.22,4.119999999999891,False,extreme,2024-11-01 08:30:00,2757.22,target,21,2.0,4,0.009708737864077928,1.9902912621359221,2.485436893203896,0.014563106796103646
XAUUSD,NY,2024-11-01,Friday,2,2757.74,2747.2,10.539999999999964,short,2024-11-01 08:35:00,2759.89,2024-11-01 08:40:00,2024-11-01 08:45:00,2755.98,2759.89,2748.1600000000003,3.9099999999998545,False,extreme,2024-11-01 09:00:00,2759.89,stop,4,-1.0,5,0.012787723785166717,-1.0127877237851668,0.8081841432224992,1.0613810741688607
XAUUSD,NY,2024-11-01,Friday,3,2757.74,2747.2,10.539999999999964,short,2024-11-01 09:00:00,2762.22,2024-11-01 09:20:00,2024-11-01 09:25:00,2757.63,2762.22,2748.4500000000007,4.589999999999691,False,extreme,2024-11-01 10:25:00,2748.4500000000007,target,13,2.0,5,0.010893246187364569,1.9891067538126355,2.0718954248367885,0.4335511982570623
XAUUSD,NY,2024-11-01,Friday,4,2757.74,2747.2,10.539999999999964,long,2024-11-01 10:35:00,2739.73,2024-11-01 10:55:00,2024-11-01 11:00:00,2747.27,2739.73,2762.35,7.539999999999964,False,extreme,2024-11-01 13:25:00,2739.73,stop,30,-1.0,5,0.006631299734748043,-1.006631299734748,0.41246684350134516,1.0702917771883558
XAUUSD,NY,2024-11-04,Monday,1,2744.8,2731.97,12.830000000000382,short,2024-11-04 08:50:00,2748.22,2024-11-04 09:20:00,2024-11-04 09:25:00,2743.61,2748.22,2734.390000000001,4.609999999999673,False,extreme,2024-11-04 11:45:00,2734.390000000001,target,29,2.0,5,0.010845986984816388,1.9891540130151837,2.14099783080283,0.44468546637741274
XAUUSD,NY,2024-11-04,Monday,2,2744.8,2731.97,12.830000000000382,long,2024-11-04 21:30:00,2724.76,2024-11-04 22:40:00,2024-11-04 22:45:00,2733.93,2724.76,2752.269999999999,9.169999999999618,False,extreme,2024-11-04 23:55:00,2734.45,end_of_day,15,0.056706652126499835,5,0.005452562704471329,0.051254089422028505,0.26826608505999333,0.08615049073064303
XAUUSD,NY,2024-11-05,Tuesday,1,2743.25,2731.8,11.449999999999818,short,2024-11-05 04:10:00,2745.03,2024-11-05 04:20:00,2024-11-05 04:25:00,2742.77,2745.03,2738.2499999999995,2.2600000000002183,False,extreme,2024-11-05 05:05:00,2738.2499999999995,target,9,2.0,5,0.0221238938053076,1.9778761061946923,2.0884955752209486,0.340707964601729
XAUUSD,NY,2024-11-05,Tuesday,2,2743.25,2731.8,11.449999999999818,short,2024-11-05 08:40:00,2749.97,2024-11-05 10:00:00,2024-11-05 10:05:00,2741.64,2749.97,2724.98,8.329999999999927,False,extreme,2024-11-05 23:55:00,2741.78,end_of_day,155,-0.016806722689115084,5,0.006002400960384207,-0.022809123649499292,1.3109243697479194,0.971188475390182
XAUUSD,NY,2024-11-06,Wednesday,1,2743.62,2701.5,42.11999999999989,long,2024-11-06 06:55:00,2696.22,2024-11-06 07:00:00,2024-11-06 07:05:00,2706.06,2696.22,2725.7400000000002,9.840000000000146,False,extreme,2024-11-06 07:30:00,2696.22,stop,6,-1.0,5,0.005081300813008055,-1.005081300813008,0.20121951219512083,1.2845528455284234
XAUUSD,NY,2024-11-07,Thursday,1,2667.66,2652.78,14.879999999999654,short,2024-11-07 05:35:00,2668.3,2024-11-07 05:40:00,2024-11-07 05:45:00,2666.49,2668.3,2662.869999999999,1.8100000000004002,False,extreme,2024-11-07 05:55:00,2668.3,stop,3,-1.0,5,0.027624309392259086,-1.027624309392259,0.11602209944725701,1.0662983425413615
XAUUSD,NY,2024-11-07,Thursday,2,2667.66,2652.78,14.879999999999654,short,2024-11-07 07:20:00,2668.79,2024-11-07 07:25:00,2024-11-07 07:30:00,2666.63,2668.79,2662.3100000000004,2.1599999999998545,False,extreme,2024-11-07 07:35:00,2668.79,stop,2,-1.0,5,0.023148148148149708,-1.0231481481481497,0.041666666666736844,1.1342592592592515
XAUUSD,NY,2024-11-08,Friday,1,2696.32,2680.34,15.980000000000018,short,2024-11-08 08:45:00,2704.01,2024-11-08 09:30:00,2024-11-08 09:35:00,2695.88,2704.01,2679.62,8.13000000000011,False,extreme,2024-11-08 16:55:00,2684.15,friday_close,89,1.4428044280442633,5,0.006150061500614924,1.4366543665436484,1.5965559655596364,0.2939729397293777
XAUUSD,NY,2024-11-11,Monday,1,2674.34,2667.02,7.320000000000164,long,2024-11-11 04:20:00,2664.5,2024-11-11 04:35:00,2024-11-11 04:40:00,2667.09,2664.5,2672.2700000000004,2.5900000000001455,False,extreme,2024-11-11 04:50:00,2664.5,stop,3,-1.0,5,0.019305019305018222,-1.0193050193050182,0.35135135135127543,1.2432432432432716
XAUUSD,NY,2024-11-11,Monday,2,2674.34,2667.02,7.320000000000164,long,2024-11-11 04:40:00,2663.87,2024-11-11 05:00:00,2024-11-11 05:05:00,2670.19,2663.87,2682.8300000000004,6.320000000000164,False,extreme,2024-11-11 05:55:00,2663.87,stop,11,-1.0,5,0.007911392405063087,-1.0079113924050631,0.803797468354398,1.4525316455695567
XAUUSD,NY,2024-11-12,Tuesday,1,2618.18,2595.25,22.929999999999836,long,2024-11-12 04:05:00,2590.88,2024-11-12 04:35:00,2024-11-12 04:40:00,2595.91,2590.88,2605.9699999999993,5.029999999999745,False,extreme,2024-11-12 05:15:00,2590.88,stop,8,-1.0,5,0.009940357852883207,-1.0099403578528832,0.08747514910538307,1.0099403578529194
XAUUSD,NY,2024-11-12,Tuesday,2,2618.18,2595.25,22.929999999999836,long,2024-11-12 04:55:00,2589.69,2024-11-12 05:45:00,2024-11-12 05:50:00,2595.42,2589.69,2606.88,5.730000000000018,False,extreme,2024-11-12 07:55:00,2606.88,target,26,2.0,5,0.008726003490401368,1.9912739965095987,2.02617801047122,0.4991273996509805
XAUUSD,NY,2024-11-12,Tuesday,3,2618.18,2595.25,22.929999999999836,long,2024-11-12 12:10:00,2592.56,2024-11-12 12:30:00,2024-11-12 12:35:00,2595.6,2592.56,2601.68,3.0399999999999636,False,extreme,2024-11-12 13:15:00,2601.68,target,9,2.0,5,0.01644736842105283,1.9835526315789471,2.14144736842115,0.5986842105262272
XAUUSD,NY,2024-11-13,Wednesday,1,2610.73,2601.08,9.650000000000091,short,2024-11-13 06:05:00,2611.68,2024-11-13 06:10:00,2024-11-13 06:15:00,2609.67,2611.68,2605.6500000000005,2.0099999999997635,False,extreme,2024-11-13 07:00:00,2611.68,stop,10,-1.0,5,0.024875621890550193,-1.0248756218905501,1.8855721393036864,1.5223880597016446
XAUUSD,NY,2024-11-13,Wednesday,2,2610.73,2601.08,9.650000000000091,short,2024-11-13 06:55:00,2612.73,2024-11-13 07:20:00,2024-11-13 07:25:00,2610.65,2612.73,2606.4900000000002,2.0799999999999272,False,extreme,2024-11-13 08:30:00,2612.73,stop,14,-1.0,5,0.02403846153846238,-1.0240384615384623,1.6586538461540354,3.9230769230769904
XAUUSD,NY,2024-11-13,Wednesday,3,2610.73,2601.08,9.650000000000091,short,2024-11-13 08:30:00,2618.81,2024-11-13 08:40:00,2024-11-13 08:45:00,2609.39,2618.81,2590.5499999999997,9.420000000000073,False,extreme,2024-11-13 11:30:00,2590.5499999999997,target,34,2.0,0,0.0,2.0,2.3227176220806247,0.7430997876857692
XAUUSD,NY,2024-11-14,Thursday,1,2565.2,2550.49,14.710000000000036,long,2024-11-14 04:30:00,2536.85,2024-11-14 06:35:00,2024-11-14 06:40:00,2551.28,2536.85,2580.140000000001,14.430000000000291,False,extreme,2024-11-14 23:55:00,2567.12,end_of_day,196,1.0977130977130543,5,0.0034650034650033955,1.0942480942480508,1.8170478170477666,0.1386001386001358
XAUUSD,NY,2024-11-15,Friday,1,2569.0,2554.5,14.5,short,2024-11-15 05:25:00,2569.71,2024-11-15 05:30:00,2024-11-15 05:35:00,2567.78,2569.71,2563.9200000000005,1.9299999999998363,False,extreme,2024-11-15 05:35:00,2569.71,stop,1,-1.0,7,0.03626943005181655,-1.0362694300518165,0.4093264248707178,1.1347150259066248
XAUUSD,NY,2024-11-15,Friday,2,2569.0,2554.5,14.5,short,2024-11-15 05:35:00,2570.52,2024-11-15 05:50:00,2024-11-15 05:55:00,2567.86,2570.52,2562.5400000000004,2.6599999999998545,False,extreme,2024-11-15 06:35:00,2570.52,stop,9,-1.0,5,0.018796992481204037,-1.0187969924812041,0.4398496240602018,1.939849624060202
XAUUSD,NY,2024-11-15,Friday,3,2569.0,2554.5,14.5,short,2024-11-15 06:25:00,2573.31,2024-11-15 07:05:00,2024-11-15 07:10:00,2568.62,2573.31,2559.24,4.690000000000055,False,extreme,2024-11-15 08:10:00,2573.31,stop,13,-1.0,5,0.010660980810234418,-1.0106609808102345,0.6545842217483312,1.5394456289979042
XAUUSD,NY,2024-11-15,Friday,4,2569.0,2554.5,14.5,short,2024-11-15 07:50:00,2575.84,2024-11-15 08:30:00,2024-11-15 08:35:00,2565.16,2575.84,2543.7999999999993,10.680000000000291,False,extreme,2024-11-15 10:05:00,2575.84,stop,19,-1.0,7,0.006554307116104691,-1.0065543071161047,0.1938202247190686,1.0168539325842538
XAUUSD,NY,2024-11-15,Friday,5,2569.0,2554.5,14.5,short,2024-11-15 09:40:00,2576.02,2024-11-15 10:30:00,2024-11-15 10:35:00,2566.89,2576.02,2548.6299999999997,9.13000000000011,False,extreme,2024-11-15 16:55:00,2561.78,friday_close,77,0.5596933187294207,2,0.00219058050383349,0.5575027382255873,0.807228915662629,0.7064622124863303
XAUUSD,NY,2024-11-18,Monday,1,2592.32,2580.42,11.900000000000091,short,2024-11-18 04:35:00,2597.29,2024-11-18 05:10:00,2024-11-18 05:15:00,2591.56,2597.29,2580.1,5.730000000000018,False,extreme,2024-11-18 08:00:00,2597.29,stop,34,-1.0,5,0.008726003490401368,-1.0087260034904013,0.3455497382198974,1.1082024432809578
XAUUSD,NY,2024-11-19,Tuesday,1,2627.03,2617.75,9.2800000000002,short,2024-11-19 04:00:00,2628.35,2024-11-19 04:05:00,2024-11-19 04:10:00,2625.96,2628.35,2621.1800000000003,2.3899999999998727,False,extreme,2024-11-19 04:15:00,2628.35,stop,2,-1.0,5,0.020920502092051325,-1.0209205020920513,0.25941422594139074,1.6108786610879138
XAUUSD,NY,2024-11-19,Tuesday,2,2627.03,2617.75,9.2800000000002,short,2024-11-19 04:15:00,2639.47,2024-11-19 09:15:00,2024-11-19 09:20:00,2626.24,2639.47,2599.7799999999997,13.230000000000018,False,extreme,2024-11-19 20:00:00,2639.47,stop,117,-1.0,6,0.004535147392290243,-1.0045351473922903,0.39606953892666474,1.152683295540437
XAUUSD,NY,2024-11-20,Wednesday,1,2638.51,2618.82,19.690000000000055,short,2024-11-20 08:30:00,2639.5,2024-11-20 08:35:00,2024-11-20 08:40:00,2637.73,2639.5,2634.19,1.7699999999999818,False,extreme,2024-11-20 08:45:00,2634.19,target,2,2.0,5,0.02824858757062176,1.9717514124293782,2.451977401130051,0.33333333333341897
XAUUSD,NY,2024-11-20,Wednesday,2,2638.51,2618.82,19.690000000000055,short,2024-11-20 09:10:00,2639.39,2024-11-20 09:15:00,2024-11-20 09:20:00,2636.11,2639.39,2629.5500000000006,3.2799999999997453,False,extreme,2024-11-20 09:20:00,2639.39,stop,1,-1.0,7,0.021341463414635806,-1.0213414634146358,0.09451219512194192,1.6981707317073602
XAUUSD,NY,2024-11-21,Thursday,1,2670.32,2654.65,15.670000000000073,short,2024-11-21 04:00:00,2671.66,2024-11-21 04:05:00,2024-11-21 04:10:00,2670.19,2671.66,2667.2500000000005,1.4699999999998,False,extreme,2024-11-21 04:15:00,2667.2500000000005,target,2,2.0,2,0.0136054421768726,1.9863945578231275,3.0068027210888943,0.4421768707484214
XAUUSD,NY,2024-11-21,Thursday,2,2670.32,2654.65,15.670000000000073,short,2024-11-21 06:10:00,2673.54,2024-11-21 07:00:00,2024-11-21 07:05:00,2668.41,2673.54,2658.1499999999996,5.130000000000109,False,extreme,2024-11-21 19:30:00,2673.54,stop,138,-1.0,3,0.005847953216374145,-1.0058479532163742,1.5516569200779469,1.015594541910317
XAUUSD,NY,2024-11-22,Friday,1,2700.52,2683.09,17.429999999999836,short,2024-11-22 04:30:00,2710.13,2024-11-22 06:35:00,2024-11-22 06:40:00,2698.58,2710.13,2675.4799999999996,11.550000000000182,False,extreme,2024-11-22 13:20:00,2710.13,stop,81,-1.0,0,0.0,-1.0,1.2216450216450134,1.066666666666664
XAUUSD,NY,2024-11-25,Monday,1,2674.02,2658.26,15.759999999999764,short,2024-11-25 04:10:00,2675.24,2024-11-25 04:20:00,2024-11-25 04:25:00,2671.74,2675.24,2664.74,3.5,False,extreme,2024-11-25 05:50:00,2675.24,stop,18,-1.0,4,0.011428571428571429,-1.0114285714285713,0.8428571428570909,1.145714285714348
XAUUSD,NY,2024-11-25,Monday,2,2674.02,2658.26,15.759999999999764,short,2024-11-25 05:45:00,2688.79,2024-11-25 09:00:00,2024-11-25 09:05:00,2673.59,2688.79,2643.1900000000005,15.199999999999818,False,extreme,2024-11-25 09:20:00,2643.1900000000005,target,4,2.0,4,0.0026315789473684527,1.9973684210526315,2.1894736842105655,0.06249999999998878
XAUUSD,NY,2024-11-26,Tuesday,1,2626.51,2610.82,15.690000000000055,short,2024-11-26 04:35:00,2627.18,2024-11-26 04:40:00,2024-11-26 04:45:00,2625.94,2627.18,2623.4600000000005,1.2399999999997817,False,extreme,2024-11-26 04:50:00,2623.4600000000005,target,2,2.0,5,0.04032258064516839,1.9596774193548316,2.040322580645682,0.29838709677415803
XAUUSD,NY,2024-11-26,Tuesday,2,2626.51,2610.82,15.690000000000055,short,2024-11-26 05:00:00,2641.96,2024-11-26 09:30:00,2024-11-26 09:35:00,2624.18,2641.96,2588.6199999999994,17.7800000000002,False,extreme,2024-11-26 23:55:00,2638.98,end_of_day,161,-0.8323959505061876,7,0.003937007874015704,-0.8363329583802034,0.41282339707534355,0.9235095613048306
XAUUSD,NY,2024-11-27,Wednesday,1,2653.68,2638.28,15.399999999999636,short,2024-11-27 07:10:00,2654.54,2024-11-27 07:15:00,2024-11-27 07:20:00,2652.49,2654.54,2648.3899999999994,2.050000000000182,False,extreme,2024-11-27 07:35:00,2654.54,stop,4,-1.0,5,0.02439024390243686,-1.0243902439024368,0.24878048780474063,1.2682926829268941
XAUUSD,NY,2024-11-27,Wednesday,2,2653.68,2638.28,15.399999999999636,short,2024-11-27 07:35:00,2655.09,2024-11-27 07:40:00,2024-11-27 07:45:00,2653.7,2655.09,2650.919999999999,1.3900000000003274,False,extreme,2024-11-27 07:50:00,2650.919999999999,target,2,2.0,5,0.03597122302157426,1.9640287769784257,2.330935251797855,0.007194244604471887
XAUUSD,NY,2024-11-27,Wednesday,3,2653.68,2638.28,15.399999999999636,short,2024-11-27 08:45:00,2658.25,2024-11-27 09:00:00,2024-11-27 09:05:00,2651.79,2658.25,2638.87,6.460000000000036,False,extreme,2024-11-27 10:15:00,2638.87,target,15,2.0,0,0.0,2.0,2.5185758513931717,0.5294117647058907
XAUUSD,NY,2024-11-27,Wednesday,4,2653.68,2638.28,15.399999999999636,long,2024-11-27 12:00:00,2635.28,2024-11-27 12:05:00,2024-11-27 12:10:00,2638.97,2635.28,2646.349999999999,3.6899999999996,False,extreme,2024-11-27 14:30:00,2635.28,stop,29,-1.0,5,0.013550135501356484,-1.0135501355013565,1.046070460704755,1.0054200542005376
XAUUSD,NY,2024-11-27,Wednesday,5,2653.68,2638.28,15.399999999999636,long,2024-11-27 14:20:00,2633.82,2024-11-27 15:15:00,2024-11-27 15:20:00,2638.33,2633.82,2647.3499999999995,4.5099999999997635,False,extreme,2024-11-27 20:00:00,2633.82,stop,45,-1.0,5,0.01108647450110923,-1.0110864745011092,0.15964523281602935,1.5875831485588092
XAUUSD,NY,2024-11-28,Thursday,1,2646.36,2630.21,16.15000000000009,short,2024-11-28 04:40:00,2647.92,2024-11-28 04:55:00,2024-11-28 05:00:00,2646.22,2647.92,2642.8199999999993,1.7000000000002728,False,extreme,2024-11-28 05:35:00,2647.92,stop,8,-1.0,2,0.011764705882351054,-1.0117647058823511,0.7823529411763023,2.064705882352738
XAUUSD,NY,2024-11-28,Thursday,2,2646.36,2630.21,16.15000000000009,short,2024-11-28 05:30:00,2649.73,2024-11-28 06:20:00,2024-11-28 06:25:00,2646.3,2649.73,2639.4400000000005,3.4299999999998363,False,extreme,2024-11-28 10:20:00,2639.4400000000005,target,48,2.0,5,0.014577259475219356,1.9854227405247806,2.2653061224490822,0.48396501457724017
XAUUSD,NY,2024-11-28,Thursday,3,2646.36,2630.21,16.15000000000009,short,2024-11-28 20:35:00,2647.2,2024-11-28 20:45:00,2024-11-28 20:50:00,2646.3,2647.2,2644.500000000001,0.8999999999996362,False,extreme,2024-11-28 21:00:00,2647.2,stop,3,-1.0,1,0.011111111111115603,-1.0111111111111155,1.9333333333343776,2.4555555555565887
XAUUSD,NY,2024-11-29,Friday,1,2666.26,2654.63,11.63000000000011,long,2024-11-29 09:55:00,2650.64,2024-11-29 10:15:00,2024-11-29 10:20:00,2655.55,2650.64,2665.370000000001,4.910000000000309,False,extreme,2024-11-29 14:10:00,2650.64,stop,47,-1.0,5,0.010183299389001395,-1.0101832993890014,1.3849287169041342,1.203665987780028
XAUUSD,NY,2024-12-03,Tuesday,1,2650.07,2637.22,12.850000000000364,short,2024-12-03 08:50:00,2655.66,2024-12-03 09:45:00,2024-12-03 09:50:00,2649.77,2655.66,2637.9900000000002,5.889999999999873,False,extreme,2024-12-03 10:15:00,2637.9900000000002,target,6,2.0,3,0.005093378607809957,1.99490662139219,2.04074702886252,0.05432937181666734
XAUUSD,NY,2024-12-04,Wednesday,1,2651.4,2636.72,14.680000000000291,long,2024-12-04 08:00:00,2632.46,2024-12-04 08:05:00,2024-12-04 08:10:00,2637.67,2632.46,2648.09,5.210000000000036,False,extreme,2024-12-04 08:50:00,2648.09,target,9,2.0,2,0.0038387715930901845,1.99616122840691,2.1343570057581216,0.6468330134356751
XAUUSD,NY,2024-12-04,Wednesday,2,2651.4,2636.72,14.680000000000291,short,2024-12-04 09:25:00,2653.45,2024-12-04 09:35:00,2024-12-04 09:40:00,2651.01,2653.45,2646.130000000001,2.4399999999996,False,extreme,2024-12-04 10:25:00,2653.45,stop,10,-1.0,5,0.020491803278691885,-1.0204918032786918,0.9467213114757291,2.028688524590422
XAUUSD,NY,2024-12-04,Wednesday,3,2651.4,2636.72,14.680000000000291,short,2024-12-04 10:15:00,2657.21,2024-12-04 11:40:00,2024-12-04 11:45:00,2650.6,2657.21,2637.3799999999997,6.610000000000127,False,extreme,2024-12-04 23:55:00,2646.28,end_of_day,135,0.6535552193645425,5,0.007564296520423455,0.6459909228441191,0.8835098335854128,0.74281391830563
XAUUSD,NY,2024-12-05,Thursday,1,2655.54,2642.07,13.4699999999998,long,2024-12-05 09:55:00,2631.95,2024-12-05 11:00:00,2024-12-05 11:05:00,2642.19,2631.95,2662.6700000000005,10.240000000000236,False,extreme,2024-12-05 12:10:00,2631.95,stop,14,-1.0,1,0.0009765624999999774,-1.0009765625,0.11718749999997953,1.4746093749999571
XAUUSD,NY,2024-12-05,Thursday,2,2655.54,2642.07,13.4699999999998,long,2024-12-05 11:20:00,2613.42,2024-12-05 23:00:00,2024-12-05 23:05:00,2642.41,2619.16,2688.91,23.25,True,swing,2024-12-05 23:55:00,2642.31,end_of_day,11,-0.0043010752688132925,5,0.002150537634408602,-0.006451612903221895,0.09333333333333646,0.0739784946236473
XAUUSD,NY,2024-12-06,Friday,1,2645.16,2635.37,9.789999999999964,long,2024-12-06 05:40:00,2633.61,2024-12-06 05:50:00,2024-12-06 05:55:00,2635.78,2633.61,2640.1200000000003,2.1700000000000728,False,extreme,2024-12-06 06:00:00,2633.61,stop,2,-1.0,5,0.023041474654377107,-1.023041474654377,0.00460829493076645,1.4930875576037455
XAUUSD,NY,2024-12-06,Friday,2,2645.16,2635.37,9.789999999999964,long,2024-12-06 05:55:00,2632.54,2024-12-06 06:05:00,2024-12-06 06:10:00,2635.64,2632.54,2641.8399999999997,3.099999999999909,False,extreme,2024-12-06 08:30:00,2632.54,both_touched,29,-1.0,4,0.012903225806451991,-1.012903225806452,2.538709677419541,1.364516129032304
XAUUSD,NY,2024-12-06,Friday,3,2645.16,2635.37,9.789999999999964,long,2024-12-06 08:45:00,2631.6,2024-12-06 08:50:00,2024-12-06 08:55:00,2636.5,2631.6,2646.3,4.900000000000091,False,extreme,2024-12-06 09:05:00,2631.6,stop,3,-1.0,4,0.008163265306122297,-1.0081632653061223,0.5061224489795861,1.8816326530611487
XAUUSD,NY,2024-12-06,Friday,4,2645.16,2635.37,9.789999999999964,long,2024-12-06 09:05:00,2624.12,2024-12-06 09:55:00,2024-12-06 10:00:00,2635.62,2624.12,2658.62,11.5,False,extreme,2024-12-06 16:55:00,2632.67,friday_close,84,-0.256521739130419,0,0.0,-0.256521739130419,0.526086956521755,0.3826086956521818
XAUUSD,NY,2024-12-10,Tuesday,1,2671.66,2661.22,10.440000000000055,short,2024-12-10 05:35:00,2676.78,2024-12-10 06:15:00,2024-12-10 06:20:00,2671.09,2676.78,2659.71,5.690000000000055,False,extreme,2024-12-10 07:05:00,2676.78,stop,10,-1.0,5,0.00878734622144104,-1.008787346221441,0.22319859402459924,1.4499121265377717
XAUUSD,NY,2024-12-11,Wednesday,1,2698.1,2675.7,22.40000000000009,short,2024-12-11 05:10:00,2699.03,2024-12-11 05:15:00,2024-12-11 05:20:00,2697.65,2699.03,2694.89,1.3800000000001091,False,extreme,2024-12-11 05:25:00,2699.03,stop,2,-1.0,9,0.06521739130434266,-1.0652173913043426,0.2826086956520593,1.6304347826085668
XAUUSD,NY,2024-12-11,Wednesday,2,2698.1,2675.7,22.40000000000009,short,2024-12-11 05:20:00,2699.9,2024-12-11 05:30:00,2024-12-11 05:35:00,2696.8,2699.9,2690.6000000000004,3.099999999999909,False,extreme,2024-12-11 08:30:00,2699.9,stop,36,-1.0,3,0.009677419354838993,-1.009677419354839,1.9451612903227022,1.2612903225806351
XAUUSD,NY,2024-12-11,Wednesday,3,2698.1,2675.7,22.40000000000009,short,2024-12-11 08:30:00,2701.78,2024-12-11 08:35:00,2024-12-11 08:40:00,2697.52,2701.78,2688.9999999999995,4.260000000000218,False,extreme,2024-12-11 08:50:00,2701.78,stop,3,-1.0,10,0.023474178403754667,-1.0234741784037547,0.21126760563381333,1.05633802816896
XAUUSD,NY,2024-12-12,Thursday,1,2720.46,2709.98,10.480000000000018,long,2024-12-12 06:05:00,2707.36,2024-12-12 06:15:00,2024-12-12 06:20:00,2710.79,2707.36,2717.6499999999996,3.4299999999998363,False,extreme,2024-12-12 07:50:00,2707.36,stop,19,-1.0,0,0.0,-1.0,0.7988338192420896,1.0962099125364266
XAUUSD,NY,2024-12-16,Monday,1,2662.06,2649.5,12.559999999999945,short,2024-12-16 06:25:00,2664.07,2024-12-16 06:30:00,2024-12-16 06:35:00,2661.82,2664.07,2657.32,2.25,False,extreme,2024-12-16 07:05:00,2664.07,stop,7,-1.0,9,0.04,-1.04,0.28444444444458994,1.155555555555515
XAUUSD,NY,2024-12-16,Monday,2,2662.06,2649.5,12.559999999999945,short,2024-12-16 06:50:00,2664.42,2024-12-16 07:25:00,2024-12-16 07:30:00,2661.87,2664.42,2656.7699999999995,2.550000000000182,False,extreme,2024-12-16 09:40:00,2656.7699999999995,target,27,2.0,10,0.03921568627450701,1.960784313725493,2.5921568627447846,0.921568627450879
XAUUSD,NY,2024-12-17,Tuesday,1,2657.04,2641.73,15.309999999999945,long,2024-12-17 04:35:00,2638.05,2024-12-17 05:15:00,2024-12-17 05:20:00,2642.32,2638.05,2650.86,4.269999999999982,False,extreme,2024-12-17 06:00:00,2638.05,stop,9,-1.0,7,0.01639344262295089,-1.0163934426229508,0.21779859484773775,1.4332552693209302
XAUUSD,NY,2024-12-17,Tuesday,2,2657.04,2641.73,15.309999999999945,long,2024-12-17 05:35:00,2636.2,2024-12-17 06:55:00,2024-12-17 07:00:00,2642.17,2636.2,2654.1100000000006,5.970000000000255,False,extreme,2024-12-17 08:50:00,2636.2,stop,23,-1.0,11,0.018425460636515126,-1.018425460636515,0.7906197654940701,1.2227805695142162
XAUUSD,NY,2024-12-17,Tuesday,3,2657.04,2641.73,15.309999999999945,long,2024-12-17 08:45:00,2633.12,2024-12-17 10:15:00,2024-12-17 10:20:00,2642.06,2633.12,2659.94,8.940000000000055,False,extreme,2024-12-17 23:55:00,2645.12,end_of_day,152,0.34228187919462266,10,0.011185682326621857,0.3310961968680008,1.0771812080536969,0.5883668903802831
XAUUSD,NY,2024-12-19,Thursday,1,2622.6,2603.37,19.230000000000018,short,2024-12-19 05:40:00,2626.4,2024-12-19 05:50:00,2024-12-19 05:55:00,2618.79,2626.4,2603.5699999999997,7.610000000000127,False,extreme,2024-12-19 08:00:00,2603.5699999999997,target,26,2.0,10,0.0131406044678053,1.9868593955321947,2.053876478317983,0.42444152431011356
XAUUSD,NY,2024-12-19,Thursday,2,2622.6,2603.37,19.230000000000018,long,2024-12-19 08:05:00,2587.02,2024-12-19 20:55:00,2024-12-19 21:00:00,2603.73,2587.02,2637.15,16.710000000000036,False,extreme,2024-12-19 23:55:00,2598.05,end_of_day,36,-0.339916217833622,16,0.009575104727707938,-0.34949132256133,0.013165769000586441,0.4859365649311713
XAUUSD,NY,2024-12-24,Tuesday,1,2621.51,2616.42,5.0900000000001455,long,2024-12-24 04:10:00,2613.16,2024-12-24 05:15:00,2024-12-24 05:20:00,2617.55,2613.16,2626.330000000001,4.390000000000327,False,extreme,2024-12-24 06:25:00,2613.16,stop,14,-1.0,9,0.02050113895216248,-1.0205011389521625,0.1093394077448707,1.0455580865603196
XAUUSD,NY,2024-12-24,Tuesday,2,2621.51,2616.42,5.0900000000001455,long,2024-12-24 05:55:00,2611.35,2024-12-24 09:25:00,2024-12-24 09:30:00,2616.4,2611.35,2626.5000000000005,5.050000000000182,False,extreme,2024-12-24 09:45:00,2611.35,stop,4,-1.0,5,0.009900990099009545,-1.0099009900990095,0.12277227722769674,1.0
XAUUSD,NY,2024-12-24,Tuesday,3,2621.51,2616.42,5.0900000000001455,long,2024-12-24 09:30:00,2610.18,2024-12-24 11:30:00,2024-12-24 11:35:00,2617.34,2610.18,2631.6600000000008,7.160000000000309,False,extreme,2024-12-24 13:40:00,2616.98,end_of_day,26,-0.05027932960895416,3,0.004189944134078031,-0.05446927374303219,0.28212290502791826,0.31703910614523517
XAUUSD,NY,2024-12-26,Thursday,1,2629.6,2623.63,5.9699999999998,short,2024-12-26 06:05:00,2629.95,2024-12-26 06:10:00,2024-12-26 06:15:00,2629.05,2629.95,2627.250000000001,0.8999999999996362,False,extreme,2024-12-26 07:00:00,2627.250000000001,target,10,2.0,9,0.10000000000004042,1.8999999999999595,2.0333333333345798,0.72222222222211
XAUUSD,NY,2024-12-26,Thursday,2,2629.6,2623.63,5.9699999999998,short,2024-12-26 08:00:00,2631.11,2024-12-26 08:15:00,2024-12-26 08:20:00,2629.35,2631.11,2625.8299999999995,1.7600000000002183,False,extreme,2024-12-26 08:30:00,2625.8299999999995,target,3,2.0,22,0.1249999999999845,1.8750000000000155,2.6818181818177353,0.005681818181941499
XAUUSD,NY,2024-12-26,Thursday,3,2629.6,2623.63,5.9699999999998,long,2024-12-26 08:45:00,2621.72,2024-12-26 09:05:00,2024-12-26 09:10:00,2624.06,2621.72,2628.7400000000002,2.3400000000001455,False,extreme,2024-12-26 09:55:00,2628.7400000000002,target,10,2.0,9,0.03846153846153607,1.961538461538464,2.6153846153844063,0.2136752136752004
XAUUSD,NY,2024-12-26,Thursday,4,2629.6,2623.63,5.9699999999998,short,2024-12-26 09:55:00,2639.13,2024-12-26 12:20:00,2024-12-26 12:25:00,2628.66,2639.13,2607.7199999999993,10.470000000000255,False,extreme,2024-12-26 23:55:00,2633.64,end_of_day,127,-0.4756446991403913,12,0.011461318051575652,-0.48710601719196694,0.06494746895891305,0.7163323782234783
XAUUSD,NY,2024-12-27,Friday,1,2638.16,2626.07,12.08999999999969,long,2024-12-27 04:00:00,2625.94,2024-12-27 04:05:00,2024-12-27 04:10:00,2626.7,2625.94,2628.2199999999993,0.7599999999997635,False,extreme,2024-12-27 04:10:00,2625.94,stop,1,-1.0,9,0.11842105263161579,-1.1184210526316158,0.19736842105281266,1.9078947368424595
XAUUSD,NY,2024-12-27,Friday,2,2638.16,2626.07,12.08999999999969,long,2024-12-27 04:10:00,2624.98,2024-12-27 04:15:00,2024-12-27 04:20:00,2627.15,2624.98,2631.4900000000002,2.1700000000000728,False,extreme,2024-12-27 04:30:00,2624.98,stop,3,-1.0,9,0.04147465437787879,-1.0414746543778788,0.248847926267256,1.0460829493087123
XAUUSD,NY,2024-12-27,Friday,3,2638.16,2626.07,12.08999999999969,long,2024-12-27 04:30:00,2623.72,2024-12-27 05:15:00,2024-12-27 05:20:00,2626.23,2623.72,2631.2500000000005,2.5100000000002183,False,extreme,2024-12-27 05:40:00,2623.72,stop,5,-1.0,9,0.03585657370517616,-1.0358565737051761,0.7490039840637234,1.0916334661354574
XAUUSD,NY,2024-12-27,Friday,4,2638.16,2626.07,12.08999999999969,long,2024-12-27 05:30:00,2623.49,2024-12-27 05:45:00,2024-12-27 05:50:00,2626.08,2623.49,2631.26,2.5900000000001455,False,extreme,2024-12-27 07:15:00,2631.26,target,18,2.0,9,0.03474903474903279,1.9652509652509673,2.073359073358915,0.3011583011581859
XAUUSD,NY,2024-12-30,Monday,1,2624.56,2609.43,15.13000000000011,long,2024-12-30 08:55:00,2605.47,2024-12-30 09:05:00,2024-12-30 09:10:00,2610.67,2605.47,2621.0700000000006,5.200000000000273,False,extreme,2024-12-30 10:05:00,2605.47,stop,12,-1.0,10,0.019230769230768222,-1.0192307692307683,0.6038461538460976,1.6480769230768681
XAUUSD,NY,2024-12-30,Monday,2,2624.56,2609.43,15.13000000000011,long,2024-12-30 10:00:00,2596.2,2024-12-30 20:25:00,2024-12-30 20:30:00,2610.28,2596.2,2638.440000000001,14.080000000000382,False,extreme,2024-12-30 23:55:00,2606.46,end_of_day,42,-0.27130681818182245,21,0.014914772727272322,-0.28622159090909477,0.08948863636361715,0.48295454545454525
XAUUSD,NY,2024-12-31,Tuesday,1,2617.76,2602.64,15.120000000000346,short,2024-12-31 10:10:00,2619.5,2024-12-31 10:20:00,2024-12-31 10:25:00,2617.62,2619.5,2613.8599999999997,1.8800000000001091,False,extreme,2024-12-31 10:30:00,2619.5,stop,2,-1.0,10,0.05319148936169904,-1.0531914893616992,0.2872340425531555,2.4468085106381077
XAUUSD,NY,2025-01-02,Thursday,1,2637.68,2631.22,6.460000000000036,short,2025-01-02 04:00:00,2639.78,2025-01-02 04:20:00,2025-01-02 04:25:00,2637.44,2639.78,2632.7599999999998,2.3400000000001455,False,extreme,2025-01-02 04:25:00,2639.78,stop,1,-1.0,0,0.0,-1.0,0.042735042735001214,1.0982905982906
XAUUSD,NY,2025-01-02,Thursday,2,2637.68,2631.22,6.460000000000036,short,2025-01-02 04:30:00,2638.43,2025-01-02 04:35:00,2025-01-02 04:40:00,2637.0,2638.43,2634.1400000000003,1.4299999999998363,False,extreme,2025-01-02 05:00:00,2634.1400000000003,target,5,2.0,11,0.07692307692308573,1.9230769230769142,2.321678321678702,0.6853146853147765
XAUUSD,NY,2025-01-02,Thursday,3,2637.68,2631.22,6.460000000000036,short,2025-01-02 05:10:00,2646.43,2025-01-02 08:15:00,2025-01-02 08:20:00,2637.68,2646.43,2620.18,8.75,False,extreme,2025-01-02 08:55:00,2646.43,stop,8,-1.0,10,0.011428571428571429,-1.0114285714285713,0.17828571428570805,1.0948571428571865
XAUUSD,NY,2025-01-03,Friday,1,2662.96,2649.92,13.039999999999964,long,2025-01-03 08:25:00,2648.54,2025-01-03 08:30:00,2025-01-03 08:35:00,2650.38,2648.54,2654.0600000000004,1.8400000000001455,False,extreme,2025-01-03 08:35:00,2648.54,stop,1,-1.0,5,0.027173913043476113,-1.027173913043476,0.44565217391285006,3.597826086956178
XAUUSD,NY,2025-01-03,Friday,2,2662.96,2649.92,13.039999999999964,long,2025-01-03 08:35:00,2643.48,2025-01-03 08:50:00,2025-01-03 08:55:00,2651.29,2643.48,2666.91,7.809999999999945,False,extreme,2025-01-03 10:00:00,2643.48,stop,14,-1.0,10,0.012804097311139654,-1.0128040973111396,0.1741357234315156,1.0102432778489023
XAUUSD,NY,2025-01-06,Monday,1,2636.21,2625.26,10.949999999999818,short,2025-01-06 06:10:00,2649.48,2025-01-06 08:35:00,2025-01-06 08:40:00,2630.26,2649.48,2591.8200000000006,19.2199999999998,False,extreme,2025-01-06 23:55:00,2638.3,end_of_day,172,-0.41831425598335314,3,0.0015608740894901307,-0.4198751300728433,0.8048907388137573,0.5718002081165399
XAUUSD,NY,2025-01-07,Tuesday,1,2646.72,2637.1,9.61999999999989,short,2025-01-07 06:45:00,2664.27,2025-01-07 10:05:00,2025-01-07 10:10:00,2644.73,2663.06,2608.07,18.329999999999927,True,swing,2025-01-07 23:55:00,2647.01,end_of_day,154,-0.12438625204583792,1,0.000545553737043101,-0.12493180578288102,0.0332787779596361,0.6208401527550548
XAUUSD,NY,2025-01-08,Wednesday,1,2654.47,2646.71,7.7599999999997635,short,2025-01-08 05:25:00,2655.03,2025-01-08 05:35:00,2025-01-08 05:40:00,2654.36,2655.03,2653.02,0.6700000000000728,False,extreme,2025-01-08 05:40:00,2655.03,stop,1,-1.0,8,0.1194029850746139,-1.1194029850746139,0.32835820895556833,1.1492537313431317
XAUUSD,NY,2025-01-08,Wednesday,2,2654.47,2646.71,7.7599999999997635,short,2025-01-08 05:40:00,2655.13,2025-01-08 05:45:00,2025-01-08 05:50:00,2653.74,2655.13,2650.959999999999,1.3900000000003274,False,extreme,2025-01-08 06:10:00,2650.959999999999,target,5,2.0,6,0.04316546762588911,1.956834532374111,2.0431654676251956,0.30215827338127615
XAUUSD,NY,2025-01-08,Wednesday,3,2654.47,2646.71,7.7599999999997635,long,2025-01-08 07:20:00,2645.87,2025-01-08 07:25:00,2025-01-08 07:30:00,2647.71,2645.87,2651.3900000000003,1.8400000000001455,False,extreme,2025-01-08 07:45:00,2651.3900000000003,target,4,2.0,5,0.027173913043476113,1.972826086956524,2.4130434782607084,0.2826086956521417
XAUUSD,NY,2025-01-08,Wednesday,4,2654.47,2646.71,7.7599999999997635,short,2025-01-08 08:00:00,2659.36,2025-01-08 08:30:00,2025-01-08 08:35:00,2653.55,2659.36,2641.9300000000003,5.809999999999945,False,extreme,2025-01-08 08:55:00,2659.36,stop,5,-1.0,0,0.0,-1.0,0.16006884681588637,1.1772805507744846
XAUUSD,NY,2025-01-08,Wednesday,5,2654.47,2646.71,7.7599999999997635,short,2025-01-08 12:55:00,2659.16,2025-01-08 13:45:00,2025-01-08 13:50:00,2654.19,2659.16,2644.2500000000005,4.9699999999998,False,extreme,2025-01-08 14:15:00,2659.16,stop,6,-1.0,10,0.02012072434607727,-1.0201207243460773,0.5050301810865834,1.1991951710262125
XAUUSD,NY,2025-01-09,Thursday,1,2666.92,2657.72,9.200000000000273,short,2025-01-09 05:35:00,2678.22,2025-01-09 12:00:00,2025-01-09 12:05:00,2666.13,2678.22,2641.9500000000007,12.08999999999969,False,extreme,2025-01-09 23:55:00,2671.77,end_of_day,131,-0.4665012406947905,0,0.0,-0.4665012406947905,0.2812241521919088,0.7196029776674971
XAUUSD,NY,2025-01-10,Friday,1,2680.38,2671.57,8.809999999999945,short,2025-01-10 04:20:00,2682.29,2025-01-10 04:25:00,2025-01-10 04:30:00,2679.91,2682.29,2675.1499999999996,2.380000000000109,False,extreme,2025-01-10 05:15:00,2682.29,stop,10,-1.0,6,0.025210084033612287,-1.0252100840336122,0.6512605042015361,1.1554621848738966
XAUUSD,NY,2025-01-10,Friday,2,2680.38,2671.57,8.809999999999945,short,2025-01-10 05:05:00,2682.66,2025-01-10 05:30:00,2025-01-10 05:35:00,2680.33,2682.66,2675.67,2.3299999999999272,False,extreme,2025-01-10 06:30:00,2682.66,stop,12,-1.0,12,0.05150214592274839,-1.0515021459227485,0.7167381974249463,1.0686695278971305
XAUUSD,NY,2025-01-10,Friday,3,2680.38,2671.57,8.809999999999945,short,2025-01-10 05:55:00,2683.11,2025-01-10 07:00:00,2025-01-10 07:05:00,2679.05,2683.11,2670.9300000000003,4.059999999999945,False,extreme,2025-01-10 08:30:00,2670.9300000000003,target,18,2.0,8,0.01970443349753721,1.9802955665024629,3.6822660098523334,0.4359605911330063
XAUUSD,NY,2025-01-10,Friday,4,2680.38,2671.57,8.809999999999945,long,2025-01-10 08:30:00,2664.1,2025-01-10 08:35:00,2025-01-10 08:40:00,2671.96,2664.1,2687.6800000000003,7.860000000000127,False,extreme,2025-01-10 09:20:00,2687.6800000000003,target,9,2.0,4,0.005089058524172946,1.994910941475827,2.0547073791348383,0.37022900763356326
XAUUSD,NY,2025-01-14,Tuesday,1,2675.29,2667.34,7.949999999999818,long,2025-01-14 04:35:00,2664.9,2025-01-14 05:00:00,2025-01-14 05:05:00,2668.54,2664.9,2675.8199999999997,3.6399999999998727,False,extreme,2025-01-14 05:20:00,2664.9,stop,4,-1.0,7,0.019230769230769905,-1.0192307692307698,0.08791208791213596,1.0467032967033183
XAUUSD,NY,2025-01-14,Tuesday,2,2675.29,2667.34,7.949999999999818,long,2025-01-14 05:10:00,2664.64,2025-01-14 06:45:00,2025-01-14 06:50:00,2668.13,2664.64,2675.1100000000006,3.4900000000002365,False,extreme,2025-01-14 08:35:00,2664.64,stop,22,-1.0,1,0.002865329512893789,-1.0028653295128938,1.7650429799425322,2.0744985673351706
XAUUSD,NY,2025-01-14,Tuesday,3,2675.29,2667.34,7.949999999999818,long,2025-01-14 08:35:00,2659.97,2025-01-14 10:00:00,2025-01-14 10:05:00,2668.72,2659.97,2686.22,8.75,False,extreme,2025-01-14 23:55:00,2675.65,end_of_day,155,0.7920000000000332,6,0.006857142857142857,0.7851428571428903,1.2,0.2354285714285652
XAUUSD,NY,2025-01-15,Wednesday,1,2685.48,2674.67,10.809999999999945,short,2025-01-15 04:15:00,2686.24,2025-01-15 04:20:00,2025-01-15 04:25:00,2684.23,2686.24,2680.2100000000005,2.0099999999997635,False,extreme,2025-01-15 04:35:00,2686.24,stop,3,-1.0,10,0.049751243781100386,-1.0497512437811003,0.17412935323380607,1.2089552238806578
XAUUSD,NY,2025-01-15,Wednesday,2,2685.48,2674.67,10.809999999999945,short,2025-01-15 04:25:00,2688.49,2025-01-15 05:20:00,2025-01-15 05:25:00,2685.42,2688.49,2679.2800000000007,3.069999999999709,False,extreme,2025-01-15 05:35:00,2688.49,stop,3,-1.0,10,0.03257328990228322,-1.0325732899022833,0.19543973941366968,1.1302931596091625
XAUUSD,NY,2025-01-15,Wednesday,3,2685.48,2674.67,10.809999999999945,short,2025-01-15 05:30:00,2689.01,2025-01-15 06:35:00,2025-01-15 06:40:00,2685.3,2689.01,2677.88,3.7100000000000364,False,extreme,2025-01-15 08:30:00,2689.01,stop,23,-1.0,6,0.016172506738544316,-1.0161725067385443,0.8490566037736011,2.145552560646889
XAUUSD,NY,2025-01-15,Wednesday,4,2685.48,2674.67,10.809999999999945,short,2025-01-15 08:30:00,2695.96,2025-01-15 09:30:00,2025-01-15 09:35:00,2682.42,2695.96,2655.34,13.539999999999964,False,extreme,2025-01-15 15:50:00,2695.96,stop,76,-1.0,3,0.0022156573116691343,-1.0022156573116692,0.4209748892171557,1.0073855243722238
XAUUSD,NY,2025-01-16,Thursday,1,2703.37,2689.94,13.429999999999836,short,2025-01-16 04:20:00,2711.26,2025-01-16 07:20:00,2025-01-16 07:25:00,2702.65,2711.26,2685.43,8.610000000000127,False,extreme,2025-01-16 08:25:00,2711.26,stop,13,-1.0,5,0.005807200929152063,-1.005807200929152,0.283391405342627,1.0511033681764916
XAUUSD,NY,2025-01-17,Friday,1,2715.45,2708.72,6.730000000000018,long,2025-01-17 04:20:00,2702.88,2025-01-17 07:00:00,2025-01-17 07:05:00,2709.93,2702.88,2724.0299999999993,7.049999999999727,False,extreme,2025-01-17 09:30:00,2702.88,stop,30,-1.0,6,0.00851063829787267,-1.0085106382978726,0.3177304964539465,1.019858156028416
XAUUSD,NY,2025-01-17,Friday,2,2715.45,2708.72,6.730000000000018,long,2025-01-17 08:25:00,2702.74,2025-01-17 09:40:00,2025-01-17 09:45:00,2709.88,2702.74,2724.1600000000008,7.140000000000327,False,extreme,2025-01-17 14:55:00,2702.74,stop,63,-1.0,5,0.007002801120447859,-1.007002801120448,1.0490196078430585,1.0
XAUUSD,NY,2025-01-21,Tuesday,1,2732.94,2721.62,11.320000000000164,long,2025-01-21 04:00:00,2718.03,2025-01-21 04:20:00,2025-01-21 04:25:00,2722.64,2718.03,2731.859999999999,4.609999999999673,False,extreme,2025-01-21 06:05:00,2718.03,stop,21,-1.0,6,0.013015184381779666,-1.0130151843817796,0.3449023861171927,1.0260303687636343
XAUUSD,NY,2025-01-21,Tuesday,2,2732.94,2721.62,11.320000000000164,long,2025-01-21 05:35:00,2716.6,2025-01-21 06:45:00,2025-01-21 06:50:00,2723.08,2716.6,2736.04,6.480000000000018,False,extreme,2025-01-21 09:50:00,2736.04,target,37,2.0,9,0.01388888888888885,1.9861111111111112,2.0524691358024914,0.18364197530864987
XAUUSD,NY,2025-01-22,Wednesday,1,2758.66,2745.55,13.109999999999673,short,2025-01-22 04:20:00,2762.31,2025-01-22 04:55:00,2025-01-22 05:00:00,2758.41,2762.31,2750.6099999999997,3.900000000000091,False,extreme,2025-01-22 05:25:00,2762.31,stop,6,-1.0,5,0.012820512820512522,-1.0128205128205126,0.04102564102560276,1.0205128205128013
XAUUSD,NY,2025-01-22,Wednesday,2,2758.66,2745.55,13.109999999999673,short,2025-01-22 05:00:00,2763.41,2025-01-22 06:00:00,2025-01-22 06:05:00,2758.5,2763.41,2748.6800000000003,4.9099999999998545,False,extreme,2025-01-22 23:55:00,2751.77,end_of_day,203,1.3706720977597184,5,0.010183299389002339,1.3604887983707161,1.8248472505092264,0.6415478615071658
XAUUSD,NY,2025-01-23,Thursday,1,2755.58,2751.17,4.4099999999998545,long,2025-01-23 06:20:00,2750.92,2025-01-23 06:25:00,2025-01-23 06:30:00,2754.02,2750.92,2760.22,3.099999999999909,False,extreme,2025-01-23 07:10:00,2750.92,stop,9,-1.0,8,0.025806451612903982,-1.025806451612904,0.0935483870967652,2.3677419354839873
XAUUSD,NY,2025-01-23,Thursday,2,2755.58,2751.17,4.4099999999998545,long,2025-01-23 07:10:00,2735.98,2025-01-23 11:30:00,2025-01-23 11:35:00,2752.37,2744.2,2768.71,8.170000000000073,True,swing,2025-01-23 21:10:00,2768.71,target,104,2.0,6,0.0073439412484699465,1.99265605875153,2.0783353733169974,0.11260709914321476
XAUUSD,NY,2025-01-24,Friday,1,2778.3,2770.08,8.220000000000255,short,2025-01-24 06:30:00,2780.04,2025-01-24 06:35:00,2025-01-24 06:40:00,2777.39,2780.04,2772.0899999999997,2.650000000000091,False,extreme,2025-01-24 08:00:00,2780.04,stop,17,-1.0,6,0.022641509433961485,-1.0226415094339616,0.6830188679244843,1.0830188679246215
XAUUSD,NY,2025-01-24,Friday,2,2778.3,2770.08,8.220000000000255,short,2025-01-24 07:55:00,2784.65,2025-01-24 09:20:00,2025-01-24 09:25:00,2776.25,2784.65,2759.45,8.400000000000091,False,extreme,2025-01-24 10:20:00,2784.65,stop,12,-1.0,6,0.0071428571428570654,-1.0071428571428571,0.2797619047618909,1.0130952380952531
XAUUSD,NY,2025-01-24,Friday,3,2778.3,2770.08,8.220000000000255,short,2025-01-24 10:05:00,2786.02,2025-01-24 10:50:00,2025-01-24 10:55:00,2777.42,2786.02,2760.2200000000003,8.599999999999909,False,extreme,2025-01-24 16:55:00,2771.48,friday_close,73,0.6906976744186183,5,0.0058139534883721545,0.6848837209302462,0.863953488372136,0.06744186046510853
XAUUSD,NY,2025-01-27,Monday,1,2759.77,2747.39,12.38000000000011,short,2025-01-27 04:00:00,2772.03,2025-01-27 08:20:00,2025-01-27 08:25:00,2759.09,2772.03,2733.21,12.940000000000055,False,extreme,2025-01-27 12:00:00,2733.21,target,44,2.0,5,0.003863987635239551,1.9961360123647605,2.042503863987649,0.08346213292116868
XAUUSD,NY,2025-01-28,Tuesday,1,2744.95,2734.78,10.169999999999618,short,2025-01-28 05:05:00,2745.31,2025-01-28 05:10:00,2025-01-28 05:15:00,2744.53,2745.31,2742.9700000000007,0.7799999999997453,False,extreme,2025-01-28 05:35:00,2742.9700000000007,target,5,2.0,6,0.07692307692310203,1.923076923076898,2.000000000001166,0.8076923076921283
XAUUSD,NY,2025-01-29,Wednesday,1,2766.07,2757.43,8.640000000000327,long,2025-01-29 07:05:00,2756.29,2025-01-29 07:10:00,2025-01-29 07:15:00,2757.38,2756.29,2759.5600000000004,1.0900000000001455,False,extreme,2025-01-29 07:20:00,2756.29,stop,2,-1.0,5,0.0458715596330214,-1.0458715596330215,0.21100917431191513,1.5321100917429815
XAUUSD,NY,2025-01-29,Wednesday,2,2766.07,2757.43,8.640000000000327,long,2025-01-29 07:25:00,2755.97,2025-01-29 07:30:00,2025-01-29 07:35:00,2757.95,2755.97,2761.91,1.9800000000000182,False,extreme,2025-01-29 07:50:00,2755.97,stop,4,-1.0,5,0.025252525252525023,-1.025252525252525,0.16161616161624281,1.1313131313130107
XAUUSD,NY,2025-01-29,Wednesday,3,2766.07,2757.43,8.640000000000327,long,2025-01-29 07:40:00,2755.57,2025-01-29 08:00:00,2025-01-29 08:05:00,2757.43,2755.57,2761.149999999999,1.8599999999996726,False,extreme,2025-01-29 08:05:00,2755.57,stop,1,-1.0,7,0.037634408602157166,-1.0376344086021572,0.19354838709687672,1.0161290322581749
XAUUSD,NY,2025-01-29,Wednesday,4,2766.07,2757.43,8.640000000000327,long,2025-01-29 08:10:00,2752.22,2025-01-29 08:35:00,2025-01-29 08:40:00,2757.51,2752.22,2768.090000000001,5.290000000000418,False,extreme,2025-01-29 10:25:00,2752.22,stop,22,-1.0,5,0.009451795841209082,-1.009451795841209,0.6862003780717141,1.4196597353496454
XAUUSD,NY,2025-01-29,Wednesday,5,2766.07,2757.43,8.640000000000327,long,2025-01-29 10:20:00,2744.73,2025-01-29 15:20:00,2025-01-29 15:25:00,2758.02,2744.73,2784.6,13.289999999999964,False,extreme,2025-01-29 23:55:00,2760.44,end_of_day,91,0.182091798344626,8,0.006019563581640347,0.17607223476298564,0.4040632054176001,0.2919488337095651
XAUUSD,NY,2025-01-31,Friday,1,2800.98,2791.76,9.2199999999998,short,2025-01-31 07:00:00,2817.11,2025-01-31 13:25:00,2025-01-31 13:30:00,2799.86,2817.11,2765.36,17.25,False,extreme,2025-01-31 16:55:00,2798.47,friday_close,42,0.08057971014494651,12,0.006956521739130434,0.07362318840581608,0.31999999999999895,0.1889855072463631
XAUUSD,NY,2025-02-03,Monday,1,2800.47,2780.12,20.34999999999991,short,2025-02-03 06:00:00,2804.22,2025-02-03 06:20:00,2025-02-03 06:25:00,2799.54,2804.22,2790.1800000000003,4.679999999999836,False,extreme,2025-02-03 07:25:00,2804.22,stop,13,-1.0,6,0.01282051282051327,-1.0128205128205132,0.2115384615384223,1.0854700854701078
XAUUSD,NY,2025-02-04,Tuesday,1,2819.24,2807.36,11.879999999999654,short,2025-02-04 04:40:00,2821.77,2025-02-04 05:05:00,2025-02-04 05:10:00,2817.83,2821.77,2809.95,3.9400000000000546,False,extreme,2025-02-04 07:50:00,2821.77,stop,33,-1.0,7,0.01776649746192869,-1.0177664974619287,1.3096446700507063,1.3197969543147718
XAUUSD,NY,2025-02-05,Wednesday,1,2869.72,2853.81,15.909999999999854,short,2025-02-05 04:20:00,2870.46,2025-02-05 04:25:00,2025-02-05 04:30:00,2869.34,2870.46,2867.1000000000004,1.1199999999998909,False,extreme,2025-02-05 04:35:00,2870.46,stop,2,-1.0,6,0.053571428571433787,-1.0535714285714337,0.1250000000003045,1.0
XAUUSD,NY,2025-02-05,Wednesday,2,2869.72,2853.81,15.909999999999854,short,2025-02-05 04:40:00,2872.11,2025-02-05 04:45:00,2025-02-05 04:50:00,2869.34,2872.11,2863.8,2.769999999999982,False,extreme,2025-02-05 05:20:00,2872.11,stop,7,-1.0,6,0.021660649819494726,-1.0216606498194947,0.03610108303262255,1.0938628158843917
XAUUSD,NY,2025-02-05,Wednesday,3,2869.72,2853.81,15.909999999999854,short,2025-02-05 04:50:00,2877.04,2025-02-05 05:45:00,2025-02-05 05:50:00,2869.7,2877.04,2855.0199999999995,7.3400000000001455,False,extreme,2025-02-05 10:25:00,2877.04,stop,56,-1.0,6,0.008174386920980764,-1.0081743869209807,1.5136239782015604,1.0694822888283662
XAUUSD,NY,2025-02-05,Wednesday,4,2869.72,2853.81,15.909999999999854,short,2025-02-05 09:45:00,2882.27,2025-02-05 11:05:00,2025-02-05 11:10:00,2869.3,2882.27,2843.3600000000006,12.9699999999998,False,extreme,2025-02-05 23:55:00,2868.53,end_of_day,142,0.05936777178103267,7,0.005397070161912189,0.05397070161912048,0.7193523515806111,0.5643793369313663
XAUUSD,NY,2025-02-06,Thursday,1,2871.25,2848.83,22.420000000000073,long,2025-02-06 09:45:00,2846.72,2025-02-06 09:50:00,2025-02-06 09:55:00,2849.83,2846.72,2856.05,3.1100000000001273,False,extreme,2025-02-06 09:55:00,2846.72,stop,1,-1.0,6,0.019292604501606928,-1.0192926045016069,0.009646302250867801,2.745980707395374
XAUUSD,NY,2025-02-06,Thursday,2,2871.25,2848.83,22.420000000000073,long,2025-02-06 09:55:00,2834.28,2025-02-06 10:35:00,2025-02-06 10:40:00,2848.97,2834.28,2878.349999999999,14.6899999999996,False,extreme,2025-02-06 23:55:00,2866.55,end_of_day,148,1.1967324710688128,5,0.0034036759700477445,1.193328795098765,1.4669843430905902,0.05718175629678105
XAUUSD,NY,2025-02-07,Friday,1,2867.19,2858.98,8.210000000000036,short,2025-02-07 04:05:00,2870.74,2025-02-07 05:05:00,2025-02-07 05:10:00,2866.9,2870.74,2859.2200000000007,3.8399999999996908,False,extreme,2025-02-07 08:30:00,2870.74,both_touched,41,-1.0,5,0.013020833333334383,-1.0130208333333344,3.7447916666669965,1.1328125000000675
XAUUSD,NY,2025-02-07,Friday,2,2867.19,2858.98,8.210000000000036,short,2025-02-07 08:35:00,2868.95,2025-02-07 08:40:00,2025-02-07 08:45:00,2862.96,2868.95,2850.9800000000005,5.989999999999782,False,extreme,2025-02-07 09:15:00,2868.95,stop,7,-1.0,7,0.011686143572621462,-1.0116861435726214,1.1352253756261153,1.1702838063439096
XAUUSD,NY,2025-02-07,Friday,3,2867.19,2858.98,8.210000000000036,long,2025-02-07 12:00:00,2856.52,2025-02-07 12:05:00,2025-02-07 12:10:00,2860.94,2856.52,2869.78,4.420000000000073,False,extreme,2025-02-07 12:20:00,2856.52,stop,3,-1.0,8,0.01809954751131192,-1.018099547511312,0.22850678733025948,1.1040723981900518
XAUUSD,NY,2025-02-07,Friday,4,2867.19,2858.98,8.210000000000036,long,2025-02-07 12:15:00,2853.44,2025-02-07 12:40:00,2025-02-07 12:45:00,2859.06,2853.44,2870.2999999999997,5.619999999999891,False,extreme,2025-02-07 16:55:00,2861.3,friday_close,51,0.39857651245556586,7,0.012455516014235118,0.38612099644133074,1.0925266903914577,0.6120996441281354
XAUUSD,NY,2025-02-10,Monday,1,2898.89,2876.1,22.789999999999964,short,2025-02-10 04:05:00,2906.29,2025-02-10 06:20:00,2025-02-10 06:25:00,2898.58,2906.29,2883.16,7.710000000000036,False,extreme,2025-02-10 07:10:00,2906.29,stop,10,-1.0,7,0.009079118028534328,-1.0090791180285343,0.0259403372243602,1.073929961089515
XAUUSD,NY,2025-02-10,Monday,2,2898.89,2876.1,22.789999999999964,short,2025-02-10 06:25:00,2910.97,2025-02-10 09:00:00,2025-02-10 09:05:00,2896.91,2910.97,2868.79,14.059999999999945,False,extreme,2025-02-10 10:15:00,2910.97,stop,15,-1.0,5,0.0035561877667140964,-1.003556187766714,0.036273115220466966,1.0206258890469715
XAUUSD,NY,2025-02-10,Monday,3,2898.89,2876.1,22.789999999999964,short,2025-02-10 09:10:00,2911.96,2025-02-10 12:20:00,2025-02-10 12:25:00,2898.73,2911.96,2872.27,13.230000000000018,False,extreme,2025-02-10 18:00:00,2911.96,stop,56,-1.0,7,0.005291005291005285,-1.0052910052910053,0.1541950113378655,1.0959939531368088
XAUUSD,NY,2025-02-12,Wednesday,1,2895.82,2883.85,11.970000000000255,long,2025-02-12 05:30:00,2879.43,2025-02-12 05:50:00,2025-02-12 05:55:00,2884.72,2879.43,2895.2999999999997,5.289999999999964,False,extreme,2025-02-12 06:55:00,2879.43,stop,13,-1.0,6,0.011342155009451873,-1.011342155009452,0.23629489603024736,1.0094517958411584
XAUUSD,NY,2025-02-12,Wednesday,2,2895.82,2883.85,11.970000000000255,long,2025-02-12 06:40:00,2878.98,2025-02-12 07:45:00,2025-02-12 07:50:00,2883.97,2878.98,2893.9499999999994,4.989999999999782,False,extreme,2025-02-12 08:10:00,2878.98,stop,5,-1.0,5,0.010020040080160759,-1.0100200400801607,0.40681362725456693,1.450901803607234
XAUUSD,NY,2025-02-12,Wednesday,3,2895.82,2883.85,11.970000000000255,long,2025-02-12 08:05:00,2864.22,2025-02-12 08:55:00,2025-02-12 09:00:00,2884.8,2864.22,2925.960000000001,20.580000000000382,False,extreme,2025-02-12 23:55:00,2918.63,end_of_day,168,1.6438289601554568,7,0.003401360544217624,1.6404275996112392,1.6744412050534205,0.13556851311952925
XAUUSD,NY,2025-02-13,Thursday,1,2922.86,2909.39,13.470000000000255,long,2025-02-13 08:50:00,2905.92,2025-02-13 09:00:00,2025-02-13 09:05:00,2910.0,2905.92,2918.16,4.079999999999927,False,extreme,2025-02-13 10:00:00,2918.16,target,12,2.0,5,0.012254901960784532,1.9877450980392155,2.078431372549061,0.5245098039215468
XAUUSD,NY,2025-02-14,Friday,1,2938.53,2926.87,11.66000000000031,short,2025-02-14 05:20:00,2940.06,2025-02-14 05:40:00,2025-02-14 05:45:00,2937.17,2940.06,2931.3900000000003,2.8899999999998727,False,extreme,2025-02-14 06:45:00,2931.3900000000003,target,13,2.0,8,0.027681660899655198,1.9723183391003447,2.7058823529413525,0.14878892733559004
XAUUSD,NY,2025-02-18,Tuesday,1,2915.7,2908.21,7.489999999999782,short,2025-02-18 07:40:00,2918.9,2025-02-18 08:05:00,2025-02-18 08:10:00,2914.55,2918.9,2905.8500000000004,4.349999999999909,False,extreme,2025-02-18 08:35:00,2918.9,stop,6,-1.0,5,0.01149425287356346,-1.0114942528735635,0.24827586206905852,1.0275862068965271
XAUUSD,NY,2025-02-19,Wednesday,1,2940.14,2927.96,12.179999999999836,short,2025-02-19 04:15:00,2946.94,2025-02-19 06:45:00,2025-02-19 06:50:00,2938.95,2946.94,2922.9699999999993,7.9900000000002365,False,extreme,2025-02-19 12:40:00,2922.9699999999993,target,71,2.0,8,0.010012515644555398,1.9899874843554446,2.0563204005005447,0.3441802252815918
XAUUSD,NY,2025-02-19,Wednesday,2,2940.14,2927.96,12.179999999999836,long,2025-02-19 12:25:00,2918.58,2025-02-19 14:15:00,2025-02-19 14:20:00,2928.96,2918.58,2949.7200000000003,10.38000000000011,False,extreme,2025-02-19 23:55:00,2940.04,end_of_day,104,1.0674373795760896,7,0.0067437379576107195,1.060693641618479,1.455684007707126,0.031791907514443524
XAUUSD,NY,2025-02-20,Thursday,1,2954.87,2939.41,15.460000000000036,long,2025-02-20 08:45:00,2924.21,2025-02-20 11:20:00,2025-02-20 11:25:00,2942.46,2924.21,2978.96,18.25,False,extreme,2025-02-20 23:55:00,2928.53,end_of_day,139,-0.7632876712328678,0,0.0,-0.7632876712328678,0.4005479452054765,0.8756164383561654
XAUUSD,NY,2025-02-21,Friday,1,2934.15,2916.79,17.360000000000127,short,2025-02-21 06:10:00,2934.96,2025-02-21 06:15:00,2025-02-21 06:20:00,2932.96,2934.96,2928.96,2.0,False,extreme,2025-02-21 06:25:00,2934.96,stop,2,-1.0,7,0.035,-1.035,0.22499999999990905,1.5599999999999454
XAUUSD,NY,2025-02-21,Friday,2,2934.15,2916.79,17.360000000000127,short,2025-02-21 06:20:00,2936.08,2025-02-21 06:30:00,2025-02-21 06:35:00,2932.16,2936.08,2924.3199999999997,3.9200000000000728,False,extreme,2025-02-21 09:45:00,2936.08,stop,39,-1.0,12,0.030612244897958614,-1.0306122448979587,1.3188775510204023,1.75
XAUUSD,NY,2025-02-21,Friday,3,2934.15,2916.79,17.360000000000127,short,2025-02-21 09:45:00,2939.02,2025-02-21 09:55:00,2025-02-21 10:00:00,2933.89,2939.02,2923.6299999999997,5.130000000000109,False,extreme,2025-02-21 10:25:00,2923.6299999999997,target,6,2.0,6,0.01169590643274829,1.9883040935672518,2.3898635477581878,0.3411306042884918
XAUUSD,NY,2025-02-21,Friday,4,2934.15,2916.79,17.360000000000127,short,2025-02-21 11:25:00,2942.88,2025-02-21 14:45:00,2025-02-21 14:50:00,2933.54,2942.88,2914.8599999999997,9.340000000000146,False,extreme,2025-02-21 16:55:00,2935.89,friday_close,26,-0.2516059957173311,12,0.012847965738757829,-0.26445396145608896,0.16274089935759722,0.49464668094216474
XAUUSD,NY,2025-02-24,Monday,1,2948.84,2935.24,13.600000000000364,short,2025-02-24 07:00:00,2951.13,2025-02-24 07:05:00,2025-02-24 07:10:00,2947.33,2951.13,2939.7299999999996,3.800000000000182,False,extreme,2025-02-24 08:35:00,2951.13,stop,18,-1.0,6,0.01578947368420977,-1.0157894736842097,0.4921052631578425,1.1736842105262693
XAUUSD,NY,2025-02-24,Monday,2,2948.84,2935.24,13.600000000000364,short,2025-02-24 08:25:00,2956.29,2025-02-24 09:20:00,2025-02-24 09:25:00,2946.7,2956.29,2927.5199999999995,9.590000000000146,False,extreme,2025-02-24 23:55:00,2936.89,end_of_day,163,1.0229405630865274,0,0.0,1.0229405630865274,1.6517205422314338,0.7393117831074075
XAUUSD,NY,2025-02-25,Tuesday,1,2942.34,2929.53,12.809999999999945,long,2025-02-25 07:30:00,2924.08,2025-02-25 08:00:00,2025-02-25 08:05:00,2929.61,2924.08,2940.6700000000005,5.5300000000002,False,extreme,2025-02-25 09:15:00,2940.6700000000005,target,15,2.0,4,0.007233273056057605,1.9927667269439424,2.3417721518986165,0.3942133815551921
XAUUSD,NY,2025-02-25,Tuesday,2,2942.34,2929.53,12.809999999999945,short,2025-02-25 09:25:00,2944.8,2025-02-25 09:40:00,2025-02-25 09:45:00,2938.83,2944.8,2926.8899999999994,5.970000000000255,False,extreme,2025-02-25 10:15:00,2926.8899999999994,target,7,2.0,5,0.00837520938023415,1.991624790619766,3.1072026800668233,0.19262981574540064
XAUUSD,NY,2025-02-25,Tuesday,3,2942.34,2929.53,12.809999999999945,long,2025-02-25 10:05:00,2888.22,2025-02-25 20:20:00,2025-02-25 20:25:00,2929.84,2923.43,2942.6600000000008,6.410000000000309,True,swing,2025-02-25 20:40:00,2923.43,stop,4,-1.0,7,0.010920436817472174,-1.0109204368174722,0.056162246489805806,1.0015600624024592
XAUUSD,NY,2025-02-26,Wednesday,1,2921.14,2905.86,15.279999999999745,long,2025-02-26 09:00:00,2890.84,2025-02-26 10:15:00,2025-02-26 10:20:00,2907.57,2890.84,2941.03,16.730000000000018,False,extreme,2025-02-26 23:55:00,2897.48,end_of_day,152,-0.6031081888822555,6,0.003586371787208603,-0.606694560669464,0.793783622235489,0.6724447101016131
XAUUSD,NY,2025-02-27,Thursday,1,2898.66,2880.7,17.960000000000036,long,2025-02-27 04:00:00,2877.18,2025-02-27 04:10:00,2025-02-27 04:15:00,2887.04,2877.18,2906.76,9.860000000000127,False,extreme,2025-02-27 09:45:00,2877.18,stop,67,-1.0,9,0.009127789046653026,-1.009127789046653,0.8164300202839836,1.9381338742393388
XAUUSD,NY,2025-02-27,Thursday,2,2898.66,2880.7,17.960000000000036,long,2025-02-27 09:45:00,2867.89,2025-02-27 12:25:00,2025-02-27 12:30:00,2880.93,2867.89,2907.0099999999998,13.039999999999964,False,extreme,2025-02-27 22:35:00,2867.89,stop,110,-1.0,7,0.005368098159509218,-1.0053680981595092,0.5184049079754783,1.0084355828220608
XAUUSD,NY,2025-02-28,Friday,1,2867.04,2851.13,15.909999999999854,long,2025-02-28 08:55:00,2832.7,2025-02-28 11:00:00,2025-02-28 11:05:00,2851.61,2832.7,2889.4300000000007,18.91000000000031,False,extreme,2025-02-28 16:55:00,2859.06,friday_close,71,0.39397144368057624,0,0.0,0.39397144368057624,0.40560549973558685,0.7139079851930079
XAUUSD,NY,2025-03-03,Monday,1,2868.93,2858.94,9.989999999999782,short,2025-03-03 04:00:00,2871.51,2025-03-03 04:30:00,2025-03-03 04:35:00,2868.72,2871.51,2863.139999999999,2.7900000000004184,False,extreme,2025-03-03 05:40:00,2871.51,stop,14,-1.0,5,0.01792114695340233,-1.0179211469534024,1.5663082437273246,1.0215053763440631
XAUUSD,NY,2025-03-04,Tuesday,1,2918.63,2884.46,34.17000000000007,short,2025-03-04 04:25:00,2921.19,2025-03-04 04:35:00,2025-03-04 04:40:00,2918.56,2921.19,2913.2999999999997,2.630000000000109,False,extreme,2025-03-04 05:05:00,2913.2999999999997,target,6,2.0,6,0.02281368821292681,1.9771863117870732,2.2509505703421397,0.8745247148289302
XAUUSD,NY,2025-03-04,Tuesday,2,2918.63,2884.46,34.17000000000007,short,2025-03-04 06:35:00,2919.81,2025-03-04 06:45:00,2025-03-04 06:50:00,2918.17,2919.81,2914.8900000000003,1.6399999999998727,False,extreme,2025-03-04 06:50:00,2919.81,stop,1,-1.0,7,0.04268292682927161,-1.0426829268292717,0.018292682926952693,2.164634146341465
XAUUSD,NY,2025-03-04,Tuesday,3,2918.63,2884.46,34.17000000000007,short,2025-03-04 06:50:00,2927.81,2025-03-04 09:10:00,2025-03-04 09:15:00,2918.18,2927.81,2898.9199999999996,9.63000000000011,False,extreme,2025-03-04 23:55:00,2910.49,end_of_day,165,0.7985462097611596,8,0.008307372793354008,0.7902388369678056,1.8380062305295553,0.2533748701973029
XAUUSD,NY,2025-03-05,Wednesday,1,2921.96,2910.06,11.900000000000091,long,2025-03-05 08:30:00,2894.39,2025-03-05 09:35:00,2025-03-05 09:40:00,2914.63,2894.39,2955.1100000000006,20.240000000000236,False,extreme,2025-03-05 23:55:00,2917.4,end_of_day,160,0.1368577075098789,5,0.002470355731225268,0.13438735177865366,0.7574110671936635,0.31966403162056223
XAUUSD,NY,2025-03-06,Thursday,1,2922.92,2901.11,21.809999999999945,long,2025-03-06 04:00:00,2899.59,2025-03-06 04:05:00,2025-03-06 04:10:00,2903.18,2899.59,2910.359999999999,3.5899999999996908,False,extreme,2025-03-06 04:25:00,2899.59,stop,4,-1.0,5,0.01392757660167251,-1.0139275766016724,0.6434540389972547,1.0529247910863708
XAUUSD,NY,2025-03-06,Thursday,2,2922.92,2901.11,21.809999999999945,long,2025-03-06 04:25:00,2891.02,2025-03-06 05:35:00,2025-03-06 05:40:00,2903.05,2891.02,2927.1100000000006,12.0300000000002,False,extreme,2025-03-06 23:55:00,2906.66,end_of_day,208,0.3000831255195023,6,0.004987531172069742,0.29509559434743254,1.6367414796341873,0.5162094763092213
XAUUSD,NY,2025-03-07,Friday,1,2922.93,2906.44,16.48999999999978,short,2025-03-07 08:40:00,2924.27,2025-03-07 08:45:00,2025-03-07 08:50:00,2920.45,2924.27,2912.8099999999995,3.8200000000001637,False,extreme,2025-03-07 09:00:00,2912.8099999999995,target,3,2.0,7,0.01832460732984215,1.9816753926701578,4.261780104711793,0.42408376963358013
XAUUSD,NY,2025-03-07,Friday,2,2922.93,2906.44,16.48999999999978,short,2025-03-07 09:50:00,2930.54,2025-03-07 10:35:00,2025-03-07 10:40:00,2920.07,2930.54,2899.1300000000006,10.4699999999998,False,extreme,2025-03-07 16:55:00,2911.94,friday_close,76,0.7765042979942947,9,0.008595988538682112,0.7679083094556125,1.7153772683859005,0.0
XAUUSD,NY,2025-03-10,Monday,1,2915.45,2904.32,11.129999999999654,long,2025-03-10 04:25:00,2896.78,2025-03-10 05:05:00,2025-03-10 05:10:00,2904.46,2896.78,2919.8199999999997,7.679999999999836,False,extreme,2025-03-10 07:40:00,2896.78,stop,31,-1.0,5,0.006510416666666806,-1.0065104166666667,1.420572916666678,1.164062500000032
XAUUSD,NY,2025-03-10,Monday,2,2915.45,2904.32,11.129999999999654,long,2025-03-10 06:25:00,2895.52,2025-03-10 08:00:00,2025-03-10 08:05:00,2904.78,2895.52,2923.3000000000006,9.260000000000218,False,extreme,2025-03-10 13:00:00,2895.52,stop,60,-1.0,5,0.0053995680345571085,-1.005399568034557,0.6306695464362368,1.2073434125270008
XAUUSD,NY,2025-03-12,Wednesday,1,2921.13,2908.99,12.140000000000327,short,2025-03-12 04:55:00,2925.34,2025-03-12 05:10:00,2025-03-12 05:15:00,2919.65,2925.34,2908.27,5.690000000000055,False,extreme,2025-03-12 09:20:00,2908.27,target,50,2.0,8,0.014059753954305665,1.9859402460456943,2.1775043936730674,0.6221441124780193
XAUUSD,NY,2025-03-12,Wednesday,2,2921.13,2908.99,12.140000000000327,long,2025-03-12 09:20:00,2906.17,2025-03-12 09:25:00,2025-03-12 09:30:00,2910.94,2906.17,2920.48,4.769999999999982,False,extreme,2025-03-12 10:50:00,2920.48,target,17,2.0,5,0.010482180293501089,1.9895178197064989,2.102725366876265,0.21174004192876775
XAUUSD,NY,2025-03-13,Thursday,1,2946.44,2932.92,13.519999999999982,short,2025-03-13 05:20:00,2947.54,2025-03-13 05:25:00,2025-03-13 05:30:00,2946.04,2947.54,2943.04,1.5,False,extreme,2025-03-13 05:30:00,2947.54,stop,1,-1.0,3,0.02,-1.02,0.07999999999992724,1.3466666666666545
XAUUSD,NY,2025-03-13,Thursday,2,2946.44,2932.92,13.519999999999982,short,2025-03-13 05:30:00,2948.83,2025-03-13 06:10:00,2025-03-13 06:15:00,2944.9,2948.83,2937.0400000000004,3.9299999999998363,False,extreme,2025-03-13 08:00:00,2948.83,stop,22,-1.0,8,0.02035623409669296,-1.020356234096693,0.7099236641221577,1.0483460559796596
XAUUSD,NY,2025-03-13,Thursday,3,2946.44,2932.92,13.519999999999982,short,2025-03-13 08:00:00,2949.25,2025-03-13 08:10:00,2025-03-13 08:15:00,2946.0,2949.25,2939.5,3.25,False,extreme,2025-03-13 09:00:00,2939.5,target,10,2.0,5,0.015384615384615385,1.9846153846153847,2.0923076923077484,0.7784615384616
XAUUSD,NY,2025-03-14,Friday,1,2994.03,2980.75,13.2800000000002,short,2025-03-14 05:05:00,3004.97,2025-03-14 06:35:00,2025-03-14 06:40:00,2990.0,3004.97,2960.0600000000004,14.9699999999998,False,extreme,2025-03-14 16:55:00,2986.24,friday_close,124,0.25116900467603664,9,0.006012024048096272,0.24515698062794036,0.7668670674682814,0.6506346025384042
XAUUSD,NY,2025-03-17,Monday,1,2990.79,2982.31,8.480000000000018,short,2025-03-17 05:10:00,3001.23,2025-03-17 08:10:00,2025-03-17 08:15:00,2990.59,3001.23,2969.3100000000004,10.639999999999873,False,extreme,2025-03-17 16:10:00,3001.23,stop,96,-1.0,7,0.006578947368421132,-1.0065789473684212,0.5357142857143178,1.005639097744356
XAUUSD,NY,2025-03-18,Tuesday,1,3018.96,3006.16,12.800000000000182,short,2025-03-18 04:05:00,3028.55,2025-03-18 05:50:00,2025-03-18 05:55:00,3018.44,3028.55,2998.22,10.110000000000127,False,extreme,2025-03-18 07:40:00,3028.55,stop,22,-1.0,7,0.006923837784371822,-1.006923837784372,0.0,1.1018793273985887
XAUUSD,NY,2025-03-19,Wednesday,1,3045.42,3034.43,10.990000000000236,long,2025-03-19 04:05:00,3022.74,2025-03-19 06:20:00,2025-03-19 06:25:00,3035.2,3022.74,3060.12,12.460000000000036,False,extreme,2025-03-19 23:55:00,3050.01,end_of_day,199,1.1886035313001893,12,0.009630818619582636,1.1789727126806067,1.70304975922955,0.7359550561797424
XAUUSD,NY,2025-03-20,Thursday,1,3057.58,3041.85,15.730000000000018,long,2025-03-20 04:05:00,3040.48,2025-03-20 04:10:00,2025-03-20 04:15:00,3042.52,3040.48,3046.6,2.0399999999999636,False,extreme,2025-03-20 04:20:00,3040.48,stop,2,-1.0,5,0.024509803921569064,-1.024509803921569,0.12745098039226613,1.1764705882353597
XAUUSD,NY,2025-03-20,Thursday,2,3057.58,3041.85,15.730000000000018,long,2025-03-20 04:15:00,3038.74,2025-03-20 04:35:00,2025-03-20 04:40:00,3042.37,3038.74,3049.63,3.630000000000109,False,extreme,2025-03-20 06:05:00,3038.74,stop,18,-1.0,5,0.013774104683195178,-1.0137741046831952,1.1101928374655865,1.787878787878674
XAUUSD,NY,2025-03-20,Thursday,3,3057.58,3041.85,15.730000000000018,long,2025-03-20 05:50:00,3025.77,2025-03-20 12:10:00,2025-03-20 12:15:00,3041.94,3025.77,3074.28,16.170000000000073,False,extreme,2025-03-20 23:55:00,3030.56,end_of_day,129,-0.703772418058136,9,0.005565862708719826,-0.7093382807668558,0.3419913419913247,0.7439703153988958
XAUUSD,NY,2025-03-21,Friday,1,3034.06,3021.82,12.239999999999782,short,2025-03-21 04:50:00,3034.46,2025-03-21 04:55:00,2025-03-21 05:00:00,3032.89,3034.46,3029.7499999999995,1.5700000000001637,False,extreme,2025-03-21 05:10:00,3029.7499999999995,target,3,2.0,6,0.038216560509550156,1.9617834394904499,3.2993630573243924,0.08917197452249224
XAUUSD,NY,2025-03-21,Friday,2,3034.06,3021.82,12.239999999999782,short,2025-03-21 07:40:00,3037.67,2025-03-21 07:50:00,2025-03-21 07:55:00,3033.22,3037.67,3024.3199999999993,4.450000000000273,False,extreme,2025-03-21 08:10:00,3037.67,stop,4,-1.0,5,0.011235955056179086,-1.0112359550561791,0.008988764044935094,1.078651685393233
XAUUSD,NY,2025-03-21,Friday,3,3034.06,3021.82,12.239999999999782,short,2025-03-21 07:55:00,3038.2,2025-03-21 09:20:00,2025-03-21 09:25:00,3030.83,3038.2,3016.09,7.369999999999891,False,extreme,2025-03-21 09:35:00,3016.09,target,3,2.0,6,0.00814111261872468,1.9918588873812753,2.336499321573956,0.22388059701494104
XAUUSD,NY,2025-03-21,Friday,4,3034.06,3021.82,12.239999999999782,long,2025-03-21 09:35:00,2999.37,2025-03-21 16:20:00,2025-03-21 16:25:00,3022.69,2999.37,3069.3300000000004,23.320000000000164,False,extreme,2025-03-21 16:55:00,3022.94,friday_close,7,0.010720411663807815,12,0.005145797598627751,0.005574614065180064,0.07890222984563176,0.037307032590046516
XAUUSD,NY,2025-03-24,Monday,1,3028.9,3016.63,12.269999999999982,short,2025-03-24 05:00:00,3030.95,2025-03-24 05:35:00,2025-03-24 05:40:00,3026.32,3030.95,3017.060000000001,4.629999999999654,False,extreme,2025-03-24 06:20:00,3030.95,stop,9,-1.0,5,0.010799136069115277,-1.0107991360691153,0.7948164146869472,1.0734341252700152
XAUUSD,NY,2025-03-24,Monday,2,3028.9,3016.63,12.269999999999982,short,2025-03-24 06:15:00,3033.48,2025-03-24 06:35:00,2025-03-24 06:40:00,3028.78,3033.48,3019.3800000000006,4.699999999999818,False,extreme,2025-03-24 09:45:00,3019.3800000000006,target,38,2.0,0,0.0,2.0,2.0382978723405856,0.2553191489361414
XAUUSD,NY,2025-03-25,Tuesday,1,3021.04,3010.54,10.5,short,2025-03-25 04:50:00,3021.83,2025-03-25 05:00:00,2025-03-25 05:05:00,3021.01,3021.83,3019.370000000001,0.819999999999709,False,extreme,2025-03-25 05:25:00,3021.83,stop,5,-1.0,7,0.08536585365856689,-1.0853658536585669,1.5975609756108111,1.097560975609702
XAUUSD,NY,2025-03-25,Tuesday,2,3021.04,3010.54,10.5,short,2025-03-25 05:20:00,3021.91,2025-03-25 05:30:00,2025-03-25 05:35:00,3020.22,3021.91,3016.8399999999997,1.6900000000000546,False,extreme,2025-03-25 05:45:00,3021.91,stop,3,-1.0,7,0.04142011834319393,-1.041420118343194,0.307692307692287,1.715976331360945
XAUUSD,NY,2025-03-25,Tuesday,3,3021.04,3010.54,10.5,short,2025-03-25 05:40:00,3026.52,2025-03-25 07:55:00,2025-03-25 08:00:00,3020.77,3026.52,3009.27,5.75,False,extreme,2025-03-25 09:35:00,3026.52,stop,20,-1.0,5,0.008695652173913044,-1.008695652173913,1.1460869565217644,1.4226086956521455
XAUUSD,NY,2025-03-25,Tuesday,4,3021.04,3010.54,10.5,short,2025-03-25 08:50:00,3035.94,2025-03-25 13:30:00,2025-03-25 13:35:00,3020.76,3035.94,2990.4000000000005,15.179999999999836,False,extreme,2025-03-25 23:55:00,3017.64,end_of_day,113,0.20553359683796965,7,0.00461133069828727,0.2009222661396824,0.28985507246377723,0.422266139657439
XAUUSD,NY,2025-03-26,Wednesday,1,3030.79,3013.19,17.59999999999991,short,2025-03-26 04:05:00,3031.47,2025-03-26 04:10:00,2025-03-26 04:15:00,3028.91,3031.47,3023.79,2.5599999999999454,False,extreme,2025-03-26 04:50:00,3023.79,target,8,2.0,5,0.019531250000000416,1.9804687499999996,2.0664062500000298,0.01171875000007841
XAUUSD,NY,2025-03-26,Wednesday,2,3030.79,3013.19,17.59999999999991,short,2025-03-26 22:40:00,3032.72,2025-03-26 22:45:00,2025-03-26 22:50:00,3030.6,3032.72,3026.36,2.119999999999891,False,extreme,2025-03-26 23:40:00,3032.72,stop,11,-1.0,17,0.08018867924528715,-1.080188679245287,0.4622641509434286,1.3396226415095716
XAUUSD,NY,2025-03-27,Thursday,1,3038.41,3026.73,11.679999999999836,short,2025-03-27 05:55:00,3055.93,2025-03-27 09:35:00,2025-03-27 09:40:00,3037.34,3055.93,3000.1600000000008,18.58999999999969,False,extreme,2025-03-27 10:35:00,3055.93,stop,12,-1.0,2,0.0010758472296934015,-1.0010758472296934,0.2027972027972052,1.1032813340505705
XAUUSD,NY,2025-03-28,Friday,1,3085.97,3072.46,13.509999999999764,long,2025-03-28 04:20:00,3066.13,2025-03-28 04:55:00,2025-03-28 05:00:00,3073.02,3066.13,3086.7999999999997,6.889999999999873,False,extreme,2025-03-28 16:55:00,3084.2,friday_close,144,1.6226415094339686,10,0.014513788098694028,1.6081277213352745,1.9941944847605937,0.8127721335268523
XAUUSD,NY,2025-03-31,Monday,1,3127.92,3105.93,21.990000000000236,long,2025-03-31 09:40:00,3099.96,2025-03-31 09:50:00,2025-03-31 09:55:00,3110.89,3099.96,3132.7499999999995,10.929999999999836,False,extreme,2025-03-31 21:00:00,3132.7499999999995,target,122,2.0,0,0.0,2.0,2.139981701738397,0.05672461116193048
XAUUSD,NY,2025-04-01,Tuesday,1,3148.98,3124.14,24.840000000000146,long,2025-04-01 11:40:00,3100.93,2025-04-01 21:05:00,2025-04-01 21:10:00,3128.5,3100.93,3183.6400000000003,27.570000000000164,False,extreme,2025-04-01 23:55:00,3125.58,end_of_day,34,-0.10591222343126788,12,0.00435255712731227,-0.11026478055858015,0.2597025752629602,0.1421835328255368
XAUUSD,NY,2025-04-02,Wednesday,1,3126.79,3108.7,18.090000000000146,short,2025-04-02 04:05:00,3127.69,2025-04-02 04:10:00,2025-04-02 04:15:00,3125.47,3127.69,3121.0299999999993,2.2200000000002547,False,extreme,2025-04-02 04:25:00,3127.69,stop,3,-1.0,8,0.0360360360360319,-1.036036036036032,0.2747747747745958,2.1666666666665986
XAUUSD,NY,2025-04-02,Wednesday,2,3126.79,3108.7,18.090000000000146,short,2025-04-02 04:20:00,3133.78,2025-04-02 06:30:00,2025-04-02 06:35:00,3125.4,3133.78,3108.64,8.38000000000011,False,extreme,2025-04-02 12:25:00,3133.78,stop,71,-1.0,11,0.013126491646777871,-1.013126491646778,1.8102625298329207,1.0596658711217175
XAUUSD,NY,2025-04-02,Wednesday,3,3126.79,3108.7,18.090000000000146,short,2025-04-02 12:00:00,3134.28,2025-04-02 13:20:00,2025-04-02 13:25:00,3126.22,3134.28,3110.099999999999,8.0600000000004,False,extreme,2025-04-02 16:10:00,3110.099999999999,target,34,2.0,8,0.009925558312654594,1.9900744416873455,2.5980148883372904,0.12406947890818243
XAUUSD,NY,2025-04-03,Thursday,1,3149.68,3116.63,33.04999999999973,long,2025-04-03 06:05:00,3112.29,2025-04-03 06:10:00,2025-04-03 06:15:00,3119.34,3112.29,3133.4400000000005,7.050000000000182,False,extreme,2025-04-03 06:15:00,3112.29,stop,1,-1.0,9,0.01276595744680818,-1.0127659574468082,0.09361702127657269,1.2297872340425318
XAUUSD,NY,2025-04-03,Thursday,2,3149.68,3116.63,33.04999999999973,long,2025-04-03 06:15:00,3054.24,2025-04-03 10:20:00,2025-04-03 10:25:00,3119.01,3054.24,3248.550000000001,64.77000000000044,False,extreme,2025-04-03 23:55:00,3098.4,end_of_day,151,-0.3182028716998609,0,0.0,-0.3182028716998609,0.25536513818125445,0.4920487880191467
XAUUSD,NY,2025-04-04,Friday,1,3109.89,3092.04,17.84999999999991,long,2025-04-04 04:00:00,3078.37,2025-04-04 05:20:00,2025-04-04 05:25:00,3094.26,3078.37,3126.040000000001,15.890000000000327,False,extreme,2025-04-04 07:05:00,3126.040000000001,target,21,2.0,5,0.0031466331025801746,1.9968533668974198,2.137193203272428,0.48080553807427123
XAUUSD,NY,2025-04-04,Friday,2,3109.89,3092.04,17.84999999999991,short,2025-04-04 06:55:00,3136.45,2025-04-04 07:40:00,2025-04-04 07:45:00,3109.46,3136.45,3055.4800000000005,26.98999999999978,False,extreme,2025-04-04 10:00:00,3055.4800000000005,target,28,2.0,11,0.004075583549462797,1.9959244164505372,2.0770655798444015,0.10300111152277762
XAUUSD,NY,2025-04-07,Monday,1,3044.57,3013.3,31.269999999999982,long,2025-04-07 09:35:00,3002.32,2025-04-07 09:55:00,2025-04-07 10:00:00,3015.58,3002.32,3042.0999999999995,13.259999999999764,False,extreme,2025-04-07 10:35:00,3002.32,stop,8,-1.0,6,0.0045248868778281345,-1.004524886877828,1.6907993966817854,1.3748114630467831
XAUUSD,NY,2025-04-08,Tuesday,1,3015.85,2990.87,24.980000000000018,short,2025-04-08 07:55:00,3019.55,2025-04-08 08:15:00,2025-04-08 08:20:00,3014.8,3019.55,3005.3,4.75,False,extreme,2025-04-08 08:25:00,3005.3,target,2,2.0,5,0.010526315789473684,1.9894736842105263,2.425263157894733,0.004210526315785644
XAUUSD,NY,2025-04-08,Tuesday,2,3015.85,2990.87,24.980000000000018,short,2025-04-08 09:10:00,3022.69,2025-04-08 09:25:00,2025-04-08 09:30:00,3013.72,3022.69,2995.7799999999993,8.970000000000255,False,extreme,2025-04-08 12:05:00,2995.7799999999993,target,32,2.0,6,0.006688963210702151,1.9933110367892979,2.148272017837172,0.500557413600904
XAUUSD,NY,2025-04-08,Tuesday,3,3015.85,2990.87,24.980000000000018,long,2025-04-08 12:35:00,2970.05,2025-04-08 21:30:00,2025-04-08 21:35:00,2994.69,2970.05,3043.97,24.639999999999873,False,extreme,2025-04-08 23:55:00,3004.5,end_of_day,29,0.3981331168831167,10,0.00405844155844158,0.3940746753246751,0.66842532467532,0.011769480519479104
XAUUSD,NY,2025-04-09,Wednesday,1,3052.35,2999.71,52.63999999999987,short,2025-04-09 07:15:00,3073.05,2025-04-09 08:20:00,2025-04-09 08:25:00,3051.74,3073.05,3009.119999999999,21.3100000000004,False,extreme,2025-04-09 09:35:00,3073.05,stop,15,-1.0,5,0.002346316283434963,-1.002346316283435,0.42609103707178586,1.2313467855466798
XAUUSD,NY,2025-04-09,Wednesday,2,3052.35,2999.71,52.63999999999987,short,2025-04-09 09:05:00,3099.05,2025-04-09 14:10:00,2025-04-09 14:15:00,3052.25,3099.05,2958.6499999999996,46.80000000000018,False,extreme,2025-04-09 15:45:00,3099.05,stop,19,-1.0,4,0.0008547008547008514,-1.0008547008547009,0.07500000000000437,1.0094017094017007
XAUUSD,NY,2025-04-10,Thursday,1,3132.66,3106.66,26.0,long,2025-04-10 04:55:00,3103.47,2025-04-10 05:10:00,2025-04-10 05:15:00,3107.28,3103.47,3114.900000000001,3.8100000000004,False,extreme,2025-04-10 05:55:00,3114.900000000001,target,9,2.0,5,0.013123359580051116,1.986876640419949,2.8293963254589536,0.5459317585302267
XAUUSD,NY,2025-04-10,Thursday,2,3132.66,3106.66,26.0,short,2025-04-10 09:20:00,3136.74,2025-04-10 09:30:00,2025-04-10 09:35:00,3121.26,3136.74,3090.300000000001,15.479999999999563,False,extreme,2025-04-10 10:05:00,3136.74,stop,7,-1.0,8,0.005167958656330895,-1.005167958656331,0.3262273901808995,1.385012919896654
XAUUSD,NY,2025-04-11,Friday,1,3219.21,3187.47,31.740000000000236,short,2025-04-11 04:15:00,3227.3,2025-04-11 04:30:00,2025-04-11 04:35:00,3216.02,3227.3,3193.4599999999996,11.2800000000002,False,extreme,2025-04-11 05:45:00,3227.3,stop,15,-1.0,5,0.004432624113475099,-1.0044326241134751,0.36702127659572686,1.0319148936169917
XAUUSD,NY,2025-04-11,Friday,2,3219.21,3187.47,31.740000000000236,short,2025-04-11 05:35:00,3237.76,2025-04-11 06:40:00,2025-04-11 06:45:00,3215.94,3237.76,3172.2999999999997,21.820000000000164,False,extreme,2025-04-11 09:30:00,3237.76,stop,34,-1.0,10,0.0045829514207149065,-1.004582951420715,0.2653528872593914,1.3020164986250982
XAUUSD,NY,2025-04-14,Monday,1,3238.08,3221.34,16.73999999999978,long,2025-04-14 04:05:00,3216.58,2025-04-14 04:25:00,2025-04-14 04:30:00,3224.7,3216.58,3240.9399999999996,8.11999999999989,False,extreme,2025-04-14 06:20:00,3216.58,stop,23,-1.0,5,0.006157635467980378,-1.0061576354679804,0.859605911330063,2.2167487684729363
XAUUSD,NY,2025-04-14,Monday,2,3238.08,3221.34,16.73999999999978,long,2025-04-14 06:10:00,3206.3,2025-04-14 07:05:00,2025-04-14 07:10:00,3221.43,3206.3,3251.689999999999,15.129999999999654,False,extreme,2025-04-14 08:40:00,3206.3,stop,19,-1.0,5,0.0033046926635823624,-1.0033046926635825,0.41639127561138967,1.3654990085922225
XAUUSD,NY,2025-04-14,Monday,3,3238.08,3221.34,16.73999999999978,long,2025-04-14 08:20:00,3193.76,2025-04-14 21:20:00,2025-04-14 21:25:00,3224.38,3193.76,3285.62,30.61999999999989,False,extreme,2025-04-14 23:55:00,3228.4,end_of_day,31,0.13128674069235782,7,0.0022860875244938034,0.12900065316786402,0.15578053559764857,0.2338340953625191
XAUUSD,NY,2025-04-15,Tuesday,1,3232.58,3217.35,15.230000000000018,long,2025-04-15 08:35:00,3215.44,2025-04-15 08:40:00,2025-04-15 08:45:00,3220.48,3215.44,3230.56,5.039999999999964,False,extreme,2025-04-15 09:40:00,3215.44,stop,12,-1.0,5,0.009920634920634993,-1.0099206349206349,1.1666666666666967,1.0734126984126773
XAUUSD,NY,2025-04-15,Tuesday,2,3232.58,3217.35,15.230000000000018,long,2025-04-15 09:35:00,3211.66,2025-04-15 10:00:00,2025-04-15 10:05:00,3219.85,3211.66,3236.23,8.190000000000055,False,extreme,2025-04-15 18:35:00,3236.23,target,91,2.0,5,0.006105006105006064,1.993894993894994,2.3394383394383618,0.35042735042733475
XAUUSD,NY,2025-04-16,Wednesday,1,3300.74,3269.24,31.5,short,2025-04-16 04:00:00,3317.74,2025-04-16 04:25:00,2025-04-16 04:30:00,3299.86,3317.74,3264.100000000001,17.879999999999654,False,extreme,2025-04-16 10:00:00,3317.74,stop,67,-1.0,10,0.005592841163311071,-1.005592841163311,0.6168903803132222,1.0922818791946378
XAUUSD,NY,2025-04-17,Thursday,1,3345.45,3314.48,30.9699999999998,long,2025-04-17 10:00:00,3283.73,2025-04-17 12:45:00,2025-04-17 12:50:00,3316.44,3283.73,3381.86,32.710000000000036,False,extreme,2025-04-17 16:55:00,3327.24,end_of_day,50,0.3301742586364939,12,0.0036686028737389137,0.326505655762755,0.37542036074594104,0.1650871293182539
XAUUSD,NY,2025-04-21,Monday,1,3396.05,3369.41,26.640000000000327,short,2025-04-21 06:10:00,3397.8,2025-04-21 06:25:00,2025-04-21 06:30:00,3395.85,3397.8,3391.9499999999994,1.9500000000002728,False,extreme,2025-04-21 07:10:00,3391.9499999999994,target,9,2.0,6,0.030769230769226462,1.9692307692307736,4.835897435896675,0.5692307692307549
XAUUSD,NY,2025-04-22,Tuesday,1,3500.12,3461.01,39.10999999999967,long,2025-04-22 04:35:00,3443.24,2025-04-22 06:00:00,2025-04-22 06:05:00,3462.56,3443.24,3501.2000000000003,19.320000000000164,False,extreme,2025-04-22 08:40:00,3443.24,stop,32,-1.0,5,0.0025879917184264793,-1.0025879917184264,0.29658385093167544,1.081780538302273
XAUUSD,NY,2025-04-23,Wednesday,1,3349.47,3291.73,57.73999999999978,long,2025-04-23 09:35:00,3281.5,2025-04-23 09:40:00,2025-04-23 09:45:00,3292.38,3281.5,3314.1400000000003,10.88000000000011,False,extreme,2025-04-23 09:45:00,3281.5,stop,1,-1.0,0,0.0,-1.0,0.2123161764705811,1.2022058823529225
XAUUSD,NY,2025-04-23,Wednesday,2,3349.47,3291.73,57.73999999999978,long,2025-04-23 09:45:00,3260.33,2025-04-23 10:45:00,2025-04-23 10:50:00,3296.02,3260.33,3367.4,35.690000000000055,False,extreme,2025-04-23 21:35:00,3367.4,target,118,2.0,5,0.0014009526478005023,1.9985990473521995,2.0028019052955983,0.751471000280194
XAUUSD,NY,2025-04-23,Wednesday,3,3349.47,3291.73,57.73999999999978,short,2025-04-23 21:15:00,3367.5,2025-04-23 22:35:00,2025-04-23 22:40:00,3342.9,3367.5,3293.7000000000003,24.59999999999991,False,extreme,2025-04-23 23:55:00,3327.0,end_of_day,16,0.6463414634146403,8,0.0032520325203252154,0.643089430894315,0.9052845528455311,0.09024390243901659
XAUUSD,NY,2025-04-24,Thursday,1,3339.81,3314.67,25.139999999999873,short,2025-04-24 05:05:00,3342.88,2025-04-24 05:10:00,2025-04-24 05:15:00,3337.86,3342.88,3327.82,5.019999999999982,False,extreme,2025-04-24 05:45:00,3327.82,target,7,2.0,5,0.009960159362549837,1.9900398406374502,2.452191235059759,0.27091633466129034
XAUUSD,NY,2025-04-24,Thursday,2,3339.81,3314.67,25.139999999999873,short,2025-04-24 07:20:00,3343.94,2025-04-24 07:35:00,2025-04-24 07:40:00,3338.58,3343.94,3327.8599999999997,5.360000000000127,False,extreme,2025-04-24 08:35:00,3343.94,stop,12,-1.0,5,0.009328358208955003,-1.009328358208955,0.6529850746268502,1.0130597014925675
XAUUSD,NY,2025-04-24,Thursday,3,3339.81,3314.67,25.139999999999873,short,2025-04-24 08:30:00,3344.65,2025-04-24 08:40:00,2025-04-24 08:45:00,3338.28,3344.65,3325.5400000000004,6.369999999999891,False,extreme,2025-04-24 09:20:00,3325.5400000000004,target,8,2.0,5,0.007849293563579413,1.9921507064364206,2.06593406593415,0.5102040816326618
XAUUSD,NY,2025-04-24,Thursday,4,3339.81,3314.67,25.139999999999873,long,2025-04-24 10:00:00,3306.63,2025-04-24 10:20:00,2025-04-24 10:25:00,3315.59,3306.63,3333.51,8.960000000000036,False,extreme,2025-04-24 12:10:00,3333.51,target,22,2.0,5,0.00558035714285712,1.9944196428571428,2.21205357142853,0.1595982142857461
XAUUSD,NY,2025-04-24,Thursday,5,3339.81,3314.67,25.139999999999873,short,2025-04-24 15:35:00,3347.02,2025-04-24 16:05:00,2025-04-24 16:10:00,3338.26,3347.02,3320.7400000000007,8.759999999999764,False,extreme,2025-04-24 16:45:00,3347.02,stop,8,-1.0,8,0.009132420091324448,-1.0091324200913245,0.0,1.1141552511415556
XAUUSD,NY,2025-04-24,Thursday,6,3339.81,3314.67,25.139999999999873,short,2025-04-24 16:20:00,3370.75,2025-04-24 23:45:00,2025-04-24 23:50:00,3338.48,3370.75,3273.94,32.26999999999998,False,extreme,2025-04-24 23:55:00,3323.67,end_of_day,2,0.45894019212891085,7,0.002169197396963125,0.4567709947319477,0.4914781530833634,0.005577936163614391
XAUUSD,NY,2025-04-25,Friday,1,3327.77,3286.59,41.179999999999836,long,2025-04-25 09:00:00,3265.08,2025-04-25 13:10:00,2025-04-25 13:15:00,3287.73,3265.08,3333.03,22.65000000000009,False,extreme,2025-04-25 16:55:00,3318.62,friday_close,45,1.3637969094922626,10,0.0044150110375275765,1.359381898454735,1.3885209713024147,0.06754966887418075
XAUUSD,NY,2025-04-28,Monday,1,3300.95,3277.82,23.129999999999654,long,2025-04-28 05:50:00,3273.06,2025-04-28 06:05:00,2025-04-28 06:10:00,3278.07,3273.06,3288.0900000000006,5.010000000000218,False,extreme,2025-04-28 06:35:00,3288.0900000000006,target,6,2.0,5,0.009980039920159247,1.9900199600798407,2.0878243512973214,0.16566866267471972
XAUUSD,NY,2025-04-28,Monday,2,3300.95,3277.82,23.129999999999654,short,2025-04-28 08:25:00,3302.35,2025-04-28 08:30:00,2025-04-28 08:35:00,3299.07,3302.35,3292.5100000000007,3.2799999999997453,False,extreme,2025-04-28 09:00:00,3292.5100000000007,target,6,2.0,6,0.018292682926830686,1.9817073170731694,2.4847560975611964,0.6006097560975466
XAUUSD,NY,2025-04-29,Tuesday,1,3324.02,3305.18,18.840000000000146,long,2025-04-29 09:45:00,3299.73,2025-04-29 09:50:00,2025-04-29 09:55:00,3306.22,3299.73,3319.1999999999994,6.489999999999782,False,extreme,2025-04-29 10:05:00,3299.73,stop,3,-1.0,5,0.007704160246533387,-1.0077041602465333,0.716486902927619,1.010785824345172
XAUUSD,NY,2025-04-29,Tuesday,2,3324.02,3305.18,18.840000000000146,long,2025-04-29 10:05:00,3299.66,2025-04-29 10:10:00,2025-04-29 10:15:00,3309.22,3299.66,3328.3399999999997,9.559999999999945,False,extreme,2025-04-29 12:50:00,3328.3399999999997,target,32,2.0,0,0.0,2.0,2.1129707112971117,0.40794979079494337
XAUUSD,NY,2025-04-29,Tuesday,3,3324.02,3305.18,18.840000000000146,short,2025-04-29 12:40:00,3330.1,2025-04-29 13:15:00,2025-04-29 13:20:00,3323.9,3330.1,3311.5000000000005,6.199999999999818,False,extreme,2025-04-29 19:15:00,3311.5000000000005,target,60,2.0,7,0.011290322580645494,1.9887096774193544,2.0661290322581163,0.19354838709675054
XAUUSD,NY,2025-04-29,Tuesday,4,3324.02,3305.18,18.840000000000146,short,2025-04-29 20:10:00,3328.12,2025-04-29 20:15:00,2025-04-29 20:20:00,3322.46,3328.12,3311.1400000000003,5.6599999999998545,False,extreme,2025-04-29 21:00:00,3311.1400000000003,target,9,2.0,7,0.012367491166078057,1.987632508833922,2.4840989399293827,0.0
XAUUSD,NY,2025-04-30,Wednesday,1,3314.74,3301.3,13.4399999999996,long,2025-04-30 04:10:00,3266.98,2025-04-30 08:45:00,2025-04-30 08:50:00,3303.39,3283.68,3342.81,19.710000000000036,True,swing,2025-04-30 16:35:00,3283.68,stop,94,-1.0,5,0.0025367833587011624,-1.0025367833587011,0.8330796549974654,1.0273972602739707
XAUUSD,NY,2025-05-01,Thursday,1,3243.19,3221.32,21.86999999999989,long,2025-05-01 05:50:00,3213.57,2025-05-01 06:35:00,2025-05-01 06:40:00,3222.37,3213.57,3239.9699999999993,8.799999999999727,False,extreme,2025-05-01 07:45:00,3213.57,stop,14,-1.0,5,0.005681818181818358,-1.0056818181818183,0.5363636363636819,1.792045454545508
XAUUSD,NY,2025-05-01,Thursday,2,3243.19,3221.32,21.86999999999989,long,2025-05-01 07:35:00,3202.04,2025-05-01 08:30:00,2025-05-01 08:35:00,3223.06,3202.04,3265.1,21.019999999999982,False,extreme,2025-05-01 23:55:00,3254.98,end_of_day,173,1.5185537583254092,8,0.003805899143672696,1.5147478591817365,1.692673644148428,0.8582302568981912
XAUUSD,NY,2025-05-02,Friday,1,3263.37,3246.31,17.059999999999945,short,2025-05-02 05:35:00,3267.08,2025-05-02 06:05:00,2025-05-02 06:10:00,3261.73,3267.08,3251.03,5.349999999999909,False,extreme,2025-05-02 07:30:00,3267.08,stop,17,-1.0,5,0.009345794392523523,-1.0093457943925235,0.814953271028075,1.071028037383199
XAUUSD,NY,2025-05-02,Friday,2,3263.37,3246.31,17.059999999999945,short,2025-05-02 07:20:00,3269.27,2025-05-02 07:55:00,2025-05-02 08:00:00,3262.74,3269.27,3249.6799999999994,6.5300000000002,False,extreme,2025-05-02 09:00:00,3249.6799999999994,target,13,2.0,5,0.007656967840734835,1.9923430321592652,2.8882082695251294,0.33843797856048524
XAUUSD,NY,2025-05-02,Friday,3,3263.37,3246.31,17.059999999999945,long,2025-05-02 09:00:00,3239.51,2025-05-02 09:15:00,2025-05-02 09:20:00,3248.48,3239.51,3266.4199999999996,8.9699999999998,False,extreme,2025-05-02 11:35:00,3239.51,stop,28,-1.0,5,0.005574136008918742,-1.0055741360089188,1.8015607580825213,1.4269788182832182
XAUUSD,NY,2025-05-06,Tuesday,1,3379.53,3350.28,29.25,short,2025-05-06 04:15:00,3383.17,2025-05-06 04:30:00,2025-05-06 04:35:00,3377.85,3383.17,3367.2099999999996,5.320000000000164,False,extreme,2025-05-06 05:55:00,3383.17,stop,17,-1.0,5,0.009398496240601215,-1.0093984962406013,1.2048872180450483,1.0169172932331096
XAUUSD,NY,2025-05-06,Tuesday,2,3379.53,3350.28,29.25,short,2025-05-06 05:50:00,3383.83,2025-05-06 06:20:00,2025-05-06 06:25:00,3379.01,3383.83,3369.370000000001,4.819999999999709,False,extreme,2025-05-06 06:55:00,3383.83,stop,7,-1.0,5,0.010373443983403117,-1.0103734439834031,0.46887966804986614,1.002074688796726
XAUUSD,NY,2025-05-06,Tuesday,3,3379.53,3350.28,29.25,short,2025-05-06 06:50:00,3385.02,2025-05-06 07:30:00,2025-05-06 07:35:00,3378.89,3385.02,3366.6299999999997,6.130000000000109,False,extreme,2025-05-06 08:35:00,3385.02,stop,13,-1.0,7,0.011419249592169455,-1.0114192495921694,0.9282218597063545,1.6035889070146414
XAUUSD,NY,2025-05-06,Tuesday,4,3379.53,3350.28,29.25,short,2025-05-06 08:30:00,3438.27,2025-05-06 20:35:00,2025-05-06 20:40:00,3377.89,3397.56,3338.5499999999997,19.670000000000073,True,swing,2025-05-06 23:55:00,3375.58,end_of_day,40,0.11743772241992562,1,0.0005083884087442788,0.11692933401118134,0.8962887646161458,0.8042704626334573
XAUUSD,NY,2025-05-07,Wednesday,1,3397.49,3375.26,22.229999999999563,long,2025-05-07 05:20:00,3371.53,2025-05-07 05:35:00,2025-05-07 05:40:00,3376.03,3371.53,3385.03,4.5,False,extreme,2025-05-07 05:55:00,3371.53,stop,4,-1.0,5,0.011111111111111112,-1.011111111111111,0.5844444444443676,1.380000000000008
XAUUSD,NY,2025-05-07,Wednesday,2,3397.49,3375.26,22.229999999999563,long,2025-05-07 05:50:00,3369.3,2025-05-07 06:05:00,2025-05-07 06:10:00,3378.67,3369.3,3397.41,9.36999999999989,False,extreme,2025-05-07 09:45:00,3397.41,target,44,2.0,5,0.0053361792956243955,1.9946638207043756,2.062966915688383,0.0
XAUUSD,NY,2025-05-07,Wednesday,3,3397.49,3375.26,22.229999999999563,long,2025-05-07 15:10:00,3363.83,2025-05-07 15:50:00,2025-05-07 15:55:00,3375.49,3363.83,3398.8099999999995,11.659999999999854,False,extreme,2025-05-07 16:55:00,3363.83,stop,13,-1.0,7,0.006003430531732494,-1.0060034305317325,0.0,1.0145797598627853
XAUUSD,NY,2025-05-07,Wednesday,4,3397.49,3375.26,22.229999999999563,long,2025-05-07 15:55:00,3363.66,2025-05-07 19:40:00,2025-05-07 19:45:00,3375.91,3363.66,3400.41,12.25,False,extreme,2025-05-07 21:50:00,3400.41,target,26,2.0,8,0.006530612244897959,1.993469387755102,2.3861224489795934,0.16571428571426491
XAUUSD,NY,2025-05-07,Wednesday,5,3397.49,3375.26,22.229999999999563,short,2025-05-07 21:45:00,3414.79,2025-05-07 23:35:00,2025-05-07 23:40:00,3396.6,3414.79,3360.22,18.190000000000055,False,extreme,2025-05-07 23:55:00,3396.95,end_of_day,4,-0.019241341396366574,7,0.0038482682792743152,-0.023089609675640888,0.05607476635513902,0.2611324903793285
XAUUSD,NY,2025-05-08,Thursday,1,3399.3,3320.35,78.95000000000027,long,2025-05-08 12:10:00,3288.75,2025-05-08 18:45:00,2025-05-08 18:50:00,3321.34,3288.75,3386.5200000000004,32.590000000000146,False,extreme,2025-05-08 21:35:00,3288.75,stop,34,-1.0,7,0.0021478981282601933,-1.00214789812826,0.08162012887388287,1.0576864068732772
XAUUSD,NY,2025-05-09,Friday,1,3332.28,3308.19,24.090000000000146,short,2025-05-09 07:25:00,3338.31,2025-05-09 07:30:00,2025-05-09 07:35:00,3326.59,3338.31,3303.1500000000005,11.7199999999998,False,extreme,2025-05-09 09:25:00,3338.31,stop,23,-1.0,8,0.006825938566553017,-1.006825938566553,0.10921501706486535,1.1817406143344833
XAUUSD,NY,2025-05-09,Friday,2,3332.28,3308.19,24.090000000000146,short,2025-05-09 09:15:00,3340.44,2025-05-09 09:55:00,2025-05-09 10:00:00,3330.76,3340.44,3311.4000000000005,9.679999999999836,False,extreme,2025-05-09 10:30:00,3340.44,stop,7,-1.0,5,0.005165289256198435,-1.0051652892561984,1.0743801652892837,1.0661157024793269
XAUUSD,NY,2025-05-09,Friday,3,3332.28,3308.19,24.090000000000146,short,2025-05-09 10:25:00,3347.52,2025-05-09 15:25:00,2025-05-09 15:30:00,3329.68,3347.52,3293.9999999999995,17.840000000000146,False,extreme,2025-05-09 16:55:00,3327.15,friday_close,18,0.1418161434977424,10,0.005605381165919237,0.13621076233182317,0.24663677130042602,0.039237668161449954
XAUUSD,NY,2025-05-12,Monday,1,3283.68,3216.19,67.48999999999978,long,2025-05-12 05:55:00,3213.06,2025-05-12 06:00:00,2025-05-12 06:05:00,3218.45,3213.06,3229.2299999999996,5.389999999999873,False,extreme,2025-05-12 06:15:00,3213.06,stop,3,-1.0,5,0.009276437847866638,-1.0092764378478667,0.19109461966608987,1.1038961038960962
XAUUSD,NY,2025-05-12,Monday,2,3283.68,3216.19,67.48999999999978,long,2025-05-12 06:10:00,3207.85,2025-05-12 07:00:00,2025-05-12 07:05:00,3218.85,3207.85,3240.85,11.0,False,extreme,2025-05-12 09:05:00,3240.85,target,25,2.0,5,0.004545454545454546,1.9954545454545454,2.591818181818202,0.45818181818181486
XAUUSD,NY,2025-05-13,Tuesday,1,3265.52,3234.96,30.559999999999945,long,2025-05-13 09:45:00,3225.5,2025-05-13 10:15:00,2025-05-13 10:20:00,3238.85,3225.5,3265.5499999999997,13.349999999999909,False,extreme,2025-05-13 23:55:00,3228.51,end_of_day,152,-0.7745318352059746,0,0.0,-0.7745318352059746,1.4217228464419587,0.9423220973782781
XAUUSD,NY,2025-05-14,Wednesday,1,3238.87,3221.69,17.179999999999836,short,2025-05-14 04:00:00,3243.83,2025-05-14 04:10:00,2025-05-14 04:15:00,3235.6,3243.83,3219.14,8.230000000000018,False,extreme,2025-05-14 08:00:00,3219.14,target,46,2.0,5,0.006075334143377873,1.993924665856622,2.374240583232068,0.4690157958687872
XAUUSD,NY,2025-05-16,Friday,1,3231.29,3205.46,25.829999999999927,long,2025-05-16 04:05:00,3195.6,2025-05-16 04:25:00,2025-05-16 04:30:00,3205.77,3195.6,3226.11,10.170000000000073,False,extreme,2025-05-16 06:40:00,3195.6,stop,27,-1.0,5,0.00491642084562435,-1.0049164208456243,0.703048180924291,1.0058997050147438
XAUUSD,NY,2025-05-19,Monday,1,3234.55,3206.7,27.850000000000364,short,2025-05-19 04:10:00,3248.52,2025-05-19 08:50:00,2025-05-19 08:55:00,3234.04,3248.52,3205.08,14.480000000000018,False,extreme,2025-05-19 23:00:00,3205.08,target,158,2.0,8,0.0055248618784530315,1.9944751381215469,2.016574585635344,0.5220994475138078
XAUUSD,NY,2025-05-21,Wednesday,1,3320.55,3298.46,22.090000000000146,long,2025-05-21 08:25:00,3290.78,2025-05-21 08:40:00,2025-05-21 08:45:00,3298.94,3290.78,3315.2599999999998,8.159999999999854,False,extreme,2025-05-21 11:20:00,3315.2599999999998,target,32,2.0,4,0.004901960784313813,1.9950980392156863,2.0012254901961053,0.43995098039218256
XAUUSD,NY,2025-05-21,Wednesday,2,3320.55,3298.46,22.090000000000146,short,2025-05-21 15:05:00,3324.86,2025-05-21 15:50:00,2025-05-21 15:55:00,3319.62,3324.86,3309.1399999999994,5.2400000000002365,False,extreme,2025-05-21 20:10:00,3324.86,stop,40,-1.0,9,0.017175572519083193,-1.0171755725190832,1.221374045801489,1.2499999999999782
XAUUSD,NY,2025-05-21,Wednesday,3,3320.55,3298.46,22.090000000000146,short,2025-05-21 20:00:00,3326.17,2025-05-21 20:25:00,2025-05-21 20:30:00,3320.45,3326.17,3309.0099999999993,5.720000000000255,False,extreme,2025-05-21 21:00:00,3326.17,stop,7,-1.0,7,0.012237762237761693,-1.0122377622377616,0.11363636363629498,1.0699300699300827
XAUUSD,NY,2025-05-26,Monday,1,3351.87,3332.12,19.75,long,2025-05-26 05:25:00,3323.7,2025-05-26 06:05:00,2025-05-26 06:10:00,3332.21,3323.7,3349.2300000000005,8.510000000000218,False,extreme,2025-05-26 20:10:00,3349.2300000000005,target,127,2.0,5,0.005875440658049204,1.9941245593419508,2.0340775558166277,0.6780258519388759
XAUUSD,NY,2025-05-27,Tuesday,1,3341.58,3292.57,49.00999999999976,long,2025-05-27 07:15:00,3288.07,2025-05-27 07:35:00,2025-05-27 07:40:00,3293.06,3288.07,3303.0399999999995,4.989999999999782,False,extreme,2025-05-27 07:55:00,3288.07,stop,4,-1.0,5,0.010020040080160759,-1.0100200400801607,0.11823647294592612,1.0440881763527583
XAUUSD,NY,2025-05-27,Tuesday,2,3341.58,3292.57,49.00999999999976,long,2025-05-27 07:40:00,3287.85,2025-05-27 08:10:00,2025-05-27 08:15:00,3294.21,3287.85,3306.9300000000003,6.360000000000127,False,extreme,2025-05-27 10:00:00,3287.85,stop,22,-1.0,5,0.00786163522012563,-1.0078616352201257,1.6839622641509153,1.3883647798741745
XAUUSD,NY,2025-05-27,Tuesday,3,3341.58,3292.57,49.00999999999976,long,2025-05-27 10:00:00,3285.38,2025-05-27 10:05:00,2025-05-27 10:10:00,3295.26,3285.38,3315.0200000000004,9.88000000000011,False,extreme,2025-05-27 20:30:00,3315.0200000000004,target,113,2.0,3,0.003036437246963529,1.9969635627530364,2.0303643724696077,0.5688259109312028
XAUUSD,NY,2025-05-28,Wednesday,1,3322.51,3294.43,28.080000000000382,short,2025-05-28 04:10:00,3323.83,2025-05-28 04:15:00,2025-05-28 04:20:00,3321.62,3323.83,3317.2,2.2100000000000364,False,extreme,2025-05-28 04:20:00,3317.2,target,1,2.0,6,0.02714932126696788,1.9728506787330322,2.298642533936581,0.3981900452489116
XAUUSD,NY,2025-05-28,Wednesday,2,3322.51,3294.43,28.080000000000382,short,2025-05-28 04:50:00,3323.63,2025-05-28 04:55:00,2025-05-28 05:00:00,3321.71,3323.63,3317.87,1.9200000000000728,False,extreme,2025-05-28 05:25:00,3323.63,stop,6,-1.0,5,0.026041666666665683,-1.0260416666666656,0.7760416666667604,1.0
XAUUSD,NY,2025-05-28,Wednesday,3,3322.51,3294.43,28.080000000000382,short,2025-05-28 05:20:00,3323.63,2025-05-28 05:30:00,2025-05-28 05:35:00,3322.14,3323.63,3319.1599999999994,1.4900000000002365,False,extreme,2025-05-28 05:45:00,3323.63,stop,3,-1.0,5,0.03355704697986045,-1.0335570469798605,0.6912751677849542,2.2550335570467075
XAUUSD,NY,2025-05-28,Wednesday,4,3322.51,3294.43,28.080000000000382,short,2025-05-28 05:40:00,3325.5,2025-05-28 06:10:00,2025-05-28 06:15:00,3319.56,3325.5,3307.68,5.940000000000055,False,extreme,2025-05-28 07:45:00,3307.68,target,19,2.0,7,0.011784511784511677,1.9882154882154883,2.0387205387205416,0.2525252525252502
XAUUSD,NY,2025-05-28,Wednesday,5,3322.51,3294.43,28.080000000000382,long,2025-05-28 12:35:00,3288.64,2025-05-28 13:10:00,2025-05-28 13:15:00,3296.06,3288.64,3310.9,7.420000000000073,False,extreme,2025-05-28 16:50:00,3288.64,stop,44,-1.0,0,0.0,-1.0,0.9285714285714023,2.6010781671158405
XAUUSD,NY,2025-05-30,Friday,1,3305.08,3287.53,17.549999999999727,short,2025-05-30 09:05:00,3308.24,2025-05-30 09:10:00,2025-05-30 09:15:00,3302.82,3308.24,3291.980000000001,5.419999999999618,False,extreme,2025-05-30 09:30:00,3291.980000000001,target,4,2.0,5,0.00922509225092316,1.9907749077490768,2.261992619926399,0.022140221402195445
XAUUSD,NY,2025-05-30,Friday,2,3305.08,3287.53,17.549999999999727,long,2025-05-30 09:45:00,3271.52,2025-05-30 11:20:00,2025-05-30 11:25:00,3288.42,3271.52,3322.2200000000003,16.90000000000009,False,extreme,2025-05-30 16:55:00,3288.72,friday_close,67,0.01775147928992459,5,0.002958579881656789,0.0147928994082678,0.4360946745562042,0.2603550295858028
XAUUSD,NY,2025-06-02,Monday,1,3359.03,3308.64,50.39000000000033,short,2025-06-02 08:15:00,3363.65,2025-06-02 08:50:00,2025-06-02 08:55:00,3356.43,3363.65,3341.9899999999993,7.220000000000255,False,extreme,2025-06-02 09:40:00,3363.65,stop,10,-1.0,10,0.013850415512464886,-1.0138504155124648,0.8337950138503836,1.439058171745147
XAUUSD,NY,2025-06-03,Tuesday,1,3367.77,3351.21,16.559999999999945,long,2025-06-03 08:15:00,3349.02,2025-06-03 08:20:00,2025-06-03 08:25:00,3353.25,3349.02,3361.71,4.230000000000018,False,extreme,2025-06-03 08:40:00,3361.71,target,4,2.0,6,0.014184397163120506,1.9858156028368794,2.31914893617019,0.05910165484633544
XAUUSD,NY,2025-06-03,Tuesday,2,3367.77,3351.21,16.559999999999945,long,2025-06-03 09:45:00,3333.08,2025-06-03 12:05:00,2025-06-03 12:10:00,3352.0,3333.08,3389.84,18.920000000000073,False,extreme,2025-06-03 23:55:00,3359.18,end_of_day,130,0.37949260042282285,5,0.002642706131078214,0.37684989429174465,1.0887949260042193,0.389534883720923
XAUUSD,NY,2025-06-04,Wednesday,1,3365.2,3347.98,17.2199999999998,long,2025-06-04 07:25:00,3343.86,2025-06-04 07:40:00,2025-06-04 07:45:00,3349.59,3343.86,3361.05,5.730000000000018,False,extreme,2025-06-04 09:05:00,3361.05,target,17,2.0,5,0.008726003490401368,1.9912739965095987,2.3036649214659297,0.8987783595113569
XAUUSD,NY,2025-06-05,Thursday,1,3374.5,3361.21,13.289999999999964,short,2025-06-05 04:40:00,3403.53,2025-06-05 10:00:00,2025-06-05 10:05:00,3374.5,3385.33,3352.84,10.829999999999927,True,swing,2025-06-05 11:35:00,3352.84,target,19,2.0,6,0.005540166204986187,1.994459833795014,2.2160664819944746,0.8125577100646575
XAUUSD,NY,2025-06-05,Thursday,2,3374.5,3361.21,13.289999999999964,long,2025-06-05 11:30:00,3339.58,2025-06-05 19:45:00,2025-06-05 19:50:00,3361.53,3339.58,3405.4300000000007,21.950000000000273,False,extreme,2025-06-05 23:55:00,3369.79,end_of_day,50,0.376309794988595,5,0.002277904328018195,0.3740318906605768,0.4692482915717357,0.24191343963555054
XAUUSD,NY,2025-06-06,Friday,1,3375.6,3352.8,22.799999999999727,long,2025-06-06 08:35:00,3343.56,2025-06-06 08:40:00,2025-06-06 08:45:00,3353.21,3343.56,3372.51,9.650000000000091,False,extreme,2025-06-06 09:55:00,3343.56,stop,15,-1.0,5,0.005181347150259019,-1.005181347150259,0.8031088082901479,1.0953367875647735
XAUUSD,NY,2025-06-09,Monday,1,3328.52,3309.26,19.259999999999764,short,2025-06-09 11:20:00,3338.25,2025-06-09 15:40:00,2025-06-09 15:45:00,3328.12,3338.25,3307.8599999999997,10.13000000000011,False,extreme,2025-06-09 21:30:00,3307.8599999999997,target,58,2.0,5,0.004935834155972306,1.9950641658440278,2.1480750246791245,0.20730503455082788
XAUUSD,NY,2025-06-09,Monday,2,3328.52,3309.26,19.259999999999764,long,2025-06-09 21:30:00,3301.94,2025-06-09 22:50:00,2025-06-09 22:55:00,3309.43,3301.94,3324.4099999999994,7.489999999999782,False,extreme,2025-06-09 23:55:00,3307.56,end_of_day,13,-0.24966622162883115,5,0.006675567423231169,-0.25634178905206234,0.13618157543391343,0.5674232309746494
XAUUSD,NY,2025-06-10,Tuesday,1,3332.21,3302.82,29.389999999999873,short,2025-06-10 04:15:00,3334.9,2025-06-10 04:20:00,2025-06-10 04:25:00,3330.36,3334.9,3321.28,4.539999999999964,False,extreme,2025-06-10 06:25:00,3334.9,stop,25,-1.0,5,0.011013215859030926,-1.011013215859031,0.9449339207048454,1.107929515418455
XAUUSD,NY,2025-06-10,Tuesday,2,3332.21,3302.82,29.389999999999873,short,2025-06-10 06:20:00,3342.59,2025-06-10 08:10:00,2025-06-10 08:15:00,3329.07,3342.59,3302.03,13.519999999999982,False,extreme,2025-06-10 09:20:00,3342.59,stop,14,-1.0,5,0.003698224852071011,-1.003698224852071,0.058431952662719285,1.1575443786981996
XAUUSD,NY,2025-06-10,Tuesday,3,3332.21,3302.82,29.389999999999873,short,2025-06-10 08:20:00,3349.2,2025-06-10 10:30:00,2025-06-10 10:35:00,3331.76,3349.2,3296.880000000001,17.4399999999996,False,extreme,2025-06-10 23:55:00,3339.47,end_of_day,149,-0.4420871559632889,5,0.0028669724770642863,-0.4449541284403532,0.9306192660550683,0.5693807339449578
XAUUSD,NY,2025-06-11,Wednesday,1,3348.56,3332.52,16.039999999999964,long,2025-06-11 06:25:00,3330.61,2025-06-11 06:30:00,2025-06-11 06:35:00,3333.28,3330.61,3338.6200000000003,2.6700000000000728,False,extreme,2025-06-11 06:50:00,3330.61,stop,4,-1.0,5,0.018726591760299116,-1.018726591760299,0.16479400749048234,1.1610486891386813
XAUUSD,NY,2025-06-11,Wednesday,2,3348.56,3332.52,16.039999999999964,long,2025-06-11 06:40:00,3326.2,2025-06-11 07:35:00,2025-06-11 07:40:00,3333.92,3326.2,3349.3600000000006,7.720000000000255,False,extreme,2025-06-11 08:30:00,3349.3600000000006,target,11,2.0,5,0.006476683937823621,1.9935233160621764,3.024611398963619,0.8575129533678332
XAUUSD,NY,2025-06-11,Wednesday,3,3348.56,3332.52,16.039999999999964,short,2025-06-11 08:30:00,3360.7,2025-06-11 08:50:00,2025-06-11 08:55:00,3342.83,3360.7,3307.09,17.86999999999989,False,extreme,2025-06-11 18:10:00,3360.7,stop,100,-1.0,5,0.002797985450475675,-1.0027979854504756,1.31057638500281,1.05763850027981
XAUUSD,NY,2025-06-12,Thursday,1,3375.82,3338.63,37.190000000000055,short,2025-06-12 06:25:00,3388.56,2025-06-12 07:35:00,2025-06-12 07:40:00,3373.37,3388.56,3342.99,15.190000000000055,False,extreme,2025-06-12 08:35:00,3388.56,stop,12,-1.0,5,0.0032916392363396855,-1.0032916392363398,0.010533245556277413,1.1263989466754487
XAUUSD,NY,2025-06-13,Friday,1,3430.32,3407.94,22.38000000000011,short,2025-06-13 08:35:00,3446.75,2025-06-13 10:10:00,2025-06-13 10:15:00,3429.49,3446.75,3394.9699999999993,17.26000000000022,False,extreme,2025-06-13 16:55:00,3434.15,friday_close,81,-0.26998841251449884,5,0.0028968713789107397,-0.2728852838934096,0.5915411355735488,0.6071842410196922
XAUUSD,NY,2025-06-17,Tuesday,1,3396.26,3381.15,15.110000000000127,long,2025-06-17 04:55:00,3375.8,2025-06-17 05:20:00,2025-06-17 05:25:00,3382.69,3375.8,3396.47,6.889999999999873,False,extreme,2025-06-17 06:20:00,3396.47,target,12,2.0,5,0.007256894049347014,1.992743105950653,2.1523947750363135,0.5239477503628729
XAUUSD,NY,2025-06-17,Tuesday,2,3396.26,3381.15,15.110000000000127,short,2025-06-17 06:35:00,3398.71,2025-06-17 06:40:00,2025-06-17 06:45:00,3396.14,3398.71,3390.9999999999995,2.5700000000001637,False,extreme,2025-06-17 07:00:00,3398.71,stop,4,-1.0,5,0.0194552529182867,-1.0194552529182868,0.5214007782099632,1.2256809338520973
XAUUSD,NY,2025-06-17,Tuesday,3,3396.26,3381.15,15.110000000000127,short,2025-06-17 06:55:00,3400.14,2025-06-17 07:15:00,2025-06-17 07:20:00,3396.23,3400.14,3388.4100000000003,3.9099999999998545,False,extreme,2025-06-17 07:55:00,3388.4100000000003,target,8,2.0,5,0.012787723785166717,1.9872122762148332,2.0306905370844883,0.21483375959083806
XAUUSD,NY,2025-06-17,Tuesday,4,3396.26,3381.15,15.110000000000127,short,2025-06-17 09:30:00,3397.46,2025-06-17 09:35:00,2025-06-17 09:40:00,3394.62,3397.46,3388.9399999999996,2.8400000000001455,False,extreme,2025-06-17 09:45:00,3388.9399999999996,target,2,2.0,5,0.017605633802816,1.982394366197184,2.2007042253519997,0.84154929577472
XAUUSD,NY,2025-06-17,Tuesday,5,3396.26,3381.15,15.110000000000127,long,2025-06-17 10:30:00,3366.18,2025-06-17 10:50:00,2025-06-17 10:55:00,3383.83,3366.18,3419.13,17.65000000000009,False,extreme,2025-06-17 23:55:00,3390.99,end_of_day,145,0.4056657223795931,5,0.002832861189801685,0.4028328611897914,0.6934844192634659,0.7439093484419287
XAUUSD,NY,2025-06-18,Wednesday,1,3400.03,3377.1,22.93000000000029,long,2025-06-18 06:25:00,3375.77,2025-06-18 06:30:00,2025-06-18 06:35:00,3380.86,3375.77,3391.0400000000004,5.0900000000001455,False,extreme,2025-06-18 09:10:00,3391.0400000000004,target,32,2.0,9,0.017681728880156664,1.9823182711198433,2.165029469548068,0.9646365422397188
XAUUSD,NY,2025-06-18,Wednesday,2,3400.03,3377.1,22.93000000000029,long,2025-06-18 15:00:00,3362.58,2025-06-18 20:05:00,2025-06-18 20:10:00,3378.01,3362.58,3408.870000000001,15.430000000000291,False,extreme,2025-06-18 23:55:00,3373.62,end_of_day,46,-0.2845106934543256,5,0.00324044069993513,-0.28775113415426073,0.646143875567052,0.5385612443292446
XAUUSD,NY,2025-06-19,Thursday,1,3375.35,3347.69,27.659999999999854,short,2025-06-19 06:25:00,3379.09,2025-06-19 06:50:00,2025-06-19 06:55:00,3374.57,3379.09,3365.53,4.519999999999982,False,extreme,2025-06-19 08:15:00,3365.53,target,17,2.0,6,0.013274336283185894,1.986725663716814,2.019911504424811,0.2101769911504031
XAUUSD,NY,2025-06-19,Thursday,2,3375.35,3347.69,27.659999999999854,long,2025-06-19 23:10:00,3344.71,2025-06-19 23:15:00,2025-06-19 23:20:00,3348.45,3344.71,3355.9299999999994,3.7399999999997817,False,extreme,2025-06-19 23:55:00,3355.9299999999994,target,8,2.0,5,0.013368983957220032,1.98663101604278,2.072192513369105,0.4465240641710469
XAUUSD,NY,2025-06-20,Friday,1,3357.88,3340.41,17.470000000000255,short,2025-06-20 05:40:00,3359.24,2025-06-20 05:45:00,2025-06-20 05:50:00,3356.58,3359.24,3351.26,2.6599999999998545,False,extreme,2025-06-20 07:25:00,3351.26,target,20,2.0,6,0.022556390977444843,1.9774436090225551,2.033834586466222,0.5187969924812724
XAUUSD,NY,2025-06-23,Monday,1,3365.01,3347.1,17.91000000000031,short,2025-06-23 05:10:00,3369.02,2025-06-23 05:30:00,2025-06-23 05:35:00,3363.53,3369.02,3352.5500000000006,5.489999999999782,False,extreme,2025-06-23 07:00:00,3369.02,stop,18,-1.0,5,0.00910746812386193,-1.0091074681238619,0.30418943533700166,1.3989071038251624
XAUUSD,NY,2025-06-23,Monday,2,3365.01,3347.1,17.91000000000031,short,2025-06-23 06:10:00,3382.02,2025-06-23 08:15:00,2025-06-23 08:20:00,3362.65,3382.02,3323.9100000000003,19.36999999999989,False,extreme,2025-06-23 09:40:00,3382.02,stop,17,-1.0,5,0.0025813113061435356,-1.0025813113061435,0.3469282395457043,1.1373257614868286
XAUUSD,NY,2025-06-23,Monday,3,3365.01,3347.1,17.91000000000031,short,2025-06-23 09:10:00,3393.46,2025-06-23 18:00:00,2025-06-23 18:05:00,3358.69,3393.46,3289.15,34.76999999999998,False,extreme,2025-06-23 23:55:00,3352.58,end_of_day,71,0.1757262007477748,10,0.00287604256542997,0.17285015818234484,0.7322404371584714,0.14667817083692586
XAUUSD,NY,2025-06-24,Tuesday,1,3353.36,3316.08,37.2800000000002,long,2025-06-24 08:10:00,3311.39,2025-06-24 08:20:00,2025-06-24 08:25:00,3316.91,3311.39,3327.95,5.519999999999982,False,extreme,2025-06-24 08:30:00,3311.39,stop,2,-1.0,5,0.009057971014492783,-1.0090579710144927,0.08876811594207212,1.824275362318794
XAUUSD,NY,2025-06-24,Tuesday,2,3353.36,3316.08,37.2800000000002,long,2025-06-24 08:25:00,3304.49,2025-06-24 08:50:00,2025-06-24 08:55:00,3316.84,3304.49,3341.540000000001,12.350000000000364,False,extreme,2025-06-24 09:35:00,3304.49,stop,9,-1.0,5,0.004048582995951298,-1.0040485829959513,0.0858299595141631,1.3603238866396508
XAUUSD,NY,2025-06-24,Tuesday,3,3353.36,3316.08,37.2800000000002,long,2025-06-24 09:15:00,3295.46,2025-06-24 12:40:00,2025-06-24 12:45:00,3317.04,3295.46,3360.2,21.579999999999927,False,extreme,2025-06-24 23:55:00,3328.36,end_of_day,123,0.5245597775718351,5,0.0023169601482854576,0.5222428174235497,0.8438368860055653,0.06255792400370314
XAUUSD,NY,2025-06-25,Wednesday,1,3337.18,3325.8,11.379999999999654,long,2025-06-25 05:05:00,3321.61,2025-06-25 06:05:00,2025-06-25 06:10:00,3327.18,3321.61,3338.3199999999993,5.569999999999709,False,extreme,2025-06-25 08:40:00,3321.61,stop,31,-1.0,6,0.010771992818672017,-1.010771992818672,0.42190305206471934,1.4111310592459754
XAUUSD,NY,2025-06-25,Wednesday,2,3337.18,3325.8,11.379999999999654,long,2025-06-25 08:30:00,3311.92,2025-06-25 11:40:00,2025-06-25 11:45:00,3326.06,3311.92,3354.3399999999997,14.139999999999873,False,extreme,2025-06-25 23:55:00,3338.02,end_of_day,135,0.845827439886856,5,0.003536067892503568,0.8422913719943524,1.2171145685997307,0.12729844413010916
XAUUSD,NY,2025-06-26,Thursday,1,3347.16,3331.05,16.109999999999673,short,2025-06-26 04:10:00,3347.61,2025-06-26 04:15:00,2025-06-26 04:20:00,3346.35,3347.61,3343.8299999999995,1.2600000000002183,False,extreme,2025-06-26 04:45:00,3347.61,stop,6,-1.0,5,0.03968253968253281,-1.0396825396825329,0.9603174603173228,1.9285714285713254
XAUUSD,NY,2025-06-26,Thursday,2,3347.16,3331.05,16.109999999999673,short,2025-06-26 04:45:00,3350.27,2025-06-26 05:00:00,2025-06-26 05:05:00,3345.03,3350.27,3334.5500000000006,5.239999999999782,False,extreme,2025-06-26 07:40:00,3334.5500000000006,target,32,2.0,9,0.017175572519084685,1.9828244274809153,2.3339694656489556,0.009541984732772754
XAUUSD,NY,2025-06-26,Thursday,3,3347.16,3331.05,16.109999999999673,long,2025-06-26 08:50:00,3309.94,2025-06-26 12:30:00,2025-06-26 12:35:00,3331.06,3309.94,3373.2999999999997,21.11999999999989,False,extreme,2025-06-26 22:45:00,3309.94,stop,111,-1.0,5,0.0023674242424242546,-1.0023674242424243,0.2556818181818238,1.0511363636363604
XAUUSD,NY,2025-06-27,Friday,1,3301.04,3283.62,17.420000000000073,long,2025-06-27 04:25:00,3282.6,2025-06-27 04:30:00,2025-06-27 04:35:00,3284.35,3282.6,3287.85,1.75,False,extreme,2025-06-27 04:40:00,3287.85,target,2,2.0,5,0.028571428571428574,1.9714285714285715,2.11428571428587,0.6628571428570597
XAUUSD,NY,2025-06-27,Friday,2,3301.04,3283.62,17.420000000000073,long,2025-06-27 05:55:00,3281.98,2025-06-27 06:00:00,2025-06-27 06:05:00,3285.62,3281.98,3292.8999999999996,3.6399999999998727,False,extreme,2025-06-27 06:50:00,3281.98,stop,10,-1.0,5,0.013736263736264218,-1.0137362637362641,1.453296703296744,1.6153846153847018
XAUUSD,NY,2025-06-27,Friday,3,3301.04,3283.62,17.420000000000073,long,2025-06-27 06:45:00,3279.74,2025-06-27 06:55:00,2025-06-27 07:00:00,3285.63,3279.74,3297.4100000000008,5.890000000000327,False,extreme,2025-06-27 07:35:00,3279.74,stop,8,-1.0,5,0.008488964346349274,-1.0084889643463493,0.3989813242784004,1.0679117147707324
XAUUSD,NY,2025-06-30,Monday,1,3296.82,3277.03,19.789999999999964,long,2025-06-30 07:20:00,3274.59,2025-06-30 07:30:00,2025-06-30 07:35:00,3277.75,3274.59,3284.0699999999997,3.1599999999998545,False,extreme,2025-06-30 08:20:00,3284.0699999999997,target,10,2.0,5,0.015822784810127312,1.9841772151898727,3.0063291139241892,0.4145569620253183
XAUUSD,NY,2025-06-30,Monday,2,3296.82,3277.03,19.789999999999964,short,2025-06-30 12:55:00,3298.52,2025-06-30 13:00:00,2025-06-30 13:05:00,3296.77,3298.52,3293.27,1.75,False,extreme,2025-06-30 13:45:00,3293.27,target,9,2.0,5,0.028571428571428574,1.9714285714285715,2.0171428571429715,0.5085714285713558
XAUUSD,NY,2025-07-01,Tuesday,1,3339.89,3318.96,20.929999999999836,short,2025-07-01 04:00:00,3342.17,2025-07-01 04:10:00,2025-07-01 04:15:00,3337.97,3342.17,3329.5699999999993,4.200000000000273,False,extreme,2025-07-01 04:35:00,3342.17,stop,5,-1.0,5,0.011904761904761132,-1.0119047619047612,0.2738095238094194,1.073809523809506
XAUUSD,NY,2025-07-01,Tuesday,2,3339.89,3318.96,20.929999999999836,short,2025-07-01 04:30:00,3342.48,2025-07-01 04:40:00,2025-07-01 04:45:00,3339.01,3342.48,3332.0700000000006,3.4699999999998,False,extreme,2025-07-01 05:20:00,3342.48,stop,8,-1.0,5,0.014409221902018123,-1.0144092219020182,0.43227665706054363,1.1210374639769731
XAUUSD,NY,2025-07-01,Tuesday,3,3339.89,3318.96,20.929999999999836,short,2025-07-01 05:10:00,3358.04,2025-07-01 11:50:00,2025-07-01 11:55:00,3338.27,3358.04,3298.73,19.769999999999982,False,extreme,2025-07-01 23:55:00,3339.98,end_of_day,133,-0.08649468892261193,5,0.0025290844714213477,-0.08902377339403328,0.4881133029843247,0.339908952959019
XAUUSD,NY,2025-07-02,Wednesday,1,3343.76,3327.62,16.140000000000327,short,2025-07-02 06:35:00,3347.78,2025-07-02 07:15:00,2025-07-02 07:20:00,3342.13,3347.78,3330.83,5.650000000000091,False,extreme,2025-07-02 08:15:00,3347.78,stop,12,-1.0,5,0.008849557522123751,-1.0088495575221237,0.7575221238938286,1.240707964601708
XAUUSD,NY,2025-07-02,Wednesday,2,3343.76,3327.62,16.140000000000327,short,2025-07-02 08:15:00,3351.24,2025-07-02 09:15:00,2025-07-02 09:20:00,3343.35,3351.24,3327.57,7.889999999999873,False,extreme,2025-07-02 14:10:00,3351.24,stop,59,-1.0,5,0.006337135614702258,-1.0063371356147022,1.1837769328263423,1.070975918884716
XAUUSD,NY,2025-07-02,Wednesday,3,3343.76,3327.62,16.140000000000327,short,2025-07-02 12:00:00,3365.74,2025-07-02 21:05:00,2025-07-02 21:10:00,3342.95,3365.74,3297.37,22.789999999999964,False,extreme,2025-07-02 23:55:00,3347.53,end_of_day,34,-0.20096533567355812,5,0.0021939447125932463,-0.20315928038615136,0.044317683194373195,0.3742869679684166
XAUUSD,NY,2025-07-03,Thursday,1,3363.74,3347.45,16.289999999999964,long,2025-07-03 05:35:00,3343.9,2025-07-03 06:15:00,2025-07-03 06:20:00,3348.35,3343.9,3357.2499999999995,4.449999999999818,False,extreme,2025-07-03 07:50:00,3343.9,stop,19,-1.0,5,0.011235955056180235,-1.0112359550561802,1.606741573033794,1.1730337078651716
XAUUSD,NY,2025-07-03,Thursday,2,3363.74,3347.45,16.289999999999964,long,2025-07-03 07:30:00,3343.06,2025-07-03 08:10:00,2025-07-03 08:15:00,3347.77,3343.06,3357.19,4.710000000000036,False,extreme,2025-07-03 08:30:00,3343.06,stop,4,-1.0,6,0.012738853503184615,-1.0127388535031847,0.9681528662420191,4.2335456475583655
XAUUSD,NY,2025-07-04,Friday,1,3345.12,3336.39,8.730000000000018,long,2025-07-04 05:30:00,3333.0,2025-07-04 05:50:00,2025-07-04 05:55:00,3336.55,3333.0,3343.6500000000005,3.550000000000182,False,extreme,2025-07-04 06:40:00,3333.0,stop,10,-1.0,2,0.00563380281690112,-1.0056338028169012,0.0,1.402816901408384
XAUUSD,NY,2025-07-04,Friday,2,3345.12,3336.39,8.730000000000018,long,2025-07-04 05:55:00,3331.57,2025-07-04 06:45:00,2025-07-04 06:50:00,3337.31,3331.57,3348.7899999999995,5.739999999999782,False,extreme,2025-07-04 08:45:00,3331.57,stop,24,-1.0,5,0.008710801393728554,-1.0087108013937285,0.14459930313588132,1.0156794425087368
XAUUSD,NY,2025-07-04,Friday,3,3345.12,3336.39,8.730000000000018,long,2025-07-04 08:15:00,3331.48,2025-07-04 09:40:00,2025-07-04 09:45:00,3337.81,3331.48,3350.47,6.329999999999927,False,extreme,2025-07-04 10:35:00,3331.48,stop,11,-1.0,5,0.007898894154818417,-1.0078988941548184,0.028436018957320435,1.025276461295396
XAUUSD,NY,2025-07-04,Friday,4,3345.12,3336.39,8.730000000000018,long,2025-07-04 09:50:00,3330.87,2025-07-04 12:45:00,2025-07-04 12:50:00,3336.71,3330.87,3348.3900000000003,5.8400000000001455,False,extreme,2025-07-04 12:55:00,3337.06,friday_close,2,0.059931506849298,6,0.01027397260273947,0.049657534246558534,0.13184931506848674,0.09589041095889238
XAUUSD,NY,2025-07-07,Monday,1,3315.26,3300.69,14.570000000000164,long,2025-07-07 06:40:00,3296.5,2025-07-07 06:45:00,2025-07-07 06:50:00,3302.89,3296.5,3315.6699999999996,6.389999999999873,False,extreme,2025-07-07 09:50:00,3315.6699999999996,target,37,2.0,8,0.012519561815336713,1.9874804381846634,2.2018779342723698,0.48669796557116346
XAUUSD,NY,2025-07-07,Monday,2,3315.26,3300.69,14.570000000000164,short,2025-07-07 09:55:00,3317.11,2025-07-07 10:00:00,2025-07-07 10:05:00,3314.27,3317.11,3308.5899999999997,2.8400000000001455,False,extreme,2025-07-07 10:10:00,3317.11,stop,2,-1.0,1,0.0035211267605632,-1.0035211267605633,0.19718309859151997,1.5774647887323199
XAUUSD,NY,2025-07-07,Monday,3,3315.26,3300.69,14.570000000000164,short,2025-07-07 10:05:00,3319.15,2025-07-07 10:25:00,2025-07-07 10:30:00,3314.77,3319.15,3306.0099999999998,4.380000000000109,False,extreme,2025-07-07 10:40:00,3319.15,stop,3,-1.0,7,0.015981735159816955,-1.015981735159817,0.08219178082194484,1.1689497716894437
XAUUSD,NY,2025-07-08,Tuesday,1,3339.54,3327.45,12.090000000000146,long,2025-07-08 04:15:00,3324.52,2025-07-08 04:25:00,2025-07-08 04:30:00,3328.56,3324.52,3336.64,4.039999999999964,False,extreme,2025-07-08 04:45:00,3324.52,stop,4,-1.0,5,0.012376237623762488,-1.0123762376237624,0.2772277227722527,1.0346534653465034
XAUUSD,NY,2025-07-08,Tuesday,2,3339.54,3327.45,12.090000000000146,long,2025-07-08 04:40:00,3320.11,2025-07-08 08:00:00,2025-07-08 08:05:00,3327.42,3320.11,3342.04,7.309999999999945,False,extreme,2025-07-08 09:15:00,3320.11,stop,15,-1.0,5,0.006839945280437808,-1.0068399452804377,0.3365253077975451,1.1436388508892188
XAUUSD,NY,2025-07-09,Wednesday,1,3297.84,3285.63,12.210000000000036,long,2025-07-09 04:35:00,3282.68,2025-07-09 04:40:00,2025-07-09 04:45:00,3287.05,3282.68,3295.790000000001,4.370000000000346,False,extreme,2025-07-09 06:45:00,3295.790000000001,target,25,2.0,5,0.0114416475972531,1.9885583524027468,2.025171624713778,0.5949656750572444
XAUUSD,NY,2025-07-09,Wednesday,2,3297.84,3285.63,12.210000000000036,long,2025-07-09 07:50:00,3283.24,2025-07-09 08:00:00,2025-07-09 08:05:00,3287.31,3283.24,3295.4500000000003,4.070000000000164,False,extreme,2025-07-09 08:40:00,3295.4500000000003,target,8,2.0,5,0.012285012285011792,1.9877149877149882,2.041769041768946,0.022113022113056977
XAUUSD,NY,2025-07-09,Wednesday,3,3297.84,3285.63,12.210000000000036,short,2025-07-09 09:10:00,3299.12,2025-07-09 09:15:00,2025-07-09 09:20:00,3297.55,3299.12,3294.4100000000008,1.569999999999709,False,extreme,2025-07-09 09:20:00,3299.12,stop,1,-1.0,0,0.0,-1.0,0.49681528662442337,1.2420382165606239
XAUUSD,NY,2025-07-09,Wednesday,4,3297.84,3285.63,12.210000000000036,short,2025-07-09 09:30:00,3299.01,2025-07-09 09:35:00,2025-07-09 09:40:00,3293.36,3299.01,3282.06,5.650000000000091,False,extreme,2025-07-09 09:50:00,3299.01,stop,3,-1.0,5,0.008849557522123751,-1.0088495575221237,0.2548672566371737,1.7840707964601354
XAUUSD,NY,2025-07-10,Thursday,1,3329.49,3314.85,14.639999999999873,short,2025-07-10 05:00:00,3330.34,2025-07-10 05:05:00,2025-07-10 05:10:00,3328.5,3330.34,3324.8199999999997,1.8400000000001455,False,extreme,2025-07-10 05:35:00,3324.8199999999997,target,6,2.0,5,0.027173913043476113,1.972826086956524,2.6086956521738056,0.6793478260869028
XAUUSD,NY,2025-07-10,Thursday,2,3329.49,3314.85,14.639999999999873,long,2025-07-10 09:55:00,3310.16,2025-07-10 10:05:00,2025-07-10 10:10:00,3315.63,3310.16,3326.5700000000006,5.470000000000255,False,extreme,2025-07-10 20:05:00,3326.5700000000006,target,108,2.0,5,0.009140767824496833,1.9908592321755032,2.0164533820839545,0.628884826325392
XAUUSD,NY,2025-07-10,Thursday,3,3329.49,3314.85,14.639999999999873,short,2025-07-10 20:30:00,3336.09,2025-07-10 21:00:00,2025-07-10 21:05:00,3327.99,3336.09,3311.789999999999,8.100000000000364,False,extreme,2025-07-10 23:55:00,3333.72,end_of_day,35,-0.7074074074073778,8,0.0098765432098761,-0.7172839506172539,0.3320987654320344,0.9950617283950665
XAUUSD,NY,2025-07-14,Monday,1,3374.91,3353.8,21.109999999999673,long,2025-07-14 08:35:00,3347.23,2025-07-14 09:25:00,2025-07-14 09:30:00,3355.59,3347.23,3372.3100000000004,8.360000000000127,False,extreme,2025-07-14 10:20:00,3347.23,stop,11,-1.0,7,0.008373205741626668,-1.0083732057416266,0.41507177033489795,1.2428229665071973
XAUUSD,NY,2025-07-14,Monday,2,3374.91,3353.8,21.109999999999673,long,2025-07-14 10:10:00,3341.08,2025-07-14 23:05:00,2025-07-14 23:10:00,3353.94,3341.08,3379.6600000000003,12.860000000000127,False,extreme,2025-07-14 23:55:00,3357.96,end_of_day,10,0.31259720062207946,5,0.003888024883359215,0.30870917573872025,0.34292379471227147,0.12597200622083007
XAUUSD,NY,2025-07-15,Tuesday,1,3365.23,3357.48,7.75,short,2025-07-15 06:15:00,3366.42,2025-07-15 06:20:00,2025-07-15 06:25:00,3364.66,3366.42,3361.1399999999994,1.7600000000002183,False,extreme,2025-07-15 07:00:00,3361.1399999999994,target,8,2.0,5,0.028409090909087387,1.9715909090909127,2.2670454545450496,0.0
XAUUSD,NY,2025-07-16,Wednesday,1,3342.08,3332.85,9.230000000000018,short,2025-07-16 04:50:00,3342.69,2025-07-16 04:55:00,2025-07-16 05:00:00,3342.03,3342.69,3340.7100000000005,0.6599999999998545,False,extreme,2025-07-16 05:05:00,3342.69,stop,2,-1.0,6,0.09090909090911095,-1.090909090909111,1.2424242424247645,1.4848484848488397
XAUUSD,NY,2025-07-16,Wednesday,2,3342.08,3332.85,9.230000000000018,long,2025-07-16 08:45:00,3331.06,2025-07-16 08:50:00,2025-07-16 08:55:00,3334.88,3331.06,3342.5200000000004,3.8200000000001637,False,extreme,2025-07-16 09:30:00,3331.06,stop,8,-1.0,6,0.01570680628272184,-1.015706806282722,1.196335078533904,1.1649214659686078
XAUUSD,NY,2025-07-16,Wednesday,3,3342.08,3332.85,9.230000000000018,long,2025-07-16 09:30:00,3319.72,2025-07-16 10:50:00,2025-07-16 10:55:00,3335.56,3319.72,3367.2400000000002,15.840000000000146,False,extreme,2025-07-16 11:15:00,3367.2400000000002,target,5,2.0,0,0.0,2.0,2.18118686868686,0.3421717171717186
XAUUSD,NY,2025-07-16,Wednesday,4,3342.08,3332.85,9.230000000000018,short,2025-07-16 11:00:00,3377.53,2025-07-16 20:40:00,2025-07-16 20:45:00,3341.92,3345.1,3335.5600000000004,3.1799999999998363,True,swing,2025-07-16 23:55:00,3341.54,end_of_day,39,0.11949685534595242,5,0.015723270440252384,0.10377358490570003,1.7358490566038571,0.9025157232704524
XAUUSD,NY,2025-07-17,Thursday,1,3344.78,3325.16,19.620000000000346,long,2025-07-17 07:40:00,3322.28,2025-07-17 08:10:00,2025-07-17 08:15:00,3325.46,3322.28,3331.8199999999997,3.1799999999998363,False,extreme,2025-07-17 08:30:00,3322.28,stop,4,-1.0,5,0.015723270440252384,-1.0157232704402523,0.9779874213837382,4.066037735849214
XAUUSD,NY,2025-07-17,Thursday,2,3344.78,3325.16,19.620000000000346,long,2025-07-17 08:30:00,3309.81,2025-07-17 10:15:00,2025-07-17 10:20:00,3328.34,3309.81,3365.4000000000005,18.5300000000002,False,extreme,2025-07-17 23:55:00,3334.69,end_of_day,152,0.34268753372907934,5,0.002698327037236884,0.33998920669184246,0.8596869940636624,0.11171073934161584
XAUUSD,NY,2025-07-18,Friday,1,3350.16,3331.8,18.359999999999673,short,2025-07-18 05:05:00,3354.96,2025-07-18 06:00:00,2025-07-18 06:05:00,3349.7,3354.96,3339.1799999999994,5.260000000000218,False,extreme,2025-07-18 07:35:00,3354.96,stop,19,-1.0,6,0.011406844106463405,-1.0114068441064634,0.3422053231938503,1.0019011406843656
XAUUSD,NY,2025-07-18,Friday,2,3350.16,3331.8,18.359999999999673,short,2025-07-18 06:20:00,3361.23,2025-07-18 15:30:00,2025-07-18 15:35:00,3349.12,3361.23,3324.8999999999996,12.110000000000127,False,extreme,2025-07-18 16:55:00,3350.12,friday_close,17,-0.08257638315441697,5,0.004128819157720848,-0.08670520231213781,0.1164327002477159,0.2213047068538615
XAUUSD,NY,2025-07-23,Wednesday,1,3429.69,3416.44,13.25,short,2025-07-23 05:05:00,3433.85,2025-07-23 06:00:00,2025-07-23 06:05:00,3427.9,3433.85,3416.0000000000005,5.949999999999818,False,extreme,2025-07-23 09:00:00,3416.0000000000005,target,36,2.0,10,0.016806722689076146,1.9831932773109238,2.53445378151267,0.3344537815125786
XAUUSD,NY,2025-07-23,Wednesday,2,3429.69,3416.44,13.25,long,2025-07-23 09:00:00,3405.7,2025-07-23 10:00:00,2025-07-23 10:05:00,3416.51,3405.7,3438.130000000001,10.8100000000004,False,extreme,2025-07-23 11:55:00,3405.7,stop,23,-1.0,5,0.0046253469010174054,-1.0046253469010173,0.3145235892691499,1.685476410730766
XAUUSD,NY,2025-07-24,Thursday,1,3385.37,3366.07,19.299999999999727,long,2025-07-24 05:15:00,3362.01,2025-07-24 06:45:00,2025-07-24 06:50:00,3366.67,3362.01,3375.99,4.6599999999998545,False,extreme,2025-07-24 07:30:00,3362.01,stop,9,-1.0,6,0.012875536480687098,-1.0128755364806872,0.021459227467792313,1.1523605150214717
XAUUSD,NY,2025-07-24,Thursday,2,3385.37,3366.07,19.299999999999727,long,2025-07-24 06:50:00,3351.45,2025-07-24 09:40:00,2025-07-24 09:45:00,3366.58,3351.45,3396.84,15.13000000000011,False,extreme,2025-07-24 23:55:00,3359.11,end_of_day,159,-0.49372108393917685,5,0.003304692663582263,-0.4970257766027591,0.7171183079973451,0.5142101784533832
XAUUSD,NY,2025-07-28,Monday,1,3345.34,3334.0,11.340000000000146,long,2025-07-28 04:40:00,3332.39,2025-07-28 04:50:00,2025-07-28 04:55:00,3335.27,3332.39,3341.03,2.880000000000109,False,extreme,2025-07-28 08:15:00,3332.39,stop,41,-1.0,5,0.017361111111110453,-1.0173611111111105,1.9236111111110257,1.1805555555555425
XAUUSD,NY,2025-07-29,Tuesday,1,3322.38,3308.99,13.390000000000327,short,2025-07-29 04:05:00,3329.96,2025-07-29 06:55:00,2025-07-29 07:00:00,3322.22,3329.96,3306.7399999999993,7.7400000000002365,False,extreme,2025-07-29 11:00:00,3329.96,stop,49,-1.0,5,0.006459948320413239,-1.0064599483204133,1.324289405684714,1.1757105943152566
XAUUSD,NY,2025-07-29,Tuesday,2,3322.38,3308.99,13.390000000000327,short,2025-07-29 10:20:00,3334.16,2025-07-29 11:45:00,2025-07-29 11:50:00,3322.17,3334.16,3298.1900000000005,11.989999999999782,False,extreme,2025-07-29 23:55:00,3328.41,end_of_day,134,-0.5204336947456126,5,0.00417014178482076,-0.5246038365304334,0.2543786488740815,0.9532944120100121
XAUUSD,NY,2025-07-30,Wednesday,1,3332.15,3323.14,9.010000000000218,short,2025-07-30 04:50:00,3333.47,2025-07-30 05:15:00,2025-07-30 05:20:00,3332.01,3333.47,3329.090000000001,1.4599999999995816,False,extreme,2025-07-30 05:55:00,3333.47,stop,8,-1.0,5,0.03424657534247557,-1.0342465753424757,1.7876712328773119,1.3698630136990226
XAUUSD,NY,2025-07-31,Thursday,1,3309.67,3293.68,15.990000000000236,short,2025-07-31 04:15:00,3314.82,2025-07-31 04:40:00,2025-07-31 04:45:00,3309.31,3314.82,3298.2899999999995,5.510000000000218,False,extreme,2025-07-31 06:50:00,3298.2899999999995,target,26,2.0,5,0.009074410163339024,1.990925589836661,2.3865698729581797,0.6914700544464237
XAUUSD,NY,2025-07-31,Thursday,2,3309.67,3293.68,15.990000000000236,short,2025-07-31 08:35:00,3310.47,2025-07-31 08:40:00,2025-07-31 08:45:00,3308.91,3310.47,3305.79,1.5599999999999454,False,extreme,2025-07-31 08:45:00,3310.47,stop,1,-1.0,5,0.03205128205128317,-1.0320512820512833,0.3012820512819336,1.3782051282052348
XAUUSD,NY,2025-07-31,Thursday,3,3309.67,3293.68,15.990000000000236,short,2025-07-31 08:45:00,3311.06,2025-07-31 08:50:00,2025-07-31 08:55:00,3308.48,3311.06,3303.32,2.5799999999999272,False,extreme,2025-07-31 09:40:00,3303.32,target,10,2.0,5,0.019379844961240858,1.9806201550387592,2.166666666666784,0.7209302325582092
XAUUSD,NY,2025-07-31,Thursday,4,3309.67,3293.68,15.990000000000236,long,2025-07-31 10:30:00,3291.41,2025-07-31 10:35:00,2025-07-31 10:40:00,3296.52,3291.41,3306.7400000000002,5.110000000000127,False,extreme,2025-07-31 11:05:00,3291.41,stop,6,-1.0,5,0.009784735812132829,-1.0097847358121328,0.3405088062622687,1.013698630136929
XAUUSD,NY,2025-07-31,Thursday,5,3309.67,3293.68,15.990000000000236,long,2025-07-31 11:45:00,3293.01,2025-07-31 11:50:00,2025-07-31 11:55:00,3295.33,3293.01,3299.9699999999993,2.319999999999709,False,extreme,2025-07-31 12:00:00,3293.01,stop,2,-1.0,5,0.02155172413793374,-1.0215517241379337,0.2672413793103313,1.7327586206898646
XAUUSD,NY,2025-07-31,Thursday,6,3309.67,3293.68,15.990000000000236,long,2025-07-31 12:00:00,3289.76,2025-07-31 12:35:00,2025-07-31 12:40:00,3294.55,3289.76,3304.13,4.789999999999964,False,extreme,2025-07-31 16:55:00,3289.76,stop,52,-1.0,5,0.010438413361169182,-1.0104384133611692,0.8100208768266564,1.0020876826722793
XAUUSD,NY,2025-07-31,Thursday,7,3309.67,3293.68,15.990000000000236,long,2025-07-31 15:50:00,3289.01,2025-07-31 18:35:00,2025-07-31 18:40:00,3293.85,3289.01,3303.5299999999993,4.839999999999691,False,extreme,2025-07-31 19:15:00,3289.01,stop,8,-1.0,5,0.010330578512397355,-1.0103305785123973,0.2665289256198442,1.0433884297520764
XAUUSD,NY,2025-07-31,Thursday,8,3309.67,3293.68,15.990000000000236,long,2025-07-31 19:00:00,3281.63,2025-07-31 23:05:00,2025-07-31 23:10:00,3294.02,3281.63,3318.7999999999997,12.389999999999873,False,extreme,2025-07-31 23:55:00,3291.43,end_of_day,10,-0.20903954802261276,5,0.004035512510088823,-0.2130750605327016,0.2534301856335678,0.27441485068604726
XAUUSD,NY,2025-08-01,Friday,1,3300.44,3285.26,15.179999999999836,short,2025-08-01 07:10:00,3301.47,2025-08-01 07:15:00,2025-08-01 07:20:00,3298.89,3301.47,3293.73,2.5799999999999272,False,extreme,2025-08-01 08:15:00,3301.47,stop,12,-1.0,5,0.019379844961240858,-1.0193798449612408,0.7596899224806557,1.5116279069768221
XAUUSD,NY,2025-08-04,Monday,1,3362.62,3351.74,10.88000000000011,short,2025-08-04 07:10:00,3371.54,2025-08-04 08:35:00,2025-08-04 08:40:00,3362.59,3371.54,3344.6900000000005,8.949999999999818,False,extreme,2025-08-04 09:00:00,3371.54,stop,5,-1.0,5,0.0055865921787710635,-1.005586592178771,0.11396648044692766,1.09385474860337
XAUUSD,NY,2025-08-05,Tuesday,1,3375.56,3365.77,9.789999999999964,long,2025-08-05 05:00:00,3364.06,2025-08-05 05:05:00,2025-08-05 05:10:00,3365.8,3364.06,3369.2800000000007,1.7400000000002365,False,extreme,2025-08-05 05:30:00,3364.06,stop,5,-1.0,5,0.028735632183904142,-1.028735632183904,0.25287356321812643,1.632183908045839
XAUUSD,NY,2025-08-05,Tuesday,2,3375.56,3365.77,9.789999999999964,long,2025-08-05 05:10:00,3349.98,2025-08-05 08:55:00,2025-08-05 09:00:00,3366.3,3349.98,3398.9400000000005,16.320000000000164,False,extreme,2025-08-05 23:55:00,3374.59,end_of_day,168,0.5079656862745024,5,0.003063725490196048,0.5049019607843064,1.4816176470587987,0.023897058823549235
XAUUSD,NY,2025-08-06,Wednesday,1,3378.64,3369.06,9.579999999999927,long,2025-08-06 04:15:00,3358.26,2025-08-06 09:00:00,2025-08-06 09:05:00,3370.51,3358.26,3395.01,12.25,False,extreme,2025-08-06 23:55:00,3379.78,end_of_day,167,0.7567346938775495,5,0.004081632653061225,0.7526530612244883,1.1028571428571237,0.4318367346939117
XAUUSD,NY,2025-08-07,Thursday,1,3397.29,3371.4,25.889999999999873,short,2025-08-07 15:40:00,3402.06,2025-08-07 16:45:00,2025-08-07 16:50:00,3396.18,3402.06,3384.4199999999996,5.880000000000109,False,extreme,2025-08-07 18:00:00,3403.1,stop_gap,3,-1.1768707482993102,40,0.06802721088435248,-1.2448979591836626,0.6496598639455167,0.20408163265310383
XAUUSD,NY,2025-08-07,Thursday,2,3397.29,3371.4,25.889999999999873,short,2025-08-07 18:00:00,3409.48,2025-08-07 18:10:00,2025-08-07 18:15:00,3394.36,3409.48,3364.1200000000003,15.11999999999989,False,extreme,2025-08-07 23:55:00,3395.96,end_of_day,69,-0.10582010582010057,50,0.03306878306878331,-0.13888888888888387,0.8730158730158973,0.9041005291005404
XAUUSD,NY,2025-08-08,Friday,1,3404.21,3388.8,15.409999999999854,long,2025-08-08 06:35:00,3380.58,2025-08-08 08:20:00,2025-08-08 08:25:00,3392.13,3380.58,3415.2300000000005,11.550000000000182,False,extreme,2025-08-08 14:00:00,3380.58,stop,68,-1.0,7,0.006060606060605966,-1.0060606060606059,0.8372294372294303,1.119480519480527
XAUUSD,NY,2025-08-11,Monday,1,3380.2,3357.18,23.019999999999982,long,2025-08-11 05:10:00,3354.4,2025-08-11 05:20:00,2025-08-11 05:25:00,3361.08,3354.4,3374.4399999999996,6.679999999999836,False,extreme,2025-08-11 05:50:00,3354.4,stop,6,-1.0,9,0.013473053892215899,-1.0134730538922159,0.4116766467065969,1.2050898203592701
XAUUSD,NY,2025-08-11,Monday,2,3380.2,3357.18,23.019999999999982,long,2025-08-11 05:50:00,3353.03,2025-08-11 06:05:00,2025-08-11 06:10:00,3357.88,3353.03,3367.58,4.849999999999909,False,extreme,2025-08-11 07:20:00,3353.03,stop,15,-1.0,5,0.010309278350515658,-1.0103092783505156,1.259793814432946,1.1340206185567223
XAUUSD,NY,2025-08-11,Monday,3,3380.2,3357.18,23.019999999999982,long,2025-08-11 07:05:00,3344.44,2025-08-11 09:40:00,2025-08-11 09:45:00,3358.05,3344.44,3385.2700000000004,13.610000000000127,False,extreme,2025-08-11 10:35:00,3344.44,stop,11,-1.0,5,0.003673769287288724,-1.0036737692872888,0.3556208670095258,1.010286554004399
XAUUSD,NY,2025-08-11,Monday,4,3380.2,3357.18,23.019999999999982,long,2025-08-11 10:15:00,3341.19,2025-08-11 13:40:00,2025-08-11 13:45:00,3358.28,3341.19,3392.4600000000005,17.090000000000146,False,extreme,2025-08-11 23:55:00,3349.37,end_of_day,111,-0.5213575190169827,5,0.0029256875365710694,-0.5242832065535538,0.03276770040959278,0.9514335868929245
XAUUSD,NY,2025-08-12,Tuesday,1,3358.16,3342.31,15.849999999999909,long,2025-08-12 07:15:00,3339.43,2025-08-12 07:20:00,2025-08-12 07:25:00,3343.57,3339.43,3351.850000000001,4.140000000000327,False,extreme,2025-08-12 07:35:00,3339.43,stop,3,-1.0,5,0.012077294685989384,-1.0120772946859893,0.14492753623185062,1.799516908212484
XAUUSD,NY,2025-08-12,Tuesday,2,3358.16,3342.31,15.849999999999909,long,2025-08-12 08:20:00,3338.68,2025-08-12 08:30:00,2025-08-12 08:35:00,3350.15,3338.68,3373.0900000000006,11.470000000000255,False,extreme,2025-08-12 10:10:00,3338.68,stop,20,-1.0,6,0.005231037489101889,-1.0052310374891018,0.6939843068875204,1.2502179598953642
XAUUSD,NY,2025-08-12,Tuesday,3,3358.16,3342.31,15.849999999999909,long,2025-08-12 10:10:00,3331.15,2025-08-12 11:10:00,2025-08-12 11:15:00,3343.1,3331.15,3366.9999999999995,11.949999999999818,False,extreme,2025-08-12 23:55:00,3349.67,end_of_day,141,0.5497907949791015,5,0.004184100418410106,0.5456066945606914,1.3447698744770216,0.09958158995816507
XAUUSD,NY,2025-08-13,Wednesday,1,3360.95,3345.69,15.259999999999764,short,2025-08-13 04:45:00,3363.46,2025-08-13 04:50:00,2025-08-13 04:55:00,3359.87,3363.46,3352.6899999999996,3.5900000000001455,False,extreme,2025-08-13 05:30:00,3363.46,stop,8,-1.0,5,0.013927576601670745,-1.0139275766016707,0.3314763231197789,1.0222841225626529
XAUUSD,NY,2025-08-13,Wednesday,2,3360.95,3345.69,15.259999999999764,short,2025-08-13 05:20:00,3367.16,2025-08-13 07:20:00,2025-08-13 07:25:00,3360.95,3367.16,3348.5299999999997,6.210000000000036,False,extreme,2025-08-13 10:00:00,3367.16,stop,32,-1.0,5,0.008051529790660178,-1.0080515297906603,1.0805152979066017,1.2254428341384997
XAUUSD,NY,2025-08-13,Wednesday,3,3360.95,3345.69,15.259999999999764,short,2025-08-13 09:35:00,3370.8,2025-08-13 11:05:00,2025-08-13 11:10:00,3360.32,3370.8,3339.36,10.480000000000018,False,extreme,2025-08-13 20:20:00,3370.8,stop,99,-1.0,5,0.004770992366412206,-1.004770992366412,0.986641221374058,1.1240458015266912
XAUUSD,NY,2025-08-13,Wednesday,4,3360.95,3345.69,15.259999999999764,short,2025-08-13 19:25:00,3374.71,2025-08-13 23:05:00,2025-08-13 23:10:00,3359.36,3374.71,3328.6600000000003,15.349999999999909,False,extreme,2025-08-13 23:55:00,3360.47,end_of_day,10,-0.07231270358304098,5,0.0032573289902280327,-0.07557003257326901,0.2475570032573423,0.08599348534200109
XAUUSD,NY,2025-08-14,Thursday,1,3366.43,3343.7,22.730000000000018,long,2025-08-14 10:05:00,3334.3,2025-08-14 10:15:00,2025-08-14 10:20:00,3344.14,3334.3,3363.8199999999993,9.83999999999969,False,extreme,2025-08-14 12:10:00,3334.3,stop,23,-1.0,5,0.00508130081300829,-1.0050813008130084,0.252032520325213,1.1036585365853673
XAUUSD,NY,2025-08-14,Thursday,2,3366.43,3343.7,22.730000000000018,long,2025-08-14 10:35:00,3329.89,2025-08-14 23:30:00,2025-08-14 23:35:00,3343.75,3329.89,3371.4700000000003,13.860000000000127,False,extreme,2025-08-14 23:55:00,3343.46,end_of_day,5,-0.020923520923518107,5,0.0036075036075035745,-0.02453102453102168,0.07431457431458807,0.11688311688310793
XAUUSD,NY,2025-08-15,Friday,1,3348.79,3340.16,8.63000000000011,long,2025-08-15 04:25:00,3338.93,2025-08-15 04:30:00,2025-08-15 04:35:00,3340.84,3338.93,3344.6600000000008,1.9100000000003092,False,extreme,2025-08-15 04:40:00,3338.93,stop,2,-1.0,5,0.026178010471199952,-1.0261780104712,0.2827225130889404,1.2879581151830566
XAUUSD,NY,2025-08-15,Friday,2,3348.79,3340.16,8.63000000000011,long,2025-08-15 04:35:00,3338.38,2025-08-15 04:45:00,2025-08-15 04:50:00,3342.37,3338.38,3350.3499999999995,3.9899999999997817,False,extreme,2025-08-15 06:25:00,3338.38,stop,20,-1.0,7,0.017543859649123767,-1.0175438596491237,0.6666666666667806,1.2406015037594207
XAUUSD,NY,2025-08-15,Friday,3,3348.79,3340.16,8.63000000000011,long,2025-08-15 06:10:00,3337.07,2025-08-15 06:45:00,2025-08-15 06:50:00,3340.28,3337.07,3346.7000000000003,3.2100000000000364,False,extreme,2025-08-15 06:55:00,3337.07,stop,2,-1.0,5,0.015576323987538766,-1.0155763239875388,0.07165109034268398,1.205607476635608
XAUUSD,NY,2025-08-15,Friday,4,3348.79,3340.16,8.63000000000011,long,2025-08-15 06:50:00,3336.41,2025-08-15 07:30:00,2025-08-15 07:35:00,3342.1,3336.41,3353.48,5.690000000000055,False,extreme,2025-08-15 08:30:00,3336.41,stop,12,-1.0,5,0.00878734622144104,-1.008787346221441,0.3514938488576416,1.4868189806678305
XAUUSD,NY,2025-08-15,Friday,5,3348.79,3340.16,8.63000000000011,long,2025-08-15 08:05:00,3333.64,2025-08-15 08:35:00,2025-08-15 08:40:00,3341.17,3333.64,3356.2300000000005,7.5300000000002,False,extreme,2025-08-15 09:50:00,3333.64,stop,15,-1.0,6,0.007968127490039629,-1.0079681274900396,0.6347941567064567,1.0796812749003841
XAUUSD,NY,2025-08-15,Friday,6,3348.79,3340.16,8.63000000000011,long,2025-08-15 09:15:00,3333.04,2025-08-15 10:15:00,2025-08-15 10:20:00,3341.73,3333.04,3359.11,8.690000000000055,False,extreme,2025-08-15 16:55:00,3335.78,friday_close,80,-0.6846950517836341,5,0.005753739930955085,-0.6904487917145892,0.3970080552358799,0.8319907940161073
XAUUSD,NY,2025-08-18,Monday,1,3358.38,3346.26,12.11999999999989,long,2025-08-18 04:10:00,3344.67,2025-08-18 04:25:00,2025-08-18 04:30:00,3347.79,3344.67,3354.0299999999997,3.119999999999891,False,extreme,2025-08-18 07:55:00,3344.67,stop,42,-1.0,5,0.016025641025641586,-1.0160256410256416,1.2532051282051253,1.0160256410256998
XAUUSD,NY,2025-08-18,Monday,2,3358.38,3346.26,12.11999999999989,long,2025-08-18 07:50:00,3344.62,2025-08-18 08:00:00,2025-08-18 08:05:00,3346.86,3344.62,3351.3400000000006,2.2400000000002365,False,extreme,2025-08-18 08:50:00,3344.62,stop,10,-1.0,5,0.022321428571426216,-1.0223214285714262,0.8392857142854714,1.2098214285713171
XAUUSD,NY,2025-08-19,Tuesday,1,3341.76,3334.48,7.2800000000002,short,2025-08-19 06:10:00,3345.3,2025-08-19 07:25:00,2025-08-19 07:30:00,3341.74,3345.3,3334.619999999999,3.5600000000004,False,extreme,2025-08-19 08:40:00,3334.619999999999,target,15,2.0,5,0.014044943820223142,1.985955056179777,2.014044943819891,0.15449438202250565
XAUUSD,NY,2025-08-19,Tuesday,2,3341.76,3334.48,7.2800000000002,long,2025-08-19 09:05:00,3325.71,2025-08-19 09:30:00,2025-08-19 09:35:00,3335.65,3325.71,3355.53,9.940000000000055,False,extreme,2025-08-19 10:40:00,3325.71,stop,14,-1.0,7,0.0070422535211267226,-1.0070422535211268,0.3682092555331825,1.0181086519114522
XAUUSD,NY,2025-08-21,Thursday,1,3341.61,3334.27,7.3400000000001455,long,2025-08-21 06:35:00,3325.3,2025-08-21 08:00:00,2025-08-21 08:05:00,3337.96,3325.3,3363.2799999999997,12.659999999999854,False,extreme,2025-08-21 23:55:00,3331.98,end_of_day,179,-0.4723538704581427,6,0.004739336492891049,-0.47709320695103374,0.8025276461295396,0.4921011058451888
XAUUSD,NY,2025-08-22,Friday,1,3335.08,3325.73,9.349999999999909,long,2025-08-22 08:10:00,3325.11,2025-08-22 08:15:00,2025-08-22 08:20:00,3329.56,3325.11,3338.4599999999996,4.449999999999818,False,extreme,2025-08-22 08:30:00,3325.11,stop,3,-1.0,6,0.01348314606741628,-1.0134831460674163,0.05393258426971827,1.8202247191011776
XAUUSD,NY,2025-08-22,Friday,2,3335.08,3325.73,9.349999999999909,long,2025-08-22 08:30:00,3321.46,2025-08-22 08:45:00,2025-08-22 08:50:00,3326.15,3321.46,3335.53,4.690000000000055,False,extreme,2025-08-22 09:40:00,3335.53,target,11,2.0,5,0.010660980810234418,1.9893390191897655,2.164179104477606,0.605543710021346
XAUUSD,NY,2025-08-25,Monday,1,3369.9,3363.09,6.809999999999945,long,2025-08-25 05:05:00,3361.99,2025-08-25 05:30:00,2025-08-25 05:35:00,3364.84,3361.99,3370.540000000001,2.850000000000364,False,extreme,2025-08-25 07:45:00,3370.540000000001,target,27,2.0,11,0.03859649122806525,1.9614035087719348,2.350877192982092,0.4000000000000638
XAUUSD,NY,2025-08-25,Monday,2,3369.9,3363.09,6.809999999999945,short,2025-08-25 07:45:00,3371.54,2025-08-25 08:00:00,2025-08-25 08:05:00,3369.58,3371.54,3365.66,1.9600000000000364,False,extreme,2025-08-25 08:40:00,3365.66,target,8,2.0,5,0.025510204081632182,1.9744897959183678,2.076530612244711,0.4336734693877006
XAUUSD,NY,2025-08-25,Monday,3,3369.9,3363.09,6.809999999999945,long,2025-08-25 09:05:00,3362.2,2025-08-25 09:10:00,2025-08-25 09:15:00,3363.71,3362.2,3366.7300000000005,1.5100000000002183,False,extreme,2025-08-25 09:30:00,3366.7300000000005,target,4,2.0,5,0.03311258278145217,1.9668874172185478,2.284768211920079,0.8543046357614418
XAUUSD,NY,2025-08-25,Monday,4,3369.9,3363.09,6.809999999999945,short,2025-08-25 09:50:00,3376.27,2025-08-25 15:00:00,2025-08-25 15:05:00,3369.02,3376.27,3354.52,7.25,False,extreme,2025-08-25 19:20:00,3354.52,target,40,2.0,5,0.006896551724137932,1.993103448275862,2.095172413793111,0.05931034482756363
XAUUSD,NY,2025-08-26,Tuesday,1,3379.19,3367.3,11.889999999999873,short,2025-08-26 04:30:00,3379.76,2025-08-26 04:35:00,2025-08-26 04:40:00,3379.17,3379.76,3377.99,0.5900000000001455,False,extreme,2025-08-26 04:40:00,3379.76,both_touched,1,-1.0,5,0.0847457627118435,-1.0847457627118435,3.0677966101686422,1.237288135592946
XAUUSD,NY,2025-08-27,Wednesday,1,3381.94,3373.81,8.13000000000011,short,2025-08-27 04:00:00,3385.47,2025-08-27 05:40:00,2025-08-27 05:45:00,3381.8,3385.47,3374.460000000001,3.669999999999618,False,extreme,2025-08-27 07:25:00,3374.460000000001,target,21,2.0,6,0.016348773841963555,1.9836512261580364,2.0817438692101153,0.16893732970026032
XAUUSD,NY,2025-08-27,Wednesday,2,3381.94,3373.81,8.13000000000011,short,2025-08-27 08:30:00,3382.74,2025-08-27 08:35:00,2025-08-27 08:40:00,3381.25,3382.74,3378.2700000000004,1.4899999999997817,False,extreme,2025-08-27 08:45:00,3382.74,stop,2,-1.0,5,0.03355704697987069,-1.0335570469798707,0.4765100671141882,1.0201342281880568
XAUUSD,NY,2025-08-27,Wednesday,3,3381.94,3373.81,8.13000000000011,short,2025-08-27 08:45:00,3382.77,2025-08-27 08:55:00,2025-08-27 09:00:00,3381.21,3382.77,3378.09,1.5599999999999454,False,extreme,2025-08-27 09:05:00,3382.77,stop,2,-1.0,5,0.03205128205128317,-1.0320512820512833,0.3782051282052347,1.878205128205089
XAUUSD,NY,2025-08-27,Wednesday,4,3381.94,3373.81,8.13000000000011,short,2025-08-27 09:05:00,3384.78,2025-08-27 09:30:00,2025-08-27 09:35:00,3378.74,3384.78,3366.659999999999,6.040000000000418,False,extreme,2025-08-27 10:50:00,3384.78,stop,16,-1.0,0,0.0,-1.0,0.5198675496688171,1.1009933774833824
XAUUSD,NY,2025-08-28,Thursday,1,3397.73,3387.75,9.980000000000018,short,2025-08-28 04:35:00,3401.64,2025-08-28 06:00:00,2025-08-28 06:05:00,3396.22,3401.64,3385.3799999999997,5.420000000000073,False,extreme,2025-08-28 07:20:00,3401.64,stop,16,-1.0,5,0.009225092250922386,-1.0092250922509225,0.43911439114384176,1.0332103321033743
XAUUSD,NY,2025-08-28,Thursday,2,3397.73,3387.75,9.980000000000018,short,2025-08-28 07:15:00,3408.82,2025-08-28 08:55:00,2025-08-28 09:00:00,3397.28,3408.82,3374.2000000000003,11.539999999999964,False,extreme,2025-08-28 09:50:00,3408.82,stop,11,-1.0,5,0.004332755632582336,-1.0043327556325823,0.25996533795494015,1.1325823223569975
XAUUSD,NY,2025-08-29,Friday,1,3412.75,3406.58,6.170000000000073,short,2025-08-29 04:00:00,3414.84,2025-08-29 04:15:00,2025-08-29 04:20:00,3412.72,3414.84,3408.479999999999,2.1200000000003456,False,extreme,2025-08-29 05:30:00,3408.479999999999,target,15,2.0,5,0.023584905660373516,1.9764150943396266,2.5094339622636044,0.6981132075470646
XAUUSD,NY,2025-08-29,Friday,2,3412.75,3406.58,6.170000000000073,long,2025-08-29 06:15:00,3405.49,2025-08-29 06:30:00,2025-08-29 06:35:00,3406.63,3405.49,3408.9100000000008,1.1400000000003274,False,extreme,2025-08-29 06:50:00,3405.49,stop,4,-1.0,5,0.04385964912279442,-1.0438596491227945,0.9999999999996011,1.1140350877189624
XAUUSD,NY,2025-08-29,Friday,3,3412.75,3406.58,6.170000000000073,long,2025-08-29 06:50:00,3404.29,2025-08-29 07:25:00,2025-08-29 07:30:00,3407.36,3404.29,3413.5000000000005,3.0700000000001637,False,extreme,2025-08-29 08:35:00,3413.5000000000005,target,14,2.0,5,0.016286644951139198,1.9837133550488608,2.0228013029315,0.22801302931603762
XAUUSD,NY,2025-08-29,Friday,4,3412.75,3406.58,6.170000000000073,short,2025-08-29 08:35:00,3414.35,2025-08-29 08:40:00,2025-08-29 08:45:00,3412.75,3414.35,3409.55,1.599999999999909,False,extreme,2025-08-29 08:45:00,3414.35,stop,1,-1.0,5,0.031250000000001776,-1.0312500000000018,0.0687500000000835,1.7937500000000337
XAUUSD,NY,2025-09-01,Monday,1,3489.86,3467.82,22.039999999999964,long,2025-09-01 08:20:00,3467.14,2025-09-01 08:25:00,2025-09-01 08:30:00,3469.94,3467.14,3475.5400000000004,2.800000000000182,False,extreme,2025-09-01 09:05:00,3475.5400000000004,target,8,2.0,5,0.017857142857141697,1.9821428571428583,2.8214285714284206,0.45714285714289893
XAUUSD,NY,2025-09-03,Wednesday,1,3538.34,3526.99,11.350000000000364,short,2025-09-03 04:05:00,3539.95,2025-09-03 04:10:00,2025-09-03 04:15:00,3536.75,3539.95,3530.3500000000004,3.199999999999818,False,extreme,2025-09-03 04:25:00,3539.95,stop,3,-1.0,5,0.015625000000000888,-1.0156250000000009,0.240625000000008,1.3875000000000959
XAUUSD,NY,2025-09-03,Wednesday,2,3538.34,3526.99,11.350000000000364,short,2025-09-03 04:20:00,3541.19,2025-09-03 04:30:00,2025-09-03 04:35:00,3536.56,3541.19,3527.2999999999997,4.630000000000109,False,extreme,2025-09-03 05:05:00,3541.19,stop,7,-1.0,5,0.010799136069114217,-1.0107991360691142,0.05615550755934285,1.0583153347732128
XAUUSD,NY,2025-09-03,Wednesday,3,3538.34,3526.99,11.350000000000364,short,2025-09-03 04:35:00,3541.89,2025-09-03 05:25:00,2025-09-03 05:30:00,3538.22,3541.89,3530.8799999999997,3.6700000000000728,False,extreme,2025-09-03 07:00:00,3541.89,stop,19,-1.0,11,0.029972752043596135,-1.0299727520435962,1.599455040871873,1.3133514986376207
XAUUSD,NY,2025-09-03,Wednesday,4,3538.34,3526.99,11.350000000000364,short,2025-09-03 06:45:00,3578.51,2025-09-03 22:40:00,2025-09-03 22:45:00,3537.69,3546.96,3519.15,9.269999999999982,True,swing,2025-09-03 23:10:00,3519.15,target,6,2.0,6,0.006472491909385126,1.993527508090615,2.816612729234108,0.06580366774542919
XAUUSD,NY,2025-09-03,Wednesday,5,3538.34,3526.99,11.350000000000364,long,2025-09-03 23:10:00,3511.58,2025-09-03 23:20:00,2025-09-03 23:25:00,3529.19,3511.58,3564.4100000000003,17.610000000000127,False,extreme,2025-09-03 23:55:00,3529.13,end_of_day,7,-0.0034071550255505394,4,0.0022714366837024253,-0.005678591709252965,0.13344690516751231,0.17376490630323244
XAUUSD,NY,2025-09-04,Thursday,1,3541.75,3524.56,17.190000000000055,short,2025-09-04 04:00:00,3545.6,2025-09-04 04:20:00,2025-09-04 04:25:00,3539.98,3545.6,3528.7400000000002,5.619999999999891,False,extreme,2025-09-04 06:05:00,3545.6,stop,21,-1.0,5,0.008896797153025084,-1.0088967971530252,0.5747330960854237,1.2508896797153624
XAUUSD,NY,2025-09-04,Thursday,2,3541.75,3524.56,17.190000000000055,short,2025-09-04 06:05:00,3547.01,2025-09-04 06:20:00,2025-09-04 06:25:00,3540.44,3547.01,3527.2999999999997,6.570000000000164,False,extreme,2025-09-04 07:45:00,3547.01,stop,17,-1.0,5,0.007610350076103311,-1.0076103500761033,0.5753424657534407,1.0471841704718323
XAUUSD,NY,2025-09-04,Thursday,3,3541.75,3524.56,17.190000000000055,short,2025-09-04 07:35:00,3558.83,2025-09-04 10:00:00,2025-09-04 10:05:00,3537.14,3558.83,3493.7599999999998,21.690000000000055,False,extreme,2025-09-04 23:50:00,3558.83,stop,154,-1.0,5,0.0023052097740894366,-1.0023052097740894,0.08114338404793725,1.0078377132319074
XAUUSD,NY,2025-09-05,Friday,1,3561.02,3546.63,14.389999999999873,long,2025-09-05 04:15:00,3544.94,2025-09-05 04:20:00,2025-09-05 04:25:00,3547.91,3544.94,3553.8499999999995,2.9699999999998,False,extreme,2025-09-05 04:55:00,3544.94,stop,7,-1.0,5,0.01683501683501797,-1.016835016835018,0.6734006734007187,1.0202020202020032
XAUUSD,NY,2025-09-05,Friday,2,3561.02,3546.63,14.389999999999873,long,2025-09-05 04:50:00,3544.88,2025-09-05 05:00:00,2025-09-05 05:05:00,3549.02,3544.88,3557.2999999999997,4.139999999999873,False,extreme,2025-09-05 08:30:00,3557.2999999999997,target,42,2.0,6,0.014492753623188852,1.985507246376811,8.200483091787648,0.2826086956522002
XAUUSD,NY,2025-09-08,Monday,1,3613.6,3579.56,34.039999999999964,short,2025-09-08 04:20:00,3617.1,2025-09-08 04:25:00,2025-09-08 04:30:00,3612.71,3617.1,3603.9300000000003,4.389999999999873,False,extreme,2025-09-08 06:10:00,3617.1,stop,21,-1.0,7,0.015945330296128025,-1.015945330296128,0.927107061503481,1.8997722095672864
XAUUSD,NY,2025-09-09,Tuesday,1,3659.31,3636.72,22.590000000000146,short,2025-09-09 09:25:00,3674.86,2025-09-09 10:05:00,2025-09-09 10:10:00,3648.58,3674.86,3596.0199999999995,26.2800000000002,False,extreme,2025-09-09 23:55:00,3636.62,end_of_day,154,0.45509893455098727,0,0.0,0.45509893455098727,1.1335616438356064,0.3390410958904028
XAUUSD,NY,2025-09-10,Wednesday,1,3648.44,3636.56,11.88000000000011,short,2025-09-10 05:35:00,3657.63,2025-09-10 08:10:00,2025-09-10 08:15:00,3648.2,3657.63,3629.3399999999992,9.430000000000291,False,extreme,2025-09-10 23:55:00,3631.97,end_of_day,177,1.7211028632024938,5,0.005302226935312668,1.7158006362671812,1.9427359490985305,0.9883351007422986
XAUUSD,NY,2025-09-11,Thursday,1,3638.06,3622.87,15.190000000000055,long,2025-09-11 05:05:00,3614.24,2025-09-11 06:35:00,2025-09-11 06:40:00,3622.9,3614.24,3640.2200000000007,8.66000000000031,False,extreme,2025-09-11 08:30:00,3614.24,both_touched,23,-1.0,9,0.010392609699768681,-1.0103926096997686,2.021939953810524,1.1281755196304426
XAUUSD,NY,2025-09-11,Thursday,2,3638.06,3622.87,15.190000000000055,short,2025-09-11 08:30:00,3643.95,2025-09-11 08:40:00,2025-09-11 08:45:00,3637.09,3643.95,3623.370000000001,6.859999999999673,False,extreme,2025-09-11 09:15:00,3623.370000000001,target,7,2.0,0,0.0,2.0,2.0189504373179337,0.03206997084545341
XAUUSD,NY,2025-09-11,Thursday,3,3638.06,3622.87,15.190000000000055,long,2025-09-11 09:25:00,3621.45,2025-09-11 09:30:00,2025-09-11 09:35:00,3623.39,3621.45,3627.27,1.9400000000000546,False,extreme,2025-09-11 09:35:00,3621.45,stop,1,-1.0,0,0.0,-1.0,0.9432989690721009,2.5773195876287933
XAUUSD,NY,2025-09-11,Thursday,4,3638.06,3622.87,15.190000000000055,short,2025-09-11 11:20:00,3639.06,2025-09-11 11:25:00,2025-09-11 11:30:00,3636.72,3639.06,3632.0399999999995,2.3400000000001455,False,extreme,2025-09-11 11:50:00,3632.0399999999995,target,5,2.0,5,0.02136752136752004,1.97863247863248,2.0641025641024044,0.5897435897435997
XAUUSD,NY,2025-09-11,Thursday,5,3638.06,3622.87,15.190000000000055,short,2025-09-11 12:05:00,3641.99,2025-09-11 12:15:00,2025-09-11 12:20:00,3637.04,3641.99,3627.1400000000003,4.949999999999818,False,extreme,2025-09-11 21:10:00,3641.99,stop,95,-1.0,0,0.0,-1.0,1.333333333333364,1.4020202020202646
XAUUSD,NY,2025-09-12,Friday,1,3656.69,3647.85,8.840000000000146,long,2025-09-12 04:10:00,3637.68,2025-09-12 06:10:00,2025-09-12 06:15:00,3648.11,3637.68,3668.9700000000007,10.430000000000291,False,extreme,2025-09-12 16:55:00,3642.65,friday_close,129,-0.523489932885895,8,0.007670182166826248,-0.5311601150527212,0.5906040268456072,0.9395973154362328
XAUUSD,NY,2025-09-16,Tuesday,1,3694.18,3680.19,13.989999999999782,short,2025-09-16 04:10:00,3697.16,2025-09-16 04:30:00,2025-09-16 04:35:00,3692.4,3697.16,3682.8800000000006,4.7599999999997635,False,extreme,2025-09-16 05:20:00,3697.16,stop,10,-1.0,5,0.010504201680672792,-1.010504201680673,0.10084033613446261,1.1239495798319694
XAUUSD,NY,2025-09-16,Tuesday,2,3694.18,3680.19,13.989999999999782,short,2025-09-16 05:05:00,3698.97,2025-09-16 06:50:00,2025-09-16 06:55:00,3693.72,3698.97,3683.22,5.25,False,extreme,2025-09-16 07:50:00,3698.97,stop,12,-1.0,8,0.015238095238095238,-1.0152380952380953,0.5999999999999307,1.089523809523858
XAUUSD,NY,2025-09-16,Tuesday,3,3694.18,3680.19,13.989999999999782,short,2025-09-16 07:35:00,3699.44,2025-09-16 08:20:00,2025-09-16 08:25:00,3693.68,3699.44,3682.1599999999994,5.760000000000218,False,extreme,2025-09-16 10:10:00,3699.44,stop,22,-1.0,5,0.008680555555555226,-1.0086805555555551,1.4739583333332396,1.0225694444444626
XAUUSD,NY,2025-09-16,Tuesday,4,3694.18,3680.19,13.989999999999782,short,2025-09-16 09:45:00,3703.06,2025-09-16 10:25:00,2025-09-16 10:30:00,3692.82,3703.06,3672.3400000000006,10.239999999999782,False,extreme,2025-09-16 23:55:00,3681.78,end_of_day,150,1.0781250000000195,4,0.003906250000000083,1.0742187500000195,1.7988281250000455,0.3105468749999906
XAUUSD,NY,2025-09-17,Wednesday,1,3685.86,3666.6,19.26000000000022,long,2025-09-17 04:00:00,3664.5,2025-09-17 04:05:00,2025-09-17 04:10:00,3666.68,3664.5,3671.0399999999995,2.1799999999998363,False,extreme,2025-09-17 04:15:00,3664.5,stop,2,-1.0,6,0.02752293577981858,-1.0275229357798186,0.0183486238531957,1.4036697247707226
XAUUSD,NY,2025-09-17,Wednesday,2,3685.86,3666.6,19.26000000000022,long,2025-09-17 04:10:00,3663.33,2025-09-17 04:25:00,2025-09-17 04:30:00,3666.93,3663.33,3674.1299999999997,3.599999999999909,False,extreme,2025-09-17 04:35:00,3663.33,stop,2,-1.0,5,0.01388888888888924,-1.0138888888888893,0.28611111111117393,1.0861111111110981
XAUUSD,NY,2025-09-17,Wednesday,3,3685.86,3666.6,19.26000000000022,long,2025-09-17 04:35:00,3662.67,2025-09-17 05:10:00,2025-09-17 05:15:00,3668.4,3662.67,3679.86,5.730000000000018,False,extreme,2025-09-17 06:10:00,3662.67,stop,12,-1.0,5,0.008726003490401368,-1.0087260034904013,0.4432809773123832,1.340314136125701
XAUUSD,NY,2025-09-17,Wednesday,4,3685.86,3666.6,19.26000000000022,long,2025-09-17 06:05:00,3660.72,2025-09-17 06:15:00,2025-09-17 06:20:00,3667.48,3660.72,3681.0000000000005,6.760000000000218,False,extreme,2025-09-17 06:50:00,3660.72,stop,7,-1.0,9,0.013313609467455191,-1.0133136094674553,0.0754437869822111,1.0399408284023628
XAUUSD,NY,2025-09-17,Wednesday,5,3685.86,3666.6,19.26000000000022,long,2025-09-17 06:30:00,3660.05,2025-09-17 07:20:00,2025-09-17 07:25:00,3667.75,3660.05,3683.1499999999996,7.699999999999818,False,extreme,2025-09-17 10:10:00,3683.1499999999996,target,34,2.0,5,0.0064935064935066475,1.9935064935064934,2.1584415584415955,0.41428571428573113
XAUUSD,NY,2025-09-17,Wednesday,6,3685.86,3666.6,19.26000000000022,short,2025-09-17 11:20:00,3686.31,2025-09-17 11:25:00,2025-09-17 11:30:00,3685.31,3686.31,3683.31,1.0,False,extreme,2025-09-17 11:35:00,3686.31,stop,2,-1.0,5,0.05,-1.05,0.7199999999997999,1.8400000000001455
XAUUSD,NY,2025-09-17,Wednesday,7,3685.86,3666.6,19.26000000000022,short,2025-09-17 11:35:00,3687.15,2025-09-17 11:40:00,2025-09-17 11:45:00,3684.92,3687.15,3680.46,2.230000000000018,False,extreme,2025-09-17 12:20:00,3687.15,stop,8,-1.0,5,0.02242152466367695,-1.022421524663677,0.9147982062780031,1.596412556053774
XAUUSD,NY,2025-09-17,Wednesday,8,3685.86,3666.6,19.26000000000022,short,2025-09-17 12:05:00,3688.61,2025-09-17 12:50:00,2025-09-17 12:55:00,3685.13,3688.61,3678.17,3.480000000000018,False,extreme,2025-09-17 14:00:00,3688.61,both_touched,14,-1.0,5,0.014367816091953948,-1.014367816091954,9.597701149425264,3.818965517241349
XAUUSD,NY,2025-09-17,Wednesday,9,3685.86,3666.6,19.26000000000022,short,2025-09-17 13:45:00,3707.52,2025-09-17 14:20:00,2025-09-17 14:25:00,3684.97,3707.52,3639.8699999999994,22.550000000000182,False,extreme,2025-09-17 23:55:00,3658.46,end_of_day,103,1.175609756097541,5,0.0022172949002217117,1.1733924611973192,1.7184035476718265,0.04833702882483976
XAUUSD,NY,2025-09-18,Thursday,1,3659.87,3633.96,25.909999999999854,short,2025-09-18 04:35:00,3672.98,2025-09-18 09:05:00,2025-09-18 09:10:00,3658.83,3672.98,3630.5299999999997,14.150000000000091,False,extreme,2025-09-18 09:40:00,3630.5299999999997,target,7,2.0,5,0.003533568904593617,1.9964664310954063,2.0473498233215275,0.1710247349823362
XAUUSD,NY,2025-09-18,Thursday,2,3659.87,3633.96,25.909999999999854,long,2025-09-18 09:40:00,3628.03,2025-09-18 09:45:00,2025-09-18 09:50:00,3635.99,3628.03,3651.909999999999,7.959999999999582,False,extreme,2025-09-18 23:20:00,3651.909999999999,target,151,2.0,5,0.00628140703517621,1.9937185929648238,2.400753768844363,0.4610552763818858
XAUUSD,NY,2025-09-19,Friday,1,3661.2,3643.36,17.83999999999969,short,2025-09-19 09:55:00,3664.42,2025-09-19 10:05:00,2025-09-19 10:10:00,3660.57,3664.42,3652.8700000000003,3.849999999999909,False,extreme,2025-09-19 10:30:00,3664.42,stop,5,-1.0,5,0.012987012987013295,-1.0129870129870133,1.088311688311728,1.262337662337607
XAUUSD,NY,2025-09-22,Monday,1,3719.96,3690.1,29.860000000000127,short,2025-09-22 04:40:00,3728.36,2025-09-22 08:15:00,2025-09-22 08:20:00,3718.26,3728.36,3698.0600000000004,10.099999999999909,False,extreme,2025-09-22 11:20:00,3728.36,stop,37,-1.0,6,0.005940594059405994,-1.005940594059406,0.5980198019802448,1.1029702970297004
XAUUSD,NY,2025-09-23,Tuesday,1,3758.78,3743.29,15.490000000000236,short,2025-09-23 04:25:00,3791.14,2025-09-23 14:55:00,2025-09-23 15:00:00,3756.76,3775.6,3719.080000000001,18.83999999999969,True,swing,2025-09-23 23:55:00,3765.36,end_of_day,96,-0.45647558386412157,3,0.0015923566878981153,-0.45806794055201966,0.32537154989385403,0.8004246284501154
XAUUSD,NY,2025-09-24,Wednesday,1,3779.25,3763.24,16.01000000000022,long,2025-09-24 06:15:00,3759.94,2025-09-24 06:25:00,2025-09-24 06:30:00,3764.01,3759.94,3772.1500000000005,4.070000000000164,False,extreme,2025-09-24 07:10:00,3759.94,stop,9,-1.0,7,0.01719901719901651,-1.0171990171990166,0.3783783783783542,1.0491400491401142
XAUUSD,NY,2025-09-24,Wednesday,2,3779.25,3763.24,16.01000000000022,long,2025-09-24 06:40:00,3759.74,2025-09-24 07:15:00,2025-09-24 07:20:00,3764.24,3759.74,3773.24,4.5,False,extreme,2025-09-24 09:45:00,3759.74,stop,30,-1.0,5,0.011111111111111112,-1.011111111111111,1.917777777777802,1.148888888888804
XAUUSD,NY,2025-09-24,Wednesday,3,3779.25,3763.24,16.01000000000022,long,2025-09-24 09:40:00,3759.07,2025-09-24 09:50:00,2025-09-24 09:55:00,3763.46,3759.07,3772.24,4.389999999999873,False,extreme,2025-09-24 10:05:00,3759.07,stop,3,-1.0,5,0.011389521640091447,-1.0113895216400914,0.3804100227790709,1.8451025056947936
XAUUSD,NY,2025-09-25,Thursday,1,3755.0,3731.79,23.210000000000036,short,2025-09-25 04:00:00,3761.63,2025-09-25 04:30:00,2025-09-25 04:35:00,3753.53,3761.63,3737.3300000000004,8.099999999999909,False,extreme,2025-09-25 08:35:00,3737.3300000000004,target,49,2.0,5,0.006172839506172909,1.9938271604938271,2.2333333333333765,0.9444444444444101
XAUUSD,NY,2025-09-25,Thursday,2,3755.0,3731.79,23.210000000000036,long,2025-09-25 09:35:00,3722.18,2025-09-25 09:55:00,2025-09-25 10:00:00,3733.98,3722.18,3757.5800000000004,11.800000000000182,False,extreme,2025-09-25 14:40:00,3757.5800000000004,target,57,2.0,1,0.000847457627118631,1.9991525423728813,2.003389830508433,0.8703389830508325
XAUUSD,NY,2025-09-25,Thursday,3,3755.0,3731.79,23.210000000000036,short,2025-09-25 14:35:00,3757.62,2025-09-25 14:45:00,2025-09-25 14:50:00,3754.85,3757.62,3749.31,2.769999999999982,False,extreme,2025-09-25 14:50:00,3757.62,stop,1,-1.0,3,0.010830324909747363,-1.0108303249097474,0.05415162454876965,1.2346570397112258
XAUUSD,NY,2025-09-25,Thursday,4,3755.0,3731.79,23.210000000000036,short,2025-09-25 14:50:00,3758.27,2025-09-25 15:00:00,2025-09-25 15:05:00,3754.68,3758.27,3747.4999999999995,3.5900000000001455,False,extreme,2025-09-25 15:35:00,3747.4999999999995,target,7,2.0,5,0.013927576601670745,1.9860724233983293,2.584958217270019,0.5905292479109359
XAUUSD,NY,2025-09-26,Friday,1,3754.0,3739.28,14.7199999999998,short,2025-09-26 05:00:00,3754.51,2025-09-26 05:05:00,2025-09-26 05:10:00,3752.94,3754.51,3749.7999999999997,1.5700000000001637,False,extreme,2025-09-26 05:15:00,3749.7999999999997,target,2,2.0,5,0.031847133757958467,1.9681528662420416,2.261146496815167,0.3121019108278539
XAUUSD,NY,2025-09-26,Friday,2,3754.0,3739.28,14.7199999999998,short,2025-09-26 06:00:00,3755.01,2025-09-26 06:05:00,2025-09-26 06:10:00,3753.61,3755.01,3750.81,1.400000000000091,False,extreme,2025-09-26 06:15:00,3750.81,target,2,2.0,5,0.035714285714283395,1.9642857142857166,2.3142857142857327,0.09999999999990256
XAUUSD,NY,2025-09-26,Friday,3,3754.0,3739.28,14.7199999999998,short,2025-09-26 08:45:00,3754.95,2025-09-26 08:50:00,2025-09-26 08:55:00,3751.74,3754.95,3745.3199999999997,3.2100000000000364,False,extreme,2025-09-26 09:00:00,3754.95,stop,2,-1.0,5,0.015576323987538766,-1.0155763239875388,0.14641744548280206,1.1464174454829437
XAUUSD,NY,2025-09-29,Monday,1,3819.85,3792.57,27.279999999999745,short,2025-09-29 07:15:00,3831.41,2025-09-29 08:25:00,2025-09-29 08:30:00,3817.53,3831.41,3789.770000000001,13.879999999999654,False,extreme,2025-09-29 11:00:00,3831.41,stop,31,-1.0,5,0.003602305475504413,-1.0036023054755043,0.5900576368876267,1.0929394812680113
XAUUSD,NY,2025-09-30,Tuesday,1,3871.72,3839.52,32.19999999999982,long,2025-09-30 04:05:00,3793.18,2025-09-30 10:10:00,2025-09-30 10:15:00,3843.84,3793.18,3945.1600000000008,50.66000000000031,False,extreme,2025-09-30 23:55:00,3862.11,end_of_day,153,0.3606395578365549,5,0.000986971969996046,0.35965258586655885,0.621002763521513,0.24674299249901152
XAUUSD,NY,2025-10-01,Wednesday,1,3879.6,3853.3,26.299999999999727,short,2025-10-01 04:00:00,3895.37,2025-10-01 08:25:00,2025-10-01 08:30:00,3878.22,3895.37,3843.9199999999996,17.15000000000009,False,extreme,2025-10-01 23:55:00,3866.66,end_of_day,174,0.6740524781341041,0,0.0,0.6740524781341041,1.476384839650121,0.1574344023323766
XAUUSD,NY,2025-10-02,Thursday,1,3874.86,3861.93,12.930000000000291,short,2025-10-02 04:40:00,3878.67,2025-10-02 04:55:00,2025-10-02 05:00:00,3874.51,3878.67,3866.1900000000005,4.1599999999998545,False,extreme,2025-10-02 05:40:00,3878.67,stop,9,-1.0,8,0.019230769230769905,-1.0192307692307698,0.28605769230771544,1.1009615384615594
XAUUSD,NY,2025-10-02,Thursday,2,3874.86,3861.93,12.930000000000291,short,2025-10-02 05:10:00,3896.82,2025-10-02 10:00:00,2025-10-02 10:05:00,3873.8,3896.82,3827.76,23.019999999999982,False,extreme,2025-10-02 10:50:00,3827.76,target,10,2.0,5,0.0021720243266724606,1.9978279756733275,2.104691572545626,0.1368375325803492
XAUUSD,NY,2025-10-02,Thursday,3,3874.86,3861.93,12.930000000000291,long,2025-10-02 10:30:00,3819.38,2025-10-02 19:40:00,2025-10-02 19:45:00,3862.09,3856.89,3872.4900000000007,5.200000000000273,True,swing,2025-10-02 20:30:00,3856.89,stop,10,-1.0,5,0.009615384615384111,-1.0096153846153841,0.3134615384614555,1.059615384615371
XAUUSD,NY,2025-10-03,Friday,1,3865.27,3841.76,23.509999999999764,short,2025-10-03 06:10:00,3866.14,2025-10-03 06:15:00,2025-10-03 06:20:00,3864.56,3866.14,3861.4,1.5799999999999272,False,extreme,2025-10-03 06:40:00,3866.14,stop,5,-1.0,7,0.04430379746835648,-1.0443037974683564,1.5253164556961807,1.924050632911458
XAUUSD,NY,2025-10-03,Friday,2,3865.27,3841.76,23.509999999999764,short,2025-10-03 06:40:00,3867.6,2025-10-03 06:45:00,2025-10-03 06:50:00,3864.28,3867.6,3857.640000000001,3.319999999999709,False,extreme,2025-10-03 06:50:00,3867.6,stop,1,-1.0,8,0.02409638554217079,-1.0240963855421708,0.1174698795181812,1.0180722891566116
XAUUSD,NY,2025-10-03,Friday,3,3865.27,3841.76,23.509999999999764,short,2025-10-03 06:50:00,3867.66,2025-10-03 07:00:00,2025-10-03 07:05:00,3864.15,3867.66,3857.1300000000006,3.5099999999997635,False,extreme,2025-10-03 07:30:00,3857.1300000000006,target,6,2.0,6,0.017094017094018244,1.9829059829059819,2.6581196581198165,0.39886039886045166
XAUUSD,NY,2025-10-06,Monday,1,3945.14,3922.26,22.879999999999654,short,2025-10-06 04:00:00,3949.73,2025-10-06 04:25:00,2025-10-06 04:30:00,3943.58,3949.73,3931.2799999999997,6.150000000000091,False,extreme,2025-10-06 07:50:00,3931.2799999999997,target,41,2.0,2,0.003252032520325155,1.9967479674796749,2.0065040650406445,0.5902439024390334
XAUUSD,NY,2025-10-07,Tuesday,1,3977.03,3943.34,33.690000000000055,short,2025-10-07 08:50:00,3985.65,2025-10-07 09:30:00,2025-10-07 09:35:00,3974.45,3985.65,3952.0499999999993,11.200000000000273,False,extreme,2025-10-07 10:35:00,3985.65,stop,13,-1.0,7,0.0062499999999998486,-1.0062499999999999,0.4794642857142643,1.0741071428571345
XAUUSD,NY,2025-10-07,Tuesday,2,3977.03,3943.34,33.690000000000055,short,2025-10-07 10:25:00,3991.06,2025-10-07 11:35:00,2025-10-07 11:40:00,3977.18,3991.06,3949.4199999999996,13.88000000000011,False,extreme,2025-10-07 19:00:00,3991.06,stop,77,-1.0,3,0.0021613832853025765,-1.0021613832853027,1.1066282420748956,1.0914985590778077
XAUUSD,NY,2025-10-08,Wednesday,1,4039.09,4014.73,24.360000000000127,short,2025-10-08 04:20:00,4040.38,2025-10-08 04:25:00,2025-10-08 04:30:00,4038.2,4040.38,4033.8399999999992,2.180000000000291,False,extreme,2025-10-08 04:45:00,4040.38,stop,4,-1.0,5,0.0229357798165107,-1.0229357798165106,0.82568807339426,1.0504587155961733
XAUUSD,NY,2025-10-08,Wednesday,2,4039.09,4014.73,24.360000000000127,short,2025-10-08 05:40:00,4049.6,2025-10-08 06:30:00,2025-10-08 06:35:00,4035.99,4049.6,4008.7699999999995,13.610000000000127,False,extreme,2025-10-08 11:00:00,4049.6,stop,54,-1.0,9,0.006612784717119703,-1.0066127847171198,0.709037472446697,1.0073475385745707
XAUUSD,NY,2025-10-08,Wednesday,3,4039.09,4014.73,24.360000000000127,short,2025-10-08 10:25:00,4059.16,2025-10-08 15:05:00,2025-10-08 15:10:00,4034.38,4059.16,3984.8200000000006,24.779999999999745,False,extreme,2025-10-08 23:55:00,4026.99,end_of_day,94,0.2982243744955772,0,0.0,0.2982243744955772,1.328894269572261,0.5702179176755551
XAUUSD,NY,2025-10-09,Thursday,1,4043.77,4022.66,21.110000000000127,short,2025-10-09 06:55:00,4046.63,2025-10-09 07:00:00,2025-10-09 07:05:00,4040.59,4046.63,4028.51,6.039999999999964,False,extreme,2025-10-09 08:45:00,4046.63,stop,21,-1.0,5,0.00827814569536429,-1.0082781456953642,1.1589403973510004,1.1771523178807475
XAUUSD,NY,2025-10-09,Thursday,2,4043.77,4022.66,21.110000000000127,short,2025-10-09 08:50:00,4057.99,2025-10-09 09:35:00,2025-10-09 09:40:00,4043.44,4057.99,4014.3400000000006,14.549999999999727,False,extreme,2025-10-09 10:00:00,4014.3400000000006,target,5,2.0,6,0.004123711340206263,1.9958762886597938,2.085910652920995,0.01649484536081005
XAUUSD,NY,2025-10-09,Thursday,3,4043.77,4022.66,21.110000000000127,long,2025-10-09 10:15:00,4004.44,2025-10-09 10:50:00,2025-10-09 10:55:00,4026.37,4004.44,4070.2299999999996,21.929999999999836,False,extreme,2025-10-09 12:30:00,4004.44,stop,20,-1.0,5,0.002279981760145936,-1.002279981760146,0.10579115367077889,1.2963976288189716
XAUUSD,NY,2025-10-10,Friday,1,3977.74,3947.16,30.579999999999927,short,2025-10-10 04:00:00,4006.8,2025-10-10 10:00:00,2025-10-10 10:05:00,3974.18,4006.8,3908.939999999999,32.620000000000346,False,extreme,2025-10-10 11:05:00,4006.8,stop,13,-1.0,5,0.001532801961986495,-1.0015328019619865,0.10392397302268047,1.1566523605150099
XAUUSD,NY,2025-10-10,Friday,2,3977.74,3947.16,30.579999999999927,short,2025-10-10 10:05:00,4022.94,2025-10-10 12:15:00,2025-10-10 12:20:00,3977.64,4022.94,3887.0399999999995,45.30000000000018,False,extreme,2025-10-10 16:55:00,4012.42,friday_close,56,-0.7677704194260498,5,0.0011037527593818941,-0.7688741721854317,0.05298013245033292,0.9664459161147908
XAUUSD,NY,2025-10-13,Monday,1,4078.09,4051.24,26.850000000000364,short,2025-10-13 04:50:00,4079.13,2025-10-13 04:55:00,2025-10-13 05:00:00,4077.79,4079.13,4075.1099999999997,1.3400000000001455,False,extreme,2025-10-13 05:00:00,4079.13,stop,1,-1.0,0,0.0,-1.0,0.32835820895522894,1.328358208955229
XAUUSD,NY,2025-10-13,Monday,2,4078.09,4051.24,26.850000000000364,short,2025-10-13 05:00:00,4079.79,2025-10-13 05:10:00,2025-10-13 05:15:00,4076.07,4079.79,4068.6300000000006,3.7199999999998,False,extreme,2025-10-13 06:40:00,4079.79,stop,18,-1.0,6,0.016129032258065383,-1.0161290322580654,1.5349462365592321,1.0510752688172218
XAUUSD,NY,2025-10-13,Monday,3,4078.09,4051.24,26.850000000000364,short,2025-10-13 06:45:00,4085.02,2025-10-13 07:35:00,2025-10-13 07:40:00,4076.67,4085.02,4059.9700000000003,8.349999999999909,False,extreme,2025-10-13 08:30:00,4085.02,stop,11,-1.0,5,0.005988023952095874,-1.005988023952096,0.4000000000000218,1.1209580838323627
XAUUSD,NY,2025-10-13,Monday,4,4078.09,4051.24,26.850000000000364,short,2025-10-13 08:20:00,4086.03,2025-10-13 08:45:00,2025-10-13 08:50:00,4076.03,4086.03,4056.03,10.0,False,extreme,2025-10-13 09:05:00,4086.03,stop,4,-1.0,5,0.005,-1.005,0.04800000000000182,1.0049999999999728
XAUUSD,NY,2025-10-14,Tuesday,1,4179.72,4090.44,89.2800000000002,short,2025-10-14 21:20:00,4186.74,2025-10-14 21:40:00,2025-10-14 21:45:00,4178.02,4186.74,4160.580000000002,8.719999999999345,False,extreme,2025-10-14 23:45:00,4186.74,stop,25,-1.0,5,0.005733944954128871,-1.005733944954129,1.2362385321102596,1.3256880733945366
XAUUSD,NY,2025-10-15,Wednesday,1,4209.79,4173.29,36.5,short,2025-10-15 04:05:00,4218.32,2025-10-15 04:55:00,2025-10-15 05:00:00,4208.05,4218.32,4187.510000000001,10.269999999999527,False,extreme,2025-10-15 05:20:00,4187.510000000001,target,5,2.0,9,0.008763388510224356,1.9912366114897757,4.246348588120992,0.3972736124634971
XAUUSD,NY,2025-10-15,Wednesday,2,4209.79,4173.29,36.5,short,2025-10-15 15:15:00,4211.88,2025-10-15 15:20:00,2025-10-15 15:25:00,4209.7,4211.88,4205.339999999999,2.180000000000291,False,extreme,2025-10-15 15:30:00,4211.88,stop,2,-1.0,5,0.0229357798165107,-1.0229357798165106,0.6238532110089409,1.3211009174310664
XAUUSD,NY,2025-10-15,Wednesday,3,4209.79,4173.29,36.5,short,2025-10-15 15:25:00,4212.58,2025-10-15 15:35:00,2025-10-15 15:40:00,4207.06,4212.58,4196.020000000001,5.519999999999527,False,extreme,2025-10-15 15:50:00,4212.58,stop,3,-1.0,5,0.00905797101449353,-1.0090579710144936,0.22644927536233825,1.0344202898551678
XAUUSD,NY,2025-10-15,Wednesday,4,4209.79,4173.29,36.5,short,2025-10-15 15:45:00,4213.42,2025-10-15 16:10:00,2025-10-15 16:15:00,4209.19,4213.42,4200.729999999999,4.230000000000473,False,extreme,2025-10-15 18:15:00,4200.729999999999,target,13,2.0,5,0.011820330969265819,1.9881796690307343,2.1938534278956756,0.8557919621750344
XAUUSD,NY,2025-10-15,Wednesday,5,4209.79,4173.29,36.5,short,2025-10-15 18:20:00,4215.79,2025-10-15 19:05:00,2025-10-15 19:10:00,4209.37,4215.79,4196.53,6.420000000000073,False,extreme,2025-10-15 20:15:00,4215.79,stop,14,-1.0,5,0.007788161993769383,-1.0077881619937694,0.6993769470404565,1.3395638629283904
XAUUSD,NY,2025-10-16,Thursday,1,4239.3,4203.61,35.69000000000051,short,2025-10-16 05:55:00,4243.2,2025-10-16 06:05:00,2025-10-16 06:10:00,4238.2,4243.2,4228.2,5.0,False,extreme,2025-10-16 06:55:00,4243.2,stop,10,-1.0,6,0.012,-1.012,0.7639999999999418,1.6280000000000654
XAUUSD,NY,2025-10-16,Thursday,2,4239.3,4203.61,35.69000000000051,short,2025-10-16 06:45:00,4247.58,2025-10-16 08:20:00,2025-10-16 08:25:00,4238.96,4247.58,4221.72,8.61999999999989,False,extreme,2025-10-16 08:30:00,4247.58,stop,2,-1.0,5,0.005800464037123043,-1.005800464037123,0.259860788863087,1.046403712296942
XAUUSD,NY,2025-10-16,Thursday,3,4239.3,4203.61,35.69000000000051,short,2025-10-16 08:30:00,4251.06,2025-10-16 08:35:00,2025-10-16 08:40:00,4237.76,4251.06,4211.16,13.300000000000182,False,extreme,2025-10-16 09:20:00,4251.06,stop,9,-1.0,0,0.0,-1.0,0.75187969924811,1.2721804511278076
XAUUSD,NY,2025-10-17,Friday,1,4378.59,4313.2,65.39000000000033,long,2025-10-17 07:30:00,4305.06,2025-10-17 07:35:00,2025-10-17 07:40:00,4319.48,4305.06,4348.319999999998,14.419999999999163,False,extreme,2025-10-17 07:40:00,4305.06,stop,1,-1.0,5,0.0034674063800279407,-1.003467406380028,0.014563106796119872,1.0915395284327805
XAUUSD,NY,2025-10-17,Friday,2,4378.59,4313.2,65.39000000000033,long,2025-10-17 07:40:00,4283.66,2025-10-17 08:10:00,2025-10-17 08:15:00,4315.38,4283.66,4378.820000000001,31.720000000000255,False,extreme,2025-10-17 09:35:00,4283.66,stop,17,-1.0,5,0.0015762925598991047,-1.001576292559899,0.14785624211852338,1.7906683480453887
XAUUSD,NY,2025-10-22,Wednesday,1,4161.33,4107.38,53.94999999999982,long,2025-10-22 04:05:00,4062.52,2025-10-22 04:30:00,2025-10-22 04:35:00,4108.21,4062.52,4199.59,45.690000000000055,False,extreme,2025-10-22 05:45:00,4062.52,stop,15,-1.0,4,0.0008754650908295022,-1.0008754650908296,0.031079010724448918,1.0140074414532692
XAUUSD,NY,2025-10-22,Wednesday,2,4161.33,4107.38,53.94999999999982,long,2025-10-22 04:35:00,4011.47,2025-10-22 15:30:00,2025-10-22 15:35:00,4107.24,4011.47,4298.78,95.76999999999998,False,extreme,2025-10-22 23:55:00,4091.2,end_of_day,89,-0.16748459851728065,9,0.000939751487939856,-0.1684243500052205,0.09564581810587716,0.42946642998851065
XAUUSD,NY,2025-10-23,Thursday,1,4137.97,4079.8,58.17000000000007,short,2025-10-23 09:15:00,4154.75,2025-10-23 11:45:00,2025-10-23 11:50:00,4137.7,4154.75,4103.599999999999,17.050000000000182,False,extreme,2025-10-23 23:55:00,4122.32,end_of_day,134,0.9020527859237505,5,0.0029325513196480626,0.8991202346041024,1.87683284457476,0.6375366568914824
XAUUSD,NY,2025-10-24,Friday,1,4123.36,4069.75,53.60999999999967,long,2025-10-24 04:00:00,4047.47,2025-10-24 05:05:00,2025-10-24 05:10:00,4071.88,4047.47,4120.700000000001,24.41000000000031,False,extreme,2025-10-24 07:00:00,4047.47,stop,23,-1.0,5,0.0020483408439164017,-1.0020483408439165,0.06472757066775531,1.1286358049979448
XAUUSD,NY,2025-10-24,Friday,2,4123.36,4069.75,53.60999999999967,long,2025-10-24 06:05:00,4044.33,2025-10-24 08:30:00,2025-10-24 08:35:00,4089.61,4044.33,4180.17,45.2800000000002,False,extreme,2025-10-24 16:55:00,4112.26,friday_close,101,0.5002208480565369,3,0.0006625441696113044,0.49955830388692557,1.085026501766772,0.3356890459364003
XAUUSD,NY,2025-10-28,Tuesday,1,3994.2,3922.04,72.15999999999985,long,2025-10-28 04:10:00,3886.62,2025-10-28 06:45:00,2025-10-28 06:50:00,3922.76,3886.62,3995.040000000001,36.14000000000033,False,extreme,2025-10-28 23:55:00,3963.5,end_of_day,194,1.1272827891532764,5,0.0013835085777531696,1.1258992805755232,1.650249031543977,0.48533480907582344
XAUUSD,NY,2025-10-29,Wednesday,1,4001.41,3951.0,50.409999999999854,short,2025-10-29 04:00:00,4030.15,2025-10-29 11:45:00,2025-10-29 11:50:00,3997.5,4030.15,3932.2,32.65000000000009,False,extreme,2025-10-29 15:40:00,3932.2,target,47,2.0,6,0.0018376722817764113,1.9981623277182237,2.125880551301674,0.30352220520673284
XAUUSD,NY,2025-10-29,Wednesday,2,4001.41,3951.0,50.409999999999854,long,2025-10-29 15:30:00,3928.09,2025-10-29 16:20:00,2025-10-29 16:25:00,3951.99,3928.09,3999.789999999999,23.899999999999636,False,extreme,2025-10-29 16:50:00,3928.09,stop,6,-1.0,5,0.002092050209205053,-1.002092050209205,0.08158995815900848,1.0108786610878755
XAUUSD,NY,2025-10-29,Wednesday,3,4001.41,3951.0,50.409999999999854,long,2025-10-29 16:25:00,3916.21,2025-10-29 19:45:00,2025-10-29 19:50:00,3951.98,3916.21,4023.52,35.76999999999998,False,extreme,2025-10-29 23:00:00,3916.21,stop,39,-1.0,5,0.0013978194017332968,-1.0013978194017332,0.40424937098127045,1.0215264187866924
XAUUSD,NY,2025-10-30,Thursday,1,3982.54,3934.88,47.659999999999854,short,2025-10-30 05:00:00,4012.01,2025-10-30 06:30:00,2025-10-30 06:35:00,3979.58,4012.01,3914.7199999999993,32.43000000000029,False,extreme,2025-10-30 10:05:00,4012.01,stop,43,-1.0,0,0.0,-1.0,0.596053037311124,1.0595127967930873
XAUUSD,NY,2025-10-31,Friday,1,4025.5,3989.11,36.38999999999987,short,2025-10-31 04:05:00,4026.69,2025-10-31 04:10:00,2025-10-31 04:15:00,4023.22,4026.69,4016.2799999999993,3.4700000000002547,False,extreme,2025-10-31 04:50:00,4016.2799999999993,target,8,2.0,5,0.014409221902016234,1.9855907780979838,4.743515850143623,0.7780979827089552
XAUUSD,NY,2025-10-31,Friday,2,4025.5,3989.11,36.38999999999987,short,2025-10-31 08:35:00,4036.14,2025-10-31 08:55:00,2025-10-31 09:00:00,4023.0,4036.14,3996.7200000000003,13.139999999999873,False,extreme,2025-10-31 12:10:00,3996.7200000000003,target,39,2.0,6,0.0045662100456621444,1.995433789954338,3.378234398782367,0.9490106544901005
XAUUSD,NY,2025-10-31,Friday,3,4025.5,3989.11,36.38999999999987,long,2025-10-31 12:10:00,3972.2,2025-10-31 13:35:00,2025-10-31 13:40:00,3989.19,3972.2,4023.1700000000005,16.990000000000236,False,extreme,2025-10-31 16:55:00,4002.19,friday_close,40,0.7651559741024025,5,0.0029429075927015482,0.762213066509701,1.2236609770453015,0.06356680400234915
XAUUSD,NY,2025-11-03,Monday,1,4028.01,3997.99,30.020000000000437,long,2025-11-03 04:40:00,3993.33,2025-11-03 04:45:00,2025-11-03 04:50:00,4000.64,3993.33,4015.2599999999998,7.309999999999945,False,extreme,2025-11-03 08:00:00,4015.2599999999998,target,39,2.0,5,0.006839945280437808,1.9931600547195623,2.3392612859097177,0.8399452804377453
XAUUSD,NY,2025-11-03,Monday,2,4028.01,3997.99,30.020000000000437,long,2025-11-03 11:30:00,3995.98,2025-11-03 11:35:00,2025-11-03 11:40:00,4002.3,3995.98,4014.9400000000005,6.320000000000164,False,extreme,2025-11-03 14:05:00,3995.98,stop,30,-1.0,5,0.007911392405063087,-1.0079113924050631,1.5664556962024334,1.0917721518987202
XAUUSD,NY,2025-11-03,Monday,3,4028.01,3997.99,30.020000000000437,long,2025-11-03 18:10:00,3982.45,2025-11-03 18:30:00,2025-11-03 18:35:00,3997.97,3982.45,4029.0099999999998,15.519999999999982,False,extreme,2025-11-03 19:40:00,3982.45,stop,14,-1.0,5,0.0032216494845360866,-1.003221649484536,0.11211340206187104,1.2512886597937913
XAUUSD,NY,2025-11-03,Monday,4,4028.01,3997.99,30.020000000000437,long,2025-11-03 18:55:00,3975.74,2025-11-03 22:35:00,2025-11-03 22:40:00,3998.35,3975.74,4043.57,22.610000000000127,False,extreme,2025-11-03 23:55:00,3985.64,end_of_day,16,-0.5621406457319754,8,0.0035382574082264287,-0.5656789031402019,0.003980539584261168,0.6333480760725179
XAUUSD,NY,2025-11-04,Tuesday,1,4000.76,3966.79,33.970000000000255,long,2025-11-04 09:25:00,3928.83,2025-11-04 10:35:00,2025-11-04 10:40:00,3967.2,3928.83,4043.9399999999996,38.36999999999989,False,extreme,2025-11-04 23:55:00,3970.36,end_of_day,148,0.08235600729737604,5,0.001303101381287468,0.08105290591608856,0.21631482929372442,0.9893145686734466
XAUUSD,NY,2025-11-05,Wednesday,1,3987.13,3961.88,25.25,long,2025-11-05 05:00:00,3956.07,2025-11-05 05:05:00,2025-11-05 05:10:00,3965.69,3956.07,3984.93,9.61999999999989,False,extreme,2025-11-05 09:25:00,3984.93,target,52,2.0,5,0.005197505197505257,1.9948024948024947,2.0498960498960526,0.8274428274428406
XAUUSD,NY,2025-11-05,Wednesday,2,3987.13,3961.88,25.25,short,2025-11-05 11:45:00,3990.49,2025-11-05 11:50:00,2025-11-05 11:55:00,3986.83,3990.49,3979.51,3.6599999999998545,False,extreme,2025-11-05 12:20:00,3979.51,target,6,2.0,5,0.013661202185792894,1.986338797814207,2.221311475409954,0.7513661202186092
XAUUSD,NY,2025-11-05,Wednesday,3,3987.13,3961.88,25.25,short,2025-11-05 14:40:00,3988.94,2025-11-05 14:45:00,2025-11-05 14:50:00,3986.75,3988.94,3982.37,2.1900000000000546,False,extreme,2025-11-05 15:05:00,3988.94,stop,4,-1.0,5,0.022831050228309935,-1.02283105022831,0.04109589041102433,1.6118721461187726
XAUUSD,NY,2025-11-05,Wednesday,4,3987.13,3961.88,25.25,short,2025-11-05 14:50:00,3990.28,2025-11-05 15:15:00,2025-11-05 15:20:00,3986.85,3990.28,3979.9899999999993,3.430000000000291,False,extreme,2025-11-05 16:50:00,3979.9899999999993,target,19,2.0,5,0.014577259475217423,1.9854227405247826,2.2827988338190273,0.47230320699701267
XAUUSD,NY,2025-11-05,Wednesday,5,3987.13,3961.88,25.25,short,2025-11-05 22:30:00,3990.38,2025-11-05 22:45:00,2025-11-05 22:50:00,3986.97,3990.38,3980.149999999999,3.4100000000003092,False,extreme,2025-11-05 23:55:00,3988.83,end_of_day,14,-0.5454545454545333,5,0.01466275659823914,-0.5601173020527724,0.7096774193546623,0.8005865102638624
XAUUSD,NY,2025-11-06,Thursday,1,4016.84,3982.33,34.51000000000022,short,2025-11-06 06:50:00,4019.61,2025-11-06 07:00:00,2025-11-06 07:05:00,4014.88,4019.61,4005.42,4.730000000000018,False,extreme,2025-11-06 07:50:00,4005.42,target,10,2.0,8,0.01691331923890057,1.9830866807610994,2.4883720930232425,0.454545454545472
XAUUSD,NY,2025-11-06,Thursday,2,4016.84,3982.33,34.51000000000022,long,2025-11-06 10:00:00,3978.38,2025-11-06 10:05:00,2025-11-06 10:10:00,3982.09,3978.38,3989.51,3.7100000000000364,False,extreme,2025-11-06 10:20:00,3989.51,target,3,2.0,8,0.02156334231805909,1.978436657681941,2.4204851752021375,0.5606469002695167
XAUUSD,NY,2025-11-06,Thursday,3,4016.84,3982.33,34.51000000000022,long,2025-11-06 10:30:00,3975.29,2025-11-06 11:00:00,2025-11-06 11:05:00,3984.46,3975.29,4002.8,9.170000000000073,False,extreme,2025-11-06 12:15:00,3975.29,stop,15,-1.0,8,0.008724100327153693,-1.0087241003271536,0.19193020719735546,1.2279171210469062
XAUUSD,NY,2025-11-06,Thursday,4,4016.84,3982.33,34.51000000000022,long,2025-11-06 12:10:00,3965.75,2025-11-06 12:45:00,2025-11-06 12:50:00,3984.67,3965.75,4022.51,18.920000000000073,False,extreme,2025-11-06 23:55:00,3998.48,end_of_day,122,0.7299154334037998,5,0.002642706131078214,0.7272727272727216,0.9825581395348877,0.5354122621564519
XAUUSD,NY,2025-11-07,Friday,1,4010.54,3991.99,18.550000000000182,short,2025-11-07 04:00:00,4011.63,2025-11-07 04:05:00,2025-11-07 04:10:00,4009.34,4011.63,4004.76,2.2899999999999636,False,extreme,2025-11-07 04:15:00,4011.63,stop,2,-1.0,5,0.02183406113537153,-1.0218340611353716,0.31004366812229156,2.1441048034934203
XAUUSD,NY,2025-11-07,Friday,2,4010.54,3991.99,18.550000000000182,short,2025-11-07 04:10:00,4014.25,2025-11-07 04:25:00,2025-11-07 04:30:00,4010.35,4014.25,4002.5499999999997,3.900000000000091,False,extreme,2025-11-07 06:15:00,4002.5499999999997,target,22,2.0,5,0.012820512820512522,1.9871794871794874,2.5974358974358647,0.41794871794873617
XAUUSD,NY,2025-11-07,Friday,3,4010.54,3991.99,18.550000000000182,long,2025-11-07 09:35:00,3984.41,2025-11-07 09:55:00,2025-11-07 10:00:00,3993.5,3984.41,4011.6800000000003,9.090000000000146,False,extreme,2025-11-07 10:45:00,3984.41,stop,10,-1.0,8,0.00880088008800866,-1.0088008800880086,0.6281628162816221,1.0418041804180032
XAUUSD,NY,2025-11-07,Friday,4,4010.54,3991.99,18.550000000000182,long,2025-11-07 10:35:00,3984.03,2025-11-07 11:00:00,2025-11-07 11:05:00,3995.16,3984.03,4017.419999999999,11.129999999999654,False,extreme,2025-11-07 11:30:00,4017.419999999999,target,6,2.0,8,0.007187780772686656,1.9928122192273134,2.067385444744019,0.08445642407907311
XAUUSD,NY,2025-11-07,Friday,5,4010.54,3991.99,18.550000000000182,short,2025-11-07 11:30:00,4027.51,2025-11-07 11:55:00,2025-11-07 12:00:00,4007.43,4027.51,3967.269999999999,20.080000000000382,False,extreme,2025-11-07 16:55:00,4000.84,friday_close,60,0.3281872509959943,5,0.002490039840637403,0.3256972111553569,0.7410358565736739,0.12400398406375444
XAUUSD,NY,2025-11-10,Monday,1,4085.14,4050.18,34.960000000000036,short,2025-11-10 04:35:00,4086.44,2025-11-10 04:40:00,2025-11-10 04:45:00,4081.15,4086.44,4070.57,5.289999999999964,False,extreme,2025-11-10 07:00:00,4086.44,stop,28,-1.0,5,0.009451795841209896,-1.00945179584121,1.007561436672961,1.3818525519848763
XAUUSD,NY,2025-11-10,Monday,2,4085.14,4050.18,34.960000000000036,short,2025-11-10 06:55:00,4105.99,2025-11-10 09:15:00,2025-11-10 09:20:00,4083.16,4105.99,4037.5,22.829999999999927,False,extreme,2025-11-10 13:15:00,4105.99,stop,48,-1.0,5,0.0021901007446342604,-1.0021901007446343,0.3823915900131426,1.2036793692510102
XAUUSD,NY,2025-11-11,Tuesday,1,4144.39,4124.79,19.600000000000364,short,2025-11-11 04:30:00,4145.24,2025-11-11 04:35:00,2025-11-11 04:40:00,4143.8,4145.24,4140.920000000001,1.4399999999995998,False,extreme,2025-11-11 04:45:00,4145.24,stop,2,-1.0,7,0.04861111111112462,-1.0486111111111247,0.5486111111112383,1.4652777777779575
XAUUSD,NY,2025-11-11,Tuesday,2,4144.39,4124.79,19.600000000000364,short,2025-11-11 04:45:00,4145.91,2025-11-11 04:50:00,2025-11-11 04:55:00,4144.06,4145.91,4140.3600000000015,1.8499999999994543,False,extreme,2025-11-11 05:00:00,4140.3600000000015,target,2,2.0,5,0.027027027027035,1.972972972972965,3.5243243243255997,0.24864864864874167
XAUUSD,NY,2025-11-11,Tuesday,3,4144.39,4124.79,19.600000000000364,short,2025-11-11 08:30:00,4146.7,2025-11-11 08:40:00,2025-11-11 08:45:00,4141.94,4146.7,4132.419999999999,4.760000000000218,False,extreme,2025-11-11 09:20:00,4132.419999999999,target,8,2.0,7,0.014705882352940503,1.9852941176470595,2.628151260503936,0.798319327731094
XAUUSD,NY,2025-11-11,Tuesday,4,4144.39,4124.79,19.600000000000364,long,2025-11-11 09:45:00,4120.11,2025-11-11 09:55:00,2025-11-11 10:00:00,4124.77,4120.11,4134.090000000002,4.660000000000764,False,extreme,2025-11-11 10:05:00,4120.11,stop,2,-1.0,7,0.01502145922746535,-1.0150214592274653,0.2618025751071127,1.4098712446350947
XAUUSD,NY,2025-11-11,Tuesday,5,4144.39,4124.79,19.600000000000364,long,2025-11-11 10:00:00,4097.14,2025-11-11 14:45:00,2025-11-11 14:50:00,4124.85,4097.14,4180.27,27.710000000000036,False,extreme,2025-11-11 23:55:00,4110.45,end_of_day,98,-0.5196679898953637,7,0.0025261638397690335,-0.5221941537351327,0.7463009743774578,0.760014435221955
XAUUSD,NY,2025-11-12,Wednesday,1,4132.74,4098.91,33.82999999999993,short,2025-11-12 07:20:00,4139.5,2025-11-12 07:50:00,2025-11-12 07:55:00,4131.87,4139.5,4116.61,7.630000000000109,False,extreme,2025-11-12 09:50:00,4139.5,stop,24,-1.0,7,0.009174311926605375,-1.0091743119266054,1.1808650065530917,1.0327653997378763
XAUUSD,NY,2025-11-13,Thursday,1,4239.5,4203.39,36.10999999999967,short,2025-11-13 07:55:00,4245.04,2025-11-13 08:00:00,2025-11-13 08:05:00,4230.58,4245.04,4201.66,14.460000000000036,False,extreme,2025-11-13 09:40:00,4201.66,target,20,2.0,7,0.0048409405255878165,1.9951590594744122,3.1894882434301364,0.4882434301521703
XAUUSD,NY,2025-11-13,Thursday,2,4239.5,4203.39,36.10999999999967,long,2025-11-13 09:40:00,4184.46,2025-11-13 11:00:00,2025-11-13 11:05:00,4203.78,4184.46,4242.419999999999,19.31999999999971,False,extreme,2025-11-13 13:30:00,4184.46,stop,30,-1.0,7,0.0036231884057971566,-1.0036231884057971,0.3649068322981516,2.2556935817805686
XAUUSD,NY,2025-11-13,Thursday,3,4239.5,4203.39,36.10999999999967,long,2025-11-13 12:55:00,4145.44,2025-11-13 21:40:00,2025-11-13 21:45:00,4204.02,4145.44,4321.180000000002,58.58000000000084,False,extreme,2025-11-13 23:55:00,4203.32,end_of_day,27,-0.01194947080916213,7,0.0011949470809149711,-0.0131444178900771,0.123762376237622,0.11881188118811774
XAUUSD,NY,2025-11-17,Monday,1,4095.98,4049.79,46.190000000000055,long,2025-11-17 14:30:00,4006.98,2025-11-17 18:00:00,2025-11-17 18:05:00,4050.89,4006.98,4138.709999999999,43.909999999999854,False,extreme,2025-11-17 23:15:00,4006.98,stop,63,-1.0,5,0.0011386927806877744,-1.0011386927806878,0.09838305625142742,1.0059212024595814
XAUUSD,NY,2025-11-18,Tuesday,1,4042.7,3998.08,44.61999999999989,short,2025-11-18 05:05:00,4044.92,2025-11-18 05:10:00,2025-11-18 05:15:00,4040.92,4044.92,4032.92,4.0,False,extreme,2025-11-18 05:45:00,4044.92,stop,7,-1.0,7,0.0175,-1.0175,0.8324999999999818,2.394999999999982
XAUUSD,NY,2025-11-18,Tuesday,2,4042.7,3998.08,44.61999999999989,short,2025-11-18 05:40:00,4050.5,2025-11-18 06:45:00,2025-11-18 06:50:00,4042.08,4050.5,4025.24,8.420000000000073,False,extreme,2025-11-18 08:20:00,4050.5,stop,19,-1.0,7,0.008313539192398979,-1.008313539192399,1.5178147268408118,1.0391923990498722
XAUUSD,NY,2025-11-19,Wednesday,1,4098.65,4074.36,24.28999999999951,short,2025-11-19 04:45:00,4132.83,2025-11-19 10:50:00,2025-11-19 10:55:00,4091.9,4132.83,4010.0400000000004,40.929999999999836,False,extreme,2025-11-19 23:55:00,4075.68,end_of_day,145,0.39628634253604494,7,0.0017102369899829046,0.39457610554606204,1.2228194478377812,0.4488150500855221
XAUUSD,NY,2025-11-20,Thursday,1,4077.59,4038.97,38.620000000000346,short,2025-11-20 07:30:00,4079.33,2025-11-20 07:35:00,2025-11-20 07:40:00,4074.44,4079.33,4064.6600000000003,4.889999999999873,False,extreme,2025-11-20 07:50:00,4079.33,stop,3,-1.0,7,0.014314928425358248,-1.0143149284253583,0.05112474437627945,1.290388548057282
XAUUSD,NY,2025-11-20,Thursday,2,4077.59,4038.97,38.620000000000346,short,2025-11-20 07:45:00,4094.35,2025-11-20 08:30:00,2025-11-20 08:35:00,4075.11,4094.35,4036.6300000000006,19.23999999999978,False,extreme,2025-11-20 08:35:00,4094.35,stop,1,-1.0,0,0.0,-1.0,0.01663201663202533,1.1023908523908432
XAUUSD,NY,2025-11-20,Thursday,3,4077.59,4038.97,38.620000000000346,short,2025-11-20 08:35:00,4096.32,2025-11-20 09:00:00,2025-11-20 09:05:00,4076.03,4096.32,4035.450000000001,20.28999999999951,False,extreme,2025-11-20 09:45:00,4096.32,stop,9,-1.0,7,0.00344997535731896,-1.003449975357319,0.1858058156727488,1.3854115327748058
XAUUSD,NY,2025-11-20,Thursday,4,4077.59,4038.97,38.620000000000346,short,2025-11-20 09:10:00,4107.13,2025-11-20 10:55:00,2025-11-20 11:00:00,4070.28,4107.13,3996.5800000000004,36.84999999999991,False,extreme,2025-11-20 23:55:00,4052.11,end_of_day,144,0.4930800542740873,7,0.0018995929443690687,0.4911804613297182,0.7191316146540044,0.5023066485753002
XAUUSD,NY,2025-11-21,Friday,1,4065.18,4022.08,43.09999999999991,short,2025-11-21 07:45:00,4071.79,2025-11-21 07:50:00,2025-11-21 07:55:00,4061.53,4071.79,4041.0100000000007,10.259999999999764,False,extreme,2025-11-21 08:40:00,4071.79,stop,10,-1.0,7,0.006822612085770138,-1.0068226120857702,0.21247563352829837,1.047758284600414
XAUUSD,NY,2025-11-21,Friday,2,4065.18,4022.08,43.09999999999991,short,2025-11-21 08:20:00,4084.0,2025-11-21 09:35:00,2025-11-21 09:40:00,4064.86,4084.0,4026.5800000000004,19.139999999999873,False,extreme,2025-11-21 11:50:00,4084.0,stop,27,-1.0,11,0.005747126436781647,-1.0057471264367817,0.5088819226750418,1.6656217345872448
XAUUSD,NY,2025-11-21,Friday,3,4065.18,4022.08,43.09999999999991,short,2025-11-21 10:45:00,4101.05,2025-11-21 15:30:00,2025-11-21 15:35:00,4063.42,4101.05,3988.16,37.63000000000011,False,extreme,2025-11-21 16:55:00,4065.26,friday_close,17,-0.048897156524053687,7,0.001860217911241026,-0.05075737443529471,0.2343874568163736,0.1780494286473505
XAUUSD,NY,2025-11-24,Monday,1,4067.65,4040.29,27.360000000000127,short,2025-11-24 04:05:00,4077.2,2025-11-24 05:35:00,2025-11-24 05:40:00,4067.03,4077.2,4046.690000000001,10.169999999999618,False,extreme,2025-11-24 07:40:00,4077.2,stop,25,-1.0,7,0.006882989183874399,-1.0068829891838744,0.3775811209439813,1.3362831858407278
XAUUSD,NY,2025-11-25,Tuesday,1,4152.07,4109.68,42.38999999999942,short,2025-11-25 12:30:00,4159.42,2025-11-25 12:45:00,2025-11-25 12:50:00,4151.61,4159.42,4135.989999999999,7.8100000000004,False,extreme,2025-11-25 13:35:00,4135.989999999999,target,10,2.0,5,0.006402048655569454,1.9935979513444306,2.0896286811778326,0.0
XAUUSD,NY,2025-11-25,Tuesday,2,4152.07,4109.68,42.38999999999942,short,2025-11-25 20:45:00,4152.94,2025-11-25 20:50:00,2025-11-25 20:55:00,4150.64,4152.94,4146.040000000002,2.2999999999992724,False,extreme,2025-11-25 21:05:00,4152.94,stop,3,-1.0,5,0.021739130434789488,-1.0217391304347896,1.4304347826091324,1.3304347826088951
XAUUSD,NY,2025-11-25,Tuesday,3,4152.07,4109.68,42.38999999999942,short,2025-11-25 21:05:00,4153.7,2025-11-25 21:10:00,2025-11-25 21:15:00,4150.42,4153.7,4143.860000000001,3.2799999999997453,False,extreme,2025-11-25 21:15:00,4153.7,stop,1,-1.0,7,0.021341463414635806,-1.0213414634146358,0.0274390243902904,1.7652439024391504
XAUUSD,NY,2025-11-26,Wednesday,1,4168.73,4146.83,21.899999999999636,short,2025-11-26 06:30:00,4172.71,2025-11-26 06:45:00,2025-11-26 06:50:00,4166.99,4172.71,4155.549999999999,5.720000000000255,False,extreme,2025-11-26 06:55:00,4172.71,stop,2,-1.0,7,0.012237762237761693,-1.0122377622377616,0.1153846153845848,1.0734265734265829
XAUUSD,NY,2025-11-26,Wednesday,2,4168.73,4146.83,21.899999999999636,short,2025-11-26 06:55:00,4173.46,2025-11-26 07:25:00,2025-11-26 07:30:00,4161.96,4173.46,4138.96,11.5,False,extreme,2025-11-26 10:00:00,4138.96,target,31,2.0,7,0.006086956521739131,1.9939130434782608,2.2078260869565502,0.411304347826049
XAUUSD,NY,2025-11-26,Wednesday,3,4168.73,4146.83,21.899999999999636,long,2025-11-26 09:55:00,4136.57,2025-11-26 10:10:00,2025-11-26 10:15:00,4152.27,4136.57,4183.670000000002,15.700000000000728,False,extreme,2025-11-26 23:55:00,4150.89,end_of_day,153,-0.0878980891719774,7,0.004458598726114443,-0.09235668789809184,1.2356687898088368,0.6101910828025728
XAUUSD,NY,2025-12-01,Monday,1,4253.67,4215.44,38.23000000000047,short,2025-12-01 05:00:00,4262.35,2025-12-01 05:30:00,2025-12-01 05:35:00,4253.23,4262.35,4234.989999999998,9.1200000000008,False,extreme,2025-12-01 08:40:00,4262.35,stop,38,-1.0,5,0.005482456140350396,-1.0054824561403504,0.9879385964910655,1.2412280701753975
XAUUSD,NY,2025-12-01,Monday,2,4253.67,4215.44,38.23000000000047,short,2025-12-01 08:20:00,4264.55,2025-12-01 08:50:00,2025-12-01 08:55:00,4253.0,4264.55,4229.9,11.550000000000182,False,extreme,2025-12-01 09:35:00,4229.9,target,9,2.0,8,0.006926406926406817,1.9930735930735932,2.332467532467461,0.11428571428568729
XAUUSD,NY,2025-12-01,Monday,3,4253.67,4215.44,38.23000000000047,long,2025-12-01 20:05:00,4198.61,2025-12-01 20:50:00,2025-12-01 20:55:00,4217.74,4198.61,4256.0,19.13000000000011,False,extreme,2025-12-01 23:55:00,4218.81,end_of_day,37,0.0559330893884272,5,0.0026136957658128446,0.053319393622614356,0.4485101934134803,0.2012545739675605
XAUUSD,NY,2025-12-02,Tuesday,1,4226.32,4203.4,22.920000000000073,long,2025-12-02 04:20:00,4181.19,2025-12-02 06:50:00,2025-12-02 06:55:00,4203.87,4181.19,4249.2300000000005,22.68000000000029,False,extreme,2025-12-02 10:35:00,4181.19,stop,45,-1.0,7,0.0030864197530863806,-1.0030864197530864,1.1763668430335075,1.0436507936507835
XAUUSD,NY,2025-12-02,Tuesday,2,4226.32,4203.4,22.920000000000073,long,2025-12-02 10:15:00,4163.67,2025-12-02 15:30:00,2025-12-02 15:35:00,4203.98,4163.67,4284.5999999999985,40.30999999999949,False,extreme,2025-12-02 23:55:00,4222.34,end_of_day,89,0.45547010667330223,5,0.001240387000744248,0.454229719672558,0.6164723393699002,0.031753907219046425
XAUUSD,NY,2025-12-03,Wednesday,1,4223.99,4200.16,23.829999999999927,long,2025-12-03 04:05:00,4197.16,2025-12-03 04:15:00,2025-12-03 04:20:00,4201.85,4197.16,4211.230000000001,4.690000000000509,False,extreme,2025-12-03 05:10:00,4197.16,stop,11,-1.0,5,0.010660980810233384,-1.0106609808102334,0.1833688699359444,1.4136460554369699
XAUUSD,NY,2025-12-03,Wednesday,2,4223.99,4200.16,23.829999999999927,long,2025-12-03 05:10:00,4194.56,2025-12-03 05:25:00,2025-12-03 05:30:00,4203.16,4194.56,4220.359999999999,8.599999999999454,False,extreme,2025-12-03 08:15:00,4220.359999999999,target,34,2.0,5,0.0058139534883724624,1.9941860465116275,2.06046511627923,0.6999999999999894
XAUUSD,NY,2025-12-03,Wednesday,3,4223.99,4200.16,23.829999999999927,short,2025-12-03 08:45:00,4240.76,2025-12-03 09:05:00,2025-12-03 09:10:00,4223.66,4240.76,4189.459999999999,17.100000000000364,False,extreme,2025-12-03 09:35:00,4240.76,stop,6,-1.0,9,0.00526315789473673,-1.0052631578947366,0.1502923976607985,1.0532163742689962
XAUUSD,NY,2025-12-03,Wednesday,4,4223.99,4200.16,23.829999999999927,short,2025-12-03 09:20:00,4241.67,2025-12-03 09:45:00,2025-12-03 09:50:00,4218.3,4241.67,4171.56,23.36999999999989,False,extreme,2025-12-03 23:55:00,4197.0,end_of_day,158,0.9114249037227334,11,0.004706889174154921,0.9067180145485785,1.3149336756525725,0.47753530166880215
XAUUSD,NY,2025-12-04,Thursday,1,4199.08,4175.07,24.01000000000022,short,2025-12-04 04:50:00,4202.66,2025-12-04 05:50:00,2025-12-04 05:55:00,4197.86,4202.66,4188.259999999999,4.800000000000182,False,extreme,2025-12-04 06:05:00,4202.66,stop,3,-1.0,5,0.010416666666666272,-1.0104166666666663,0.23749999999986973,1.7000000000000948
XAUUSD,NY,2025-12-04,Thursday,2,4199.08,4175.07,24.01000000000022,short,2025-12-04 06:05:00,4206.54,2025-12-04 06:45:00,2025-12-04 06:50:00,4198.96,4206.54,4183.8,7.579999999999927,False,extreme,2025-12-04 09:15:00,4206.54,stop,30,-1.0,5,0.006596306068601647,-1.0065963060686016,1.755936675461811,1.0277044854881316
XAUUSD,NY,2025-12-04,Thursday,3,4199.08,4175.07,24.01000000000022,short,2025-12-04 09:00:00,4213.36,2025-12-04 10:00:00,2025-12-04 10:05:00,4194.14,4213.36,4155.700000000002,19.219999999999345,False,extreme,2025-12-04 11:05:00,4213.36,stop,13,-1.0,10,0.005202913631633893,-1.0052029136316338,0.14203954214362985,1.0369406867846025
XAUUSD,NY,2025-12-04,Thursday,4,4199.08,4175.07,24.01000000000022,short,2025-12-04 10:10:00,4219.39,2025-12-04 20:05:00,2025-12-04 20:10:00,4198.91,4219.39,4157.949999999999,20.480000000000473,False,extreme,2025-12-04 23:55:00,4216.76,end_of_day,46,-0.8715820312499977,5,0.0024414062499999436,-0.8740234374999976,0.1977539062500043,0.9028320312499685
XAUUSD,NY,2025-12-05,Friday,1,4230.76,4214.4,16.360000000000582,short,2025-12-05 08:25:00,4239.38,2025-12-05 09:30:00,2025-12-05 09:35:00,4230.2,4239.38,4211.839999999999,9.180000000000291,False,extreme,2025-12-05 09:45:00,4239.38,stop,3,-1.0,0,0.0,-1.0,0.18736383442267976,1.3714596949890792
XAUUSD,NY,2025-12-05,Friday,2,4230.76,4214.4,16.360000000000582,long,2025-12-05 11:10:00,4198.76,2025-12-05 11:25:00,2025-12-05 11:30:00,4216.62,4198.76,4252.339999999999,17.859999999999673,False,extreme,2025-12-05 16:15:00,4198.76,stop,58,-1.0,5,0.0027995520716685846,-1.0027995520716686,0.17973124300112514,1.2911534154535227
XAUUSD,NY,2025-12-08,Monday,1,4218.94,4203.1,15.839999999999236,long,2025-12-08 06:00:00,4199.71,2025-12-08 06:10:00,2025-12-08 06:15:00,4203.29,4199.71,4210.45,3.5799999999999272,False,extreme,2025-12-08 06:30:00,4210.45,target,4,2.0,5,0.01396648044692766,1.9860335195530723,2.396648044692766,0.31843575419004205
XAUUSD,NY,2025-12-08,Monday,2,4218.94,4203.1,15.839999999999236,long,2025-12-08 08:30:00,4200.66,2025-12-08 08:35:00,2025-12-08 08:40:00,4203.67,4200.66,4209.6900000000005,3.0100000000002183,False,extreme,2025-12-08 08:50:00,4200.66,stop,3,-1.0,5,0.01661129568106192,-1.016611295681062,0.9069767441858357,1.704318936876989
XAUUSD,NY,2025-12-08,Monday,3,4218.94,4203.1,15.839999999999236,long,2025-12-08 08:50:00,4197.3,2025-12-08 09:05:00,2025-12-08 09:10:00,4206.59,4197.3,4225.17,9.289999999999964,False,extreme,2025-12-08 09:45:00,4197.3,stop,8,-1.0,5,0.005382131324004327,-1.0053821313240043,0.5371367061356083,1.1097954790097353
XAUUSD,NY,2025-12-09,Tuesday,1,4191.86,4170.08,21.779999999999745,short,2025-12-09 04:00:00,4212.81,2025-12-09 09:15:00,2025-12-09 09:20:00,4191.76,4212.81,4149.66,21.050000000000182,False,extreme,2025-12-09 10:55:00,4212.81,stop,20,-1.0,5,0.002375296912113994,-1.002375296912114,0.10403800475061713,1.1676959619952358
XAUUSD,NY,2025-12-10,Wednesday,1,4214.51,4197.08,17.43000000000029,long,2025-12-10 04:15:00,4195.32,2025-12-10 04:25:00,2025-12-10 04:30:00,4197.91,4195.32,4203.09,2.5900000000001455,False,extreme,2025-12-10 04:35:00,4195.32,stop,2,-1.0,5,0.019305019305018222,-1.0193050193050182,0.15830115830109323,1.2355212355210958
XAUUSD,NY,2025-12-10,Wednesday,2,4214.51,4197.08,17.43000000000029,long,2025-12-10 04:30:00,4187.79,2025-12-10 06:55:00,2025-12-10 07:00:00,4197.94,4187.79,4218.239999999999,10.149999999999636,False,extreme,2025-12-10 14:05:00,4218.239999999999,target,86,2.0,8,0.00788177339901506,1.992118226600985,2.0758620689656526,0.885714285714296
XAUUSD,NY,2025-12-10,Wednesday,3,4214.51,4197.08,17.43000000000029,short,2025-12-10 14:05:00,4219.87,2025-12-10 14:10:00,2025-12-10 14:15:00,4212.15,4219.87,4196.709999999999,7.720000000000255,False,extreme,2025-12-10 14:25:00,4196.709999999999,target,3,2.0,0,0.0,2.0,2.227979274611302,0.5919689119171591
XAUUSD,NY,2025-12-10,Wednesday,4,4214.51,4197.08,17.43000000000029,long,2025-12-10 14:40:00,4181.91,2025-12-10 14:50:00,2025-12-10 14:55:00,4204.7,4181.91,4250.28,22.789999999999964,False,extreme,2025-12-10 23:55:00,4213.58,end_of_day,97,0.3896445809565653,3,0.0013163668275559476,0.38832821412900936,1.889425186485321,0.0004387889425282271
XAUUSD,NY,2025-12-11,Thursday,1,4219.61,4204.39,15.219999999999345,short,2025-12-11 04:45:00,4221.55,2025-12-11 04:50:00,2025-12-11 04:55:00,4217.84,4221.55,4210.42,3.7100000000000364,False,extreme,2025-12-11 05:00:00,4221.55,stop,2,-1.0,5,0.013477088948786931,-1.013477088948787,0.061994609164547354,1.3234501347708374
XAUUSD,NY,2025-12-11,Thursday,2,4219.61,4204.39,15.219999999999345,short,2025-12-11 05:00:00,4225.96,2025-12-11 05:15:00,2025-12-11 05:20:00,4218.57,4225.96,4203.789999999999,7.390000000000327,False,extreme,2025-12-11 09:05:00,4225.96,stop,46,-1.0,5,0.0067658998646817035,-1.0067658998646818,1.8037889039241322,1.0202976995939959
XAUUSD,NY,2025-12-12,Friday,1,4309.44,4266.15,43.289999999999964,short,2025-12-12 04:00:00,4317.76,2025-12-12 04:30:00,2025-12-12 04:35:00,4309.04,4317.76,4291.599999999999,8.720000000000255,False,extreme,2025-12-12 04:50:00,4317.76,stop,4,-1.0,5,0.005733944954128273,-1.0057339449541283,0.05504587155958136,1.13417431192661
XAUUSD,NY,2025-12-12,Friday,2,4309.44,4266.15,43.289999999999964,short,2025-12-12 04:35:00,4353.57,2025-12-12 10:20:00,2025-12-12 10:25:00,4309.4,4353.57,4221.0599999999995,44.17000000000007,False,extreme,2025-12-12 16:55:00,4299.72,friday_close,79,0.21915327145119687,0,0.0,0.21915327145119687,1.17093049581162,0.2877518677835639
XAUUSD,NY,2025-12-15,Monday,1,4349.03,4324.97,24.05999999999949,short,2025-12-15 04:10:00,4350.36,2025-12-15 04:15:00,2025-12-15 04:20:00,4346.89,4350.36,4339.950000000002,3.469999999999345,False,extreme,2025-12-15 05:30:00,4339.950000000002,target,15,2.0,5,0.01440922190202001,1.98559077809798,2.5475504322771796,0.9279538904899
XAUUSD,NY,2025-12-15,Monday,2,4349.03,4324.97,24.05999999999949,long,2025-12-15 09:20:00,4321.44,2025-12-15 09:25:00,2025-12-15 09:30:00,4325.04,4321.44,4332.240000000001,3.600000000000364,False,extreme,2025-12-15 09:30:00,4321.44,stop,1,-1.0,8,0.02222222222221998,-1.02222222222222,0.8861111111109105,1.1944444444443743
XAUUSD,NY,2025-12-15,Monday,3,4349.03,4324.97,24.05999999999949,long,2025-12-15 09:50:00,4311.63,2025-12-15 10:45:00,2025-12-15 10:50:00,4325.79,4311.63,4354.11,14.159999999999854,False,extreme,2025-12-15 11:00:00,4311.63,stop,3,-1.0,5,0.00353107344632772,-1.0035310734463276,0.1497175141242876,1.2902542372881154
XAUUSD,NY,2025-12-16,Tuesday,1,4292.28,4271.52,20.75999999999931,short,2025-12-16 07:40:00,4295.17,2025-12-16 08:00:00,2025-12-16 08:05:00,4291.52,4295.17,4284.220000000001,3.649999999999636,False,extreme,2025-12-16 08:05:00,4295.17,stop,1,-1.0,8,0.021917808219180268,-1.0219178082191802,0.02191780821940951,1.6904109589040488
XAUUSD,NY,2025-12-17,Wednesday,1,4342.52,4308.34,34.18000000000029,short,2025-12-17 09:00:00,4346.01,2025-12-17 09:10:00,2025-12-17 09:15:00,4327.14,4346.01,4289.400000000001,18.86999999999989,False,extreme,2025-12-17 10:30:00,4346.01,stop,16,-1.0,11,0.005829358770535275,-1.0058293587705354,0.22522522522522653,1.1531531531531232
XAUUSD,NY,2025-12-17,Wednesday,2,4342.52,4308.34,34.18000000000029,short,2025-12-17 10:25:00,4348.9,2025-12-17 10:35:00,2025-12-17 10:40:00,4334.44,4348.9,4305.5199999999995,14.460000000000036,False,extreme,2025-12-17 23:55:00,4331.96,end_of_day,148,0.17150760719222388,0,0.0,0.17150760719222388,0.973029045643131,0.8326417704011019
XAUUSD,NY,2025-12-18,Thursday,1,4337.76,4322.02,15.739999999999782,long,2025-12-18 04:50:00,4320.88,2025-12-18 04:55:00,2025-12-18 05:00:00,4323.4,4320.88,4328.439999999999,2.519999999999527,False,extreme,2025-12-18 06:05:00,4328.439999999999,target,14,2.0,5,0.019841269841273566,1.9801587301587265,2.0992063492067286,0.5238095238095066
XAUUSD,NY,2025-12-18,Thursday,2,4337.76,4322.02,15.739999999999782,long,2025-12-18 07:20:00,4317.34,2025-12-18 07:35:00,2025-12-18 07:40:00,4323.22,4317.34,4334.9800000000005,5.880000000000109,False,extreme,2025-12-18 08:05:00,4317.34,stop,6,-1.0,5,0.00850340136054406,-1.008503401360544,0.1649659863944434,1.4880952380952104
XAUUSD,NY,2025-12-18,Thursday,3,4337.76,4322.02,15.739999999999782,long,2025-12-18 07:45:00,4314.47,2025-12-18 08:15:00,2025-12-18 08:20:00,4322.63,4314.47,4338.95,8.159999999999854,False,extreme,2025-12-18 08:45:00,4338.95,target,6,2.0,0,0.0,2.0,2.118872549019641,0.4448529411764919
XAUUSD,NY,2025-12-18,Thursday,4,4337.76,4322.02,15.739999999999782,short,2025-12-18 08:45:00,4343.01,2025-12-18 08:55:00,2025-12-18 09:00:00,4336.54,4343.01,4323.599999999999,6.470000000000255,False,extreme,2025-12-18 09:40:00,4323.599999999999,target,9,2.0,5,0.007727975270478831,1.9922720247295211,4.003091190107978,0.7588871715609986
XAUUSD,NY,2025-12-18,Thursday,5,4337.76,4322.02,15.739999999999782,long,2025-12-18 09:40:00,4308.29,2025-12-18 09:50:00,2025-12-18 09:55:00,4323.45,4308.29,4353.7699999999995,15.159999999999854,False,extreme,2025-12-18 11:10:00,4353.7699999999995,target,16,2.0,5,0.0032981530343008233,1.9967018469656992,2.943931398416922,0.09630606860158644
XAUUSD,NY,2025-12-18,Thursday,6,4337.76,4322.02,15.739999999999782,short,2025-12-18 13:05:00,4341.3,2025-12-18 13:15:00,2025-12-18 13:20:00,4333.6,4341.3,4318.200000000001,7.699999999999818,False,extreme,2025-12-18 20:20:00,4318.200000000001,target,73,2.0,5,0.0064935064935066475,1.9935064935064934,2.1844155844157163,0.8753246753246676
XAUUSD,NY,2025-12-18,Thursday,7,4337.76,4322.02,15.739999999999782,long,2025-12-18 20:20:00,4309.34,2025-12-18 20:50:00,2025-12-18 20:55:00,4323.98,4309.34,4353.259999999998,14.639999999999418,False,extreme,2025-12-18 23:55:00,4322.84,end_of_day,37,-0.07786885245897973,5,0.0034153005464482235,-0.08128415300542796,0.27732240437162303,0.7793715846994747
XAUUSD,NY,2025-12-19,Friday,1,4331.04,4317.75,13.289999999999964,short,2025-12-19 08:15:00,4335.2,2025-12-19 08:20:00,2025-12-19 08:25:00,4330.67,4335.2,4321.610000000001,4.529999999999745,False,extreme,2025-12-19 08:30:00,4335.2,stop,2,-1.0,9,0.019867549668875287,-1.0198675496688754,0.6799116997792716,1.06843267108177
XAUUSD,NY,2025-12-19,Friday,2,4331.04,4317.75,13.289999999999964,short,2025-12-19 08:25:00,4335.51,2025-12-19 08:40:00,2025-12-19 08:45:00,4329.5,4335.51,4317.48,6.010000000000218,False,extreme,2025-12-19 09:35:00,4335.51,stop,11,-1.0,0,0.0,-1.0,0.6688851913478021,1.3377703826954528
XAUUSD,NY,2025-12-19,Friday,3,4331.04,4317.75,13.289999999999964,short,2025-12-19 09:30:00,4338.0,2025-12-19 09:45:00,2025-12-19 09:50:00,4327.13,4338.0,4305.39,10.86999999999989,False,extreme,2025-12-19 10:00:00,4338.0,stop,3,-1.0,9,0.008279668813247553,-1.0082796688132476,0.25574977000917876,1.1453541858325615
XAUUSD,NY,2025-12-22,Monday,1,4420.2,4396.67,23.529999999999745,short,2025-12-22 08:05:00,4427.32,2025-12-22 08:20:00,2025-12-22 08:25:00,4413.89,4427.32,4387.030000000002,13.429999999999382,False,extreme,2025-12-22 09:15:00,4427.32,stop,11,-1.0,9,0.006701414743112743,-1.0067014147431128,0.043931496649305485,1.0737155621742915
XAUUSD,NY,2025-12-22,Monday,2,4420.2,4396.67,23.529999999999745,short,2025-12-22 08:30:00,4429.04,2025-12-22 09:30:00,2025-12-22 09:35:00,4418.33,4429.04,4396.91,10.710000000000036,False,extreme,2025-12-22 09:45:00,4429.04,stop,3,-1.0,10,0.009337068160597541,-1.0093370681605975,0.21942110177407617,1.0093370681606315
XAUUSD,NY,2025-12-22,Monday,3,4420.2,4396.67,23.529999999999745,short,2025-12-22 09:40:00,4429.14,2025-12-22 09:55:00,2025-12-22 10:00:00,4419.31,4429.14,4399.650000000001,9.829999999999927,False,extreme,2025-12-22 10:45:00,4429.14,stop,10,-1.0,5,0.005086469989827098,-1.0050864699898272,0.7293997965412132,1.2573753814852253
XAUUSD,NY,2025-12-23,Tuesday,1,4493.32,4469.58,23.73999999999978,short,2025-12-23 06:55:00,4494.27,2025-12-23 07:00:00,2025-12-23 07:05:00,4490.27,4494.27,4482.27,4.0,False,extreme,2025-12-23 08:10:00,4494.27,stop,14,-1.0,7,0.0175,-1.0175,1.7025000000001,1.0899999999999181
XAUUSD,NY,2025-12-23,Tuesday,2,4493.32,4469.58,23.73999999999978,short,2025-12-23 08:10:00,4497.38,2025-12-23 08:20:00,2025-12-23 08:25:00,4490.56,4497.38,4476.920000000001,6.819999999999709,False,extreme,2025-12-23 08:50:00,4476.920000000001,target,6,2.0,8,0.011730205278592877,1.9882697947214072,2.527859237536866,0.3093841642228391
XAUUSD,NY,2025-12-23,Tuesday,3,4493.32,4469.58,23.73999999999978,long,2025-12-23 09:05:00,4456.95,2025-12-23 09:10:00,2025-12-23 09:15:00,4469.94,4456.95,4495.919999999999,12.989999999999782,False,extreme,2025-12-23 09:30:00,4456.95,stop,4,-1.0,2,0.001539645881447293,-1.0015396458814474,0.17936874518867404,1.5504234026173793
XAUUSD,NY,2025-12-23,Tuesday,4,4493.32,4469.58,23.73999999999978,long,2025-12-23 09:15:00,4430.13,2025-12-23 11:45:00,2025-12-23 11:50:00,4470.12,4430.13,4550.099999999999,39.98999999999978,False,extreme,2025-12-23 23:55:00,4499.31,end_of_day,134,0.729932483120797,5,0.001250312578144543,0.7286821705426524,1.3893473368342262,0.004001000250058898
XAUUSD,NY,2025-12-24,Wednesday,1,4500.58,4478.34,22.23999999999978,long,2025-12-24 08:20:00,4474.48,2025-12-24 08:25:00,2025-12-24 08:30:00,4479.22,4474.48,4488.700000000002,4.740000000000691,False,extreme,2025-12-24 08:55:00,4488.700000000002,target,6,2.0,4,0.008438818565399613,1.9915611814346004,2.063291139240152,0.2679324894515298
XAUUSD,NY,2025-12-24,Wednesday,2,4500.58,4478.34,22.23999999999978,long,2025-12-24 09:35:00,4469.46,2025-12-24 09:40:00,2025-12-24 09:45:00,4481.27,4469.46,4504.890000000001,11.8100000000004,False,extreme,2025-12-24 09:50:00,4469.46,stop,2,-1.0,8,0.006773920406434995,-1.006773920406435,0.056731583403822235,1.6079593564775654
XAUUSD,NY,2025-12-24,Wednesday,3,4500.58,4478.34,22.23999999999978,long,2025-12-24 09:45:00,4448.47,2025-12-24 12:00:00,2025-12-24 12:05:00,4478.51,4448.47,4538.59,30.039999999999964,False,extreme,2025-12-24 13:40:00,4479.58,end_of_day,20,0.035619174434078235,5,0.0016644474034620527,0.03395472703061618,0.311917443408785,0.07423435419442329
XAUUSD,NY,2025-12-26,Friday,1,4519.5,4506.07,13.430000000000291,short,2025-12-26 05:15:00,4523.7,2025-12-26 05:35:00,2025-12-26 05:40:00,4518.07,4523.7,4506.8099999999995,5.630000000000109,False,extreme,2025-12-26 06:10:00,4506.8099999999995,target,7,2.0,5,0.008880994671403025,1.991119005328597,2.5559502664296874,0.0
XAUUSD,NY,2025-12-26,Friday,2,4519.5,4506.07,13.430000000000291,long,2025-12-26 06:25:00,4503.67,2025-12-26 06:30:00,2025-12-26 06:35:00,4506.54,4503.67,4512.28,2.869999999999891,False,extreme,2025-12-26 06:45:00,4503.67,stop,3,-1.0,5,0.017421602787457108,-1.0174216027874572,0.9198606271778494,1.1916376306620915
XAUUSD,NY,2025-12-26,Friday,3,4519.5,4506.07,13.430000000000291,long,2025-12-26 06:45:00,4503.12,2025-12-26 06:55:00,2025-12-26 07:00:00,4509.83,4503.12,4523.25,6.710000000000036,False,extreme,2025-12-26 08:35:00,4523.25,target,20,2.0,6,0.008941877794336762,1.9910581222056631,2.1639344262295617,0.9105812220565782
XAUUSD,NY,2025-12-26,Friday,4,4519.5,4506.07,13.430000000000291,short,2025-12-26 08:35:00,4528.66,2025-12-26 08:45:00,2025-12-26 08:50:00,4517.98,4528.66,4496.619999999999,10.680000000000291,False,extreme,2025-12-26 09:25:00,4528.66,stop,8,-1.0,6,0.005617977528089734,-1.0056179775280898,0.2481273408239292,1.1245318352059823
XAUUSD,NY,2025-12-26,Friday,5,4519.5,4506.07,13.430000000000291,short,2025-12-26 08:50:00,4533.56,2025-12-26 09:45:00,2025-12-26 09:50:00,4517.86,4533.56,4486.459999999998,15.700000000000728,False,extreme,2025-12-26 10:25:00,4533.56,stop,8,-1.0,8,0.005095541401273649,-1.0050955414012737,0.30509554140125744,1.0235668789808836
XAUUSD,NY,2025-12-26,Friday,6,4519.5,4506.07,13.430000000000291,short,2025-12-26 09:55:00,4549.86,2025-12-26 12:25:00,2025-12-26 12:30:00,4518.32,4543.47,4468.019999999999,25.150000000000546,True,swing,2025-12-26 16:55:00,4531.0,friday_close,54,-0.5041749502982114,5,0.0019880715705764976,-0.5061630218687878,0.3212723658051591,0.7101391650099481
XAUUSD,NY,2025-12-30,Tuesday,1,4383.25,4350.22,33.029999999999745,short,2025-12-30 05:30:00,4391.62,2025-12-30 05:40:00,2025-12-30 05:45:00,4382.84,4391.62,4365.280000000001,8.779999999999745,False,extreme,2025-12-30 07:10:00,4391.62,stop,18,-1.0,5,0.005694760820045723,-1.0056947608200457,0.4715261958998232,1.6617312072893586
XAUUSD,NY,2025-12-30,Tuesday,2,4383.25,4350.22,33.029999999999745,short,2025-12-30 05:50:00,4404.22,2025-12-30 08:35:00,2025-12-30 08:40:00,4381.86,4404.22,4337.1399999999985,22.360000000000582,False,extreme,2025-12-30 16:50:00,4337.1399999999985,target,99,2.0,5,0.0022361359570661314,1.9977638640429338,2.009391771019598,0.4624329159212825
XAUUSD,NY,2025-12-30,Tuesday,3,4383.25,4350.22,33.029999999999745,long,2025-12-30 15:40:00,4328.9,2025-12-30 20:05:00,2025-12-30 20:10:00,4353.11,4328.9,4401.53,24.210000000000036,False,extreme,2025-12-30 23:55:00,4332.96,end_of_day,46,-0.8323007021891617,1,0.00041305245766212246,-0.8327137546468238,0.8281701776125631,0.9173895084675755
XAUUSD,NY,2025-12-31,Wednesday,1,4343.16,4274.74,68.42000000000007,short,2025-12-31 08:50:00,4348.52,2025-12-31 09:00:00,2025-12-31 09:05:00,4341.24,4348.52,4326.6799999999985,7.280000000000655,False,extreme,2025-12-31 09:45:00,4348.52,stop,9,-1.0,9,0.01236263736263625,-1.0123626373626362,1.2225274725273125,1.2280219780219375
XAUUSD,NY,2025-12-31,Wednesday,2,4343.16,4274.74,68.42000000000007,short,2025-12-31 09:40:00,4353.32,2025-12-31 10:00:00,2025-12-31 10:05:00,4336.96,4353.32,4304.240000000001,16.359999999999673,False,extreme,2025-12-31 16:00:00,4312.9,end_of_day,72,1.4706601466993203,5,0.0030562347188264672,1.4676039119804938,1.9755501222494105,0.2860635696821751
