symbol,window,ny_date,weekday,range_high,range_low,range_candles,range_height,valid_range,setups,trades,skipped
XAUUSD,NY,2020-01-01,Wednesday,,,0,,False,0,0,0
XAUUSD,NY,2020-01-02,Thursday,1521.45,1518.49,48,2.9600000000000364,True,0,0,0
XAUUSD,NY,2020-01-03,Friday,1545.36,1538.29,48,7.069999999999936,True,1,1,0
XAUUSD,NY,2020-01-06,Monday,1577.84,1570.26,48,7.579999999999927,True,3,3,0
XAUUSD,NY,2020-01-07,Tuesday,1570.87,1559.04,48,11.829999999999927,True,1,1,0
XAUUSD,NY,2020-01-08,Wednesday,1595.35,1580.06,48,15.289999999999964,True,1,1,0
XAUUSD,NY,2020-01-09,Thursday,1559.02,1540.27,48,18.75,True,0,0,0
XAUUSD,NY,2020-01-10,Friday,1552.49,1546.25,48,6.240000000000009,True,1,1,0
XAUUSD,NY,2020-01-13,Monday,1556.46,1549.92,48,6.539999999999964,True,1,1,0
XAUUSD,NY,2020-01-14,Tuesday,1545.92,1536.17,48,9.75,True,2,2,0
XAUUSD,NY,2020-01-15,Wednesday,1554.27,1550.33,48,3.9400000000000546,True,2,2,0
XAUUSD,NY,2020-01-16,Thursday,1556.01,1551.52,48,4.490000000000009,True,3,3,0
XAUUSD,NY,2020-01-17,Friday,1557.06,1554.17,48,2.8899999999998727,True,2,2,0
XAUUSD,NY,2020-01-20,Monday,1562.76,1559.18,48,3.5799999999999272,True,1,1,0
XAUUSD,NY,2020-01-21,Tuesday,1567.22,1552.66,48,14.559999999999945,True,3,3,0
XAUUSD,NY,2020-01-22,Wednesday,1556.69,1550.59,48,6.100000000000136,True,2,2,0
XAUUSD,NY,2020-01-23,Thursday,1560.94,1553.01,48,7.930000000000064,True,3,3,0
XAUUSD,NY,2020-01-24,Friday,1561.49,1557.61,48,3.880000000000109,True,4,4,0
XAUUSD,NY,2020-01-27,Monday,1580.95,1575.9,48,5.0499999999999545,True,1,1,0
XAUUSD,NY,2020-01-28,Tuesday,1581.36,1576.89,48,4.4699999999998,True,2,2,0
XAUUSD,NY,2020-01-29,Wednesday,1569.96,1564.89,48,5.069999999999936,True,3,3,0
XAUUSD,NY,2020-01-30,Thursday,1583.07,1577.01,48,6.059999999999945,True,1,1,0
XAUUSD,NY,2020-01-31,Friday,1578.31,1571.63,48,6.679999999999836,True,1,1,0
XAUUSD,NY,2020-02-03,Monday,1581.26,1573.5,48,7.759999999999991,True,1,1,0
XAUUSD,NY,2020-02-04,Tuesday,1575.82,1567.65,48,8.169999999999845,True,1,1,0
XAUUSD,NY,2020-02-05,Wednesday,1562.42,1552.79,48,9.63000000000011,True,1,1,0
XAUUSD,NY,2020-02-06,Thursday,1560.66,1552.54,48,8.120000000000118,True,0,0,0
XAUUSD,NY,2020-02-07,Friday,1567.94,1562.84,48,5.100000000000136,True,4,4,0
XAUUSD,NY,2020-02-10,Monday,1575.22,1569.47,48,5.75,True,3,3,0
XAUUSD,NY,2020-02-11,Tuesday,1569.96,1565.84,48,4.120000000000118,True,1,1,0
XAUUSD,NY,2020-02-12,Wednesday,1567.37,1561.81,48,5.559999999999945,True,2,2,0
XAUUSD,NY,2020-02-13,Thursday,1575.85,1572.32,48,3.5299999999999727,True,2,2,0
XAUUSD,NY,2020-02-14,Friday,1576.47,1573.92,48,2.5499999999999545,True,2,2,0
XAUUSD,NY,2020-02-17,Monday,1583.21,1578.9,48,4.309999999999945,True,0,0,0
XAUUSD,NY,2020-02-18,Tuesday,1589.09,1585.02,48,4.069999999999936,True,3,3,0
XAUUSD,NY,2020-02-19,Wednesday,1609.56,1601.64,48,7.919999999999845,True,3,3,0
XAUUSD,NY,2020-02-20,Thursday,1610.67,1603.92,48,6.75,True,2,2,0
XAUUSD,NY,2020-02-21,Friday,1636.54,1625.69,48,10.849999999999909,True,0,0,0
XAUUSD,NY,2020-02-24,Monday,1686.28,1660.68,48,25.59999999999991,True,3,3,0
XAUUSD,NY,2020-02-25,Tuesday,1655.91,1633.1,48,22.810000000000173,True,3,3,0
XAUUSD,NY,2020-02-26,Wednesday,1653.88,1641.44,48,12.440000000000055,True,3,3,0
XAUUSD,NY,2020-02-27,Thursday,1652.67,1641.37,48,11.300000000000182,True,6,6,0
XAUUSD,NY,2020-02-28,Friday,1642.36,1621.23,48,21.12999999999988,True,1,1,0
XAUUSD,NY,2020-03-02,Monday,1606.85,1596.05,48,10.799999999999955,True,5,5,0
XAUUSD,NY,2020-03-03,Tuesday,1600.24,1593.53,48,6.710000000000036,True,0,0,0
XAUUSD,NY,2020-03-04,Wednesday,1645.53,1631.89,48,13.639999999999873,True,1,1,0
XAUUSD,NY,2020-03-05,Thursday,1642.81,1637.16,48,5.649999999999864,True,0,0,0
XAUUSD,NY,2020-03-06,Friday,1681.05,1667.86,48,13.190000000000055,True,4,3,1
XAUUSD,NY,2020-03-09,Monday,1685.24,1657.35,48,27.8900000000001,True,0,0,0
XAUUSD,NY,2020-03-10,Tuesday,1668.19,1649.46,48,18.730000000000018,True,2,2,0
XAUUSD,NY,2020-03-11,Wednesday,1666.65,1658.16,48,8.490000000000009,True,4,4,0
XAUUSD,NY,2020-03-12,Thursday,1642.77,1631.39,48,11.379999999999882,True,1,1,0
XAUUSD,NY,2020-03-13,Friday,1594.28,1557.91,48,36.36999999999989,True,1,1,0
XAUUSD,NY,2020-03-16,Monday,1550.89,1529.55,48,21.340000000000146,True,0,0,0
XAUUSD,NY,2020-03-17,Tuesday,1504.97,1482.54,48,22.430000000000064,True,2,2,0
XAUUSD,NY,2020-03-18,Wednesday,1532.93,1494.75,48,38.180000000000064,True,4,4,0
XAUUSD,NY,2020-03-19,Thursday,1496.01,1464.18,48,31.829999999999927,True,1,1,0
XAUUSD,NY,2020-03-20,Friday,1510.94,1480.47,48,30.470000000000027,True,1,1,0
XAUUSD,NY,2020-03-23,Monday,1496.07,1484.97,48,11.099999999999909,True,0,0,0
XAUUSD,NY,2020-03-24,Tuesday,1578.07,1558.49,48,19.579999999999927,True,0,0,0
XAUUSD,NY,2020-03-25,Wednesday,1616.84,1600.68,44,16.159999999999854,False,0,0,0
XAUUSD,NY,2020-03-26,Thursday,1606.93,1500.59,48,106.34000000000015,True,0,0,0
XAUUSD,NY,2020-03-27,Friday,1628.21,1614.47,48,13.740000000000009,True,3,3,0
XAUUSD,NY,2020-03-30,Monday,1620.96,1610.4,48,10.559999999999945,True,2,2,0
XAUUSD,NY,2020-03-31,Tuesday,1619.18,1612.98,48,6.2000000000000455,True,0,0,0
XAUUSD,NY,2020-04-01,Wednesday,1600.39,1583.64,48,16.75,True,3,3,0
XAUUSD,NY,2020-04-02,Thursday,1599.24,1583.19,48,16.049999999999955,True,0,0,0
XAUUSD,NY,2020-04-03,Friday,1616.55,1607.01,48,9.539999999999964,True,4,4,0
XAUUSD,NY,2020-04-06,Monday,1632.8,1615.64,48,17.159999999999854,True,0,0,0
XAUUSD,NY,2020-04-07,Tuesday,1668.77,1644.2,48,24.569999999999936,True,2,2,0
XAUUSD,NY,2020-04-08,Wednesday,1654.97,1643.4,48,11.569999999999936,True,1,1,0
XAUUSD,NY,2020-04-09,Thursday,1660.19,1647.18,48,13.009999999999991,True,2,2,0
XAUUSD,NY,2020-04-13,Monday,1692.92,1681.84,48,11.080000000000155,True,2,2,0
XAUUSD,NY,2020-04-14,Tuesday,1725.24,1708.69,48,16.549999999999955,True,2,2,0
XAUUSD,NY,2020-04-15,Wednesday,1727.57,1707.52,48,20.049999999999955,True,0,0,0
XAUUSD,NY,2020-04-16,Thursday,1725.93,1713.36,48,12.570000000000164,True,1,1,0
XAUUSD,NY,2020-04-17,Friday,1708.96,1684.95,48,24.00999999999999,True,5,5,0
XAUUSD,NY,2020-04-20,Monday,1685.04,1672.4,48,12.639999999999873,True,2,2,0
XAUUSD,NY,2020-04-21,Tuesday,1697.82,1685.82,48,12.0,True,2,2,0
XAUUSD,NY,2020-04-22,Wednesday,1699.58,1680.28,48,19.299999999999955,True,1,1,0
XAUUSD,NY,2020-04-23,Thursday,1719.43,1709.53,48,9.900000000000091,True,0,0,0
XAUUSD,NY,2020-04-24,Friday,1731.18,1720.74,48,10.440000000000055,True,3,3,0
XAUUSD,NY,2020-04-27,Monday,1723.6,1713.1,48,10.5,True,1,1,0
XAUUSD,NY,2020-04-28,Tuesday,1704.69,1692.08,48,12.610000000000127,True,1,1,0
XAUUSD,NY,2020-04-29,Wednesday,1713.13,1704.12,48,9.010000000000218,True,3,3,0
XAUUSD,NY,2020-04-30,Thursday,1721.76,1710.62,48,11.1400000000001,True,0,0,0
XAUUSD,NY,2020-05-01,Friday,1688.94,1670.32,48,18.62000000000012,True,0,0,0
XAUUSD,NY,2020-05-04,Monday,1707.18,1696.02,48,11.160000000000082,True,1,1,0
XAUUSD,NY,2020-05-05,Tuesday,1704.31,1689.92,48,14.389999999999873,True,1,1,0
XAUUSD,NY,2020-05-06,Wednesday,1707.93,1700.93,48,7.0,True,2,2,0
XAUUSD,NY,2020-05-07,Thursday,1692.79,1684.36,48,8.430000000000064,True,1,1,0
XAUUSD,NY,2020-05-08,Friday,1720.13,1713.52,48,6.610000000000127,True,2,2,0
XAUUSD,NY,2020-05-11,Monday,1709.54,1702.25,48,7.289999999999964,True,2,2,0
XAUUSD,NY,2020-05-12,Tuesday,1705.78,1697.96,48,7.819999999999936,True,3,3,0
XAUUSD,NY,2020-05-13,Wednesday,1705.93,1700.56,48,5.370000000000118,True,3,2,1
XAUUSD,NY,2020-05-14,Thursday,1719.34,1710.87,48,8.470000000000027,True,0,0,0
XAUUSD,NY,2020-05-15,Friday,1738.66,1730.12,48,8.540000000000191,True,1,1,0
XAUUSD,NY,2020-05-18,Monday,1764.77,1758.58,48,6.190000000000055,True,0,0,0
XAUUSD,NY,2020-05-19,Tuesday,1738.94,1725.74,48,13.200000000000045,True,2,2,0
XAUUSD,NY,2020-05-20,Wednesday,1753.15,1746.24,48,6.910000000000082,True,1,1,0
XAUUSD,NY,2020-05-21,Thursday,1743.9,1735.1,48,8.800000000000182,True,1,1,0
XAUUSD,NY,2020-05-22,Friday,1737.22,1725.63,48,11.589999999999918,True,5,5,0
XAUUSD,NY,2020-05-25,Monday,1729.2,1723.71,48,5.490000000000009,True,5,5,0
XAUUSD,NY,2020-05-26,Tuesday,1735.16,1726.42,48,8.740000000000009,True,1,1,0
XAUUSD,NY,2020-05-27,Wednesday,1710.49,1704.98,48,5.509999999999991,True,2,2,0
XAUUSD,NY,2020-05-28,Thursday,1721.65,1714.24,48,7.410000000000082,True,4,4,0
XAUUSD,NY,2020-05-29,Friday,1722.95,1716.88,48,6.069999999999936,True,1,1,0
XAUUSD,NY,2020-06-01,Monday,1744.6,1737.26,48,7.339999999999918,True,2,2,0
XAUUSD,NY,2020-06-02,Tuesday,1740.09,1734.89,48,5.199999999999818,True,3,3,0
XAUUSD,NY,2020-06-03,Wednesday,1726.58,1719.73,48,6.849999999999909,True,1,1,0
XAUUSD,NY,2020-06-04,Thursday,1705.3,1698.03,48,7.269999999999982,True,1,1,0
XAUUSD,NY,2020-06-05,Friday,1712.58,1707.5,48,5.079999999999927,True,2,2,0
XAUUSD,NY,2020-06-08,Monday,1696.46,1687.1,48,9.360000000000127,True,5,5,0
XAUUSD,NY,2020-06-09,Tuesday,1702.2,1692.26,48,9.940000000000055,True,0,0,0
XAUUSD,NY,2020-06-10,Wednesday,1720.02,1714.96,48,5.059999999999945,True,4,4,0
XAUUSD,NY,2020-06-11,Thursday,1737.44,1726.85,48,10.590000000000146,True,2,2,0
XAUUSD,NY,2020-06-12,Friday,1733.83,1726.11,48,7.720000000000027,True,3,3,0
XAUUSD,NY,2020-06-15,Monday,1729.2,1715.35,48,13.850000000000136,True,1,1,0
XAUUSD,NY,2020-06-16,Tuesday,1730.01,1721.58,48,8.430000000000064,True,3,3,0
XAUUSD,NY,2020-06-17,Wednesday,1729.46,1721.81,48,7.650000000000091,True,3,3,0
XAUUSD,NY,2020-06-18,Thursday,1728.85,1724.58,48,4.269999999999982,True,5,4,1
XAUUSD,NY,2020-06-19,Friday,1732.9,1725.7,48,7.2000000000000455,True,2,2,0
XAUUSD,NY,2020-06-22,Monday,1753.76,1742.78,48,10.980000000000018,True,1,1,0
XAUUSD,NY,2020-06-23,Tuesday,1756.31,1747.37,48,8.940000000000055,True,4,4,0
XAUUSD,NY,2020-06-24,Wednesday,1771.2,1765.3,48,5.900000000000091,True,4,4,0
XAUUSD,NY,2020-06-25,Thursday,1768.86,1759.52,48,9.339999999999918,True,2,2,0
XAUUSD,NY,2020-06-26,Friday,1765.05,1757.97,48,7.079999999999927,True,3,3,0
XAUUSD,NY,2020-06-29,Monday,1775.0,1768.53,48,6.470000000000027,True,2,2,0
XAUUSD,NY,2020-06-30,Tuesday,1773.76,1769.14,48,4.619999999999891,True,1,1,0
XAUUSD,NY,2020-07-01,Wednesday,1789.08,1782.05,48,7.029999999999973,True,2,2,0
XAUUSD,NY,2020-07-02,Thursday,1770.36,1764.31,48,6.0499999999999545,True,2,2,0
XAUUSD,NY,2020-07-03,Friday,1776.87,1772.58,48,4.289999999999964,True,0,0,0
XAUUSD,NY,2020-07-06,Monday,1777.89,1771.41,48,6.480000000000018,True,0,0,0
XAUUSD,NY,2020-07-07,Tuesday,1785.15,1780.29,48,4.860000000000127,True,1,1,0
XAUUSD,NY,2020-07-08,Wednesday,1796.22,1792.46,48,3.759999999999991,True,0,0,0
XAUUSD,NY,2020-07-09,Thursday,1814.21,1809.08,48,5.130000000000109,True,3,3,0
XAUUSD,NY,2020-07-10,Friday,1801.82,1795.85,48,5.970000000000027,True,1,1,0
XAUUSD,NY,2020-07-13,Monday,1808.19,1802.54,48,5.650000000000091,True,4,4,0
XAUUSD,NY,2020-07-14,Tuesday,1802.36,1796.17,48,6.189999999999827,True,1,1,0
XAUUSD,NY,2020-07-15,Wednesday,1811.93,1805.71,48,6.220000000000027,True,4,4,0
XAUUSD,NY,2020-07-16,Thursday,1811.42,1805.5,48,5.920000000000073,True,3,3,0
XAUUSD,NY,2020-07-17,Friday,1801.37,1798.22,48,3.1499999999998636,True,0,0,0
XAUUSD,NY,2020-07-20,Monday,1810.98,1807.34,48,3.6400000000001,True,1,1,0
XAUUSD,NY,2020-07-21,Tuesday,1824.09,1817.24,48,6.849999999999909,True,2,2,0
XAUUSD,NY,2020-07-22,Wednesday,1861.18,1851.1,48,10.080000000000155,True,3,3,0
XAUUSD,NY,2020-07-23,Thursday,1876.34,1867.74,48,8.599999999999909,True,1,1,0
XAUUSD,NY,2020-07-24,Friday,1897.04,1882.3,48,14.740000000000009,True,1,1,0
XAUUSD,NY,2020-07-27,Monday,1937.96,1929.71,48,8.25,True,3,3,0
XAUUSD,NY,2020-07-28,Tuesday,1947.39,1906.62,48,40.77000000000021,True,1,1,0
XAUUSD,NY,2020-07-29,Wednesday,1961.09,1949.68,48,11.409999999999854,True,2,1,1
XAUUSD,NY,2020-07-30,Thursday,1965.2,1947.25,48,17.950000000000045,True,1,1,0
XAUUSD,NY,2020-07-31,Friday,1983.07,1966.47,48,16.59999999999991,True,1,1,0
XAUUSD,NY,2020-08-03,Monday,1977.58,1970.15,48,7.429999999999836,True,2,2,0
XAUUSD,NY,2020-08-04,Tuesday,1978.95,1971.4,48,7.5499999999999545,True,1,1,0
XAUUSD,NY,2020-08-05,Wednesday,2039.93,2011.62,48,28.310000000000173,True,2,2,0
XAUUSD,NY,2020-08-06,Thursday,2054.03,2041.19,48,12.840000000000146,True,1,1,0
XAUUSD,NY,2020-08-07,Friday,2064.56,2049.11,48,15.449999999999818,True,1,1,0
XAUUSD,NY,2020-08-10,Monday,2035.18,2027.04,48,8.1400000000001,True,1,1,0
XAUUSD,NY,2020-08-11,Tuesday,2021.46,1990.17,48,31.289999999999964,True,1,1,0
XAUUSD,NY,2020-08-12,Wednesday,1939.94,1862.6,48,77.34000000000015,True,1,1,0
XAUUSD,NY,2020-08-13,Thursday,1935.74,1921.62,48,14.120000000000118,True,3,3,0
XAUUSD,NY,2020-08-14,Friday,1956.96,1938.77,48,18.190000000000055,True,1,1,0
XAUUSD,NY,2020-08-17,Monday,1957.12,1941.04,48,16.079999999999927,True,1,1,0
XAUUSD,NY,2020-08-18,Tuesday,2010.08,1989.43,48,20.649999999999864,True,4,4,0
XAUUSD,NY,2020-08-19,Wednesday,1994.47,1980.09,48,14.38000000000011,True,2,2,0
XAUUSD,NY,2020-08-20,Thursday,1955.23,1932.83,48,22.40000000000009,True,3,3,0
XAUUSD,NY,2020-08-21,Friday,1951.58,1933.84,48,17.74000000000001,True,2,2,0
XAUUSD,NY,2020-08-24,Monday,1949.5,1930.57,48,18.930000000000064,True,3,3,0
XAUUSD,NY,2020-08-25,Tuesday,1937.3,1929.44,48,7.8599999999999,True,3,3,0
XAUUSD,NY,2020-08-26,Wednesday,1927.75,1913.84,48,13.910000000000082,True,1,1,0
XAUUSD,NY,2020-08-27,Thursday,1948.67,1936.95,48,11.720000000000027,True,3,2,1
XAUUSD,NY,2020-08-28,Friday,1952.13,1938.83,48,13.300000000000182,True,1,1,0
XAUUSD,NY,2020-08-31,Monday,1971.65,1954.24,48,17.410000000000082,True,3,3,0
XAUUSD,NY,2020-09-01,Tuesday,1992.41,1982.14,48,10.269999999999982,True,1,1,0
XAUUSD,NY,2020-09-02,Wednesday,1967.61,1956.0,48,11.6099999999999,True,2,2,0
XAUUSD,NY,2020-09-03,Thursday,1946.52,1927.22,48,19.299999999999955,True,1,1,0
XAUUSD,NY,2020-09-04,Friday,1939.88,1930.73,48,9.150000000000091,True,3,3,0
XAUUSD,NY,2020-09-07,Monday,1936.78,1927.8,48,8.980000000000018,True,1,1,0
XAUUSD,NY,2020-09-08,Tuesday,1935.52,1923.48,48,12.039999999999964,True,1,1,0
XAUUSD,NY,2020-09-09,Wednesday,1934.38,1923.94,48,10.440000000000055,True,2,2,0
XAUUSD,NY,2020-09-10,Thursday,1949.2,1942.35,48,6.850000000000136,True,3,3,0
XAUUSD,NY,2020-09-11,Friday,1945.07,1937.74,48,7.329999999999927,True,4,4,0
XAUUSD,NY,2020-09-14,Monday,1949.39,1943.28,48,6.110000000000127,True,2,2,0
XAUUSD,NY,2020-09-15,Tuesday,1969.3,1960.26,48,9.039999999999964,True,1,1,0
XAUUSD,NY,2020-09-16,Wednesday,1966.17,1957.01,48,9.160000000000082,True,3,3,0
XAUUSD,NY,2020-09-17,Thursday,1947.32,1937.82,48,9.5,True,2,2,0
XAUUSD,NY,2020-09-18,Friday,1955.2,1950.75,48,4.4500000000000455,True,4,4,0
XAUUSD,NY,2020-09-21,Monday,1954.89,1947.7,48,7.190000000000055,True,0,0,0
XAUUSD,NY,2020-09-22,Tuesday,1916.23,1894.57,48,21.660000000000082,True,2,2,0
XAUUSD,NY,2020-09-23,Wednesday,1893.08,1874.53,48,18.549999999999955,True,1,1,0
XAUUSD,NY,2020-09-24,Thursday,1861.12,1848.93,48,12.189999999999827,True,1,1,0
XAUUSD,NY,2020-09-25,Friday,1875.17,1866.04,48,9.13000000000011,True,2,2,0
XAUUSD,NY,2020-09-28,Monday,1863.93,1855.86,48,8.070000000000164,True,2,2,0
XAUUSD,NY,2020-09-29,Tuesday,1884.66,1875.44,48,9.220000000000027,True,4,4,0
XAUUSD,NY,2020-09-30,Wednesday,1892.04,1883.68,48,8.3599999999999,True,4,4,0
XAUUSD,NY,2020-10-01,Thursday,1900.27,1892.09,48,8.180000000000064,True,3,3,0
XAUUSD,NY,2020-10-02,Friday,1917.07,1889.76,48,27.309999999999945,True,0,0,0
XAUUSD,NY,2020-10-05,Monday,1894.79,1887.01,48,7.779999999999973,True,0,0,0
XAUUSD,NY,2020-10-06,Tuesday,1914.58,1908.13,48,6.449999999999818,True,3,3,0
XAUUSD,NY,2020-10-07,Wednesday,1898.05,1881.92,48,16.12999999999988,True,1,1,0
XAUUSD,NY,2020-10-08,Thursday,1895.33,1884.38,48,10.949999999999818,True,4,4,0
XAUUSD,NY,2020-10-09,Friday,1913.63,1905.72,48,7.910000000000082,True,3,3,0
XAUUSD,NY,2020-10-12,Monday,1931.9,1923.93,48,7.970000000000027,True,1,1,0
XAUUSD,NY,2020-10-13,Tuesday,1920.7,1910.29,48,10.410000000000082,True,1,1,0
XAUUSD,NY,2020-10-14,Wednesday,1897.96,1892.52,48,5.440000000000055,True,3,3,0
XAUUSD,NY,2020-10-15,Thursday,1903.69,1896.0,48,7.690000000000055,True,3,3,0
XAUUSD,NY,2020-10-16,Friday,1909.88,1902.89,48,6.990000000000009,True,5,5,0
XAUUSD,NY,2020-10-19,Monday,1911.83,1900.25,48,11.579999999999927,True,4,4,0
XAUUSD,NY,2020-10-20,Tuesday,1904.11,1898.79,48,5.319999999999936,True,1,1,0
XAUUSD,NY,2020-10-21,Wednesday,1920.93,1914.93,48,6.0,True,2,2,0
XAUUSD,NY,2020-10-22,Thursday,1920.42,1913.13,48,7.289999999999964,True,0,0,0
XAUUSD,NY,2020-10-23,Friday,1909.31,1902.65,48,6.6599999999998545,True,3,3,0
XAUUSD,NY,2020-10-26,Monday,1902.1,1894.9,48,7.199999999999818,True,4,4,0
XAUUSD,NY,2020-10-27,Tuesday,1910.41,1903.25,48,7.160000000000082,True,1,1,0
XAUUSD,NY,2020-10-28,Wednesday,1910.88,1905.29,48,5.5900000000001455,True,0,0,0
XAUUSD,NY,2020-10-29,Thursday,1884.97,1880.39,48,4.579999999999927,True,1,1,0
XAUUSD,NY,2020-10-30,Friday,1877.1,1866.68,48,10.419999999999845,True,2,2,0
XAUUSD,NY,2020-11-02,Monday,1886.79,1880.36,48,6.430000000000064,True,2,2,0
XAUUSD,NY,2020-11-03,Tuesday,1896.02,1886.95,48,9.069999999999936,True,1,1,0
XAUUSD,NY,2020-11-04,Wednesday,1903.04,1887.93,48,15.1099999999999,True,2,2,0
XAUUSD,NY,2020-11-05,Thursday,1918.4,1905.5,48,12.900000000000091,True,3,3,0
XAUUSD,NY,2020-11-06,Friday,1950.74,1936.35,48,14.3900000000001,True,2,2,0
XAUUSD,NY,2020-11-09,Monday,1965.51,1953.52,48,11.990000000000009,True,1,1,0
XAUUSD,NY,2020-11-10,Tuesday,1890.39,1878.86,48,11.5300000000002,True,2,2,0
XAUUSD,NY,2020-11-11,Wednesday,1884.47,1874.6,48,9.870000000000118,True,1,1,0
XAUUSD,NY,2020-11-12,Thursday,1872.68,1863.31,48,9.370000000000118,True,0,0,0
XAUUSD,NY,2020-11-13,Friday,1880.92,1876.59,48,4.330000000000155,True,1,1,0
XAUUSD,NY,2020-11-16,Monday,1895.76,1887.51,48,8.25,True,1,1,0
XAUUSD,NY,2020-11-17,Tuesday,1892.02,1884.25,48,7.769999999999982,True,2,2,0
XAUUSD,NY,2020-11-18,Wednesday,1884.84,1876.58,48,8.259999999999991,True,2,2,0
XAUUSD,NY,2020-11-19,Thursday,1868.35,1855.73,48,12.61999999999989,True,1,1,0
XAUUSD,NY,2020-11-20,Friday,1869.8,1860.88,48,8.919999999999845,True,0,0,0
XAUUSD,NY,2020-11-23,Monday,1876.12,1868.61,48,7.509999999999991,True,2,2,0
XAUUSD,NY,2020-11-24,Tuesday,1832.95,1822.62,48,10.330000000000155,True,0,0,0
XAUUSD,NY,2020-11-25,Wednesday,1815.2,1802.68,48,12.519999999999982,True,2,2,0
XAUUSD,NY,2020-11-26,Thursday,1818.24,1806.8,48,11.440000000000055,True,0,0,0
XAUUSD,NY,2020-11-27,Friday,1811.47,1802.92,48,8.549999999999955,True,0,0,0
XAUUSD,NY,2020-11-30,Monday,1783.75,1765.38,48,18.36999999999989,True,1,1,0
XAUUSD,NY,2020-12-01,Tuesday,1794.77,1783.65,48,11.11999999999989,True,0,0,0
XAUUSD,NY,2020-12-02,Wednesday,1826.4,1807.46,48,18.940000000000055,True,2,2,0
XAUUSD,NY,2020-12-03,Thursday,1843.51,1830.59,48,12.920000000000073,True,1,1,0
XAUUSD,NY,2020-12-04,Friday,1844.24,1837.82,48,6.420000000000073,True,3,3,0
XAUUSD,NY,2020-12-07,Monday,1842.42,1822.07,48,20.350000000000136,True,0,0,0
XAUUSD,NY,2020-12-08,Tuesday,1870.73,1861.3,48,9.430000000000064,True,3,3,0
XAUUSD,NY,2020-12-09,Wednesday,1865.35,1857.74,48,7.6099999999999,True,2,2,0
XAUUSD,NY,2020-12-10,Thursday,1841.56,1831.75,48,9.809999999999945,True,2,2,0
XAUUSD,NY,2020-12-11,Friday,1838.65,1831.55,48,7.100000000000136,True,2,2,0
XAUUSD,NY,2020-12-14,Monday,1835.83,1826.28,48,9.549999999999955,True,2,2,0
XAUUSD,NY,2020-12-15,Tuesday,1847.51,1834.98,48,12.529999999999973,True,1,1,0
XAUUSD,NY,2020-12-16,Wednesday,1862.64,1853.11,48,9.5300000000002,True,4,4,0
XAUUSD,NY,2020-12-17,Thursday,1883.14,1866.13,48,17.00999999999999,True,1,1,0
XAUUSD,NY,2020-12-18,Friday,1886.73,1877.42,48,9.309999999999945,True,2,2,0
XAUUSD,NY,2020-12-21,Monday,1906.74,1891.44,48,15.299999999999955,True,0,0,0
XAUUSD,NY,2020-12-22,Tuesday,1881.06,1866.61,48,14.450000000000045,True,2,2,0
XAUUSD,NY,2020-12-23,Wednesday,1869.78,1863.17,48,6.6099999999999,True,2,2,0
XAUUSD,NY,2020-12-24,Thursday,1880.54,1874.82,48,5.720000000000027,True,2,2,0
XAUUSD,NY,2020-12-28,Monday,1895.65,1877.29,48,18.360000000000127,True,5,5,0
XAUUSD,NY,2020-12-29,Tuesday,1883.5,1875.5,48,8.0,True,1,1,0
XAUUSD,NY,2020-12-30,Wednesday,1885.55,1877.51,48,8.039999999999964,True,1,1,0
XAUUSD,NY,2020-12-31,Thursday,1894.69,1885.3,48,9.3900000000001,True,3,3,0
XAUUSD,NY,2021-01-04,Monday,1935.19,1919.04,48,16.15000000000009,True,2,2,0
XAUUSD,NY,2021-01-05,Tuesday,1943.99,1936.99,48,7.0,True,2,2,0
XAUUSD,NY,2021-01-06,Wednesday,1956.5,1943.05,48,13.450000000000045,True,1,1,0
XAUUSD,NY,2021-01-07,Thursday,1927.67,1916.04,48,11.63000000000011,True,3,3,0
XAUUSD,NY,2021-01-08,Friday,1911.66,1878.69,48,32.97000000000003,True,1,1,0
XAUUSD,NY,2021-01-11,Monday,1855.46,1832.9,48,22.559999999999945,True,1,1,0
XAUUSD,NY,2021-01-12,Tuesday,1861.79,1849.4,48,12.389999999999873,True,3,3,0
XAUUSD,NY,2021-01-13,Wednesday,1862.72,1854.31,48,8.410000000000082,True,1,1,0
XAUUSD,NY,2021-01-14,Thursday,1846.98,1836.13,48,10.849999999999909,True,2,2,0
XAUUSD,NY,2021-01-15,Friday,1853.73,1846.74,48,6.990000000000009,True,2,2,0
XAUUSD,NY,2021-01-18,Monday,1840.79,1828.22,48,12.569999999999936,True,1,1,0
XAUUSD,NY,2021-01-19,Tuesday,1845.1,1836.22,48,8.879999999999882,True,3,3,0
XAUUSD,NY,2021-01-20,Wednesday,1857.35,1848.14,48,9.209999999999809,True,2,2,0
XAUUSD,NY,2021-01-21,Thursday,1875.13,1866.12,48,9.010000000000218,True,1,1,0
XAUUSD,NY,2021-01-22,Friday,1864.0,1857.27,48,6.730000000000018,True,1,1,0
XAUUSD,NY,2021-01-25,Monday,1856.63,1849.39,48,7.240000000000009,True,1,1,0
XAUUSD,NY,2021-01-26,Tuesday,1857.77,1850.06,48,7.710000000000036,True,5,5,0
XAUUSD,NY,2021-01-27,Wednesday,1853.13,1845.44,48,7.690000000000055,True,2,2,0
XAUUSD,NY,2021-01-28,Thursday,1841.62,1834.13,48,7.489999999999782,True,6,5,1
XAUUSD,NY,2021-01-29,Friday,1851.76,1842.21,48,9.549999999999955,True,2,2,0
XAUUSD,NY,2021-02-01,Monday,1871.82,1857.0,48,14.819999999999936,True,3,3,0
XAUUSD,NY,2021-02-02,Tuesday,1857.21,1844.84,48,12.370000000000118,True,2,2,0
XAUUSD,NY,2021-02-03,Wednesday,1842.88,1834.47,48,8.410000000000082,True,5,5,0
XAUUSD,NY,2021-02-04,Thursday,1827.22,1815.96,48,11.259999999999991,True,1,1,0
XAUUSD,NY,2021-02-05,Friday,1811.33,1795.12,48,16.210000000000036,True,1,1,0
XAUUSD,NY,2021-02-08,Monday,1817.88,1807.75,48,10.13000000000011,True,0,0,0
XAUUSD,NY,2021-02-09,Tuesday,1845.17,1838.15,48,7.019999999999982,True,2,2,0
XAUUSD,NY,2021-02-10,Wednesday,1846.98,1840.95,48,6.029999999999973,True,4,4,0
XAUUSD,NY,2021-02-11,Thursday,1845.91,1835.17,48,10.740000000000009,True,1,1,0
XAUUSD,NY,2021-02-12,Friday,1824.33,1812.56,48,11.769999999999982,True,2,2,0
XAUUSD,NY,2021-02-15,Monday,1825.22,1816.52,48,8.700000000000045,True,2,2,0
XAUUSD,NY,2021-02-16,Tuesday,1825.71,1818.88,48,6.829999999999927,True,0,0,0
XAUUSD,NY,2021-02-17,Wednesday,1793.91,1783.9,48,10.009999999999991,True,1,1,0
XAUUSD,NY,2021-02-18,Thursday,1789.0,1778.93,48,10.069999999999936,True,1,1,0
XAUUSD,NY,2021-02-19,Friday,1777.58,1767.72,48,9.8599999999999,True,0,0,0
XAUUSD,NY,2021-02-22,Monday,1795.41,1784.87,48,10.540000000000191,True,2,2,0
XAUUSD,NY,2021-02-23,Tuesday,1814.7,1806.6,48,8.100000000000136,True,3,3,0
XAUUSD,NY,2021-02-24,Wednesday,1810.12,1804.47,48,5.649999999999864,True,2,2,0
XAUUSD,NY,2021-02-25,Thursday,1801.21,1787.84,48,13.370000000000118,True,1,1,0
XAUUSD,NY,2021-02-26,Friday,1769.38,1755.34,48,14.040000000000191,True,0,0,0
XAUUSD,NY,2021-03-01,Monday,1759.83,1748.48,48,11.349999999999909,True,1,1,0
XAUUSD,NY,2021-03-02,Tuesday,1724.3,1710.78,48,13.519999999999982,True,3,3,0
XAUUSD,NY,2021-03-03,Wednesday,1735.97,1726.53,48,9.440000000000055,True,2,2,0
XAUUSD,NY,2021-03-04,Thursday,1721.31,1712.21,48,9.099999999999909,True,1,1,0
XAUUSD,NY,2021-03-05,Friday,1700.45,1691.0,48,9.450000000000045,True,2,2,0
XAUUSD,NY,2021-03-08,Monday,1709.54,1691.75,48,17.789999999999964,True,2,2,0
XAUUSD,NY,2021-03-09,Tuesday,1702.77,1687.18,48,15.589999999999918,True,3,3,0
XAUUSD,NY,2021-03-10,Wednesday,1716.68,1709.65,48,7.029999999999973,True,2,2,0
XAUUSD,NY,2021-03-11,Thursday,1739.75,1731.38,48,8.36999999999989,True,1,1,0
XAUUSD,NY,2021-03-12,Friday,1719.71,1705.94,48,13.769999999999982,True,3,3,0
XAUUSD,NY,2021-03-15,Monday,1727.97,1721.68,48,6.289999999999964,True,1,1,0
XAUUSD,NY,2021-03-16,Tuesday,1737.24,1726.15,48,11.089999999999918,True,1,1,0
XAUUSD,NY,2021-03-17,Wednesday,1737.94,1734.16,48,3.7799999999999727,True,1,1,0
XAUUSD,NY,2021-03-18,Thursday,1752.88,1735.49,48,17.3900000000001,True,2,2,0
XAUUSD,NY,2021-03-19,Friday,1745.4,1730.01,48,15.3900000000001,True,1,1,0
XAUUSD,NY,2021-03-22,Monday,1743.17,1727.35,48,15.820000000000164,True,0,0,0
XAUUSD,NY,2021-03-23,Tuesday,1740.02,1735.2,48,4.819999999999936,True,1,1,0
XAUUSD,NY,2021-03-24,Wednesday,1733.87,1727.18,48,6.689999999999827,True,3,3,0
XAUUSD,NY,2021-03-25,Thursday,1737.77,1730.73,48,7.039999999999964,True,4,4,0
XAUUSD,NY,2021-03-26,Friday,1729.68,1723.89,48,5.789999999999964,True,4,4,0
XAUUSD,NY,2021-03-29,Monday,1729.81,1724.95,48,4.8599999999999,True,3,3,0
XAUUSD,NY,2021-03-30,Tuesday,1708.55,1695.45,48,13.099999999999909,True,1,1,0
XAUUSD,NY,2021-03-31,Wednesday,1688.82,1678.56,48,10.259999999999991,True,2,2,0
XAUUSD,NY,2021-04-01,Thursday,1719.96,1710.14,48,9.819999999999936,True,0,0,0
XAUUSD,NY,2021-04-05,Monday,1728.05,1721.31,48,6.740000000000009,True,4,4,0
XAUUSD,NY,2021-04-06,Tuesday,1738.65,1727.78,48,10.870000000000118,True,3,3,0
XAUUSD,NY,2021-04-07,Wednesday,1742.36,1736.21,48,6.149999999999864,True,2,2,0
XAUUSD,NY,2021-04-08,Thursday,1747.65,1738.66,48,8.990000000000009,True,2,2,0
XAUUSD,NY,2021-04-09,Friday,1753.61,1744.08,48,9.529999999999973,True,1,1,0
XAUUSD,NY,2021-04-12,Monday,1742.14,1735.24,48,6.900000000000091,True,4,4,0
XAUUSD,NY,2021-04-13,Tuesday,1732.22,1723.73,48,8.490000000000009,True,0,0,0
XAUUSD,NY,2021-04-14,Wednesday,1748.76,1740.8,48,7.960000000000036,True,0,0,0
XAUUSD,NY,2021-04-15,Thursday,1747.93,1737.88,48,10.049999999999955,True,3,3,0
XAUUSD,NY,2021-04-16,Friday,1766.27,1761.53,48,4.740000000000009,True,2,2,0
XAUUSD,NY,2021-04-19,Monday,1787.3,1775.36,48,11.940000000000055,True,4,4,0
XAUUSD,NY,2021-04-20,Tuesday,1774.32,1767.25,48,7.069999999999936,True,3,3,0
XAUUSD,NY,2021-04-21,Wednesday,1788.4,1780.36,48,8.040000000000191,True,1,1,0
XAUUSD,NY,2021-04-22,Thursday,1794.71,1788.22,48,6.490000000000009,True,3,3,0
XAUUSD,NY,2021-04-23,Friday,1787.02,1781.61,48,5.410000000000082,True,2,2,0
XAUUSD,NY,2021-04-26,Monday,1783.54,1774.97,48,8.569999999999936,True,1,1,0
XAUUSD,NY,2021-04-27,Tuesday,1783.42,1777.85,48,5.570000000000164,True,2,2,0
XAUUSD,NY,2021-04-28,Wednesday,1772.1,1766.22,48,5.879999999999882,True,4,4,0
XAUUSD,NY,2021-04-29,Thursday,1785.98,1777.17,48,8.809999999999945,True,2,2,0
XAUUSD,NY,2021-04-30,Friday,1773.26,1766.21,48,7.0499999999999545,True,1,1,0
XAUUSD,NY,2021-05-03,Monday,1781.52,1772.33,48,9.190000000000055,True,0,0,0
XAUUSD,NY,2021-05-04,Tuesday,1789.84,1783.96,48,5.879999999999882,True,6,6,0
XAUUSD,NY,2021-05-05,Wednesday,1782.91,1775.42,48,7.490000000000009,True,3,3,0
XAUUSD,NY,2021-05-06,Thursday,1795.58,1787.9,48,7.679999999999836,True,1,1,0
XAUUSD,NY,2021-05-07,Friday,1821.63,1817.32,48,4.310000000000173,True,1,1,0
XAUUSD,NY,2021-05-10,Monday,1839.18,1831.9,48,7.279999999999973,True,4,4,0
XAUUSD,NY,2021-05-11,Tuesday,1838.12,1832.66,48,5.459999999999809,True,2,2,0
XAUUSD,NY,2021-05-12,Wednesday,1835.65,1826.85,48,8.800000000000182,True,1,1,0
XAUUSD,NY,2021-05-13,Thursday,1822.31,1814.19,48,8.11999999999989,True,4,4,0
XAUUSD,NY,2021-05-14,Friday,1836.32,1822.09,48,14.230000000000018,True,4,4,0
XAUUSD,NY,2021-05-17,Monday,1855.39,1851.31,48,4.080000000000155,True,2,2,0
XAUUSD,NY,2021-05-18,Tuesday,1871.58,1866.76,48,4.819999999999936,True,2,2,0
XAUUSD,NY,2021-05-19,Wednesday,1873.98,1865.98,48,8.0,True,1,1,0
XAUUSD,NY,2021-05-20,Thursday,1879.05,1870.59,48,8.460000000000036,True,2,2,0
XAUUSD,NY,2021-05-21,Friday,1877.03,1872.67,48,4.3599999999999,True,2,2,0
XAUUSD,NY,2021-05-24,Monday,1886.3,1880.85,48,5.4500000000000455,True,1,1,0
XAUUSD,NY,2021-05-25,Tuesday,1887.25,1873.31,48,13.940000000000055,True,0,0,0
XAUUSD,NY,2021-05-26,Wednesday,1910.21,1900.53,48,9.680000000000064,True,2,2,0
XAUUSD,NY,2021-05-27,Thursday,1903.65,1896.57,48,7.080000000000155,True,3,3,0
XAUUSD,NY,2021-05-28,Friday,1894.3,1887.96,48,6.339999999999918,True,2,2,0
XAUUSD,NY,2021-05-31,Monday,1908.53,1903.46,48,5.069999999999936,True,2,2,0
XAUUSD,NY,2021-06-01,Tuesday,1916.59,1909.86,48,6.730000000000018,True,2,2,0
XAUUSD,NY,2021-06-02,Wednesday,1900.79,1895.16,48,5.629999999999882,True,1,1,0
XAUUSD,NY,2021-06-03,Thursday,1905.05,1890.69,48,14.3599999999999,True,1,1,0
XAUUSD,NY,2021-06-04,Friday,1875.1,1865.64,48,9.459999999999809,True,0,0,0
XAUUSD,NY,2021-06-07,Monday,1887.54,1881.56,48,5.980000000000018,True,1,1,0
XAUUSD,NY,2021-06-08,Tuesday,1898.41,1892.56,48,5.850000000000136,True,3,3,0
XAUUSD,NY,2021-06-09,Wednesday,1895.64,1889.57,48,6.070000000000164,True,3,3,0
XAUUSD,NY,2021-06-10,Thursday,1887.95,1876.58,47,11.370000000000118,False,0,0,0
XAUUSD,NY,2021-06-11,Friday,1903.04,1898.35,48,4.690000000000055,True,0,0,0
XAUUSD,NY,2021-06-14,Monday,1866.14,1856.88,48,9.259999999999991,True,3,3,0
XAUUSD,NY,2021-06-15,Tuesday,1869.16,1863.43,48,5.730000000000018,True,2,2,0
XAUUSD,NY,2021-06-16,Wednesday,1861.61,1856.97,48,4.639999999999873,True,1,1,0
XAUUSD,NY,2021-06-17,Thursday,1822.27,1805.33,48,16.940000000000055,True,1,1,0
XAUUSD,NY,2021-06-18,Friday,1793.6,1782.11,48,11.490000000000009,True,1,1,0
XAUUSD,NY,2021-06-21,Monday,1780.07,1766.42,48,13.649999999999864,True,1,1,0
XAUUSD,NY,2021-06-22,Tuesday,1789.15,1776.99,48,12.160000000000082,True,3,3,0
XAUUSD,NY,2021-06-23,Wednesday,1783.41,1777.64,48,5.769999999999982,True,5,5,0
XAUUSD,NY,2021-06-24,Thursday,1778.26,1772.9,48,5.3599999999999,True,1,1,0
XAUUSD,NY,2021-06-25,Friday,1783.37,1775.74,48,7.629999999999882,True,2,2,0
XAUUSD,NY,2021-06-28,Monday,1785.84,1778.93,48,6.9099999999998545,True,2,2,0
XAUUSD,NY,2021-06-29,Tuesday,1778.92,1772.48,48,6.440000000000055,True,1,1,0
XAUUSD,NY,2021-06-30,Wednesday,1762.59,1755.6,48,6.990000000000009,True,2,2,0
XAUUSD,NY,2021-07-01,Thursday,1779.07,1773.16,48,5.9099999999998545,True,2,2,0
XAUUSD,NY,2021-07-02,Friday,1779.7,1774.29,48,5.410000000000082,True,0,0,0
XAUUSD,NY,2021-07-05,Monday,1793.11,1784.69,48,8.419999999999845,True,1,1,0
XAUUSD,NY,2021-07-06,Tuesday,1809.16,1797.39,48,11.769999999999982,True,3,3,0
XAUUSD,NY,2021-07-07,Wednesday,1806.72,1797.33,48,9.3900000000001,True,6,6,0
XAUUSD,NY,2021-07-08,Thursday,1810.98,1796.29,48,14.690000000000055,True,3,3,0
XAUUSD,NY,2021-07-09,Friday,1806.01,1796.67,48,9.339999999999918,True,1,1,0
XAUUSD,NY,2021-07-12,Monday,1806.25,1798.94,48,7.309999999999945,True,2,2,0
XAUUSD,NY,2021-07-13,Tuesday,1812.37,1806.12,48,6.25,True,4,4,0
XAUUSD,NY,2021-07-14,Wednesday,1815.1,1809.87,48,5.230000000000018,True,0,0,0
XAUUSD,NY,2021-07-15,Thursday,1834.14,1825.53,48,8.610000000000127,True,4,4,0
XAUUSD,NY,2021-07-16,Friday,1827.91,1820.98,48,6.930000000000064,True,1,1,0
XAUUSD,NY,2021-07-19,Monday,1815.39,1802.66,48,12.730000000000018,True,3,3,0
XAUUSD,NY,2021-07-20,Tuesday,1818.14,1813.56,48,4.580000000000155,True,2,2,0
XAUUSD,NY,2021-07-21,Wednesday,1813.75,1806.09,48,7.660000000000082,True,1,1,0
XAUUSD,NY,2021-07-22,Thursday,1803.29,1797.29,48,6.0,True,2,2,0
XAUUSD,NY,2021-07-23,Friday,1810.32,1801.34,48,8.980000000000018,True,1,1,0
XAUUSD,NY,2021-07-26,Monday,1811.49,1804.55,48,6.940000000000055,True,1,1,0
XAUUSD,NY,2021-07-27,Tuesday,1801.18,1793.68,48,7.5,True,1,1,0
XAUUSD,NY,2021-07-28,Wednesday,1807.08,1801.86,48,5.220000000000027,True,2,2,0
XAUUSD,NY,2021-07-29,Thursday,1819.85,1814.54,48,5.309999999999945,True,0,0,0
XAUUSD,NY,2021-07-30,Friday,1831.34,1825.93,48,5.4099999999998545,True,1,1,0
XAUUSD,NY,2021-08-02,Monday,1813.36,1806.73,48,6.629999999999882,True,1,1,0
XAUUSD,NY,2021-08-03,Tuesday,1812.56,1808.29,48,4.269999999999982,True,3,3,0
XAUUSD,NY,2021-08-04,Wednesday,1815.19,1812.03,48,3.160000000000082,True,5,4,1
XAUUSD,NY,2021-08-05,Thursday,1814.62,1808.45,48,6.169999999999845,True,0,0,0
XAUUSD,NY,2021-08-06,Friday,1802.01,1797.29,48,4.720000000000027,True,1,1,0
XAUUSD,NY,2021-08-09,Monday,1752.57,1737.43,48,15.139999999999873,True,1,1,0
XAUUSD,NY,2021-08-10,Tuesday,1738.31,1732.74,48,5.569999999999936,True,2,2,0
XAUUSD,NY,2021-08-11,Wednesday,1734.7,1729.07,48,5.630000000000109,True,0,0,0
XAUUSD,NY,2021-08-12,Thursday,1758.18,1750.56,48,7.620000000000118,True,3,3,0
XAUUSD,NY,2021-08-13,Friday,1760.33,1754.48,48,5.849999999999909,True,2,2,0
XAUUSD,NY,2021-08-16,Monday,1777.62,1771.87,48,5.75,True,1,1,0
XAUUSD,NY,2021-08-17,Tuesday,1795.32,1785.49,48,9.829999999999927,True,2,2,0
XAUUSD,NY,2021-08-18,Wednesday,1793.81,1787.92,48,5.889999999999873,True,3,3,0
XAUUSD,NY,2021-08-19,Thursday,1782.84,1775.72,48,7.119999999999891,True,1,1,0
XAUUSD,NY,2021-08-20,Friday,1788.46,1784.03,48,4.430000000000064,True,3,3,0
XAUUSD,NY,2021-08-23,Monday,1788.48,1784.25,48,4.230000000000018,True,1,1,0
XAUUSD,NY,2021-08-24,Tuesday,1805.09,1800.75,48,4.339999999999918,True,5,5,0
XAUUSD,NY,2021-08-25,Wednesday,1797.52,1791.81,48,5.710000000000036,True,2,2,0
XAUUSD,NY,2021-08-26,Thursday,1788.27,1783.72,48,4.5499999999999545,True,4,4,0
XAUUSD,NY,2021-08-27,Friday,1805.16,1797.68,48,7.480000000000018,True,2,2,0
XAUUSD,NY,2021-08-30,Monday,1818.18,1812.79,48,5.3900000000001,True,3,3,0
XAUUSD,NY,2021-08-31,Tuesday,1819.21,1814.41,48,4.7999999999999545,True,6,5,1
XAUUSD,NY,2021-09-01,Wednesday,1817.03,1811.07,48,5.960000000000036,True,2,2,0
XAUUSD,NY,2021-09-02,Thursday,1815.36,1810.75,48,4.6099999999999,True,5,5,0
XAUUSD,NY,2021-09-03,Friday,1814.43,1810.68,48,3.75,True,1,1,0
XAUUSD,NY,2021-09-06,Monday,1828.35,1825.51,48,2.839999999999918,True,1,1,0
XAUUSD,NY,2021-09-07,Tuesday,1823.34,1815.66,48,7.679999999999836,True,0,0,0
XAUUSD,NY,2021-09-08,Wednesday,1801.26,1794.26,48,7.0,True,1,1,0
XAUUSD,NY,2021-09-09,Thursday,1792.88,1786.62,48,6.260000000000218,True,1,1,0
XAUUSD,NY,2021-09-10,Friday,1803.87,1796.21,48,7.6599999999998545,True,2,2,0
XAUUSD,NY,2021-09-13,Monday,1793.67,1786.96,48,6.710000000000036,True,2,2,0
XAUUSD,NY,2021-09-14,Tuesday,1794.87,1790.2,48,4.669999999999845,True,3,2,1
XAUUSD,NY,2021-09-15,Wednesday,1804.32,1799.63,48,4.689999999999827,True,2,2,0
XAUUSD,NY,2021-09-16,Thursday,1792.23,1782.79,48,9.440000000000055,True,1,1,0
XAUUSD,NY,2021-09-17,Friday,1765.43,1757.89,48,7.539999999999964,True,2,2,0
XAUUSD,NY,2021-09-20,Monday,1754.84,1744.97,48,9.86999999999989,True,1,1,0
XAUUSD,NY,2021-09-21,Tuesday,1763.77,1757.89,48,5.879999999999882,True,0,0,0
XAUUSD,NY,2021-09-22,Wednesday,1780.35,1775.84,48,4.509999999999991,True,3,2,1
XAUUSD,NY,2021-09-23,Thursday,1767.27,1760.32,48,6.9500000000000455,True,2,2,0
XAUUSD,NY,2021-09-24,Friday,1756.52,1750.32,48,6.2000000000000455,True,4,3,0
XAUUSD,NY,2021-09-27,Monday,1760.8,1753.93,48,6.869999999999891,True,1,1,0
XAUUSD,NY,2021-09-28,Tuesday,1751.84,1735.93,48,15.909999999999854,True,2,2,0
XAUUSD,NY,2021-09-29,Wednesday,1742.17,1736.73,48,5.440000000000055,True,2,2,0
XAUUSD,NY,2021-09-30,Thursday,1733.67,1726.26,48,7.410000000000082,True,2,2,0
XAUUSD,NY,2021-10-01,Friday,1757.27,1750.94,48,6.329999999999927,True,4,4,0
XAUUSD,NY,2021-10-04,Monday,1762.74,1753.07,48,9.670000000000073,True,2,2,0
XAUUSD,NY,2021-10-05,Tuesday,1761.02,1755.26,48,5.759999999999991,True,4,4,0
XAUUSD,NY,2021-10-06,Wednesday,1755.68,1747.33,48,8.350000000000136,True,3,3,0
XAUUSD,NY,2021-10-07,Thursday,1766.96,1756.05,48,10.910000000000082,True,2,2,0
XAUUSD,NY,2021-10-08,Friday,1760.32,1754.41,48,5.9099999999998545,True,1,1,0
XAUUSD,NY,2021-10-11,Monday,1757.76,1753.46,48,4.2999999999999545,True,3,3,0
XAUUSD,NY,2021-10-12,Tuesday,1762.64,1756.54,48,6.100000000000136,True,5,5,0
XAUUSD,NY,2021-10-13,Wednesday,1765.76,1760.78,48,4.980000000000018,True,3,2,1
XAUUSD,NY,2021-10-14,Thursday,1795.08,1788.28,48,6.7999999999999545,True,2,2,0
XAUUSD,NY,2021-10-15,Friday,1795.36,1785.47,48,9.889999999999873,True,0,0,0
XAUUSD,NY,2021-10-18,Monday,1769.46,1761.93,48,7.529999999999973,True,4,4,0
XAUUSD,NY,2021-10-19,Tuesday,1782.9,1773.69,48,9.210000000000036,True,3,3,0
XAUUSD,NY,2021-10-20,Wednesday,1778.05,1773.33,48,4.720000000000027,True,1,1,0
XAUUSD,NY,2021-10-21,Thursday,1787.6,1780.9,48,6.699999999999818,True,2,2,0
XAUUSD,NY,2021-10-22,Friday,1794.55,1786.1,48,8.450000000000045,True,3,2,1
XAUUSD,NY,2021-10-25,Monday,1801.17,1796.04,48,5.130000000000109,True,2,2,0
XAUUSD,NY,2021-10-26,Tuesday,1806.57,1800.08,48,6.490000000000009,True,1,1,0
XAUUSD,NY,2021-10-27,Wednesday,1791.71,1785.45,48,6.259999999999991,True,3,3,0
XAUUSD,NY,2021-10-28,Thursday,1804.13,1798.57,48,5.560000000000173,True,3,3,0
XAUUSD,NY,2021-10-29,Friday,1798.22,1793.02,48,5.2000000000000455,True,2,2,0
XAUUSD,NY,2021-11-01,Monday,1787.77,1781.25,48,6.519999999999982,True,2,2,0
XAUUSD,NY,2021-11-02,Tuesday,1796.38,1791.02,48,5.360000000000127,True,4,4,0
XAUUSD,NY,2021-11-03,Wednesday,1783.38,1778.25,48,5.130000000000109,True,4,4,0
XAUUSD,NY,2021-11-04,Thursday,1775.99,1770.83,48,5.160000000000082,True,1,1,0
XAUUSD,NY,2021-11-05,Friday,1798.44,1792.62,48,5.820000000000164,True,3,3,0
XAUUSD,NY,2021-11-08,Monday,1821.51,1812.44,48,9.069999999999936,True,2,2,0
XAUUSD,NY,2021-11-09,Tuesday,1827.15,1819.18,48,7.970000000000027,True,3,3,0
XAUUSD,NY,2021-11-10,Wednesday,1827.21,1822.98,48,4.230000000000018,True,1,1,0
XAUUSD,NY,2021-11-11,Thursday,1864.31,1848.94,48,15.36999999999989,True,2,2,0
XAUUSD,NY,2021-11-12,Friday,1860.12,1852.37,48,7.75,True,2,2,0
XAUUSD,NY,2021-11-15,Monday,1863.52,1856.33,48,7.190000000000055,True,2,2,0
XAUUSD,NY,2021-11-16,Tuesday,1874.38,1862.28,48,12.100000000000136,True,3,3,0
XAUUSD,NY,2021-11-17,Wednesday,1860.17,1851.99,48,8.180000000000064,True,2,2,0
XAUUSD,NY,2021-11-18,Thursday,1869.75,1862.6,48,7.150000000000091,True,2,2,0
XAUUSD,NY,2021-11-19,Friday,1863.5,1853.77,48,9.730000000000018,True,1,1,0
XAUUSD,NY,2021-11-22,Monday,1848.66,1840.21,48,8.450000000000045,True,2,2,0
XAUUSD,NY,2021-11-23,Tuesday,1809.88,1798.87,48,11.010000000000218,True,0,0,0
XAUUSD,NY,2021-11-24,Wednesday,1796.41,1790.4,48,6.009999999999991,True,2,2,0
XAUUSD,NY,2021-11-25,Thursday,1795.15,1791.49,48,3.660000000000082,True,4,4,0
XAUUSD,NY,2021-11-26,Friday,1808.97,1795.25,48,13.720000000000027,True,3,3,0
XAUUSD,NY,2021-11-29,Monday,1799.27,1791.97,48,7.2999999999999545,True,2,2,0
XAUUSD,NY,2021-11-30,Tuesday,1795.9,1787.98,48,7.920000000000073,True,3,3,0
XAUUSD,NY,2021-12-01,Wednesday,1794.22,1776.67,48,17.549999999999955,True,0,0,0
XAUUSD,NY,2021-12-02,Thursday,1778.86,1772.7,41,6.1599999999998545,False,0,0,0
XAUUSD,NY,2021-12-03,Friday,1776.45,1767.5,48,8.950000000000045,True,2,2,0
XAUUSD,NY,2021-12-06,Monday,1786.06,1779.24,48,6.819999999999936,True,5,5,0
XAUUSD,NY,2021-12-07,Tuesday,1784.6,1777.07,48,7.529999999999973,True,1,1,0
XAUUSD,NY,2021-12-08,Wednesday,1791.6,1785.79,48,5.809999999999945,True,2,2,0
XAUUSD,NY,2021-12-09,Thursday,1787.71,1782.69,48,5.019999999999982,True,2,2,0
XAUUSD,NY,2021-12-10,Friday,1778.59,1770.49,48,8.099999999999909,True,1,1,0
XAUUSD,NY,2021-12-13,Monday,1787.85,1783.35,48,4.5,True,2,2,0
XAUUSD,NY,2021-12-14,Tuesday,1788.45,1782.04,48,6.410000000000082,True,0,0,0
XAUUSD,NY,2021-12-15,Wednesday,1770.73,1766.8,48,3.9300000000000637,True,6,6,0
XAUUSD,NY,2021-12-16,Thursday,1786.99,1780.96,48,6.029999999999973,True,3,3,0
XAUUSD,NY,2021-12-17,Friday,1809.9,1802.08,48,7.820000000000164,True,1,1,0
XAUUSD,NY,2021-12-20,Monday,1804.14,1797.39,48,6.75,True,4,4,0
XAUUSD,NY,2021-12-21,Tuesday,1798.27,1788.87,48,9.400000000000091,True,2,2,0
XAUUSD,NY,2021-12-22,Wednesday,1789.8,1785.88,48,3.9199999999998454,True,2,2,0
XAUUSD,NY,2021-12-23,Thursday,1808.3,1804.83,48,3.4700000000000273,True,8,7,1
XAUUSD,NY,2021-12-27,Monday,1810.65,1805.92,48,4.730000000000018,True,4,4,0
XAUUSD,NY,2021-12-28,Tuesday,1816.03,1810.0,48,6.029999999999973,True,2,2,0
XAUUSD,NY,2021-12-29,Wednesday,1807.46,1802.17,48,5.289999999999964,True,1,1,0
XAUUSD,NY,2021-12-30,Thursday,1801.87,1796.18,48,5.689999999999827,True,3,3,0
XAUUSD,NY,2021-12-31,Friday,1820.26,1815.15,48,5.1099999999999,True,1,1,0
XAUUSD,NY,2022-01-03,Monday,1825.79,1821.05,48,4.740000000000009,True,1,1,0
XAUUSD,NY,2022-01-04,Tuesday,1807.43,1803.24,48,4.190000000000055,True,2,2,0
XAUUSD,NY,2022-01-05,Wednesday,1817.6,1812.5,48,5.099999999999909,True,2,2,0
XAUUSD,NY,2022-01-06,Thursday,1807.55,1794.71,48,12.839999999999918,True,3,3,0
XAUUSD,NY,2022-01-07,Friday,1792.88,1787.82,48,5.060000000000173,True,2,2,0
XAUUSD,NY,2022-01-10,Monday,1796.47,1791.34,48,5.130000000000109,True,1,1,0
XAUUSD,NY,2022-01-11,Tuesday,1810.22,1805.72,48,4.5,True,3,3,0
XAUUSD,NY,2022-01-12,Wednesday,1821.54,1814.72,48,6.819999999999936,True,1,1,0
XAUUSD,NY,2022-01-13,Thursday,1828.18,1820.69,48,7.490000000000009,True,4,4,0
XAUUSD,NY,2022-01-14,Friday,1829.22,1824.29,48,4.930000000000064,True,2,2,0
XAUUSD,NY,2022-01-17,Monday,1823.17,1818.26,48,4.910000000000082,True,2,2,0
XAUUSD,NY,2022-01-18,Tuesday,1818.28,1812.05,48,6.230000000000018,True,2,2,0
XAUUSD,NY,2022-01-19,Wednesday,1816.09,1811.26,48,4.829999999999927,True,1,1,0
XAUUSD,NY,2022-01-20,Thursday,1842.16,1838.49,48,3.6700000000000728,True,4,4,0
XAUUSD,NY,2022-01-21,Friday,1842.8,1828.49,48,14.309999999999945,True,0,0,0
XAUUSD,NY,2022-01-24,Monday,1841.74,1836.49,48,5.25,True,3,3,0
XAUUSD,NY,2022-01-25,Tuesday,1843.35,1838.73,48,4.619999999999891,True,4,3,1
XAUUSD,NY,2022-01-26,Wednesday,1848.71,1843.79,48,4.920000000000073,True,1,1,0
XAUUSD,NY,2022-01-27,Thursday,1816.47,1809.59,48,6.880000000000109,True,2,2,0
XAUUSD,NY,2022-01-28,Friday,1798.84,1791.84,48,7.0,True,1,1,0
XAUUSD,NY,2022-01-31,Monday,1792.46,1786.04,48,6.420000000000073,True,2,2,0
XAUUSD,NY,2022-02-01,Tuesday,1804.94,1799.32,48,5.620000000000118,True,2,2,0
XAUUSD,NY,2022-02-02,Wednesday,1800.17,1794.41,48,5.759999999999991,True,1,1,0
XAUUSD,NY,2022-02-03,Thursday,1806.85,1802.76,48,4.089999999999918,True,4,3,1
XAUUSD,NY,2022-02-04,Friday,1810.01,1805.86,48,4.150000000000091,True,1,1,0
XAUUSD,NY,2022-02-07,Monday,1814.12,1808.74,48,5.379999999999882,True,1,1,0
XAUUSD,NY,2022-02-08,Tuesday,1821.59,1815.46,48,6.129999999999882,True,1,1,0
XAUUSD,NY,2022-02-09,Wednesday,1829.12,1825.77,48,3.349999999999909,True,1,1,0
XAUUSD,NY,2022-02-10,Thursday,1836.15,1830.47,48,5.680000000000064,True,1,1,0
XAUUSD,NY,2022-02-11,Friday,1827.62,1820.98,48,6.639999999999873,True,2,2,0
XAUUSD,NY,2022-02-14,Monday,1858.49,1850.81,48,7.680000000000064,True,0,0,0
XAUUSD,NY,2022-02-15,Tuesday,1879.49,1857.43,48,22.059999999999945,True,2,2,0
XAUUSD,NY,2022-02-16,Wednesday,1857.62,1852.29,48,5.329999999999927,True,3,3,0
XAUUSD,NY,2022-02-17,Thursday,1890.95,1870.58,48,20.37000000000012,True,3,3,0
XAUUSD,NY,2022-02-18,Friday,1895.86,1889.93,48,5.929999999999836,True,2,2,0
XAUUSD,NY,2022-02-21,Monday,1897.73,1887.66,48,10.069999999999936,True,3,3,0
XAUUSD,NY,2022-02-22,Tuesday,1913.42,1895.79,48,17.63000000000011,True,5,5,0
XAUUSD,NY,2022-02-23,Wednesday,1898.39,1892.12,48,6.270000000000209,True,1,1,0
XAUUSD,NY,2022-02-24,Thursday,1946.16,1933.78,48,12.38000000000011,True,1,1,0
XAUUSD,NY,2022-02-25,Friday,1921.3,1908.96,48,12.339999999999918,True,1,1,0
XAUUSD,NY,2022-02-28,Monday,1911.97,1893.17,48,18.799999999999955,True,2,2,0
XAUUSD,NY,2022-03-01,Tuesday,1914.15,1904.62,48,9.5300000000002,True,1,1,0
XAUUSD,NY,2022-03-02,Wednesday,1947.94,1931.79,48,16.15000000000009,True,1,1,0
XAUUSD,NY,2022-03-03,Thursday,1935.04,1922.05,48,12.990000000000009,True,5,5,0
XAUUSD,NY,2022-03-04,Friday,1940.28,1933.99,48,6.289999999999964,True,0,0,0
XAUUSD,NY,2022-03-07,Monday,1998.6,1976.04,48,22.559999999999945,True,3,3,0
XAUUSD,NY,2022-03-08,Tuesday,2020.91,1989.17,48,31.74000000000001,True,0,0,0
XAUUSD,NY,2022-03-09,Wednesday,2057.24,2038.29,48,18.949999999999818,True,0,0,0
XAUUSD,NY,2022-03-10,Thursday,1988.98,1974.42,48,14.559999999999945,True,1,1,0
XAUUSD,NY,2022-03-11,Friday,1994.83,1981.01,48,13.819999999999936,True,2,2,0
XAUUSD,NY,2022-03-14,Monday,1978.58,1971.29,48,7.289999999999964,True,1,1,0
XAUUSD,NY,2022-03-15,Tuesday,1942.36,1924.98,48,17.37999999999988,True,3,3,0
XAUUSD,NY,2022-03-16,Wednesday,1920.16,1912.57,48,7.5900000000001455,True,4,3,1
XAUUSD,NY,2022-03-17,Thursday,1937.37,1930.07,48,7.2999999999999545,True,3,3,0
XAUUSD,NY,2022-03-18,Friday,1936.2,1930.06,48,6.1400000000001,True,3,3,0
XAUUSD,NY,2022-03-21,Monday,1928.93,1922.01,48,6.920000000000073,True,2,2,0
XAUUSD,NY,2022-03-22,Tuesday,1938.4,1932.31,48,6.0900000000001455,True,0,0,0
XAUUSD,NY,2022-03-23,Wednesday,1922.48,1916.87,48,5.610000000000127,True,0,0,0
XAUUSD,NY,2022-03-24,Thursday,1944.03,1937.4,48,6.629999999999882,True,2,2,0
XAUUSD,NY,2022-03-25,Friday,1962.52,1953.25,48,9.269999999999982,True,2,2,0
XAUUSD,NY,2022-03-28,Monday,1944.94,1931.64,48,13.299999999999955,True,1,1,0
XAUUSD,NY,2022-03-29,Tuesday,1925.31,1918.9,48,6.4099999999998545,True,3,3,0
XAUUSD,NY,2022-03-30,Wednesday,1928.34,1920.67,48,7.669999999999845,True,5,5,0
XAUUSD,NY,2022-03-31,Thursday,1933.86,1919.18,48,14.679999999999836,True,2,2,0
XAUUSD,NY,2022-04-01,Friday,1939.52,1929.44,48,10.079999999999927,True,2,2,0
XAUUSD,NY,2022-04-04,Monday,1931.05,1915.55,48,15.5,True,4,4,0
XAUUSD,NY,2022-04-05,Tuesday,1933.55,1926.47,48,7.079999999999927,True,2,2,0
XAUUSD,NY,2022-04-06,Wednesday,1924.37,1915.1,48,9.269999999999982,True,1,1,0
XAUUSD,NY,2022-04-07,Thursday,1928.18,1920.55,48,7.630000000000109,True,2,2,0
XAUUSD,NY,2022-04-08,Friday,1932.99,1927.71,48,5.279999999999973,True,2,2,0
XAUUSD,NY,2022-04-11,Monday,1946.96,1939.97,48,6.990000000000009,True,1,1,0
XAUUSD,NY,2022-04-12,Tuesday,1960.41,1952.88,48,7.529999999999973,True,2,2,0
XAUUSD,NY,2022-04-13,Wednesday,1973.59,1965.7,48,7.889999999999873,True,0,0,0
XAUUSD,NY,2022-04-14,Thursday,1978.38,1970.73,48,7.650000000000091,True,2,2,0
XAUUSD,NY,2022-04-18,Monday,1992.71,1983.38,48,9.329999999999927,True,5,5,0
XAUUSD,NY,2022-04-19,Tuesday,1980.82,1972.75,48,8.069999999999936,True,1,1,0
XAUUSD,NY,2022-04-20,Wednesday,1946.74,1939.35,48,7.3900000000001,True,2,2,0
XAUUSD,NY,2022-04-21,Thursday,1954.04,1949.67,48,4.369999999999891,True,1,1,0
XAUUSD,NY,2022-04-22,Friday,1955.62,1949.75,48,5.869999999999891,True,1,1,0
XAUUSD,NY,2022-04-25,Monday,1924.43,1912.24,48,12.190000000000055,True,0,0,0
XAUUSD,NY,2022-04-26,Tuesday,1907.45,1895.7,48,11.75,True,2,2,0
XAUUSD,NY,2022-04-27,Wednesday,1903.5,1895.93,48,7.569999999999936,True,1,1,0
XAUUSD,NY,2022-04-28,Thursday,1886.76,1872.04,48,14.720000000000027,True,3,3,0
XAUUSD,NY,2022-04-29,Friday,1917.85,1903.46,48,14.389999999999873,True,3,3,0
XAUUSD,NY,2022-05-02,Monday,1888.56,1882.73,48,5.829999999999927,True,0,0,0
XAUUSD,NY,2022-05-03,Tuesday,1864.56,1853.46,48,11.099999999999909,True,4,4,0
XAUUSD,NY,2022-05-04,Wednesday,1871.92,1861.45,48,10.470000000000027,True,1,1,0
XAUUSD,NY,2022-05-05,Thursday,1902.29,1891.73,48,10.559999999999945,True,2,2,0
XAUUSD,NY,2022-05-06,Friday,1877.91,1873.06,48,4.850000000000136,True,2,1,1
XAUUSD,NY,2022-05-09,Monday,1876.21,1866.52,48,9.690000000000055,True,2,2,0
XAUUSD,NY,2022-05-10,Tuesday,1865.46,1859.38,48,6.079999999999927,True,2,2,0
XAUUSD,NY,2022-05-11,Wednesday,1851.19,1835.92,48,15.269999999999982,True,3,3,0
XAUUSD,NY,2022-05-12,Thursday,1854.16,1844.0,48,10.160000000000082,True,1,1,0
XAUUSD,NY,2022-05-13,Friday,1828.82,1821.36,48,7.460000000000036,True,0,0,0
XAUUSD,NY,2022-05-16,Monday,1811.27,1791.41,44,19.8599999999999,False,0,0,0
XAUUSD,NY,2022-05-17,Tuesday,1830.33,1822.69,48,7.639999999999873,True,1,1,0
XAUUSD,NY,2022-05-18,Wednesday,1816.68,1807.93,48,8.75,True,4,4,0
XAUUSD,NY,2022-05-19,Thursday,1817.45,1810.96,48,6.490000000000009,True,0,0,0
XAUUSD,NY,2022-05-20,Friday,1849.43,1840.96,48,8.470000000000027,True,1,1,0
XAUUSD,NY,2022-05-23,Monday,1858.23,1852.07,48,6.160000000000082,True,1,1,0
XAUUSD,NY,2022-05-24,Tuesday,1860.06,1850.32,48,9.740000000000009,True,2,2,0
XAUUSD,NY,2022-05-25,Wednesday,1863.38,1855.96,48,7.420000000000073,True,3,3,0
XAUUSD,NY,2022-05-26,Thursday,1851.59,1842.94,48,8.649999999999864,True,4,4,0
XAUUSD,NY,2022-05-27,Friday,1858.56,1851.98,48,6.579999999999927,True,2,2,0
XAUUSD,NY,2022-05-30,Monday,1864.0,1858.48,48,5.519999999999982,True,2,2,0
XAUUSD,NY,2022-05-31,Tuesday,1856.41,1851.14,48,5.269999999999982,True,2,2,0
XAUUSD,NY,2022-06-01,Wednesday,1836.88,1829.69,48,7.190000000000055,True,3,3,0
XAUUSD,NY,2022-06-02,Thursday,1853.32,1844.12,48,9.200000000000045,True,1,1,0
XAUUSD,NY,2022-06-03,Friday,1869.2,1864.36,48,4.8400000000001455,True,5,5,0
XAUUSD,NY,2022-06-06,Monday,1856.66,1851.56,48,5.100000000000136,True,1,1,0
XAUUSD,NY,2022-06-07,Tuesday,1846.36,1838.51,48,7.849999999999909,True,1,1,0
XAUUSD,NY,2022-06-08,Wednesday,1851.36,1845.58,48,5.779999999999973,True,3,3,0
XAUUSD,NY,2022-06-09,Thursday,1855.28,1848.99,48,6.289999999999964,True,4,4,0
XAUUSD,NY,2022-06-10,Friday,1847.62,1843.24,48,4.379999999999882,True,3,2,1
XAUUSD,NY,2022-06-13,Monday,1867.22,1855.7,48,11.519999999999982,True,1,1,0
XAUUSD,NY,2022-06-14,Tuesday,1831.54,1824.0,48,7.539999999999964,True,2,2,0
XAUUSD,NY,2022-06-15,Wednesday,1824.05,1813.18,48,10.86999999999989,True,1,1,0
XAUUSD,NY,2022-06-16,Thursday,1833.6,1826.5,48,7.099999999999909,True,2,2,0
XAUUSD,NY,2022-06-17,Friday,1850.05,1841.96,48,8.089999999999918,True,5,5,0
XAUUSD,NY,2022-06-20,Monday,1845.1,1839.42,48,5.679999999999836,True,3,3,0
XAUUSD,NY,2022-06-21,Tuesday,1840.85,1832.64,48,8.209999999999809,True,5,5,0
XAUUSD,NY,2022-06-22,Wednesday,1830.37,1823.89,48,6.479999999999791,True,2,2,0
XAUUSD,NY,2022-06-23,Thursday,1838.15,1831.1,48,7.050000000000182,True,3,3,0
XAUUSD,NY,2022-06-24,Friday,1831.76,1821.19,48,10.569999999999936,True,1,1,0
XAUUSD,NY,2022-06-27,Monday,1841.04,1834.42,48,6.619999999999891,True,1,1,0
XAUUSD,NY,2022-06-28,Tuesday,1829.23,1824.77,48,4.460000000000036,True,2,2,0
XAUUSD,NY,2022-06-29,Wednesday,1822.4,1815.95,48,6.4500000000000455,True,2,2,0
XAUUSD,NY,2022-06-30,Thursday,1817.82,1811.75,48,6.069999999999936,True,2,2,0
XAUUSD,NY,2022-07-01,Friday,1803.16,1792.44,48,10.720000000000027,True,1,1,0
XAUUSD,NY,2022-07-04,Monday,1813.44,1808.26,48,5.180000000000064,True,4,4,0
XAUUSD,NY,2022-07-05,Tuesday,1812.06,1805.64,48,6.419999999999845,True,0,0,0
XAUUSD,NY,2022-07-06,Wednesday,1770.26,1763.11,48,7.150000000000091,True,3,3,0
XAUUSD,NY,2022-07-07,Thursday,1747.71,1741.22,48,6.490000000000009,True,3,3,0
XAUUSD,NY,2022-07-08,Friday,1743.88,1733.28,48,10.600000000000136,True,2,2,0
XAUUSD,NY,2022-07-11,Monday,1742.75,1736.0,48,6.75,True,5,5,0
XAUUSD,NY,2022-07-12,Tuesday,1738.01,1725.52,48,12.490000000000009,True,5,5,0
XAUUSD,NY,2022-07-13,Wednesday,1728.54,1722.45,48,6.089999999999918,True,4,4,0
XAUUSD,NY,2022-07-14,Thursday,1732.26,1715.09,48,17.170000000000073,True,3,3,0
XAUUSD,NY,2022-07-15,Friday,1712.32,1700.66,48,11.659999999999854,True,2,2,0
XAUUSD,NY,2022-07-18,Monday,1720.78,1711.94,48,8.839999999999918,True,2,2,0
XAUUSD,NY,2022-07-19,Tuesday,1711.69,1707.39,48,4.2999999999999545,True,3,3,0
XAUUSD,NY,2022-07-20,Wednesday,1713.45,1706.01,48,7.440000000000055,True,1,1,0
XAUUSD,NY,2022-07-21,Thursday,1693.87,1685.28,48,8.589999999999918,True,2,2,0
XAUUSD,NY,2022-07-22,Friday,1720.43,1713.1,48,7.330000000000155,True,0,0,0
XAUUSD,NY,2022-07-25,Monday,1729.2,1723.81,48,5.3900000000001,True,2,2,0
XAUUSD,NY,2022-07-26,Tuesday,1727.91,1721.1,48,6.810000000000173,True,1,1,0
XAUUSD,NY,2022-07-27,Wednesday,1721.89,1713.62,48,8.27000000000021,True,5,5,0
XAUUSD,NY,2022-07-28,Thursday,1744.7,1735.38,48,9.319999999999936,True,2,2,0
XAUUSD,NY,2022-07-29,Friday,1767.94,1760.59,48,7.350000000000136,True,2,2,0
XAUUSD,NY,2022-08-01,Monday,1767.46,1758.36,48,9.100000000000136,True,1,1,0
XAUUSD,NY,2022-08-02,Tuesday,1776.14,1768.86,48,7.2800000000002,True,2,2,0
XAUUSD,NY,2022-08-03,Wednesday,1770.66,1765.14,48,5.519999999999982,True,3,3,0
XAUUSD,NY,2022-08-04,Thursday,1774.86,1769.13,48,5.729999999999791,True,1,1,0
XAUUSD,NY,2022-08-05,Friday,1792.94,1788.58,48,4.360000000000127,True,1,1,0
XAUUSD,NY,2022-08-08,Monday,1779.19,1771.39,48,7.7999999999999545,True,0,0,0
XAUUSD,NY,2022-08-09,Tuesday,1789.16,1783.54,48,5.620000000000118,True,2,2,0
XAUUSD,NY,2022-08-10,Wednesday,1791.83,1787.61,48,4.220000000000027,True,2,2,0
XAUUSD,NY,2022-08-11,Thursday,1788.34,1783.58,48,4.759999999999991,True,2,2,0
XAUUSD,NY,2022-08-12,Friday,1794.12,1787.32,48,6.7999999999999545,True,6,6,0
XAUUSD,NY,2022-08-15,Monday,1795.5,1786.24,48,9.259999999999991,True,0,0,0
XAUUSD,NY,2022-08-16,Tuesday,1782.2,1775.99,48,6.210000000000036,True,3,3,0
XAUUSD,NY,2022-08-17,Wednesday,1782.34,1773.47,48,8.86999999999989,True,1,1,0
XAUUSD,NY,2022-08-18,Thursday,1765.42,1760.92,48,4.5,True,1,1,0
XAUUSD,NY,2022-08-19,Friday,1757.4,1751.85,48,5.550000000000182,True,1,1,0
XAUUSD,NY,2022-08-22,Monday,1746.57,1736.56,48,10.009999999999991,True,2,2,0
XAUUSD,NY,2022-08-23,Tuesday,1738.91,1734.76,48,4.150000000000091,True,1,1,0
XAUUSD,NY,2022-08-24,Wednesday,1748.21,1744.23,48,3.980000000000018,True,3,3,0
XAUUSD,NY,2022-08-25,Thursday,1763.76,1755.48,48,8.279999999999973,True,4,4,0
XAUUSD,NY,2022-08-26,Friday,1758.8,1751.82,48,6.980000000000018,True,4,4,0
XAUUSD,NY,2022-08-29,Monday,1725.92,1720.55,48,5.370000000000118,True,2,2,0
XAUUSD,NY,2022-08-30,Tuesday,1737.0,1729.05,48,7.9500000000000455,True,0,0,0
XAUUSD,NY,2022-08-31,Wednesday,1726.55,1719.72,48,6.829999999999927,True,1,1,0
XAUUSD,NY,2022-09-01,Thursday,1708.54,1702.74,48,5.7999999999999545,True,4,4,0
XAUUSD,NY,2022-09-02,Friday,1704.56,1698.64,48,5.919999999999845,True,2,2,0
XAUUSD,NY,2022-09-05,Monday,1714.1,1708.28,48,5.819999999999936,True,1,1,0
XAUUSD,NY,2022-09-06,Tuesday,1720.79,1713.66,48,7.129999999999882,True,1,1,0
XAUUSD,NY,2022-09-07,Wednesday,1703.72,1691.42,48,12.299999999999955,True,2,2,0
XAUUSD,NY,2022-09-08,Thursday,1722.84,1713.94,48,8.899999999999864,True,4,4,0
XAUUSD,NY,2022-09-09,Friday,1729.52,1718.22,48,11.299999999999955,True,2,2,0
XAUUSD,NY,2022-09-12,Monday,1726.52,1712.0,48,14.519999999999982,True,4,4,0
XAUUSD,NY,2022-09-13,Tuesday,1725.36,1720.04,48,5.319999999999936,True,2,2,0
XAUUSD,NY,2022-09-14,Wednesday,1705.12,1698.92,48,6.199999999999818,True,3,3,0
XAUUSD,NY,2022-09-15,Thursday,1693.32,1685.68,48,7.639999999999873,True,3,3,0
XAUUSD,NY,2022-09-16,Friday,1665.51,1654.42,48,11.089999999999918,True,2,2,0
XAUUSD,NY,2022-09-19,Monday,1669.76,1659.68,48,10.079999999999927,True,1,1,0
XAUUSD,NY,2022-09-20,Tuesday,1677.26,1670.31,48,6.9500000000000455,True,1,1,0
XAUUSD,NY,2022-09-21,Wednesday,1676.29,1661.74,48,14.549999999999955,True,3,3,0
XAUUSD,NY,2022-09-22,Thursday,1663.74,1655.69,48,8.049999999999955,True,0,0,0
XAUUSD,NY,2022-09-23,Friday,1674.17,1666.36,48,7.810000000000173,True,0,0,0
XAUUSD,NY,2022-09-26,Monday,1649.82,1634.65,48,15.169999999999845,True,0,0,0
XAUUSD,NY,2022-09-27,Tuesday,1640.62,1630.98,48,9.639999999999873,True,3,3,0
XAUUSD,NY,2022-09-28,Wednesday,1625.73,1614.87,48,10.860000000000127,True,1,1,0
XAUUSD,NY,2022-09-29,Thursday,1654.56,1641.55,48,13.009999999999991,True,2,2,0
XAUUSD,NY,2022-09-30,Friday,1674.33,1661.22,48,13.1099999999999,True,3,3,0
XAUUSD,NY,2022-10-03,Monday,1668.34,1661.88,48,6.459999999999809,True,3,3,0
XAUUSD,NY,2022-10-04,Tuesday,1710.71,1697.46,48,13.25,True,2,2,0
XAUUSD,NY,2022-10-05,Wednesday,1727.82,1715.1,48,12.720000000000027,True,2,2,0
XAUUSD,NY,2022-10-06,Thursday,1725.56,1719.76,48,5.7999999999999545,True,0,0,0
XAUUSD,NY,2022-10-07,Friday,1714.08,1708.41,48,5.669999999999845,True,2,2,0
XAUUSD,NY,2022-10-10,Monday,1689.62,1682.22,48,7.399999999999864,True,2,2,0
XAUUSD,NY,2022-10-11,Tuesday,1669.68,1661.98,48,7.7000000000000455,True,3,3,0
XAUUSD,NY,2022-10-12,Wednesday,1675.43,1664.78,48,10.650000000000091,True,1,1,0
XAUUSD,NY,2022-10-13,Thursday,1672.51,1667.05,48,5.460000000000036,True,1,1,0
XAUUSD,NY,2022-10-14,Friday,1671.72,1663.66,48,8.059999999999945,True,0,0,0
XAUUSD,NY,2022-10-17,Monday,1657.47,1648.37,48,9.100000000000136,True,2,2,0
XAUUSD,NY,2022-10-18,Tuesday,1660.88,1651.34,48,9.540000000000191,True,3,3,0
XAUUSD,NY,2022-10-19,Wednesday,1649.54,1637.74,48,11.799999999999955,True,0,0,0
XAUUSD,NY,2022-10-20,Thursday,1635.08,1625.18,48,9.899999999999864,True,3,3,0
XAUUSD,NY,2022-10-21,Friday,1627.22,1617.26,48,9.960000000000036,True,0,0,0
XAUUSD,NY,2022-10-24,Monday,1658.7,1648.9,48,9.799999999999955,True,2,2,0
XAUUSD,NY,2022-10-25,Tuesday,1652.22,1644.55,48,7.670000000000073,True,2,2,0
XAUUSD,NY,2022-10-26,Wednesday,1671.56,1655.22,48,16.339999999999918,True,3,3,0
XAUUSD,NY,2022-10-27,Thursday,1669.76,1659.08,48,10.680000000000064,True,1,1,0
XAUUSD,NY,2022-10-28,Friday,1665.4,1651.42,48,13.980000000000018,True,2,2,0
XAUUSD,NY,2022-10-31,Monday,1645.68,1640.5,48,5.180000000000064,True,2,2,0
XAUUSD,NY,2022-11-01,Tuesday,1649.9,1636.52,48,13.38000000000011,True,1,1,0
XAUUSD,NY,2022-11-02,Wednesday,1653.38,1649.4,48,3.980000000000018,True,4,3,1
XAUUSD,NY,2022-11-03,Thursday,1638.96,1628.4,48,10.559999999999945,True,2,2,0
XAUUSD,NY,2022-11-04,Friday,1649.84,1638.65,48,11.189999999999827,True,2,2,0
XAUUSD,NY,2022-11-07,Monday,1676.13,1666.88,48,9.25,True,2,2,0
XAUUSD,NY,2022-11-08,Tuesday,1671.54,1666.3,48,5.240000000000009,True,3,3,0
XAUUSD,NY,2022-11-09,Wednesday,1715.84,1707.44,48,8.399999999999864,True,3,3,0
XAUUSD,NY,2022-11-10,Thursday,1712.58,1705.28,48,7.2999999999999545,True,2,2,0
XAUUSD,NY,2022-11-11,Friday,1766.15,1752.49,48,13.660000000000082,True,2,2,0
XAUUSD,NY,2022-11-14,Monday,1766.14,1757.94,48,8.200000000000045,True,2,2,0
XAUUSD,NY,2022-11-15,Tuesday,1784.49,1768.72,48,15.769999999999982,True,1,1,0
XAUUSD,NY,2022-11-16,Wednesday,1779.29,1770.98,48,8.309999999999945,True,1,1,0
XAUUSD,NY,2022-11-17,Thursday,1771.06,1761.44,48,9.61999999999989,True,2,2,0
XAUUSD,NY,2022-11-18,Friday,1766.96,1761.18,48,5.779999999999973,True,3,3,0
XAUUSD,NY,2022-11-21,Monday,1747.13,1740.58,48,6.550000000000182,True,3,3,0
XAUUSD,NY,2022-11-22,Tuesday,1746.31,1740.4,48,5.9099999999998545,True,3,3,0
XAUUSD,NY,2022-11-23,Wednesday,1745.76,1733.57,48,12.190000000000055,True,1,1,0
XAUUSD,NY,2022-11-24,Thursday,1757.63,1752.46,48,5.170000000000073,True,5,5,0
XAUUSD,NY,2022-11-25,Friday,1759.08,1750.06,48,9.019999999999982,True,2,2,0
XAUUSD,NY,2022-11-28,Monday,1759.99,1748.5,48,11.490000000000009,True,3,3,0
XAUUSD,NY,2022-11-29,Tuesday,1759.01,1751.47,48,7.539999999999964,True,2,2,0
XAUUSD,NY,2022-11-30,Wednesday,1759.81,1752.94,48,6.869999999999891,True,2,2,0
XAUUSD,NY,2022-12-01,Thursday,1783.68,1774.67,48,9.009999999999991,True,1,1,0
XAUUSD,NY,2022-12-02,Friday,1803.01,1796.3,48,6.710000000000036,True,1,1,0
XAUUSD,NY,2022-12-05,Monday,1809.43,1796.83,48,12.600000000000136,True,3,3,0
XAUUSD,NY,2022-12-06,Tuesday,1773.95,1767.34,48,6.610000000000127,True,2,2,0
XAUUSD,NY,2022-12-07,Wednesday,1775.92,1769.72,48,6.2000000000000455,True,0,0,0
XAUUSD,NY,2022-12-08,Thursday,1787.16,1782.0,48,5.160000000000082,True,3,3,0
XAUUSD,NY,2022-12-09,Friday,1797.74,1790.28,48,7.460000000000036,True,3,3,0
XAUUSD,NY,2022-12-12,Monday,1792.01,1785.52,48,6.490000000000009,True,4,4,0
XAUUSD,NY,2022-12-13,Tuesday,1788.67,1782.42,48,6.25,True,1,1,0
XAUUSD,NY,2022-12-14,Wednesday,1813.21,1806.52,48,6.690000000000055,True,3,3,0
XAUUSD,NY,2022-12-15,Thursday,1796.46,1773.81,48,22.65000000000009,True,0,0,0
XAUUSD,NY,2022-12-16,Friday,1785.0,1774.32,48,10.680000000000064,True,4,4,0
XAUUSD,NY,2022-12-19,Monday,1798.68,1790.32,48,8.360000000000127,True,2,2,0
XAUUSD,NY,2022-12-20,Tuesday,1805.48,1786.99,48,18.49000000000001,True,2,2,0
XAUUSD,NY,2022-12-21,Wednesday,1817.36,1811.84,48,5.519999999999982,True,2,2,0
XAUUSD,NY,2022-12-22,Thursday,1820.42,1813.74,48,6.680000000000064,True,0,0,0
XAUUSD,NY,2022-12-23,Friday,1798.28,1794.49,48,3.7899999999999636,True,5,5,0
XAUUSD,NY,2022-12-26,Monday,,,0,,False,0,0,0
XAUUSD,NY,2022-12-27,Tuesday,1808.48,1803.82,48,4.660000000000082,True,2,2,0
XAUUSD,NY,2022-12-28,Wednesday,1812.14,1803.05,48,9.090000000000146,True,2,2,0
XAUUSD,NY,2022-12-29,Thursday,1810.56,1804.82,48,5.740000000000009,True,4,4,0
XAUUSD,NY,2022-12-30,Friday,1822.38,1815.31,48,7.070000000000164,True,6,6,0
XAUUSD,NY,2023-01-02,Monday,,,0,,False,0,0,0
XAUUSD,NY,2023-01-03,Tuesday,1849.98,1834.59,48,15.3900000000001,True,2,2,0
XAUUSD,NY,2023-01-04,Wednesday,1865.15,1844.73,48,20.420000000000073,True,0,0,0
XAUUSD,NY,2023-01-05,Thursday,1855.72,1843.87,48,11.850000000000136,True,1,1,0
XAUUSD,NY,2023-01-06,Friday,1840.65,1835.77,48,4.880000000000109,True,1,1,0
XAUUSD,NY,2023-01-09,Monday,1880.99,1873.61,48,7.380000000000109,True,4,4,0
XAUUSD,NY,2023-01-10,Tuesday,1876.28,1870.63,48,5.649999999999864,True,4,4,0
XAUUSD,NY,2023-01-11,Wednesday,1886.1,1877.44,48,8.659999999999854,True,5,5,0
XAUUSD,NY,2023-01-12,Thursday,1885.01,1879.98,48,5.029999999999973,True,1,1,0
XAUUSD,NY,2023-01-13,Friday,1909.65,1892.35,48,17.300000000000182,True,1,1,0
XAUUSD,NY,2023-01-16,Monday,1922.38,1910.85,48,11.5300000000002,True,2,2,0
XAUUSD,NY,2023-01-17,Tuesday,1913.25,1907.0,48,6.25,True,5,5,0
XAUUSD,NY,2023-01-18,Wednesday,1914.9,1896.64,48,18.25999999999999,True,4,4,0
XAUUSD,NY,2023-01-19,Thursday,1916.77,1906.42,48,10.349999999999909,True,1,1,0
XAUUSD,NY,2023-01-20,Friday,1937.52,1923.16,48,14.3599999999999,True,1,1,0
XAUUSD,NY,2023-01-23,Monday,1929.88,1918.92,48,10.960000000000036,True,3,3,0
XAUUSD,NY,2023-01-24,Tuesday,1942.49,1932.58,48,9.910000000000082,True,1,1,0
XAUUSD,NY,2023-01-25,Wednesday,1933.77,1925.84,48,7.930000000000064,True,3,3,0
XAUUSD,NY,2023-01-26,Thursday,1949.0,1938.09,48,10.910000000000082,True,1,1,0
XAUUSD,NY,2023-01-27,Friday,1926.04,1921.43,48,4.6099999999999,True,3,3,0
XAUUSD,NY,2023-01-30,Monday,1933.75,1920.71,48,13.039999999999964,True,1,1,0
XAUUSD,NY,2023-01-31,Tuesday,1921.39,1905.14,48,16.25,True,3,3,0
XAUUSD,NY,2023-02-01,Wednesday,1929.27,1923.35,48,5.920000000000073,True,3,3,0
XAUUSD,NY,2023-02-02,Thursday,1959.78,1951.28,48,8.5,True,0,0,0
XAUUSD,NY,2023-02-03,Friday,1918.25,1910.17,48,8.079999999999927,True,2,2,0
XAUUSD,NY,2023-02-06,Monday,1881.3,1874.34,48,6.960000000000036,True,2,2,0
XAUUSD,NY,2023-02-07,Tuesday,1877.75,1871.83,48,5.920000000000073,True,4,4,0
XAUUSD,NY,2023-02-08,Wednesday,1886.34,1873.29,48,13.049999999999955,True,2,2,0
XAUUSD,NY,2023-02-09,Thursday,1885.45,1876.83,48,8.620000000000118,True,2,2,0
XAUUSD,NY,2023-02-10,Friday,1872.29,1852.73,48,19.559999999999945,True,0,0,0
XAUUSD,NY,2023-02-13,Monday,1866.65,1857.0,48,9.650000000000091,True,4,4,0
XAUUSD,NY,2023-02-14,Tuesday,1864.85,1857.79,48,7.059999999999945,True,2,2,0
XAUUSD,NY,2023-02-15,Wednesday,1847.83,1831.81,48,16.019999999999982,True,1,1,0
XAUUSD,NY,2023-02-16,Thursday,1844.8,1834.33,48,10.470000000000027,True,1,1,0
XAUUSD,NY,2023-02-17,Friday,1827.67,1818.9,48,8.769999999999982,True,4,4,0
XAUUSD,NY,2023-02-20,Monday,1847.51,1841.15,48,6.3599999999999,True,4,4,0
XAUUSD,NY,2023-02-21,Tuesday,1839.8,1831.1,48,8.700000000000045,True,3,3,0
XAUUSD,NY,2023-02-22,Wednesday,1841.18,1832.93,48,8.25,True,2,2,0
XAUUSD,NY,2023-02-23,Thursday,1833.8,1826.6,48,7.2000000000000455,True,5,5,0
XAUUSD,NY,2023-02-24,Friday,1826.34,1819.78,48,6.559999999999945,True,0,0,0
XAUUSD,NY,2023-02-27,Monday,1813.75,1807.18,48,6.569999999999936,True,2,2,0
XAUUSD,NY,2023-02-28,Tuesday,1817.04,1804.75,48,12.289999999999964,True,0,0,0
XAUUSD,NY,2023-03-01,Wednesday,1836.7,1829.88,48,6.819999999999936,True,4,4,0
XAUUSD,NY,2023-03-02,Thursday,1834.81,1829.98,48,4.829999999999927,True,2,2,0
XAUUSD,NY,2023-03-03,Friday,1845.76,1837.86,48,7.900000000000091,True,2,2,0
XAUUSD,NY,2023-03-06,Monday,1858.24,1852.44,48,5.7999999999999545,True,3,3,0
XAUUSD,NY,2023-03-07,Tuesday,1851.66,1845.41,48,6.25,True,1,1,0
XAUUSD,NY,2023-03-08,Wednesday,1815.19,1810.48,48,4.710000000000036,True,2,2,0
XAUUSD,NY,2023-03-09,Thursday,1819.07,1812.74,48,6.329999999999927,True,1,1,0
XAUUSD,NY,2023-03-10,Friday,1837.42,1828.56,48,8.860000000000127,True,0,0,0
XAUUSD,NY,2023-03-13,Monday,1883.74,1871.51,48,12.230000000000018,True,1,1,0
XAUUSD,NY,2023-03-14,Tuesday,1913.53,1901.52,48,12.009999999999991,True,3,3,0
XAUUSD,NY,2023-03-15,Wednesday,1903.45,1896.3,48,7.150000000000091,True,1,1,0
XAUUSD,NY,2023-03-16,Thursday,1920.63,1912.3,48,8.330000000000155,True,3,3,0
XAUUSD,NY,2023-03-17,Friday,1934.35,1927.28,48,7.069999999999936,True,1,1,0
XAUUSD,NY,2023-03-20,Monday,2009.8,1973.11,48,36.690000000000055,True,1,1,0
XAUUSD,NY,2023-03-21,Tuesday,1983.87,1970.32,48,13.549999999999955,True,0,0,0
XAUUSD,NY,2023-03-22,Wednesday,1943.59,1934.27,48,9.319999999999936,True,2,2,0
XAUUSD,NY,2023-03-23,Thursday,1983.64,1974.92,48,8.720000000000027,True,1,1,0
XAUUSD,NY,2023-03-24,Friday,1993.31,1985.26,48,8.049999999999955,True,3,3,0
XAUUSD,NY,2023-03-27,Monday,1975.55,1965.91,48,9.639999999999873,True,0,0,0
XAUUSD,NY,2023-03-28,Tuesday,1960.9,1951.96,48,8.940000000000055,True,2,2,0
XAUUSD,NY,2023-03-29,Wednesday,1968.92,1958.73,48,10.190000000000055,True,4,4,0
XAUUSD,NY,2023-03-30,Thursday,1971.52,1958.95,48,12.569999999999936,True,1,1,0
XAUUSD,NY,2023-03-31,Friday,1985.06,1974.87,48,10.190000000000055,True,2,2,0
XAUUSD,NY,2023-04-03,Monday,1962.02,1950.54,48,11.480000000000018,True,0,0,0
XAUUSD,NY,2023-04-04,Tuesday,1983.82,1977.02,48,6.7999999999999545,True,3,3,0
XAUUSD,NY,2023-04-05,Wednesday,2028.39,2022.1,48,6.290000000000191,True,3,3,0
XAUUSD,NY,2023-04-06,Thursday,2018.09,2010.54,48,7.5499999999999545,True,4,4,0
XAUUSD,NY,2023-04-10,Monday,1997.64,1989.66,48,7.980000000000018,True,4,4,0
XAUUSD,NY,2023-04-11,Tuesday,2003.72,1997.34,48,6.380000000000109,True,5,5,0
XAUUSD,NY,2023-04-12,Wednesday,2021.13,2011.68,48,9.450000000000045,True,3,3,0
XAUUSD,NY,2023-04-13,Thursday,2025.67,2015.34,48,10.330000000000155,True,1,1,0
XAUUSD,NY,2023-04-14,Friday,2046.48,2036.63,48,9.849999999999909,True,1,1,0
XAUUSD,NY,2023-04-17,Monday,2015.05,2003.81,48,11.240000000000009,True,1,1,0
XAUUSD,NY,2023-04-18,Tuesday,2004.16,1996.52,48,7.6400000000001,True,6,6,0
XAUUSD,NY,2023-04-19,Wednesday,2004.48,1987.01,48,17.470000000000027,True,1,1,0
XAUUSD,NY,2023-04-20,Thursday,2001.24,1991.38,48,9.8599999999999,True,2,2,0
XAUUSD,NY,2023-04-21,Friday,2002.4,1981.98,48,20.420000000000073,True,1,1,0
XAUUSD,NY,2023-04-24,Monday,1983.2,1976.46,48,6.740000000000009,True,3,3,0
XAUUSD,NY,2023-04-25,Tuesday,1997.28,1987.56,48,9.720000000000027,True,2,2,0
XAUUSD,NY,2023-04-26,Wednesday,1999.34,1994.18,48,5.1599999999998545,True,5,5,0
XAUUSD,NY,2023-04-27,Thursday,2003.22,1997.38,48,5.839999999999918,True,2,2,0
XAUUSD,NY,2023-04-28,Friday,1990.32,1981.59,48,8.730000000000018,True,3,3,0
XAUUSD,NY,2023-05-01,Monday,1986.33,1978.98,48,7.349999999999909,True,3,3,0
XAUUSD,NY,2023-05-02,Tuesday,1985.77,1980.41,48,5.3599999999999,True,3,3,0
XAUUSD,NY,2023-05-03,Wednesday,2019.5,2012.68,48,6.819999999999936,True,2,1,1
XAUUSD,NY,2023-05-04,Thursday,2045.46,2030.4,48,15.059999999999945,True,1,1,0
XAUUSD,NY,2023-05-05,Friday,2051.13,2039.39,48,11.740000000000009,True,1,1,0
XAUUSD,NY,2023-05-08,Monday,2024.77,2020.09,48,4.680000000000064,True,4,4,0
XAUUSD,NY,2023-05-09,Tuesday,2028.73,2021.67,48,7.059999999999945,True,2,2,0
XAUUSD,NY,2023-05-10,Wednesday,2032.99,2027.48,48,5.509999999999991,True,4,3,1
XAUUSD,NY,2023-05-11,Thursday,2033.15,2021.84,48,11.310000000000173,True,2,2,0
XAUUSD,NY,2023-05-12,Friday,2012.66,2005.69,48,6.970000000000027,True,2,2,0
XAUUSD,NY,2023-05-15,Monday,2020.08,2013.26,48,6.819999999999936,True,5,5,0
XAUUSD,NY,2023-05-16,Tuesday,2017.72,2002.74,48,14.980000000000018,True,2,2,0
XAUUSD,NY,2023-05-17,Wednesday,1992.1,1986.79,48,5.309999999999945,True,2,2,0
XAUUSD,NY,2023-05-18,Thursday,1982.75,1973.6,48,9.150000000000091,True,1,1,0
XAUUSD,NY,2023-05-19,Friday,1968.72,1960.62,48,8.100000000000136,True,2,2,0
XAUUSD,NY,2023-05-22,Monday,1978.81,1971.24,48,7.569999999999936,True,3,3,0
XAUUSD,NY,2023-05-23,Tuesday,1964.62,1955.4,48,9.2199999999998,True,2,2,0
XAUUSD,NY,2023-05-24,Wednesday,1980.58,1970.7,48,9.879999999999882,True,2,2,0
XAUUSD,NY,2023-05-25,Thursday,1961.39,1954.98,48,6.410000000000082,True,1,1,0
XAUUSD,NY,2023-05-26,Friday,1957.31,1946.98,48,10.329999999999927,True,2,2,0
XAUUSD,NY,2023-05-29,Monday,1948.93,1943.89,48,5.039999999999964,True,1,1,0
XAUUSD,NY,2023-05-30,Tuesday,1942.37,1932.07,48,10.299999999999955,True,0,0,0
XAUUSD,NY,2023-05-31,Wednesday,1965.38,1955.77,48,9.610000000000127,True,3,3,0
XAUUSD,NY,2023-06-01,Thursday,1965.86,1955.18,48,10.679999999999836,True,5,5,0
XAUUSD,NY,2023-06-02,Friday,1982.91,1975.89,48,7.019999999999982,True,2,2,0
XAUUSD,NY,2023-06-05,Monday,1947.4,1938.56,48,8.840000000000146,True,2,2,0
XAUUSD,NY,2023-06-06,Tuesday,1962.76,1956.82,48,5.940000000000055,True,4,4,0
XAUUSD,NY,2023-06-07,Wednesday,1965.06,1954.98,48,10.079999999999927,True,2,2,0
XAUUSD,NY,2023-06-08,Thursday,1948.25,1942.81,48,5.440000000000055,True,1,1,0
XAUUSD,NY,2023-06-09,Friday,1966.09,1962.41,48,3.6799999999998363,True,4,3,1
XAUUSD,NY,2023-06-12,Monday,1962.13,1956.6,48,5.5300000000002,True,2,2,0
XAUUSD,NY,2023-06-13,Tuesday,1965.39,1958.26,48,7.130000000000109,True,2,2,0
XAUUSD,NY,2023-06-14,Wednesday,1951.58,1945.29,48,6.289999999999964,True,2,2,0
XAUUSD,NY,2023-06-15,Thursday,1939.86,1929.03,48,10.829999999999927,True,3,3,0
XAUUSD,NY,2023-06-16,Friday,1963.4,1954.69,48,8.710000000000036,True,4,4,0
XAUUSD,NY,2023-06-19,Monday,1957.48,1952.77,48,4.710000000000036,True,2,2,0
XAUUSD,NY,2023-06-20,Tuesday,1956.83,1946.91,48,9.919999999999845,True,0,0,0
XAUUSD,NY,2023-06-21,Wednesday,1937.44,1931.3,48,6.1400000000001,True,1,1,0
XAUUSD,NY,2023-06-22,Thursday,1933.11,1927.11,48,6.0,True,2,2,0
XAUUSD,NY,2023-06-23,Friday,1918.96,1912.16,48,6.7999999999999545,True,2,2,0
XAUUSD,NY,2023-06-26,Monday,1929.17,1922.21,48,6.960000000000036,True,1,1,0
XAUUSD,NY,2023-06-27,Tuesday,1929.75,1924.2,48,5.5499999999999545,True,2,2,0
XAUUSD,NY,2023-06-28,Wednesday,1916.81,1909.2,48,7.6099999999999,True,3,3,0
XAUUSD,NY,2023-06-29,Thursday,1907.47,1902.6,48,4.870000000000118,True,2,2,0
XAUUSD,NY,2023-06-30,Friday,1909.95,1903.74,48,6.210000000000036,True,2,2,0
XAUUSD,NY,2023-07-03,Monday,1920.64,1912.12,48,8.52000000000021,True,3,3,0
XAUUSD,NY,2023-07-04,Tuesday,1928.47,1922.83,48,5.6400000000001,True,1,1,0
XAUUSD,NY,2023-07-05,Wednesday,1927.76,1920.85,48,6.910000000000082,True,2,2,0
XAUUSD,NY,2023-07-06,Thursday,1921.55,1916.9,48,4.649999999999864,True,1,1,0
XAUUSD,NY,2023-07-07,Friday,1916.49,1910.32,48,6.170000000000073,True,3,3,0
XAUUSD,NY,2023-07-10,Monday,1925.73,1919.39,48,6.339999999999918,True,1,1,0
XAUUSD,NY,2023-07-11,Tuesday,1938.38,1926.42,48,11.960000000000036,True,2,2,0
XAUUSD,NY,2023-07-12,Wednesday,1940.27,1933.94,48,6.329999999999927,True,1,1,0
XAUUSD,NY,2023-07-13,Thursday,1963.38,1955.29,48,8.090000000000146,True,2,2,0
XAUUSD,NY,2023-07-14,Friday,1962.6,1954.37,48,8.230000000000018,True,1,1,0
XAUUSD,NY,2023-07-17,Monday,1956.84,1950.56,48,6.279999999999973,True,2,2,0
XAUUSD,NY,2023-07-18,Tuesday,1964.13,1957.78,48,6.350000000000136,True,1,1,0
XAUUSD,NY,2023-07-19,Wednesday,1980.91,1973.02,48,7.8900000000001,True,2,2,0
XAUUSD,NY,2023-07-20,Thursday,1985.46,1977.93,48,7.529999999999973,True,1,1,0
XAUUSD,NY,2023-07-21,Friday,1972.25,1964.1,48,8.150000000000091,True,4,4,0
XAUUSD,NY,2023-07-24,Monday,1965.64,1957.88,48,7.759999999999991,True,4,4,0
XAUUSD,NY,2023-07-25,Tuesday,1964.03,1959.76,48,4.269999999999982,True,3,3,0
XAUUSD,NY,2023-07-26,Wednesday,1971.18,1962.4,48,8.779999999999973,True,3,3,0
XAUUSD,NY,2023-07-27,Thursday,1982.2,1974.08,48,8.120000000000118,True,0,0,0
XAUUSD,NY,2023-07-28,Friday,1956.78,1948.25,48,8.529999999999973,True,4,4,0
XAUUSD,NY,2023-07-31,Monday,1957.16,1953.13,48,4.029999999999973,True,1,1,0
XAUUSD,NY,2023-08-01,Tuesday,1962.35,1954.46,48,7.889999999999873,True,2,2,0
XAUUSD,NY,2023-08-02,Wednesday,1950.45,1945.29,48,5.160000000000082,True,2,2,0
XAUUSD,NY,2023-08-03,Thursday,1938.26,1930.91,48,7.349999999999909,True,1,1,0
XAUUSD,NY,2023-08-04,Friday,1937.51,1932.12,48,5.3900000000001,True,2,2,0
XAUUSD,NY,2023-08-07,Monday,1939.56,1935.52,48,4.039999999999964,True,5,5,0
XAUUSD,NY,2023-08-08,Tuesday,1934.92,1930.23,48,4.690000000000055,True,2,2,0
XAUUSD,NY,2023-08-09,Wednesday,1932.39,1928.58,48,3.810000000000173,True,1,1,0
XAUUSD,NY,2023-08-10,Thursday,1920.62,1915.54,48,5.079999999999927,True,3,3,0
XAUUSD,NY,2023-08-11,Friday,1918.1,1912.64,48,5.459999999999809,True,4,4,0
XAUUSD,NY,2023-08-14,Monday,1915.92,1910.56,48,5.360000000000127,True,2,2,0
XAUUSD,NY,2023-08-15,Tuesday,1907.35,1903.46,41,3.8899999999998727,False,0,0,0
XAUUSD,NY,2023-08-16,Wednesday,1906.58,1902.76,48,3.8199999999999363,True,3,3,0
XAUUSD,NY,2023-08-17,Thursday,1897.6,1892.13,48,5.4699999999998,True,2,2,0
XAUUSD,NY,2023-08-18,Friday,1894.15,1891.14,48,3.009999999999991,True,3,3,0
XAUUSD,NY,2023-08-21,Monday,1894.13,1887.4,48,6.730000000000018,True,3,3,0
XAUUSD,NY,2023-08-22,Tuesday,1901.91,1893.86,48,8.050000000000182,True,3,3,0
XAUUSD,NY,2023-08-23,Wednesday,1904.73,1900.75,48,3.980000000000018,True,3,3,0
XAUUSD,NY,2023-08-24,Thursday,1922.92,1919.52,48,3.400000000000091,True,2,2,0
XAUUSD,NY,2023-08-25,Friday,1916.16,1912.81,48,3.3500000000001364,True,4,3,1
XAUUSD,NY,2023-08-28,Monday,1917.77,1914.35,48,3.4200000000000728,True,3,2,1
XAUUSD,NY,2023-08-29,Tuesday,1925.61,1921.59,48,4.019999999999982,True,1,1,0
XAUUSD,NY,2023-08-30,Wednesday,1937.13,1934.97,48,2.160000000000082,True,1,1,0
XAUUSD,NY,2023-08-31,Thursday,1946.32,1943.26,48,3.0599999999999454,True,3,3,0
XAUUSD,NY,2023-09-01,Friday,1943.53,1938.2,48,5.329999999999927,True,1,1,0
XAUUSD,NY,2023-09-04,Monday,1946.36,1943.12,48,3.240000000000009,True,1,1,0
XAUUSD,NY,2023-09-05,Tuesday,1938.97,1935.16,48,3.8099999999999454,True,0,0,0
XAUUSD,NY,2023-09-06,Wednesday,1928.48,1922.88,48,5.599999999999909,True,1,1,0
XAUUSD,NY,2023-09-07,Thursday,1920.24,1917.11,48,3.130000000000109,True,4,4,0
XAUUSD,NY,2023-09-08,Friday,1927.31,1923.86,48,3.4500000000000455,True,5,5,0
XAUUSD,NY,2023-09-11,Monday,1930.73,1922.96,48,7.769999999999982,True,4,4,0
XAUUSD,NY,2023-09-12,Tuesday,1924.5,1918.82,48,5.680000000000064,True,1,1,0
XAUUSD,NY,2023-09-13,Wednesday,1912.65,1908.26,48,4.3900000000001,True,2,2,0
XAUUSD,NY,2023-09-14,Thursday,1911.06,1905.2,48,5.8599999999999,True,2,2,0
XAUUSD,NY,2023-09-15,Friday,1919.57,1914.95,48,4.619999999999891,True,1,1,0
XAUUSD,NY,2023-09-18,Monday,1930.63,1926.46,48,4.170000000000073,True,3,3,0
XAUUSD,NY,2023-09-19,Tuesday,1934.82,1929.82,48,5.0,True,4,4,0
XAUUSD,NY,2023-09-20,Wednesday,1932.35,1927.95,48,4.399999999999864,True,4,4,0
XAUUSD,NY,2023-09-21,Thursday,1930.5,1926.35,48,4.150000000000091,True,0,0,0
XAUUSD,NY,2023-09-22,Friday,1928.68,1923.4,48,5.279999999999973,True,1,1,0
XAUUSD,NY,2023-09-25,Monday,1927.16,1920.86,48,6.300000000000182,True,0,0,0
XAUUSD,NY,2023-09-26,Tuesday,1915.19,1909.68,48,5.509999999999991,True,2,2,0
XAUUSD,NY,2023-09-27,Wednesday,1899.89,1895.6,48,4.290000000000191,True,3,3,0
XAUUSD,NY,2023-09-28,Thursday,1878.2,1873.65,48,4.5499999999999545,True,1,1,0
XAUUSD,NY,2023-09-29,Friday,1873.99,1863.12,48,10.870000000000118,True,1,1,0
XAUUSD,NY,2023-10-02,Monday,1846.25,1839.24,48,7.009999999999991,True,0,0,0
XAUUSD,NY,2023-10-03,Tuesday,1824.64,1818.19,48,6.4500000000000455,True,4,4,0
XAUUSD,NY,2023-10-04,Wednesday,1823.78,1816.72,48,7.059999999999945,True,1,1,0
XAUUSD,NY,2023-10-05,Thursday,1829.2,1819.92,48,9.279999999999973,True,3,3,0
XAUUSD,NY,2023-10-06,Friday,1824.6,1818.62,48,5.980000000000018,True,2,2,0
XAUUSD,NY,2023-10-09,Monday,1854.34,1848.06,48,6.279999999999973,True,3,3,0
XAUUSD,NY,2023-10-10,Tuesday,1862.54,1855.18,48,7.3599999999999,True,1,1,0
XAUUSD,NY,2023-10-11,Wednesday,1868.18,1858.63,48,9.549999999999955,True,1,1,0
XAUUSD,NY,2023-10-12,Thursday,1882.71,1876.77,48,5.940000000000055,True,1,1,0
XAUUSD,NY,2023-10-13,Friday,1883.12,1873.56,48,9.559999999999945,True,1,1,0
XAUUSD,NY,2023-10-16,Monday,1920.44,1908.18,48,12.259999999999991,True,1,1,0
XAUUSD,NY,2023-10-17,Tuesday,1921.4,1914.19,48,7.210000000000036,True,2,2,0
XAUUSD,NY,2023-10-18,Wednesday,1940.08,1935.08,48,5.0,True,0,0,0
XAUUSD,NY,2023-10-19,Thursday,1952.74,1945.37,48,7.370000000000118,True,3,3,0
XAUUSD,NY,2023-10-20,Friday,1982.18,1974.1,48,8.080000000000155,True,4,4,0
XAUUSD,NY,2023-10-23,Monday,1979.76,1972.77,48,6.990000000000009,True,3,3,0
XAUUSD,NY,2023-10-24,Tuesday,1979.2,1974.48,48,4.720000000000027,True,2,2,0
XAUUSD,NY,2023-10-25,Wednesday,1975.94,1968.36,48,7.580000000000155,True,4,4,0
XAUUSD,NY,2023-10-26,Thursday,1990.14,1984.0,48,6.1400000000001,True,3,3,0
XAUUSD,NY,2023-10-27,Friday,1990.0,1985.8,48,4.2000000000000455,True,4,4,0
XAUUSD,NY,2023-10-30,Monday,2002.77,1993.35,48,9.420000000000073,True,1,1,0
XAUUSD,NY,2023-10-31,Tuesday,1997.63,1990.7,48,6.930000000000064,True,3,3,0
XAUUSD,NY,2023-11-01,Wednesday,1981.02,1975.25,48,5.769999999999982,True,2,2,0
XAUUSD,NY,2023-11-02,Thursday,1986.66,1983.68,48,2.980000000000018,True,2,2,0
XAUUSD,NY,2023-11-03,Friday,1989.17,1984.62,48,4.550000000000182,True,3,3,0
XAUUSD,NY,2023-11-06,Monday,1987.9,1982.32,48,5.580000000000155,True,3,3,0
XAUUSD,NY,2023-11-07,Tuesday,1974.24,1966.02,48,8.220000000000027,True,2,2,0
XAUUSD,NY,2023-11-08,Wednesday,1969.14,1965.04,48,4.100000000000136,True,1,1,0
XAUUSD,NY,2023-11-09,Thursday,1950.52,1944.64,48,5.879999999999882,True,1,1,0
XAUUSD,NY,2023-11-10,Friday,1958.19,1953.74,48,4.4500000000000455,True,2,2,0
XAUUSD,NY,2023-11-13,Monday,1941.22,1935.74,48,5.480000000000018,True,2,2,0
XAUUSD,NY,2023-11-14,Tuesday,1946.58,1943.81,48,2.769999999999982,True,3,3,0
XAUUSD,NY,2023-11-15,Wednesday,1972.59,1965.9,48,6.689999999999827,True,2,2,0
XAUUSD,NY,2023-11-16,Thursday,1967.86,1962.15,48,5.709999999999809,True,1,1,0
XAUUSD,NY,2023-11-17,Friday,1989.14,1982.63,48,6.509999999999991,True,1,1,0
XAUUSD,NY,2023-11-20,Monday,1983.44,1975.89,48,7.5499999999999545,True,2,2,0
XAUUSD,NY,2023-11-21,Tuesday,1994.31,1986.62,48,7.690000000000055,True,2,2,0
XAUUSD,NY,2023-11-22,Wednesday,2006.24,1996.74,48,9.5,True,1,1,0
XAUUSD,NY,2023-11-23,Thursday,1998.51,1993.83,48,4.680000000000064,True,3,3,0
XAUUSD,NY,2023-11-24,Friday,1994.53,1992.05,48,2.480000000000018,True,2,2,0
XAUUSD,NY,2023-11-27,Monday,2013.97,2008.77,48,5.2000000000000455,True,4,4,0
XAUUSD,NY,2023-11-28,Tuesday,2016.84,2012.02,48,4.819999999999936,True,0,0,0
XAUUSD,NY,2023-11-29,Wednesday,2049.07,2041.1,48,7.970000000000255,True,1,1,0
XAUUSD,NY,2023-11-30,Thursday,2046.94,2039.97,48,6.970000000000027,True,4,4,0
XAUUSD,NY,2023-12-01,Friday,2046.09,2039.28,48,6.809999999999945,True,3,3,0
XAUUSD,NY,2023-12-04,Monday,2090.55,2057.86,48,32.690000000000055,True,0,0,0
XAUUSD,NY,2023-12-05,Tuesday,2039.57,2031.02,48,8.549999999999955,True,1,1,0
XAUUSD,NY,2023-12-06,Wednesday,2035.88,2021.25,48,14.63000000000011,True,1,1,0
XAUUSD,NY,2023-12-07,Thursday,2034.82,2025.31,48,9.509999999999991,True,3,3,0
XAUUSD,NY,2023-12-08,Friday,2031.98,2026.56,48,5.420000000000073,True,0,0,0
XAUUSD,NY,2023-12-11,Monday,2000.59,1991.32,48,9.269999999999982,True,1,1,0
XAUUSD,NY,2023-12-12,Tuesday,1989.08,1983.74,48,5.339999999999918,True,3,3,0
XAUUSD,NY,2023-12-13,Wednesday,1982.34,1973.02,48,9.319999999999936,True,4,4,0
XAUUSD,NY,2023-12-14,Thursday,2040.32,2029.27,48,11.049999999999955,True,1,1,0
XAUUSD,NY,2023-12-15,Friday,2040.54,2034.32,48,6.220000000000027,True,3,3,0
XAUUSD,NY,2023-12-18,Monday,2026.23,2021.56,48,4.670000000000073,True,2,2,0
XAUUSD,NY,2023-12-19,Tuesday,2028.45,2022.48,48,5.970000000000027,True,1,1,0
XAUUSD,NY,2023-12-20,Wednesday,2043.48,2039.38,48,4.099999999999909,True,0,0,0
XAUUSD,NY,2023-12-21,Thursday,2038.24,2034.02,48,4.220000000000027,True,4,3,1
XAUUSD,NY,2023-12-22,Friday,2052.18,2047.1,48,5.079999999999927,True,1,1,0
XAUUSD,NY,2023-12-25,Monday,,,0,,False,0,0,0
XAUUSD,NY,2023-12-26,Tuesday,2065.09,2061.35,48,3.7400000000002365,True,2,2,0
XAUUSD,NY,2023-12-27,Wednesday,2068.31,2064.42,48,3.8899999999998727,True,4,4,0
XAUUSD,NY,2023-12-28,Thursday,2087.54,2076.6,48,10.940000000000055,True,2,2,0
XAUUSD,NY,2023-12-29,Friday,2074.74,2068.72,48,6.019999999999982,True,0,0,0
XAUUSD,NY,2024-01-01,Monday,,,0,,False,0,0,0
XAUUSD,NY,2024-01-02,Tuesday,2076.7,2069.57,48,7.129999999999654,True,4,4,0
XAUUSD,NY,2024-01-03,Wednesday,2065.94,2058.9,48,7.039999999999964,True,0,0,0
XAUUSD,NY,2024-01-04,Thursday,2049.55,2042.41,48,7.1400000000001,True,2,2,0
XAUUSD,NY,2024-01-05,Friday,2047.02,2040.91,48,6.1099999999999,True,4,3,1
XAUUSD,NY,2024-01-08,Monday,2036.14,2027.08,48,9.060000000000173,True,1,1,0
XAUUSD,NY,2024-01-09,Tuesday,2038.21,2030.37,48,7.8400000000001455,True,3,3,0
XAUUSD,NY,2024-01-10,Wednesday,2035.96,2023.9,48,12.059999999999945,True,3,3,0
XAUUSD,NY,2024-01-11,Thursday,2035.71,2030.42,48,5.289999999999964,True,1,1,0
XAUUSD,NY,2024-01-12,Friday,2039.86,2033.78,48,6.079999999999927,True,1,1,0
XAUUSD,NY,2024-01-15,Monday,2058.63,2052.9,48,5.730000000000018,True,4,4,0
XAUUSD,NY,2024-01-16,Tuesday,2050.92,2042.18,48,8.740000000000009,True,1,1,0
XAUUSD,NY,2024-01-17,Wednesday,2026.6,2017.66,48,8.939999999999827,True,2,2,0
XAUUSD,NY,2024-01-18,Thursday,2014.13,2005.85,48,8.2800000000002,True,2,2,0
XAUUSD,NY,2024-01-19,Friday,2030.13,2020.44,48,9.690000000000055,True,4,4,0
XAUUSD,NY,2024-01-22,Monday,2026.24,2019.14,48,7.099999999999909,True,2,2,0
XAUUSD,NY,2024-01-23,Tuesday,2037.81,2027.27,48,10.539999999999964,True,2,2,0
XAUUSD,NY,2024-01-24,Wednesday,2032.26,2022.88,48,9.379999999999882,True,4,4,0
XAUUSD,NY,2024-01-25,Thursday,2018.28,2012.68,48,5.599999999999909,True,5,5,0
XAUUSD,NY,2024-01-26,Friday,2023.54,2019.83,48,3.7100000000000364,True,6,6,0
XAUUSD,NY,2024-01-29,Monday,2033.84,2024.74,48,9.099999999999909,True,3,3,0
XAUUSD,NY,2024-01-30,Tuesday,2040.36,2031.6,48,8.759999999999991,True,1,1,0
XAUUSD,NY,2024-01-31,Wednesday,2040.44,2033.36,48,7.080000000000155,True,1,1,0
XAUUSD,NY,2024-02-01,Thursday,2046.31,2039.03,48,7.279999999999973,True,1,1,0
XAUUSD,NY,2024-02-02,Friday,2056.95,2053.7,48,3.25,True,2,2,0
XAUUSD,NY,2024-02-05,Monday,2032.09,2021.52,48,10.569999999999936,True,2,2,0
XAUUSD,NY,2024-02-06,Tuesday,2029.83,2023.46,48,6.369999999999891,True,2,2,0
XAUUSD,NY,2024-02-07,Wednesday,2036.19,2031.24,48,4.9500000000000455,True,3,3,0
XAUUSD,NY,2024-02-08,Thursday,2035.1,2028.93,48,6.169999999999845,True,2,2,0
XAUUSD,NY,2024-02-09,Friday,2034.99,2030.52,48,4.470000000000027,True,1,1,0
XAUUSD,NY,2024-02-12,Monday,2027.26,2022.98,48,4.279999999999973,True,2,2,0
XAUUSD,NY,2024-02-13,Tuesday,2026.31,2019.04,48,7.269999999999982,True,1,1,0
XAUUSD,NY,2024-02-14,Wednesday,1993.38,1986.12,48,7.260000000000218,True,3,3,0
XAUUSD,NY,2024-02-15,Thursday,1996.08,1991.59,48,4.490000000000009,True,3,3,0
XAUUSD,NY,2024-02-16,Friday,2006.49,2002.72,48,3.769999999999982,True,3,1,2
XAUUSD,NY,2024-02-19,Monday,2022.98,2018.58,48,4.400000000000091,True,5,5,0
XAUUSD,NY,2024-02-20,Tuesday,2022.99,2017.78,48,5.210000000000036,True,0,0,0
XAUUSD,NY,2024-02-21,Wednesday,2032.27,2026.24,48,6.029999999999973,True,1,1,0
XAUUSD,NY,2024-02-22,Thursday,2034.81,2028.23,48,6.579999999999927,True,1,1,0
XAUUSD,NY,2024-02-23,Friday,2026.23,2018.18,48,8.049999999999955,True,2,2,0
XAUUSD,NY,2024-02-26,Monday,2037.04,2031.88,48,5.1599999999998545,True,3,3,0
XAUUSD,NY,2024-02-27,Tuesday,2039.48,2032.87,48,6.610000000000127,True,3,3,0
XAUUSD,NY,2024-02-28,Wednesday,2032.13,2026.73,48,5.400000000000091,True,2,2,0
XAUUSD,NY,2024-02-29,Thursday,2037.85,2034.46,48,3.3899999999998727,True,1,0,1
XAUUSD,NY,2024-03-01,Friday,2048.88,2039.1,48,9.7800000000002,True,1,1,0
XAUUSD,NY,2024-03-04,Monday,2088.3,2080.53,48,7.769999999999982,True,0,0,0
XAUUSD,NY,2024-03-05,Tuesday,2123.39,2114.01,48,9.379999999999654,True,2,2,0
XAUUSD,NY,2024-03-06,Wednesday,2131.58,2124.36,48,7.2199999999998,True,0,0,0
XAUUSD,NY,2024-03-07,Thursday,2159.84,2151.59,48,8.25,True,3,3,0
XAUUSD,NY,2024-03-08,Friday,2168.73,2156.48,48,12.25,True,2,2,0
XAUUSD,NY,2024-03-11,Monday,2182.78,2176.91,48,5.870000000000346,True,6,6,0
XAUUSD,NY,2024-03-12,Tuesday,2179.26,2173.75,48,5.510000000000218,True,1,0,1
XAUUSD,NY,2024-03-13,Wednesday,2161.56,2157.28,48,4.279999999999745,True,0,0,0
XAUUSD,NY,2024-03-14,Thursday,2172.52,2167.47,48,5.050000000000182,True,1,1,0
XAUUSD,NY,2024-03-15,Friday,2170.1,2163.6,48,6.5,True,4,4,0
XAUUSD,NY,2024-03-18,Monday,2152.25,2146.16,48,6.0900000000001455,True,1,1,0
XAUUSD,NY,2024-03-19,Tuesday,2162.18,2154.08,48,8.099999999999909,True,1,1,0
XAUUSD,NY,2024-03-20,Wednesday,2160.25,2156.48,48,3.769999999999982,True,1,1,0
XAUUSD,NY,2024-03-21,Thursday,2210.24,2201.86,48,8.379999999999654,True,1,1,0
XAUUSD,NY,2024-03-22,Friday,2176.32,2162.61,48,13.710000000000036,True,2,2,0
XAUUSD,NY,2024-03-25,Monday,2171.71,2163.62,48,8.090000000000146,True,1,1,0
XAUUSD,NY,2024-03-26,Tuesday,2174.27,2169.64,48,4.630000000000109,True,1,1,0
XAUUSD,NY,2024-03-27,Wednesday,2180.82,2175.78,48,5.039999999999964,True,1,1,0
XAUUSD,NY,2024-03-28,Thursday,2200.67,2192.73,48,7.940000000000055,True,1,1,0
XAUUSD,NY,2024-04-01,Monday,2265.71,2256.96,48,8.75,True,2,2,0
XAUUSD,NY,2024-04-02,Tuesday,2259.89,2250.53,48,9.359999999999673,True,3,2,1
XAUUSD,NY,2024-04-03,Wednesday,2287.13,2270.48,48,16.65000000000009,True,2,2,0
XAUUSD,NY,2024-04-04,Thursday,2300.75,2291.93,48,8.820000000000164,True,5,5,0
XAUUSD,NY,2024-04-05,Friday,2290.67,2276.63,48,14.039999999999964,True,2,2,0
XAUUSD,NY,2024-04-08,Monday,2345.69,2331.84,48,13.849999999999909,True,2,2,0
XAUUSD,NY,2024-04-09,Tuesday,2356.95,2343.14,48,13.809999999999945,True,2,2,0
XAUUSD,NY,2024-04-10,Wednesday,2360.14,2350.94,48,9.199999999999818,True,2,1,1
XAUUSD,NY,2024-04-11,Thursday,2346.17,2333.93,48,12.240000000000236,True,1,1,0
XAUUSD,NY,2024-04-12,Friday,2400.33,2382.84,48,17.48999999999978,True,1,0,1
XAUUSD,NY,2024-04-15,Monday,2362.53,2350.04,48,12.490000000000236,True,3,2,1
XAUUSD,NY,2024-04-16,Tuesday,2389.09,2363.07,48,26.019999999999982,True,2,2,0
XAUUSD,NY,2024-04-17,Wednesday,2383.25,2372.77,48,10.480000000000018,True,3,3,0
XAUUSD,NY,2024-04-18,Thursday,2381.01,2373.17,48,7.8400000000001455,True,3,3,0
XAUUSD,NY,2024-04-19,Friday,2393.91,2378.75,48,15.159999999999854,True,3,3,0
XAUUSD,NY,2024-04-22,Monday,2372.96,2351.6,48,21.360000000000127,True,0,0,0
XAUUSD,NY,2024-04-23,Tuesday,2314.8,2298.9,48,15.900000000000091,True,2,2,0
XAUUSD,NY,2024-04-24,Wednesday,2331.28,2320.75,48,10.5300000000002,True,1,1,0
XAUUSD,NY,2024-04-25,Thursday,2326.18,2312.44,48,13.739999999999782,True,4,4,0
XAUUSD,NY,2024-04-26,Friday,2346.92,2333.55,48,13.36999999999989,True,4,4,0
XAUUSD,NY,2024-04-29,Monday,2337.95,2327.42,48,10.529999999999745,True,3,3,0
XAUUSD,NY,2024-04-30,Tuesday,2329.56,2315.37,48,14.190000000000055,True,2,2,0
XAUUSD,NY,2024-05-01,Wednesday,2289.81,2281.73,48,8.079999999999927,True,1,1,0
XAUUSD,NY,2024-05-02,Thursday,2321.02,2308.18,48,12.840000000000146,True,1,1,0
XAUUSD,NY,2024-05-03,Friday,2308.79,2297.8,48,10.989999999999782,True,2,2,0
XAUUSD,NY,2024-05-06,Monday,2324.28,2308.21,48,16.070000000000164,True,2,2,0
XAUUSD,NY,2024-05-07,Tuesday,2325.14,2317.81,48,7.329999999999927,True,1,1,0
XAUUSD,NY,2024-05-08,Wednesday,2321.48,2305.46,48,16.019999999999982,True,1,1,0
XAUUSD,NY,2024-05-09,Thursday,2319.82,2307.62,48,12.200000000000273,True,2,2,0
XAUUSD,NY,2024-05-10,Friday,2370.38,2351.28,48,19.09999999999991,True,1,1,0
XAUUSD,NY,2024-05-13,Monday,2357.11,2346.62,48,10.490000000000236,True,1,1,0
XAUUSD,NY,2024-05-14,Tuesday,2345.96,2336.12,48,9.840000000000146,True,1,1,0
XAUUSD,NY,2024-05-15,Wednesday,2364.87,2355.78,48,9.08999999999969,True,2,2,0
XAUUSD,NY,2024-05-16,Thursday,2394.52,2384.76,48,9.759999999999764,True,2,2,0
XAUUSD,NY,2024-05-17,Friday,2387.84,2376.6,48,11.240000000000236,True,2,2,0
XAUUSD,NY,2024-05-20,Monday,2450.06,2431.95,48,18.110000000000127,True,1,1,0
XAUUSD,NY,2024-05-21,Tuesday,2422.19,2408.65,48,13.539999999999964,True,1,1,0
XAUUSD,NY,2024-05-22,Wednesday,2418.49,2411.6,48,6.889999999999873,True,3,3,0
XAUUSD,NY,2024-05-23,Thursday,2373.99,2355.0,48,18.98999999999978,True,1,1,0
XAUUSD,NY,2024-05-24,Friday,2340.65,2330.56,48,10.090000000000146,True,4,4,0
XAUUSD,NY,2024-05-27,Monday,2346.15,2338.17,48,7.980000000000018,True,1,1,0
XAUUSD,NY,2024-05-28,Tuesday,2353.75,2341.42,48,12.329999999999927,True,3,3,0
XAUUSD,NY,2024-05-29,Wednesday,2361.37,2350.11,48,11.259999999999764,True,1,1,0
XAUUSD,NY,2024-05-30,Thursday,2337.75,2322.65,48,15.099999999999909,True,1,1,0
XAUUSD,NY,2024-05-31,Friday,2347.13,2339.95,48,7.180000000000291,True,1,1,0
XAUUSD,NY,2024-06-03,Monday,2328.85,2314.79,48,14.059999999999945,True,1,1,0
XAUUSD,NY,2024-06-04,Tuesday,2351.89,2339.19,48,12.699999999999818,True,0,0,0
XAUUSD,NY,2024-06-05,Wednesday,2341.71,2328.13,48,13.579999999999927,True,3,3,0
XAUUSD,NY,2024-06-06,Thursday,2371.44,2362.25,48,9.190000000000055,True,3,3,0
XAUUSD,NY,2024-06-07,Friday,2387.72,2372.87,48,14.849999999999909,True,0,0,0
XAUUSD,NY,2024-06-10,Monday,2297.35,2287.79,48,9.559999999999945,True,0,0,0
XAUUSD,NY,2024-06-11,Tuesday,2305.46,2297.77,48,7.690000000000055,True,2,2,0
XAUUSD,NY,2024-06-12,Wednesday,2317.78,2311.22,48,6.5600000000004,True,1,1,0
XAUUSD,NY,2024-06-13,Thursday,2318.61,2309.06,48,9.550000000000182,True,3,3,0
XAUUSD,NY,2024-06-14,Friday,2316.73,2303.56,48,13.170000000000073,True,1,1,0
XAUUSD,NY,2024-06-17,Monday,2326.24,2315.52,48,10.7199999999998,True,1,1,0
XAUUSD,NY,2024-06-18,Tuesday,2324.87,2315.07,48,9.799999999999727,True,1,1,0
XAUUSD,NY,2024-06-19,Wednesday,2332.72,2326.86,48,5.859999999999673,True,6,6,0
XAUUSD,NY,2024-06-20,Thursday,2345.71,2333.86,48,11.849999999999909,True,4,4,0
XAUUSD,NY,2024-06-21,Friday,2365.67,2355.17,48,10.5,True,2,2,0
XAUUSD,NY,2024-06-24,Monday,2331.87,2321.43,48,10.440000000000055,True,3,3,0
XAUUSD,NY,2024-06-25,Tuesday,2330.15,2322.75,48,7.400000000000091,True,2,2,0
XAUUSD,NY,2024-06-26,Wednesday,2318.22,2309.74,48,8.480000000000018,True,2,2,0
XAUUSD,NY,2024-06-27,Thursday,2303.49,2296.56,48,6.929999999999836,True,1,1,0
XAUUSD,NY,2024-06-28,Friday,2328.88,2319.78,48,9.099999999999909,True,2,2,0
XAUUSD,NY,2024-07-01,Monday,2329.04,2318.56,48,10.480000000000018,True,4,4,0
XAUUSD,NY,2024-07-02,Tuesday,2331.82,2323.36,48,8.460000000000036,True,3,3,0
XAUUSD,NY,2024-07-03,Wednesday,2347.21,2331.75,48,15.460000000000036,True,3,3,0
XAUUSD,NY,2024-07-04,Thursday,2359.59,2350.52,48,9.070000000000164,True,2,2,0
XAUUSD,NY,2024-07-05,Friday,2367.55,2361.41,48,6.140000000000327,True,2,2,0
XAUUSD,NY,2024-07-08,Monday,2386.79,2376.7,48,10.090000000000146,True,1,1,0
XAUUSD,NY,2024-07-09,Tuesday,2368.79,2358.41,48,10.38000000000011,True,3,3,0
XAUUSD,NY,2024-07-10,Wednesday,2374.98,2366.66,48,8.320000000000164,True,2,2,0
XAUUSD,NY,2024-07-11,Thursday,2383.28,2378.55,48,4.730000000000018,True,2,2,0
XAUUSD,NY,2024-07-12,Friday,2410.14,2400.37,48,9.769999999999982,True,3,3,0
XAUUSD,NY,2024-07-15,Monday,2413.94,2401.37,48,12.570000000000164,True,1,1,0
XAUUSD,NY,2024-07-16,Tuesday,2439.34,2425.16,48,14.180000000000291,True,2,2,0
XAUUSD,NY,2024-07-17,Wednesday,2474.44,2461.85,48,12.590000000000146,True,3,3,0
XAUUSD,NY,2024-07-18,Thursday,2474.94,2464.65,48,10.289999999999964,True,2,2,0
XAUUSD,NY,2024-07-19,Friday,2429.32,2412.97,48,16.350000000000364,True,2,2,0
XAUUSD,NY,2024-07-22,Monday,2407.39,2399.01,48,8.379999999999654,True,3,3,0
XAUUSD,NY,2024-07-23,Tuesday,2399.65,2388.3,48,11.349999999999909,True,0,0,0
XAUUSD,NY,2024-07-24,Wednesday,2419.23,2411.69,48,7.539999999999964,True,5,5,0
XAUUSD,NY,2024-07-25,Thursday,2378.78,2365.87,48,12.91000000000031,True,4,4,0
XAUUSD,NY,2024-07-26,Friday,2375.31,2365.27,48,10.039999999999964,True,0,0,0
XAUUSD,NY,2024-07-29,Monday,2396.23,2389.53,48,6.699999999999818,True,2,2,0
XAUUSD,NY,2024-07-30,Tuesday,2392.03,2385.73,48,6.300000000000182,True,1,1,0
XAUUSD,NY,2024-07-31,Wednesday,2425.47,2414.46,48,11.009999999999764,True,1,1,0
XAUUSD,NY,2024-08-01,Thursday,2448.9,2439.96,48,8.940000000000055,True,1,1,0
XAUUSD,NY,2024-08-02,Friday,2468.46,2454.34,48,14.11999999999989,True,1,1,0
XAUUSD,NY,2024-08-05,Monday,2458.78,2422.24,48,36.54000000000042,True,1,1,0
XAUUSD,NY,2024-08-06,Tuesday,2412.62,2394.89,48,17.730000000000018,True,5,5,0
XAUUSD,NY,2024-08-07,Wednesday,2397.63,2385.75,48,11.88000000000011,True,3,3,0
XAUUSD,NY,2024-08-08,Thursday,2400.74,2392.49,48,8.25,True,0,0,0
XAUUSD,NY,2024-08-09,Friday,2427.05,2416.93,48,10.120000000000346,True,2,2,0
XAUUSD,NY,2024-08-12,Monday,2442.88,2428.3,48,14.579999999999927,True,2,2,0
XAUUSD,NY,2024-08-13,Tuesday,2466.17,2458.51,48,7.6599999999998545,True,2,2,0
XAUUSD,NY,2024-08-14,Wednesday,2471.96,2459.28,48,12.679999999999836,True,2,2,0
XAUUSD,NY,2024-08-15,Thursday,2458.8,2450.38,48,8.420000000000073,True,4,2,2
XAUUSD,NY,2024-08-16,Friday,2464.52,2451.19,48,13.329999999999927,True,1,1,0
XAUUSD,NY,2024-08-19,Monday,2505.24,2498.82,48,6.419999999999618,True,5,4,1
XAUUSD,NY,2024-08-20,Tuesday,2515.21,2497.36,48,17.84999999999991,True,1,1,0
XAUUSD,NY,2024-08-21,Wednesday,2519.63,2508.14,48,11.490000000000236,True,3,3,0
XAUUSD,NY,2024-08-22,Thursday,2510.64,2499.34,48,11.299999999999727,True,1,1,0
XAUUSD,NY,2024-08-23,Friday,2495.8,2490.66,48,5.140000000000327,True,2,2,0
XAUUSD,NY,2024-08-26,Monday,2521.81,2508.76,48,13.049999999999727,True,4,4,0
XAUUSD,NY,2024-08-27,Tuesday,2517.58,2504.61,48,12.9699999999998,True,2,2,0
XAUUSD,NY,2024-08-28,Wednesday,2516.22,2503.37,48,12.849999999999909,True,2,2,0
XAUUSD,NY,2024-08-29,Thursday,2521.25,2513.8,48,7.449999999999818,True,2,2,0
XAUUSD,NY,2024-08-30,Friday,2524.15,2512.2,48,11.950000000000273,True,3,3,0
XAUUSD,NY,2024-09-02,Monday,2501.44,2495.33,48,6.110000000000127,True,1,1,0
XAUUSD,NY,2024-09-03,Tuesday,2502.07,2492.78,48,9.289999999999964,True,4,4,0
XAUUSD,NY,2024-09-04,Wednesday,2496.8,2482.04,48,14.760000000000218,True,1,1,0
XAUUSD,NY,2024-09-05,Thursday,2507.55,2493.86,48,13.690000000000055,True,1,1,0
XAUUSD,NY,2024-09-06,Friday,2521.86,2516.35,48,5.510000000000218,True,2,2,0
XAUUSD,NY,2024-09-09,Monday,2499.58,2485.57,48,14.009999999999764,True,1,1,0
XAUUSD,NY,2024-09-10,Tuesday,2507.76,2500.81,48,6.950000000000273,True,3,3,0
XAUUSD,NY,2024-09-11,Wednesday,2529.06,2518.65,48,10.409999999999854,True,2,2,0
XAUUSD,NY,2024-09-12,Thursday,2522.27,2514.56,48,7.710000000000036,True,2,2,0
XAUUSD,NY,2024-09-13,Friday,2571.1,2563.16,48,7.940000000000055,True,1,1,0
XAUUSD,NY,2024-09-16,Monday,2589.68,2579.61,48,10.069999999999709,True,2,2,0
XAUUSD,NY,2024-09-17,Tuesday,2586.95,2574.61,48,12.33999999999969,True,5,5,0
XAUUSD,NY,2024-09-18,Wednesday,2576.49,2565.78,48,10.709999999999582,True,5,4,1
XAUUSD,NY,2024-09-19,Thursday,2584.67,2559.61,48,25.059999999999945,True,1,1,0
XAUUSD,NY,2024-09-20,Friday,2609.78,2591.42,48,18.360000000000127,True,2,2,0
XAUUSD,NY,2024-09-23,Monday,2631.38,2613.92,48,17.460000000000036,True,2,2,0
XAUUSD,NY,2024-09-24,Tuesday,2640.09,2622.68,48,17.41000000000031,True,0,0,0
XAUUSD,NY,2024-09-25,Wednesday,2661.73,2651.21,48,10.519999999999982,True,2,2,0
XAUUSD,NY,2024-09-26,Thursday,2666.93,2658.03,48,8.899999999999636,True,2,2,0
XAUUSD,NY,2024-09-27,Friday,2673.95,2660.95,48,13.0,True,2,2,0
XAUUSD,NY,2024-09-30,Monday,2660.66,2650.75,48,9.909999999999854,True,1,1,0
XAUUSD,NY,2024-10-01,Tuesday,2647.46,2637.43,48,10.0300000000002,True,3,3,0
XAUUSD,NY,2024-10-02,Wednesday,2656.52,2644.57,48,11.949999999999818,True,4,4,0
XAUUSD,NY,2024-10-03,Thursday,2657.53,2643.56,48,13.970000000000255,True,5,5,0
XAUUSD,NY,2024-10-04,Friday,2667.91,2658.79,48,9.11999999999989,True,3,3,0
XAUUSD,NY,2024-10-07,Monday,2652.87,2639.76,48,13.109999999999673,True,2,2,0
XAUUSD,NY,2024-10-08,Tuesday,2646.51,2631.24,48,15.270000000000437,True,3,3,0
XAUUSD,NY,2024-10-09,Wednesday,2624.3,2609.18,48,15.120000000000346,True,5,5,0
XAUUSD,NY,2024-10-10,Thursday,2617.08,2610.3,48,6.779999999999745,True,2,2,0
XAUUSD,NY,2024-10-11,Friday,2647.19,2638.08,48,9.110000000000127,True,2,2,0
XAUUSD,NY,2024-10-14,Monday,2666.82,2655.33,48,11.490000000000236,True,2,2,0
XAUUSD,NY,2024-10-15,Tuesday,2653.9,2638.14,48,15.760000000000218,True,3,3,0
XAUUSD,NY,2024-10-16,Wednesday,2677.75,2665.6,48,12.150000000000091,True,2,2,0
XAUUSD,NY,2024-10-17,Thursday,2685.73,2676.5,48,9.230000000000018,True,3,3,0
XAUUSD,NY,2024-10-18,Friday,2714.06,2702.34,48,11.7199999999998,True,1,1,0
XAUUSD,NY,2024-10-21,Monday,2732.52,2723.62,48,8.900000000000091,True,4,4,0
XAUUSD,NY,2024-10-22,Tuesday,2737.16,2729.07,48,8.08999999999969,True,4,4,0
XAUUSD,NY,2024-10-23,Wednesday,2755.62,2745.36,48,10.259999999999764,True,3,3,0
XAUUSD,NY,2024-10-24,Thursday,2737.11,2722.92,48,14.190000000000055,True,5,5,0
XAUUSD,NY,2024-10-25,Friday,2732.62,2723.95,48,8.670000000000073,True,1,1,0
XAUUSD,NY,2024-10-28,Monday,2744.61,2729.17,48,15.440000000000055,True,6,6,0
XAUUSD,NY,2024-10-29,Tuesday,2756.83,2748.99,48,7.8400000000001455,True,2,2,0
XAUUSD,NY,2024-10-30,Wednesday,2789.83,2777.45,48,12.38000000000011,True,2,2,0
XAUUSD,NY,2024-10-31,Thursday,2786.59,2778.21,48,8.38000000000011,True,2,2,0
XAUUSD,NY,2024-11-01,Friday,2757.74,2747.2,48,10.539999999999964,True,4,4,0
XAUUSD,NY,2024-11-04,Monday,2744.8,2731.97,48,12.830000000000382,True,2,2,0
XAUUSD,NY,2024-11-05,Tuesday,2743.25,2731.8,48,11.449999999999818,True,2,2,0
XAUUSD,NY,2024-11-06,Wednesday,2743.62,2701.5,48,42.11999999999989,True,1,1,0
XAUUSD,NY,2024-11-07,Thursday,2667.66,2652.78,48,14.879999999999654,True,2,2,0
XAUUSD,NY,2024-11-08,Friday,2696.32,2680.34,48,15.980000000000018,True,1,1,0
XAUUSD,NY,2024-11-11,Monday,2674.34,2667.02,48,7.320000000000164,True,2,2,0
XAUUSD,NY,2024-11-12,Tuesday,2618.18,2595.25,48,22.929999999999836,True,3,3,0
XAUUSD,NY,2024-11-13,Wednesday,2610.73,2601.08,48,9.650000000000091,True,3,3,0
XAUUSD,NY,2024-11-14,Thursday,2565.2,2550.49,48,14.710000000000036,True,1,1,0
XAUUSD,NY,2024-11-15,Friday,2569.0,2554.5,48,14.5,True,5,5,0
XAUUSD,NY,2024-11-18,Monday,2592.32,2580.42,48,11.900000000000091,True,1,1,0
XAUUSD,NY,2024-11-19,Tuesday,2627.03,2617.75,48,9.2800000000002,True,2,2,0
XAUUSD,NY,2024-11-20,Wednesday,2638.51,2618.82,48,19.690000000000055,True,2,2,0
XAUUSD,NY,2024-11-21,Thursday,2670.32,2654.65,48,15.670000000000073,True,2,2,0
XAUUSD,NY,2024-11-22,Friday,2700.52,2683.09,48,17.429999999999836,True,1,1,0
XAUUSD,NY,2024-11-25,Monday,2674.02,2658.26,48,15.759999999999764,True,2,2,0
XAUUSD,NY,2024-11-26,Tuesday,2626.51,2610.82,48,15.690000000000055,True,2,2,0
XAUUSD,NY,2024-11-27,Wednesday,2653.68,2638.28,48,15.399999999999636,True,5,5,0
XAUUSD,NY,2024-11-28,Thursday,2646.36,2630.21,48,16.15000000000009,True,3,3,0
XAUUSD,NY,2024-11-29,Friday,2666.26,2654.63,48,11.63000000000011,True,1,1,0
XAUUSD,NY,2024-12-02,Monday,2633.65,2621.94,48,11.710000000000036,True,0,0,0
XAUUSD,NY,2024-12-03,Tuesday,2650.07,2637.22,48,12.850000000000364,True,1,1,0
XAUUSD,NY,2024-12-04,Wednesday,2651.4,2636.72,48,14.680000000000291,True,3,3,0
XAUUSD,NY,2024-12-05,Thursday,2655.54,2642.07,48,13.4699999999998,True,2,2,0
XAUUSD,NY,2024-12-06,Friday,2645.16,2635.37,48,9.789999999999964,True,4,4,0
XAUUSD,NY,2024-12-09,Monday,2651.24,2635.91,48,15.329999999999927,True,0,0,0
XAUUSD,NY,2024-12-10,Tuesday,2671.66,2661.22,48,10.440000000000055,True,1,1,0
XAUUSD,NY,2024-12-11,Wednesday,2698.1,2675.7,48,22.40000000000009,True,3,3,0
XAUUSD,NY,2024-12-12,Thursday,2720.46,2709.98,48,10.480000000000018,True,1,1,0
XAUUSD,NY,2024-12-13,Friday,2690.54,2674.49,48,16.050000000000182,True,0,0,0
XAUUSD,NY,2024-12-16,Monday,2662.06,2649.5,48,12.559999999999945,True,2,2,0
XAUUSD,NY,2024-12-17,Tuesday,2657.04,2641.73,48,15.309999999999945,True,3,3,0
XAUUSD,NY,2024-12-18,Wednesday,2649.61,2642.06,48,7.550000000000182,True,0,0,0
XAUUSD,NY,2024-12-19,Thursday,2622.6,2603.37,48,19.230000000000018,True,2,2,0
XAUUSD,NY,2024-12-20,Friday,2607.7,2596.5,48,11.199999999999818,True,0,0,0
XAUUSD,NY,2024-12-23,Monday,2633.41,2624.63,48,8.779999999999745,True,0,0,0
XAUUSD,NY,2024-12-24,Tuesday,2621.51,2616.42,48,5.0900000000001455,True,3,3,0
XAUUSD,NY,2024-12-25,Wednesday,,,0,,False,0,0,0
XAUUSD,NY,2024-12-26,Thursday,2629.6,2623.63,48,5.9699999999998,True,4,4,0
XAUUSD,NY,2024-12-27,Friday,2638.16,2626.07,48,12.08999999999969,True,4,4,0
XAUUSD,NY,2024-12-30,Monday,2624.56,2609.43,48,15.13000000000011,True,2,2,0
XAUUSD,NY,2024-12-31,Tuesday,2617.76,2602.64,48,15.120000000000346,True,1,1,0
XAUUSD,NY,2025-01-01,Wednesday,,,0,,False,0,0,0
XAUUSD,NY,2025-01-02,Thursday,2637.68,2631.22,48,6.460000000000036,True,3,3,0
XAUUSD,NY,2025-01-03,Friday,2662.96,2649.92,48,13.039999999999964,True,2,2,0
XAUUSD,NY,2025-01-06,Monday,2636.21,2625.26,48,10.949999999999818,True,1,1,0
XAUUSD,NY,2025-01-07,Tuesday,2646.72,2637.1,48,9.61999999999989,True,1,1,0
XAUUSD,NY,2025-01-08,Wednesday,2654.47,2646.71,48,7.7599999999997635,True,6,5,1
XAUUSD,NY,2025-01-09,Thursday,2666.92,2657.72,48,9.200000000000273,True,1,1,0
XAUUSD,NY,2025-01-10,Friday,2680.38,2671.57,48,8.809999999999945,True,4,4,0
XAUUSD,NY,2025-01-13,Monday,2691.26,2683.34,48,7.920000000000073,True,0,0,0
XAUUSD,NY,2025-01-14,Tuesday,2675.29,2667.34,48,7.949999999999818,True,3,3,0
XAUUSD,NY,2025-01-15,Wednesday,2685.48,2674.67,48,10.809999999999945,True,4,4,0
XAUUSD,NY,2025-01-16,Thursday,2703.37,2689.94,48,13.429999999999836,True,1,1,0
XAUUSD,NY,2025-01-17,Friday,2715.45,2708.72,48,6.730000000000018,True,2,2,0
XAUUSD,NY,2025-01-20,Monday,2713.71,2703.02,48,10.690000000000055,True,0,0,0
XAUUSD,NY,2025-01-21,Tuesday,2732.94,2721.62,48,11.320000000000164,True,2,2,0
XAUUSD,NY,2025-01-22,Wednesday,2758.66,2745.55,48,13.109999999999673,True,2,2,0
XAUUSD,NY,2025-01-23,Thursday,2755.58,2751.17,48,4.4099999999998545,True,3,2,1
XAUUSD,NY,2025-01-24,Friday,2778.3,2770.08,48,8.220000000000255,True,3,3,0
XAUUSD,NY,2025-01-27,Monday,2759.77,2747.39,48,12.38000000000011,True,1,1,0
XAUUSD,NY,2025-01-28,Tuesday,2744.95,2734.78,48,10.169999999999618,True,1,1,0
XAUUSD,NY,2025-01-29,Wednesday,2766.07,2757.43,48,8.640000000000327,True,5,5,0
XAUUSD,NY,2025-01-30,Thursday,2776.51,2758.77,48,17.740000000000236,True,0,0,0
XAUUSD,NY,2025-01-31,Friday,2800.98,2791.76,48,9.2199999999998,True,1,1,0
XAUUSD,NY,2025-02-03,Monday,2800.47,2780.12,48,20.34999999999991,True,1,1,0
XAUUSD,NY,2025-02-04,Tuesday,2819.24,2807.36,48,11.879999999999654,True,1,1,0
XAUUSD,NY,2025-02-05,Wednesday,2869.72,2853.81,48,15.909999999999854,True,4,4,0
XAUUSD,NY,2025-02-06,Thursday,2871.25,2848.83,48,22.420000000000073,True,2,2,0
XAUUSD,NY,2025-02-07,Friday,2867.19,2858.98,48,8.210000000000036,True,5,4,1
XAUUSD,NY,2025-02-10,Monday,2898.89,2876.1,48,22.789999999999964,True,3,3,0
XAUUSD,NY,2025-02-11,Tuesday,2929.49,2907.07,48,22.419999999999618,True,0,0,0
XAUUSD,NY,2025-02-12,Wednesday,2895.82,2883.85,48,11.970000000000255,True,3,3,0
XAUUSD,NY,2025-02-13,Thursday,2922.86,2909.39,48,13.470000000000255,True,1,1,0
XAUUSD,NY,2025-02-14,Friday,2938.53,2926.87,48,11.66000000000031,True,1,1,0
XAUUSD,NY,2025-02-17,Monday,2905.26,2888.27,48,16.990000000000236,True,0,0,0
XAUUSD,NY,2025-02-18,Tuesday,2915.7,2908.21,48,7.489999999999782,True,1,1,0
XAUUSD,NY,2025-02-19,Wednesday,2940.14,2927.96,48,12.179999999999836,True,2,2,0
XAUUSD,NY,2025-02-20,Thursday,2954.87,2939.41,48,15.460000000000036,True,1,1,0
XAUUSD,NY,2025-02-21,Friday,2934.15,2916.79,48,17.360000000000127,True,4,4,0
XAUUSD,NY,2025-02-24,Monday,2948.84,2935.24,48,13.600000000000364,True,2,2,0
XAUUSD,NY,2025-02-25,Tuesday,2942.34,2929.53,48,12.809999999999945,True,3,3,0
XAUUSD,NY,2025-02-26,Wednesday,2921.14,2905.86,48,15.279999999999745,True,1,1,0
XAUUSD,NY,2025-02-27,Thursday,2898.66,2880.7,48,17.960000000000036,True,2,2,0
XAUUSD,NY,2025-02-28,Friday,2867.04,2851.13,48,15.909999999999854,True,1,1,0
XAUUSD,NY,2025-03-03,Monday,2868.93,2858.94,48,9.989999999999782,True,1,1,0
XAUUSD,NY,2025-03-04,Tuesday,2918.63,2884.46,48,34.17000000000007,True,3,3,0
XAUUSD,NY,2025-03-05,Wednesday,2921.96,2910.06,48,11.900000000000091,True,1,1,0
XAUUSD,NY,2025-03-06,Thursday,2922.92,2901.11,48,21.809999999999945,True,2,2,0
XAUUSD,NY,2025-03-07,Friday,2922.93,2906.44,48,16.48999999999978,True,2,2,0
XAUUSD,NY,2025-03-10,Monday,2915.45,2904.32,48,11.129999999999654,True,2,2,0
XAUUSD,NY,2025-03-11,Tuesday,2903.61,2892.75,48,10.860000000000127,True,0,0,0
XAUUSD,NY,2025-03-12,Wednesday,2921.13,2908.99,48,12.140000000000327,True,2,2,0
XAUUSD,NY,2025-03-13,Thursday,2946.44,2932.92,48,13.519999999999982,True,3,3,0
XAUUSD,NY,2025-03-14,Friday,2994.03,2980.75,48,13.2800000000002,True,1,1,0
XAUUSD,NY,2025-03-17,Monday,2990.79,2982.31,48,8.480000000000018,True,1,1,0
XAUUSD,NY,2025-03-18,Tuesday,3018.96,3006.16,48,12.800000000000182,True,1,1,0
XAUUSD,NY,2025-03-19,Wednesday,3045.42,3034.43,48,10.990000000000236,True,1,1,0
XAUUSD,NY,2025-03-20,Thursday,3057.58,3041.85,48,15.730000000000018,True,3,3,0
XAUUSD,NY,2025-03-21,Friday,3034.06,3021.82,48,12.239999999999782,True,4,4,0
XAUUSD,NY,2025-03-24,Monday,3028.9,3016.63,48,12.269999999999982,True,2,2,0
XAUUSD,NY,2025-03-25,Tuesday,3021.04,3010.54,48,10.5,True,4,4,0
XAUUSD,NY,2025-03-26,Wednesday,3030.79,3013.19,48,17.59999999999991,True,2,2,0
XAUUSD,NY,2025-03-27,Thursday,3038.41,3026.73,48,11.679999999999836,True,1,1,0
XAUUSD,NY,2025-03-28,Friday,3085.97,3072.46,48,13.509999999999764,True,1,1,0
XAUUSD,NY,2025-03-31,Monday,3127.92,3105.93,48,21.990000000000236,True,1,1,0
XAUUSD,NY,2025-04-01,Tuesday,3148.98,3124.14,48,24.840000000000146,True,1,1,0
XAUUSD,NY,2025-04-02,Wednesday,3126.79,3108.7,48,18.090000000000146,True,3,3,0
XAUUSD,NY,2025-04-03,Thursday,3149.68,3116.63,48,33.04999999999973,True,2,2,0
XAUUSD,NY,2025-04-04,Friday,3109.89,3092.04,48,17.84999999999991,True,2,2,0
XAUUSD,NY,2025-04-07,Monday,3044.57,3013.3,48,31.269999999999982,True,1,1,0
XAUUSD,NY,2025-04-08,Tuesday,3015.85,2990.87,48,24.980000000000018,True,3,3,0
XAUUSD,NY,2025-04-09,Wednesday,3052.35,2999.71,48,52.63999999999987,True,2,2,0
XAUUSD,NY,2025-04-10,Thursday,3132.66,3106.66,48,26.0,True,2,2,0
XAUUSD,NY,2025-04-11,Friday,3219.21,3187.47,48,31.740000000000236,True,2,2,0
XAUUSD,NY,2025-04-14,Monday,3238.08,3221.34,48,16.73999999999978,True,3,3,0
XAUUSD,NY,2025-04-15,Tuesday,3232.58,3217.35,48,15.230000000000018,True,2,2,0
XAUUSD,NY,2025-04-16,Wednesday,3300.74,3269.24,48,31.5,True,1,1,0
XAUUSD,NY,2025-04-17,Thursday,3345.45,3314.48,48,30.9699999999998,True,1,1,0
XAUUSD,NY,2025-04-21,Monday,3396.05,3369.41,48,26.640000000000327,True,1,1,0
XAUUSD,NY,2025-04-22,Tuesday,3500.12,3461.01,48,39.10999999999967,True,1,1,0
XAUUSD,NY,2025-04-23,Wednesday,3349.47,3291.73,48,57.73999999999978,True,3,3,0
XAUUSD,NY,2025-04-24,Thursday,3339.81,3314.67,48,25.139999999999873,True,6,6,0
XAUUSD,NY,2025-04-25,Friday,3327.77,3286.59,48,41.179999999999836,True,1,1,0
XAUUSD,NY,2025-04-28,Monday,3300.95,3277.82,48,23.129999999999654,True,2,2,0
XAUUSD,NY,2025-04-29,Tuesday,3324.02,3305.18,48,18.840000000000146,True,4,4,0
XAUUSD,NY,2025-04-30,Wednesday,3314.74,3301.3,48,13.4399999999996,True,1,1,0
XAUUSD,NY,2025-05-01,Thursday,3243.19,3221.32,48,21.86999999999989,True,2,2,0
XAUUSD,NY,2025-05-02,Friday,3263.37,3246.31,48,17.059999999999945,True,3,3,0
XAUUSD,NY,2025-05-05,Monday,3267.84,3253.68,48,14.16000000000031,True,0,0,0
XAUUSD,NY,2025-05-06,Tuesday,3379.53,3350.28,48,29.25,True,4,4,0
XAUUSD,NY,2025-05-07,Wednesday,3397.49,3375.26,48,22.229999999999563,True,5,5,0
XAUUSD,NY,2025-05-08,Thursday,3399.3,3320.35,48,78.95000000000027,True,1,1,0
XAUUSD,NY,2025-05-09,Friday,3332.28,3308.19,48,24.090000000000146,True,3,3,0
XAUUSD,NY,2025-05-12,Monday,3283.68,3216.19,48,67.48999999999978,True,2,2,0
XAUUSD,NY,2025-05-13,Tuesday,3265.52,3234.96,48,30.559999999999945,True,1,1,0
XAUUSD,NY,2025-05-14,Wednesday,3238.87,3221.69,48,17.179999999999836,True,1,1,0
XAUUSD,NY,2025-05-15,Thursday,3153.95,3120.57,48,33.379999999999654,True,0,0,0
XAUUSD,NY,2025-05-16,Friday,3231.29,3205.46,48,25.829999999999927,True,1,1,0
XAUUSD,NY,2025-05-19,Monday,3234.55,3206.7,48,27.850000000000364,True,1,1,0
XAUUSD,NY,2025-05-20,Tuesday,3225.42,3208.01,48,17.409999999999854,True,0,0,0
XAUUSD,NY,2025-05-21,Wednesday,3320.55,3298.46,48,22.090000000000146,True,3,3,0
XAUUSD,NY,2025-05-22,Thursday,3339.56,3322.62,48,16.940000000000055,True,0,0,0
XAUUSD,NY,2025-05-23,Friday,3334.43,3302.01,48,32.41999999999962,True,0,0,0
XAUUSD,NY,2025-05-26,Monday,3351.87,3332.12,48,19.75,True,1,1,0
XAUUSD,NY,2025-05-27,Tuesday,3341.58,3292.57,48,49.00999999999976,True,3,3,0
XAUUSD,NY,2025-05-28,Wednesday,3322.51,3294.43,48,28.080000000000382,True,5,5,0
XAUUSD,NY,2025-05-29,Thursday,3287.44,3266.1,48,21.340000000000146,True,0,0,0
XAUUSD,NY,2025-05-30,Friday,3305.08,3287.53,48,17.549999999999727,True,2,2,0
XAUUSD,NY,2025-06-02,Monday,3359.03,3308.64,48,50.39000000000033,True,1,1,0
XAUUSD,NY,2025-06-03,Tuesday,3367.77,3351.21,48,16.559999999999945,True,2,2,0
XAUUSD,NY,2025-06-04,Wednesday,3365.2,3347.98,48,17.2199999999998,True,1,1,0
XAUUSD,NY,2025-06-05,Thursday,3374.5,3361.21,48,13.289999999999964,True,2,2,0
XAUUSD,NY,2025-06-06,Friday,3375.6,3352.8,48,22.799999999999727,True,1,1,0
XAUUSD,NY,2025-06-09,Monday,3328.52,3309.26,48,19.259999999999764,True,2,2,0
XAUUSD,NY,2025-06-10,Tuesday,3332.21,3302.82,48,29.389999999999873,True,3,3,0
XAUUSD,NY,2025-06-11,Wednesday,3348.56,3332.52,48,16.039999999999964,True,3,3,0
XAUUSD,NY,2025-06-12,Thursday,3375.82,3338.63,48,37.190000000000055,True,1,1,0
XAUUSD,NY,2025-06-13,Friday,3430.32,3407.94,48,22.38000000000011,True,1,1,0
XAUUSD,NY,2025-06-16,Monday,3433.3,3409.54,48,23.76000000000022,True,0,0,0
XAUUSD,NY,2025-06-17,Tuesday,3396.26,3381.15,48,15.110000000000127,True,5,5,0
XAUUSD,NY,2025-06-18,Wednesday,3400.03,3377.1,48,22.93000000000029,True,2,2,0
XAUUSD,NY,2025-06-19,Thursday,3375.35,3347.69,48,27.659999999999854,True,2,2,0
XAUUSD,NY,2025-06-20,Friday,3357.88,3340.41,48,17.470000000000255,True,1,1,0
XAUUSD,NY,2025-06-23,Monday,3365.01,3347.1,48,17.91000000000031,True,3,3,0
XAUUSD,NY,2025-06-24,Tuesday,3353.36,3316.08,48,37.2800000000002,True,3,3,0
XAUUSD,NY,2025-06-25,Wednesday,3337.18,3325.8,48,11.379999999999654,True,2,2,0
XAUUSD,NY,2025-06-26,Thursday,3347.16,3331.05,48,16.109999999999673,True,3,3,0
XAUUSD,NY,2025-06-27,Friday,3301.04,3283.62,48,17.420000000000073,True,3,3,0
XAUUSD,NY,2025-06-30,Monday,3296.82,3277.03,48,19.789999999999964,True,2,2,0
XAUUSD,NY,2025-07-01,Tuesday,3339.89,3318.96,48,20.929999999999836,True,3,3,0
XAUUSD,NY,2025-07-02,Wednesday,3343.76,3327.62,48,16.140000000000327,True,3,3,0
XAUUSD,NY,2025-07-03,Thursday,3363.74,3347.45,48,16.289999999999964,True,2,2,0
XAUUSD,NY,2025-07-04,Friday,3345.12,3336.39,48,8.730000000000018,True,4,4,0
XAUUSD,NY,2025-07-07,Monday,3315.26,3300.69,48,14.570000000000164,True,3,3,0
XAUUSD,NY,2025-07-08,Tuesday,3339.54,3327.45,48,12.090000000000146,True,2,2,0
XAUUSD,NY,2025-07-09,Wednesday,3297.84,3285.63,48,12.210000000000036,True,4,4,0
XAUUSD,NY,2025-07-10,Thursday,3329.49,3314.85,48,14.639999999999873,True,3,3,0
XAUUSD,NY,2025-07-11,Friday,3343.94,3329.77,48,14.170000000000073,True,0,0,0
XAUUSD,NY,2025-07-14,Monday,3374.91,3353.8,48,21.109999999999673,True,2,2,0
XAUUSD,NY,2025-07-15,Tuesday,3365.23,3357.48,48,7.75,True,1,1,0
XAUUSD,NY,2025-07-16,Wednesday,3342.08,3332.85,48,9.230000000000018,True,4,4,0
XAUUSD,NY,2025-07-17,Thursday,3344.78,3325.16,48,19.620000000000346,True,2,2,0
XAUUSD,NY,2025-07-18,Friday,3350.16,3331.8,48,18.359999999999673,True,2,2,0
XAUUSD,NY,2025-07-21,Monday,3370.72,3350.69,48,20.029999999999745,True,0,0,0
XAUUSD,NY,2025-07-22,Tuesday,3392.68,3383.37,48,9.309999999999945,True,0,0,0
XAUUSD,NY,2025-07-23,Wednesday,3429.69,3416.44,48,13.25,True,2,2,0
XAUUSD,NY,2025-07-24,Thursday,3385.37,3366.07,48,19.299999999999727,True,2,2,0
XAUUSD,NY,2025-07-25,Friday,3363.54,3352.66,48,10.88000000000011,True,0,0,0
XAUUSD,NY,2025-07-28,Monday,3345.34,3334.0,48,11.340000000000146,True,1,1,0
XAUUSD,NY,2025-07-29,Tuesday,3322.38,3308.99,48,13.390000000000327,True,2,2,0
XAUUSD,NY,2025-07-30,Wednesday,3332.15,3323.14,48,9.010000000000218,True,1,1,0
XAUUSD,NY,2025-07-31,Thursday,3309.67,3293.68,48,15.990000000000236,True,8,8,0
XAUUSD,NY,2025-08-01,Friday,3300.44,3285.26,48,15.179999999999836,True,1,1,0
XAUUSD,NY,2025-08-04,Monday,3362.62,3351.74,48,10.88000000000011,True,1,1,0
XAUUSD,NY,2025-08-05,Tuesday,3375.56,3365.77,48,9.789999999999964,True,2,2,0
XAUUSD,NY,2025-08-06,Wednesday,3378.64,3369.06,48,9.579999999999927,True,1,1,0
XAUUSD,NY,2025-08-07,Thursday,3397.29,3371.4,48,25.889999999999873,True,2,2,0
XAUUSD,NY,2025-08-08,Friday,3404.21,3388.8,48,15.409999999999854,True,1,1,0
XAUUSD,NY,2025-08-11,Monday,3380.2,3357.18,48,23.019999999999982,True,4,4,0
XAUUSD,NY,2025-08-12,Tuesday,3358.16,3342.31,48,15.849999999999909,True,3,3,0
XAUUSD,NY,2025-08-13,Wednesday,3360.95,3345.69,48,15.259999999999764,True,4,4,0
XAUUSD,NY,2025-08-14,Thursday,3366.43,3343.7,48,22.730000000000018,True,2,2,0
XAUUSD,NY,2025-08-15,Friday,3348.79,3340.16,48,8.63000000000011,True,6,6,0
XAUUSD,NY,2025-08-18,Monday,3358.38,3346.26,48,12.11999999999989,True,2,2,0
XAUUSD,NY,2025-08-19,Tuesday,3341.76,3334.48,48,7.2800000000002,True,2,2,0
XAUUSD,NY,2025-08-20,Wednesday,3327.52,3317.21,48,10.309999999999945,True,0,0,0
XAUUSD,NY,2025-08-21,Thursday,3341.61,3334.27,48,7.3400000000001455,True,1,1,0
XAUUSD,NY,2025-08-22,Friday,3335.08,3325.73,48,9.349999999999909,True,2,2,0
XAUUSD,NY,2025-08-25,Monday,3369.9,3363.09,48,6.809999999999945,True,5,4,1
XAUUSD,NY,2025-08-26,Tuesday,3379.19,3367.3,48,11.889999999999873,True,1,1,0
XAUUSD,NY,2025-08-27,Wednesday,3381.94,3373.81,48,8.13000000000011,True,4,4,0
XAUUSD,NY,2025-08-28,Thursday,3397.73,3387.75,48,9.980000000000018,True,2,2,0
XAUUSD,NY,2025-08-29,Friday,3412.75,3406.58,48,6.170000000000073,True,4,4,0
XAUUSD,NY,2025-09-01,Monday,3489.86,3467.82,48,22.039999999999964,True,1,1,0
XAUUSD,NY,2025-09-02,Tuesday,3498.31,3472.19,48,26.11999999999989,True,0,0,0
XAUUSD,NY,2025-09-03,Wednesday,3538.34,3526.99,48,11.350000000000364,True,5,5,0
XAUUSD,NY,2025-09-04,Thursday,3541.75,3524.56,48,17.190000000000055,True,3,3,0
XAUUSD,NY,2025-09-05,Friday,3561.02,3546.63,48,14.389999999999873,True,2,2,0
XAUUSD,NY,2025-09-08,Monday,3613.6,3579.56,48,34.039999999999964,True,1,1,0
XAUUSD,NY,2025-09-09,Tuesday,3659.31,3636.72,48,22.590000000000146,True,1,1,0
XAUUSD,NY,2025-09-10,Wednesday,3648.44,3636.56,48,11.88000000000011,True,1,1,0
XAUUSD,NY,2025-09-11,Thursday,3638.06,3622.87,48,15.190000000000055,True,5,5,0
XAUUSD,NY,2025-09-12,Friday,3656.69,3647.85,48,8.840000000000146,True,1,1,0
XAUUSD,NY,2025-09-15,Monday,3647.0,3633.7,48,13.300000000000182,True,0,0,0
XAUUSD,NY,2025-09-16,Tuesday,3694.18,3680.19,48,13.989999999999782,True,4,4,0
XAUUSD,NY,2025-09-17,Wednesday,3685.86,3666.6,48,19.26000000000022,True,9,9,0
XAUUSD,NY,2025-09-18,Thursday,3659.87,3633.96,48,25.909999999999854,True,2,2,0
XAUUSD,NY,2025-09-19,Friday,3661.2,3643.36,48,17.83999999999969,True,1,1,0
XAUUSD,NY,2025-09-22,Monday,3719.96,3690.1,48,29.860000000000127,True,1,1,0
XAUUSD,NY,2025-09-23,Tuesday,3758.78,3743.29,48,15.490000000000236,True,1,1,0
XAUUSD,NY,2025-09-24,Wednesday,3779.25,3763.24,48,16.01000000000022,True,3,3,0
XAUUSD,NY,2025-09-25,Thursday,3755.0,3731.79,48,23.210000000000036,True,4,4,0
XAUUSD,NY,2025-09-26,Friday,3754.0,3739.28,48,14.7199999999998,True,3,3,0
XAUUSD,NY,2025-09-29,Monday,3819.85,3792.57,48,27.279999999999745,True,1,1,0
XAUUSD,NY,2025-09-30,Tuesday,3871.72,3839.52,48,32.19999999999982,True,1,1,0
XAUUSD,NY,2025-10-01,Wednesday,3879.6,3853.3,48,26.299999999999727,True,1,1,0
XAUUSD,NY,2025-10-02,Thursday,3874.86,3861.93,48,12.930000000000291,True,3,3,0
XAUUSD,NY,2025-10-03,Friday,3865.27,3841.76,48,23.509999999999764,True,3,3,0
XAUUSD,NY,2025-10-06,Monday,3945.14,3922.26,48,22.879999999999654,True,1,1,0
XAUUSD,NY,2025-10-07,Tuesday,3977.03,3943.34,48,33.690000000000055,True,2,2,0
XAUUSD,NY,2025-10-08,Wednesday,4039.09,4014.73,48,24.360000000000127,True,3,3,0
XAUUSD,NY,2025-10-09,Thursday,4043.77,4022.66,48,21.110000000000127,True,3,3,0
XAUUSD,NY,2025-10-10,Friday,3977.74,3947.16,48,30.579999999999927,True,2,2,0
XAUUSD,NY,2025-10-13,Monday,4078.09,4051.24,48,26.850000000000364,True,4,4,0
XAUUSD,NY,2025-10-14,Tuesday,4179.72,4090.44,48,89.2800000000002,True,1,1,0
XAUUSD,NY,2025-10-15,Wednesday,4209.79,4173.29,48,36.5,True,5,5,0
XAUUSD,NY,2025-10-16,Thursday,4239.3,4203.61,48,35.69000000000051,True,3,3,0
XAUUSD,NY,2025-10-17,Friday,4378.59,4313.2,48,65.39000000000033,True,2,2,0
XAUUSD,NY,2025-10-20,Monday,4268.27,4221.5,48,46.77000000000044,True,0,0,0
XAUUSD,NY,2025-10-21,Tuesday,4347.14,4293.37,48,53.77000000000044,True,0,0,0
XAUUSD,NY,2025-10-22,Wednesday,4161.33,4107.38,48,53.94999999999982,True,2,2,0
XAUUSD,NY,2025-10-23,Thursday,4137.97,4079.8,48,58.17000000000007,True,1,1,0
XAUUSD,NY,2025-10-24,Friday,4123.36,4069.75,48,53.60999999999967,True,2,2,0
XAUUSD,NY,2025-10-27,Monday,4084.81,4053.9,48,30.909999999999854,True,0,0,0
XAUUSD,NY,2025-10-28,Tuesday,3994.2,3922.04,48,72.15999999999985,True,1,1,0
XAUUSD,NY,2025-10-29,Wednesday,4001.41,3951.0,48,50.409999999999854,True,3,3,0
XAUUSD,NY,2025-10-30,Thursday,3982.54,3934.88,48,47.659999999999854,True,1,1,0
XAUUSD,NY,2025-10-31,Friday,4025.5,3989.11,48,36.38999999999987,True,3,3,0
XAUUSD,NY,2025-11-03,Monday,4028.01,3997.99,48,30.020000000000437,True,4,4,0
XAUUSD,NY,2025-11-04,Tuesday,4000.76,3966.79,48,33.970000000000255,True,1,1,0
XAUUSD,NY,2025-11-05,Wednesday,3987.13,3961.88,48,25.25,True,5,5,0
XAUUSD,NY,2025-11-06,Thursday,4016.84,3982.33,48,34.51000000000022,True,4,4,0
XAUUSD,NY,2025-11-07,Friday,4010.54,3991.99,48,18.550000000000182,True,5,5,0
XAUUSD,NY,2025-11-10,Monday,4085.14,4050.18,48,34.960000000000036,True,2,2,0
XAUUSD,NY,2025-11-11,Tuesday,4144.39,4124.79,48,19.600000000000364,True,5,5,0
XAUUSD,NY,2025-11-12,Wednesday,4132.74,4098.91,48,33.82999999999993,True,1,1,0
XAUUSD,NY,2025-11-13,Thursday,4239.5,4203.39,48,36.10999999999967,True,3,3,0
XAUUSD,NY,2025-11-14,Friday,4203.69,4159.06,48,44.6299999999992,True,0,0,0
XAUUSD,NY,2025-11-17,Monday,4095.98,4049.79,48,46.190000000000055,True,1,1,0
XAUUSD,NY,2025-11-18,Tuesday,4042.7,3998.08,48,44.61999999999989,True,2,2,0
XAUUSD,NY,2025-11-19,Wednesday,4098.65,4074.36,48,24.28999999999951,True,1,1,0
XAUUSD,NY,2025-11-20,Thursday,4077.59,4038.97,48,38.620000000000346,True,4,4,0
XAUUSD,NY,2025-11-21,Friday,4065.18,4022.08,48,43.09999999999991,True,3,3,0
XAUUSD,NY,2025-11-24,Monday,4067.65,4040.29,48,27.360000000000127,True,1,1,0
XAUUSD,NY,2025-11-25,Tuesday,4152.07,4109.68,48,42.38999999999942,True,3,3,0
XAUUSD,NY,2025-11-26,Wednesday,4168.73,4146.83,48,21.899999999999636,True,3,3,0
XAUUSD,NY,2025-11-27,Thursday,4167.13,4144.88,48,22.25,True,0,0,0
XAUUSD,NY,2025-11-28,Friday,4189.03,4154.67,43,34.35999999999967,False,0,0,0
XAUUSD,NY,2025-12-01,Monday,4253.67,4215.44,48,38.23000000000047,True,3,3,0
XAUUSD,NY,2025-12-02,Tuesday,4226.32,4203.4,48,22.920000000000073,True,2,2,0
XAUUSD,NY,2025-12-03,Wednesday,4223.99,4200.16,48,23.829999999999927,True,4,4,0
XAUUSD,NY,2025-12-04,Thursday,4199.08,4175.07,48,24.01000000000022,True,4,4,0
XAUUSD,NY,2025-12-05,Friday,4230.76,4214.4,48,16.360000000000582,True,3,2,1
XAUUSD,NY,2025-12-08,Monday,4218.94,4203.1,48,15.839999999999236,True,3,3,0
XAUUSD,NY,2025-12-09,Tuesday,4191.86,4170.08,48,21.779999999999745,True,1,1,0
XAUUSD,NY,2025-12-10,Wednesday,4214.51,4197.08,48,17.43000000000029,True,4,4,0
XAUUSD,NY,2025-12-11,Thursday,4219.61,4204.39,48,15.219999999999345,True,2,2,0
XAUUSD,NY,2025-12-12,Friday,4309.44,4266.15,48,43.289999999999964,True,2,2,0
XAUUSD,NY,2025-12-15,Monday,4349.03,4324.97,48,24.05999999999949,True,3,3,0
XAUUSD,NY,2025-12-16,Tuesday,4292.28,4271.52,48,20.75999999999931,True,1,1,0
XAUUSD,NY,2025-12-17,Wednesday,4342.52,4308.34,48,34.18000000000029,True,2,2,0
XAUUSD,NY,2025-12-18,Thursday,4337.76,4322.02,48,15.739999999999782,True,8,7,1
XAUUSD,NY,2025-12-19,Friday,4331.04,4317.75,48,13.289999999999964,True,3,3,0
XAUUSD,NY,2025-12-22,Monday,4420.2,4396.67,48,23.529999999999745,True,3,3,0
XAUUSD,NY,2025-12-23,Tuesday,4493.32,4469.58,48,23.73999999999978,True,4,4,0
XAUUSD,NY,2025-12-24,Wednesday,4500.58,4478.34,48,22.23999999999978,True,3,3,0
XAUUSD,NY,2025-12-25,Thursday,,,0,,False,0,0,0
XAUUSD,NY,2025-12-26,Friday,4519.5,4506.07,48,13.430000000000291,True,6,6,0
XAUUSD,NY,2025-12-29,Monday,4519.33,4445.39,48,73.9399999999996,True,0,0,0
XAUUSD,NY,2025-12-30,Tuesday,4383.25,4350.22,48,33.029999999999745,True,3,3,0
XAUUSD,NY,2025-12-31,Wednesday,4343.16,4274.74,48,68.42000000000007,True,2,2,0
